{"timestamp":"2026-03-06T22:16:07.731227Z","level":"info","event":"DAG bundles loaded: dags-folder","logger":"airflow.dag_processing.bundles.manager.DagBundlesManager","filename":"manager.py","lineno":179}
{"timestamp":"2026-03-06T22:16:07.733094Z","level":"info","event":"Filling up the DagBag from /opt/airflow/dags/professor_rating_dag.py","logger":"airflow.models.dagbag.BundleDagBag","filename":"dagbag.py","lineno":593}
{"timestamp":"2026-03-06T22:16:07.931485Z","level":"info","event":"Fetching URL: https://thecourseforum.com/course/APMA/3150/All","logger":"task.stdout"}
{"timestamp":"2026-03-06T22:16:10.737407Z","level":"info","event":"Fetching URL: https://thecourseforum.com/course/APMA/3501/All","logger":"task.stdout"}
{"timestamp":"2026-03-06T22:16:11.982596Z","level":"info","event":"Fetching URL: https://thecourseforum.com/course/APMA/4993/All","logger":"task.stdout"}
{"timestamp":"2026-03-06T22:16:12.367914Z","level":"info","event":"Fetching URL: https://thecourseforum.com/course/APMA/1090/All","logger":"task.stdout"}
{"timestamp":"2026-03-06T22:16:13.130107Z","level":"info","event":"Fetching URL: https://thecourseforum.com/course/APMA/1110/All","logger":"task.stdout"}
{"timestamp":"2026-03-06T22:16:14.306900Z","level":"info","event":"Fetching URL: https://thecourseforum.com/course/APMA/2120/All","logger":"task.stdout"}
{"timestamp":"2026-03-06T22:16:17.039408Z","level":"info","event":"Fetching URL: https://thecourseforum.com/course/APMA/2130/All","logger":"task.stdout"}
{"timestamp":"2026-03-06T22:16:18.577341Z","level":"info","event":"Fetching URL: https://thecourseforum.com/course/APMA/2501/All","logger":"task.stdout"}
{"timestamp":"2026-03-06T22:16:19.899892Z","level":"info","event":"Fetching URL: https://thecourseforum.com/course/APMA/3080/All","logger":"task.stdout"}
{"timestamp":"2026-03-06T22:16:21.396366Z","level":"info","event":"Fetching URL: https://thecourseforum.com/course/APMA/3100/All","logger":"task.stdout"}
{"timestamp":"2026-03-06T22:16:22.533989Z","level":"info","event":"Fetching URL: https://thecourseforum.com/course/APMA/3110/All","logger":"task.stdout"}
{"timestamp":"2026-03-06T22:16:23.742559Z","level":"info","event":"Fetching URL: https://thecourseforum.com/course/APMA/3120/All","logger":"task.stdout"}
{"timestamp":"2026-03-06T22:16:25.265714Z","level":"info","event":"Fetching URL: https://thecourseforum.com/course/APMA/3140/All","logger":"task.stdout"}
{"timestamp":"2026-03-06T22:16:25.841529Z","level":"info","event":"Fetching URL: https://thecourseforum.com/course/ARH/1020/All","logger":"task.stdout"}
{"timestamp":"2026-03-06T22:16:27.017759Z","level":"info","event":"Fetching URL: https://thecourseforum.com/course/ARH/2702/All","logger":"task.stdout"}
{"timestamp":"2026-03-06T22:16:28.466681Z","level":"info","event":"Fetching URL: https://thecourseforum.com/course/ARH/3060/All","logger":"task.stdout"}
{"timestamp":"2026-03-06T22:16:29.629296Z","level":"info","event":"Fetching URL: https://thecourseforum.com/course/ARH/3403/All","logger":"task.stdout"}
{"timestamp":"2026-03-06T22:16:30.517714Z","level":"info","event":"Fetching URL: https://thecourseforum.com/course/ARH/3500/All","logger":"task.stdout"}
{"timestamp":"2026-03-06T22:16:32.227838Z","level":"info","event":"Fetching URL: https://thecourseforum.com/course/ARH/3604/All","logger":"task.stdout"}
{"timestamp":"2026-03-06T22:16:33.635504Z","level":"info","event":"Fetching URL: https://thecourseforum.com/course/ARH/4591/All","logger":"task.stdout"}
{"timestamp":"2026-03-06T22:16:35.067314Z","level":"info","event":"Fetching URL: https://thecourseforum.com/course/ARH/4993/All","logger":"task.stdout"}
{"timestamp":"2026-03-06T22:16:36.261071Z","level":"info","event":"Fetching URL: https://thecourseforum.com/course/ARH/4999/All","logger":"task.stdout"}
{"timestamp":"2026-03-06T22:16:36.802663Z","level":"info","event":"Fetching URL: https://thecourseforum.com/course/ASL/1020/All","logger":"task.stdout"}
{"timestamp":"2026-03-06T22:16:37.345495Z","level":"info","event":"Fetching URL: https://thecourseforum.com/course/ASL/2020/All","logger":"task.stdout"}
{"timestamp":"2026-03-06T22:16:37.949319Z","level":"info","event":"Fetching URL: https://thecourseforum.com/course/ASL/3015/All","logger":"task.stdout"}
{"timestamp":"2026-03-06T22:16:38.332524Z","level":"info","event":"Fetching URL: https://thecourseforum.com/course/ASL/3020/All","logger":"task.stdout"}
{"timestamp":"2026-03-06T22:16:39.098899Z","level":"info","event":"Fetching URL: https://thecourseforum.com/course/ASL/3460/All","logger":"task.stdout"}
{"timestamp":"2026-03-06T22:16:39.622109Z","level":"info","event":"Fetching URL: https://thecourseforum.com/course/ASL/3559/All","logger":"task.stdout"}
{"timestamp":"2026-03-06T22:16:40.045186Z","level":"info","event":"Fetching URL: https://thecourseforum.com/course/ASL/4450/All","logger":"task.stdout"}
{"timestamp":"2026-03-06T22:16:40.534506Z","level":"info","event":"Fetching URL: https://thecourseforum.com/course/ASL/4750/All","logger":"task.stdout"}
{"timestamp":"2026-03-06T22:16:41.326353Z","level":"info","event":"Fetching URL: https://thecourseforum.com/course/ASL/4993/All","logger":"task.stdout"}
{"timestamp":"2026-03-06T22:16:42.066190Z","level":"info","event":"Fetching URL: https://thecourseforum.com/course/ASTR/1210/All","logger":"task.stdout"}
{"timestamp":"2026-03-06T22:16:42.907019Z","level":"info","event":"Fetching URL: https://thecourseforum.com/course/ASTR/1220/All","logger":"task.stdout"}
{"timestamp":"2026-03-06T22:16:44.198521Z","level":"info","event":"Fetching URL: https://thecourseforum.com/course/ASTR/1250/All","logger":"task.stdout"}
{"timestamp":"2026-03-06T22:16:44.970945Z","level":"info","event":"Fetching URL: https://thecourseforum.com/course/ASTR/1290/All","logger":"task.stdout"}
{"timestamp":"2026-03-06T22:16:45.575516Z","level":"info","event":"Fetching URL: https://thecourseforum.com/course/ASTR/1610/All","logger":"task.stdout"}
{"timestamp":"2026-03-06T22:16:47.523846Z","level":"info","event":"Fetching URL: https://thecourseforum.com/course/ASTR/2120/All","logger":"task.stdout"}
{"timestamp":"2026-03-06T22:16:48.331444Z","level":"info","event":"Fetching URL: https://thecourseforum.com/course/ASTR/3130/All","logger":"task.stdout"}
{"timestamp":"2026-03-06T22:16:48.813120Z","level":"info","event":"Fetching URL: https://thecourseforum.com/course/ASTR/3420/All","logger":"task.stdout"}
{"timestamp":"2026-03-06T22:16:49.424276Z","level":"info","event":"Fetching URL: https://thecourseforum.com/course/ASTR/3450/All","logger":"task.stdout"}
{"timestamp":"2026-03-06T22:16:50.296390Z","level":"info","event":"Fetching URL: https://thecourseforum.com/course/ASTR/3490/All","logger":"task.stdout"}
{"timestamp":"2026-03-06T22:16:51.512823Z","level":"info","event":"Fetching URL: https://thecourseforum.com/course/ASTR/3880/All","logger":"task.stdout"}
{"timestamp":"2026-03-06T22:16:52.261131Z","level":"info","event":"Fetching URL: https://thecourseforum.com/course/ASTR/3881/All","logger":"task.stdout"}
{"timestamp":"2026-03-06T22:16:53.231453Z","level":"info","event":"Fetching URL: https://thecourseforum.com/course/ASTR/4140/All","logger":"task.stdout"}
{"timestamp":"2026-03-06T22:16:54.549319Z","level":"info","event":"Fetching URL: https://thecourseforum.com/course/ASTR/4470/All","logger":"task.stdout"}
{"timestamp":"2026-03-06T22:16:55.196526Z","level":"info","event":"Fetching URL: https://thecourseforum.com/course/ASTR/4993/All","logger":"task.stdout"}
{"timestamp":"2026-03-06T22:16:57.001353Z","level":"info","event":"Fetching URL: https://thecourseforum.com/course/ASTR/4998/All","logger":"task.stdout"}
{"timestamp":"2026-03-06T22:16:59.059128Z","level":"info","event":"Fetching URL: https://thecourseforum.com/course/BIOL/2200/All","logger":"task.stdout"}
{"timestamp":"2026-03-06T22:17:01.385943Z","level":"info","event":"Fetching URL: https://thecourseforum.com/course/BIOL/3000/All","logger":"task.stdout"}
{"timestamp":"2026-03-06T22:17:02.546204Z","level":"info","event":"Fetching URL: https://thecourseforum.com/course/BIOL/2100/All","logger":"task.stdout"}
{"timestamp":"2026-03-06T22:17:05.953321Z","level":"info","event":"Fetching URL: https://thecourseforum.com/course/BIOL/3040/All","logger":"task.stdout"}
{"timestamp":"2026-03-06T22:17:06.540189Z","level":"info","event":"Fetching URL: https://thecourseforum.com/course/BIOL/3180/All","logger":"task.stdout"}
{"timestamp":"2026-03-06T22:17:06.934292Z","level":"info","event":"Fetching URL: https://thecourseforum.com/course/BIOL/3240/All","logger":"task.stdout"}
{"timestamp":"2026-03-06T22:17:07.454983Z","level":"info","event":"Fetching URL: https://thecourseforum.com/course/BIOL/3260/All","logger":"task.stdout"}
{"timestamp":"2026-03-06T22:17:07.859217Z","level":"info","event":"Fetching URL: https://thecourseforum.com/course/BIOL/3270/All","logger":"task.stdout"}
{"timestamp":"2026-03-06T22:17:09.176218Z","level":"info","event":"Fetching URL: https://thecourseforum.com/course/BIOL/3420/All","logger":"task.stdout"}
{"timestamp":"2026-03-06T22:17:10.013642Z","level":"info","event":"Fetching URL: https://thecourseforum.com/course/BIOL/3430/All","logger":"task.stdout"}
{"timestamp":"2026-03-06T22:17:10.430694Z","level":"info","event":"Fetching URL: https://thecourseforum.com/course/BIOL/4012/All","logger":"task.stdout"}
{"timestamp":"2026-03-06T22:17:10.744902Z","level":"info","event":"Fetching URL: https://thecourseforum.com/course/BIOL/4014/All","logger":"task.stdout"}
{"timestamp":"2026-03-06T22:17:11.103689Z","level":"info","event":"Fetching URL: https://thecourseforum.com/course/BIOL/4017/All","logger":"task.stdout"}
{"timestamp":"2026-03-06T22:17:11.652110Z","level":"info","event":"Fetching URL: https://thecourseforum.com/course/BIOL/4030/All","logger":"task.stdout"}
{"timestamp":"2026-03-06T22:17:12.287882Z","level":"info","event":"Fetching URL: https://thecourseforum.com/course/BIOL/4070/All","logger":"task.stdout"}
{"timestamp":"2026-03-06T22:17:13.013903Z","level":"info","event":"Fetching URL: https://thecourseforum.com/course/BIOL/4260/All","logger":"task.stdout"}
{"timestamp":"2026-03-06T22:17:13.648194Z","level":"info","event":"Fetching URL: https://thecourseforum.com/course/BIOL/4310/All","logger":"task.stdout"}
{"timestamp":"2026-03-06T22:17:13.997678Z","level":"info","event":"Fetching URL: https://thecourseforum.com/course/BIOL/4330/All","logger":"task.stdout"}
{"timestamp":"2026-03-06T22:17:14.292288Z","level":"info","event":"Fetching URL: https://thecourseforum.com/course/BIOL/4559/All","logger":"task.stdout"}
{"timestamp":"2026-03-06T22:17:14.652591Z","level":"info","event":"Fetching URL: https://thecourseforum.com/course/BIOL/4660/All","logger":"task.stdout"}
{"timestamp":"2026-03-06T22:17:14.862810Z","level":"info","event":"Fetching URL: https://thecourseforum.com/course/BIOL/4770/All","logger":"task.stdout"}
{"timestamp":"2026-03-06T22:17:15.101552Z","level":"info","event":"Fetching URL: https://thecourseforum.com/course/BIOL/4820/All","logger":"task.stdout"}
{"timestamp":"2026-03-06T22:17:15.795925Z","level":"info","event":"Fetching URL: https://thecourseforum.com/course/BIOL/4900/All","logger":"task.stdout"}
{"timestamp":"2026-03-06T22:17:16.398901Z","level":"info","event":"Fetching URL: https://thecourseforum.com/course/BIOL/4910/All","logger":"task.stdout"}
{"timestamp":"2026-03-06T22:17:17.109207Z","level":"info","event":"Fetching URL: https://thecourseforum.com/course/BIOL/4920/All","logger":"task.stdout"}
{"timestamp":"2026-03-06T22:17:18.022584Z","level":"info","event":"Fetching URL: https://thecourseforum.com/course/BIOL/4930/All","logger":"task.stdout"}
{"timestamp":"2026-03-06T22:17:18.963799Z","level":"info","event":"Fetching URL: https://thecourseforum.com/course/BIOL/4940/All","logger":"task.stdout"}
{"timestamp":"2026-03-06T22:17:19.477551Z","level":"info","event":"Fetching URL: https://thecourseforum.com/course/BIOL/3010/All","logger":"task.stdout"}
{"timestamp":"2026-03-06T22:17:20.224760Z","level":"info","event":"Fetching URL: https://thecourseforum.com/course/BIOL/3030/All","logger":"task.stdout"}
{"timestamp":"2026-03-06T22:17:20.707046Z","level":"info","event":"Fetching URL: https://thecourseforum.com/course/CE/4995/All","logger":"task.stdout"}
{"timestamp":"2026-03-06T22:17:21.185285Z","level":"info","event":"Fetching URL: https://thecourseforum.com/course/CE/1501/All","logger":"task.stdout"}
{"timestamp":"2026-03-06T22:17:21.420858Z","level":"info","event":"Fetching URL: https://thecourseforum.com/course/CE/2001/All","logger":"task.stdout"}
{"timestamp":"2026-03-06T22:17:21.775016Z","level":"info","event":"Fetching URL: https://thecourseforum.com/course/CE/2020/All","logger":"task.stdout"}
{"timestamp":"2026-03-06T22:17:22.068283Z","level":"info","event":"Fetching URL: https://thecourseforum.com/course/CE/2030/All","logger":"task.stdout"}
{"timestamp":"2026-03-06T22:17:22.324200Z","level":"info","event":"Fetching URL: https://thecourseforum.com/course/CE/2100/All","logger":"task.stdout"}
{"timestamp":"2026-03-06T22:17:23.828316Z","level":"info","event":"Fetching URL: https://thecourseforum.com/course/CE/2110/All","logger":"task.stdout"}
{"timestamp":"2026-03-06T22:17:24.265194Z","level":"info","event":"Fetching URL: https://thecourseforum.com/course/CE/2300/All","logger":"task.stdout"}
{"timestamp":"2026-03-06T22:17:24.549024Z","level":"info","event":"Fetching URL: https://thecourseforum.com/course/CE/2310/All","logger":"task.stdout"}
{"timestamp":"2026-03-06T22:17:24.868032Z","level":"info","event":"Fetching URL: https://thecourseforum.com/course/CE/2720/All","logger":"task.stdout"}
{"timestamp":"2026-03-06T22:17:25.191046Z","level":"info","event":"Fetching URL: https://thecourseforum.com/course/CE/3050/All","logger":"task.stdout"}
{"timestamp":"2026-03-06T22:17:25.644059Z","level":"info","event":"Fetching URL: https://thecourseforum.com/course/CE/3220/All","logger":"task.stdout"}
{"timestamp":"2026-03-06T22:17:26.048144Z","level":"info","event":"Fetching URL: https://thecourseforum.com/course/CE/4050/All","logger":"task.stdout"}
{"timestamp":"2026-03-06T22:17:26.305651Z","level":"info","event":"Fetching URL: https://thecourseforum.com/course/CE/3222/All","logger":"task.stdout"}
{"timestamp":"2026-03-06T22:17:26.621688Z","level":"info","event":"Fetching URL: https://thecourseforum.com/course/CE/3330/All","logger":"task.stdout"}
{"timestamp":"2026-03-06T22:17:26.935194Z","level":"info","event":"Fetching URL: https://thecourseforum.com/course/CE/3400/All","logger":"task.stdout"}
{"timestamp":"2026-03-06T22:17:27.379856Z","level":"info","event":"Fetching URL: https://thecourseforum.com/course/CE/3402/All","logger":"task.stdout"}
{"timestamp":"2026-03-06T22:17:27.636249Z","level":"info","event":"Fetching URL: https://thecourseforum.com/course/CE/3720/All","logger":"task.stdout"}
{"timestamp":"2026-03-06T22:17:27.961645Z","level":"info","event":"Fetching URL: https://thecourseforum.com/course/CE/3800/All","logger":"task.stdout"}
{"timestamp":"2026-03-06T22:17:28.311392Z","level":"info","event":"Fetching URL: https://thecourseforum.com/course/CE/4025/All","logger":"task.stdout"}
{"timestamp":"2026-03-06T22:17:28.651771Z","level":"info","event":"Fetching URL: https://thecourseforum.com/course/CE/4040/All","logger":"task.stdout"}
{"timestamp":"2026-03-06T22:17:29.079287Z","level":"info","event":"Fetching URL: https://thecourseforum.com/course/CE/4110/All","logger":"task.stdout"}
{"timestamp":"2026-03-06T22:17:29.472266Z","level":"info","event":"Fetching URL: https://thecourseforum.com/course/CE/4500/All","logger":"task.stdout"}
{"timestamp":"2026-03-06T22:17:29.959161Z","level":"info","event":"Fetching URL: https://thecourseforum.com/course/CE/4600/All","logger":"task.stdout"}
{"timestamp":"2026-03-06T22:17:30.301288Z","level":"info","event":"Fetching URL: https://thecourseforum.com/course/CE/4990/All","logger":"task.stdout"}
{"timestamp":"2026-03-06T22:17:30.613091Z","level":"info","event":"Fetching URL: https://thecourseforum.com/course/CGBM/2110/All","logger":"task.stdout"}
{"timestamp":"2026-03-06T22:17:30.860271Z","level":"info","event":"Fetching URL: https://thecourseforum.com/course/CGBM/2210/All","logger":"task.stdout"}
{"timestamp":"2026-03-06T22:17:31.176303Z","level":"info","event":"Fetching URL: https://thecourseforum.com/course/CGBM/2310/All","logger":"task.stdout"}
{"timestamp":"2026-03-06T22:17:31.531952Z","level":"info","event":"Fetching URL: https://thecourseforum.com/course/CGBM/2710/All","logger":"task.stdout"}
{"timestamp":"2026-03-06T22:17:31.865494Z","level":"info","event":"Fetching URL: https://thecourseforum.com/course/CHE/1501/All","logger":"task.stdout"}
{"timestamp":"2026-03-06T22:17:32.313943Z","level":"info","event":"Fetching URL: https://thecourseforum.com/course/CHE/2216/All","logger":"task.stdout"}
{"timestamp":"2026-03-06T22:17:32.788970Z","level":"info","event":"Fetching URL: https://thecourseforum.com/course/CHE/2595/All","logger":"task.stdout"}
{"timestamp":"2026-03-06T22:17:33.189741Z","level":"info","event":"Fetching URL: https://thecourseforum.com/course/CHE/3318/All","logger":"task.stdout"}
{"timestamp":"2026-03-06T22:17:33.543752Z","level":"info","event":"Fetching URL: https://thecourseforum.com/course/CHE/3322/All","logger":"task.stdout"}
{"timestamp":"2026-03-06T22:17:33.916670Z","level":"info","event":"Fetching URL: https://thecourseforum.com/course/CHE/3347/All","logger":"task.stdout"}
{"timestamp":"2026-03-06T22:17:34.150054Z","level":"info","event":"Fetching URL: https://thecourseforum.com/course/CHE/3398/All","logger":"task.stdout"}
{"timestamp":"2026-03-06T22:17:34.534228Z","level":"info","event":"Fetching URL: https://thecourseforum.com/course/CHE/4417/All","logger":"task.stdout"}
{"timestamp":"2026-03-06T22:17:34.818261Z","level":"info","event":"Fetching URL: https://thecourseforum.com/course/CHE/4442/All","logger":"task.stdout"}
{"timestamp":"2026-03-06T22:17:35.093532Z","level":"info","event":"Fetching URL: https://thecourseforum.com/course/CHE/4445/All","logger":"task.stdout"}
{"timestamp":"2026-03-06T22:17:35.412691Z","level":"info","event":"Fetching URL: https://thecourseforum.com/course/CHE/4456/All","logger":"task.stdout"}
{"timestamp":"2026-03-06T22:17:35.743275Z","level":"info","event":"Fetching URL: https://thecourseforum.com/course/CHE/4476/All","logger":"task.stdout"}
{"timestamp":"2026-03-06T22:17:37.204428Z","level":"info","event":"Fetching URL: https://thecourseforum.com/course/CHE/4561/All","logger":"task.stdout"}
{"timestamp":"2026-03-06T22:17:37.444164Z","level":"info","event":"Fetching URL: https://thecourseforum.com/course/CHE/2202/All","logger":"task.stdout"}
{"timestamp":"2026-03-06T22:17:37.707840Z","level":"info","event":"Fetching URL: https://thecourseforum.com/course/CHE/4995/All","logger":"task.stdout"}
{"timestamp":"2026-03-06T22:17:38.307077Z","level":"info","event":"Fetching URL: https://thecourseforum.com/course/CHIN/2020/All","logger":"task.stdout"}
{"timestamp":"2026-03-06T22:17:38.723427Z","level":"info","event":"Fetching URL: https://thecourseforum.com/course/CHIN/2060/All","logger":"task.stdout"}
{"timestamp":"2026-03-06T22:17:39.133017Z","level":"info","event":"Fetching URL: https://thecourseforum.com/course/CHIN/3010/All","logger":"task.stdout"}
{"timestamp":"2026-03-06T22:17:39.615420Z","level":"info","event":"Fetching URL: https://thecourseforum.com/course/CHIN/3020/All","logger":"task.stdout"}
{"timestamp":"2026-03-06T22:17:39.995682Z","level":"info","event":"Fetching URL: https://thecourseforum.com/course/CHIN/3025/All","logger":"task.stdout"}
{"timestamp":"2026-03-06T22:17:40.342008Z","level":"info","event":"Fetching URL: https://thecourseforum.com/course/CHIN/4020/All","logger":"task.stdout"}
{"timestamp":"2026-03-06T22:17:40.712610Z","level":"info","event":"Fetching URL: https://thecourseforum.com/course/CHIN/4030/All","logger":"task.stdout"}
{"timestamp":"2026-03-06T22:17:40.990502Z","level":"info","event":"Fetching URL: https://thecourseforum.com/course/CHIN/4830/All","logger":"task.stdout"}
{"timestamp":"2026-03-06T22:17:41.396868Z","level":"info","event":"Fetching URL: https://thecourseforum.com/course/CHIN/4993/All","logger":"task.stdout"}
{"timestamp":"2026-03-06T22:17:41.961227Z","level":"info","event":"Fetching URL: https://thecourseforum.com/course/CHIN/1010/All","logger":"task.stdout"}
{"timestamp":"2026-03-06T22:17:42.467187Z","level":"info","event":"Fetching URL: https://thecourseforum.com/course/CHIN/1020/All","logger":"task.stdout"}
{"timestamp":"2026-03-06T22:17:43.124227Z","level":"info","event":"Fetching URL: https://thecourseforum.com/course/CHIN/2010/All","logger":"task.stdout"}
{"timestamp":"2026-03-06T22:17:44.942962Z","level":"info","event":"Fetching URL: https://thecourseforum.com/course/CHRK/1020/All","logger":"task.stdout"}
{"timestamp":"2026-03-06T22:17:45.268618Z","level":"info","event":"Fetching URL: https://thecourseforum.com/course/CHTR/2850/All","logger":"task.stdout"}
{"timestamp":"2026-03-06T22:17:45.541035Z","level":"info","event":"Fetching URL: https://thecourseforum.com/course/CHTR/3840/All","logger":"task.stdout"}
{"timestamp":"2026-03-06T22:17:45.870162Z","level":"info","event":"Fetching URL: https://thecourseforum.com/course/CHTR/4991/All","logger":"task.stdout"}
{"timestamp":"2026-03-06T22:17:46.114003Z","level":"info","event":"Fetching URL: https://thecourseforum.com/course/CLAS/2020/All","logger":"task.stdout"}
{"timestamp":"2026-03-06T22:17:46.563678Z","level":"info","event":"Fetching URL: https://thecourseforum.com/course/CLAS/2040/All","logger":"task.stdout"}
{"timestamp":"2026-03-06T22:17:47.046826Z","level":"info","event":"Fetching URL: https://thecourseforum.com/course/CLAS/2559/All","logger":"task.stdout"}
{"timestamp":"2026-03-06T22:17:47.341997Z","level":"info","event":"Fetching URL: https://thecourseforum.com/course/CLAS/3160/All","logger":"task.stdout"}
{"timestamp":"2026-03-06T22:17:47.859069Z","level":"info","event":"Fetching URL: https://thecourseforum.com/course/CLAS/3220/All","logger":"task.stdout"}
{"timestamp":"2026-03-06T22:17:48.357733Z","level":"info","event":"Fetching URL: https://thecourseforum.com/course/CLAS/3350/All","logger":"task.stdout"}
{"timestamp":"2026-03-06T22:17:48.628960Z","level":"info","event":"Fetching URL: https://thecourseforum.com/course/COMM/2006/All","logger":"task.stdout"}
{"timestamp":"2026-03-06T22:17:48.861443Z","level":"info","event":"Fetching URL: https://thecourseforum.com/course/COMM/4350/All","logger":"task.stdout"}
{"timestamp":"2026-03-06T22:17:49.087074Z","level":"info","event":"Fetching URL: https://thecourseforum.com/course/COMM/4370/All","logger":"task.stdout"}
{"timestamp":"2026-03-06T22:17:49.292162Z","level":"info","event":"Fetching URL: https://thecourseforum.com/course/COMM/4371/All","logger":"task.stdout"}
{"timestamp":"2026-03-06T22:17:49.624532Z","level":"info","event":"Fetching URL: https://thecourseforum.com/course/COMM/4380/All","logger":"task.stdout"}
{"timestamp":"2026-03-06T22:17:50.062618Z","level":"info","event":"Fetching URL: https://thecourseforum.com/course/COMM/4522/All","logger":"task.stdout"}
{"timestamp":"2026-03-06T22:17:50.303586Z","level":"info","event":"Fetching URL: https://thecourseforum.com/course/COMM/4559/All","logger":"task.stdout"}
{"timestamp":"2026-03-06T22:17:51.801004Z","level":"info","event":"Fetching URL: https://thecourseforum.com/course/COMM/4569/All","logger":"task.stdout"}
{"timestamp":"2026-03-06T22:17:52.039175Z","level":"info","event":"Fetching URL: https://thecourseforum.com/course/COMM/4620/All","logger":"task.stdout"}
{"timestamp":"2026-03-06T22:17:52.319230Z","level":"info","event":"Fetching URL: https://thecourseforum.com/course/COMM/4621/All","logger":"task.stdout"}
{"timestamp":"2026-03-06T22:17:52.590296Z","level":"info","event":"Fetching URL: https://thecourseforum.com/course/COMM/4660/All","logger":"task.stdout"}
{"timestamp":"2026-03-06T22:17:52.880753Z","level":"info","event":"Fetching URL: https://thecourseforum.com/course/COMM/4680/All","logger":"task.stdout"}
{"timestamp":"2026-03-06T22:17:53.147807Z","level":"info","event":"Fetching URL: https://thecourseforum.com/course/COMM/4681/All","logger":"task.stdout"}
{"timestamp":"2026-03-06T22:17:53.443402Z","level":"info","event":"Fetching URL: https://thecourseforum.com/course/COMM/4710/All","logger":"task.stdout"}
{"timestamp":"2026-03-06T22:17:53.681076Z","level":"info","event":"Fetching URL: https://thecourseforum.com/course/COMM/4722/All","logger":"task.stdout"}
{"timestamp":"2026-03-06T22:17:53.887085Z","level":"info","event":"Fetching URL: https://thecourseforum.com/course/COMM/4730/All","logger":"task.stdout"}
{"timestamp":"2026-03-06T22:17:54.110719Z","level":"info","event":"Fetching URL: https://thecourseforum.com/course/COMM/4733/All","logger":"task.stdout"}
{"timestamp":"2026-03-06T22:17:54.321922Z","level":"info","event":"Fetching URL: https://thecourseforum.com/course/COMM/4791/All","logger":"task.stdout"}
{"timestamp":"2026-03-06T22:17:54.596412Z","level":"info","event":"Fetching URL: https://thecourseforum.com/course/COMM/4792/All","logger":"task.stdout"}
{"timestamp":"2026-03-06T22:17:54.934470Z","level":"info","event":"Fetching URL: https://thecourseforum.com/course/COMM/4821/All","logger":"task.stdout"}
{"timestamp":"2026-03-06T22:17:55.332065Z","level":"info","event":"Fetching URL: https://thecourseforum.com/course/COMM/4899/All","logger":"task.stdout"}
{"timestamp":"2026-03-06T22:17:55.675358Z","level":"info","event":"Fetching URL: https://thecourseforum.com/course/COMM/1800/All","logger":"task.stdout"}
{"timestamp":"2026-03-06T22:17:56.055155Z","level":"info","event":"Fetching URL: https://thecourseforum.com/course/COMM/2000/All","logger":"task.stdout"}
{"timestamp":"2026-03-06T22:17:56.263080Z","level":"info","event":"Fetching URL: https://thecourseforum.com/course/COMM/2002/All","logger":"task.stdout"}
{"timestamp":"2026-03-06T22:17:56.624840Z","level":"info","event":"Fetching URL: https://thecourseforum.com/course/COMM/2003/All","logger":"task.stdout"}
{"timestamp":"2026-03-06T22:17:56.911684Z","level":"info","event":"Fetching URL: https://thecourseforum.com/course/COMM/2004/All","logger":"task.stdout"}
{"timestamp":"2026-03-06T22:17:57.144745Z","level":"info","event":"Fetching URL: https://thecourseforum.com/course/COMM/2005/All","logger":"task.stdout"}
{"timestamp":"2026-03-06T22:17:58.619795Z","level":"info","event":"Fetching URL: https://thecourseforum.com/course/COMM/2600/All","logger":"task.stdout"}
{"timestamp":"2026-03-06T22:17:58.973554Z","level":"info","event":"Fetching URL: https://thecourseforum.com/course/COMM/2700/All","logger":"task.stdout"}
{"timestamp":"2026-03-06T22:17:59.193448Z","level":"info","event":"Fetching URL: https://thecourseforum.com/course/COMM/2730/All","logger":"task.stdout"}
{"timestamp":"2026-03-06T22:17:59.466045Z","level":"info","event":"Fetching URL: https://thecourseforum.com/course/COMM/3040/All","logger":"task.stdout"}
{"timestamp":"2026-03-06T22:17:59.912674Z","level":"info","event":"Fetching URL: https://thecourseforum.com/course/COMM/3120/All","logger":"task.stdout"}
{"timestamp":"2026-03-06T22:18:00.354743Z","level":"info","event":"Fetching URL: https://thecourseforum.com/course/COMM/3200/All","logger":"task.stdout"}
{"timestamp":"2026-03-06T22:18:00.678887Z","level":"info","event":"Fetching URL: https://thecourseforum.com/course/COMM/3220/All","logger":"task.stdout"}
{"timestamp":"2026-03-06T22:18:01.070784Z","level":"info","event":"Fetching URL: https://thecourseforum.com/course/COMM/3230/All","logger":"task.stdout"}
{"timestamp":"2026-03-06T22:18:01.456224Z","level":"info","event":"Fetching URL: https://thecourseforum.com/course/COMM/3330/All","logger":"task.stdout"}
{"timestamp":"2026-03-06T22:18:01.899689Z","level":"info","event":"Fetching URL: https://thecourseforum.com/course/COMM/3410/All","logger":"task.stdout"}
{"timestamp":"2026-03-06T22:18:02.402818Z","level":"info","event":"Fetching URL: https://thecourseforum.com/course/COMM/3420/All","logger":"task.stdout"}
{"timestamp":"2026-03-06T22:18:02.795563Z","level":"info","event":"Fetching URL: https://thecourseforum.com/course/COMM/3559/All","logger":"task.stdout"}
{"timestamp":"2026-03-06T22:18:03.159326Z","level":"info","event":"Fetching URL: https://thecourseforum.com/course/COMM/3720/All","logger":"task.stdout"}
{"timestamp":"2026-03-06T22:18:03.714078Z","level":"info","event":"Fetching URL: https://thecourseforum.com/course/COMM/4150/All","logger":"task.stdout"}
{"timestamp":"2026-03-06T22:18:04.102759Z","level":"info","event":"Fetching URL: https://thecourseforum.com/course/COMM/4210/All","logger":"task.stdout"}
{"timestamp":"2026-03-06T22:18:04.530629Z","level":"info","event":"Fetching URL: https://thecourseforum.com/course/COMM/4221/All","logger":"task.stdout"}
{"timestamp":"2026-03-06T22:18:04.917714Z","level":"info","event":"Fetching URL: https://thecourseforum.com/course/COMM/4230/All","logger":"task.stdout"}
{"timestamp":"2026-03-06T22:18:05.231809Z","level":"info","event":"Fetching URL: https://thecourseforum.com/course/COMM/4252/All","logger":"task.stdout"}
{"timestamp":"2026-03-06T22:18:05.506449Z","level":"info","event":"Fetching URL: https://thecourseforum.com/course/COMM/4822/All","logger":"task.stdout"}
{"timestamp":"2026-03-06T22:18:05.791509Z","level":"info","event":"Fetching URL: https://thecourseforum.com/course/COMM/4831/All","logger":"task.stdout"}
{"timestamp":"2026-03-06T22:18:06.080806Z","level":"info","event":"Fetching URL: https://thecourseforum.com/course/COMM/4839/All","logger":"task.stdout"}
{"timestamp":"2026-03-06T22:18:06.365615Z","level":"info","event":"Fetching URL: https://thecourseforum.com/course/COMM/4841/All","logger":"task.stdout"}
{"timestamp":"2026-03-06T22:18:07.634901Z","level":"info","event":"Fetching URL: https://thecourseforum.com/course/COMM/4881/All","logger":"task.stdout"}
{"timestamp":"2026-03-06T22:18:07.959257Z","level":"info","event":"Fetching URL: https://thecourseforum.com/course/COMM/4993/All","logger":"task.stdout"}
{"timestamp":"2026-03-06T22:18:08.466498Z","level":"info","event":"Fetching URL: https://thecourseforum.com/course/COMM/3050/All","logger":"task.stdout"}
{"timestamp":"2026-03-06T22:18:09.878751Z","level":"info","event":"Fetching URL: https://thecourseforum.com/course/CS/4980/All","logger":"task.stdout"}
{"timestamp":"2026-03-06T22:18:10.966828Z","level":"info","event":"Fetching URL: https://thecourseforum.com/course/CS/4991/All","logger":"task.stdout"}
{"timestamp":"2026-03-06T22:18:11.213983Z","level":"info","event":"Fetching URL: https://thecourseforum.com/course/CS/2100/All","logger":"task.stdout"}
{"timestamp":"2026-03-06T22:18:12.603235Z","level":"info","event":"Fetching URL: https://thecourseforum.com/course/CS/2120/All","logger":"task.stdout"}
{"timestamp":"2026-03-06T22:18:12.919041Z","level":"info","event":"Fetching URL: https://thecourseforum.com/course/CS/2130/All","logger":"task.stdout"}
{"timestamp":"2026-03-06T22:18:13.259726Z","level":"info","event":"Fetching URL: https://thecourseforum.com/course/CS/2501/All","logger":"task.stdout"}
{"timestamp":"2026-03-06T22:18:13.693429Z","level":"info","event":"Fetching URL: https://thecourseforum.com/course/CS/2910/All","logger":"task.stdout"}
{"timestamp":"2026-03-06T22:18:15.078742Z","level":"info","event":"Fetching URL: https://thecourseforum.com/course/CS/2993/All","logger":"task.stdout"}
{"timestamp":"2026-03-06T22:18:15.407427Z","level":"info","event":"Fetching URL: https://thecourseforum.com/course/CS/3100/All","logger":"task.stdout"}
{"timestamp":"2026-03-06T22:18:16.784435Z","level":"info","event":"Fetching URL: https://thecourseforum.com/course/CS/3120/All","logger":"task.stdout"}
{"timestamp":"2026-03-06T22:18:17.108790Z","level":"info","event":"Fetching URL: https://thecourseforum.com/course/CS/3130/All","logger":"task.stdout"}
{"timestamp":"2026-03-06T22:18:17.510163Z","level":"info","event":"Fetching URL: https://thecourseforum.com/course/CS/3140/All","logger":"task.stdout"}
{"timestamp":"2026-03-06T22:18:17.824788Z","level":"info","event":"Fetching URL: https://thecourseforum.com/course/CS/3205/All","logger":"task.stdout"}
{"timestamp":"2026-03-06T22:18:18.147537Z","level":"info","event":"Fetching URL: https://thecourseforum.com/course/CS/3240/All","logger":"task.stdout"}
{"timestamp":"2026-03-06T22:18:18.683862Z","level":"info","event":"Fetching URL: https://thecourseforum.com/course/CS/3250/All","logger":"task.stdout"}
{"timestamp":"2026-03-06T22:18:19.013206Z","level":"info","event":"Fetching URL: https://thecourseforum.com/course/CS/3501/All","logger":"task.stdout"}
{"timestamp":"2026-03-06T22:18:19.403625Z","level":"info","event":"Fetching URL: https://thecourseforum.com/course/CS/3710/All","logger":"task.stdout"}
{"timestamp":"2026-03-06T22:18:19.851276Z","level":"info","event":"Fetching URL: https://thecourseforum.com/course/CS/4330/All","logger":"task.stdout"}
{"timestamp":"2026-03-06T22:18:20.170775Z","level":"info","event":"Fetching URL: https://thecourseforum.com/course/CS/4457/All","logger":"task.stdout"}
{"timestamp":"2026-03-06T22:18:20.530003Z","level":"info","event":"Fetching URL: https://thecourseforum.com/course/CS/4501/All","logger":"task.stdout"}
{"timestamp":"2026-03-06T22:18:21.994368Z","level":"info","event":"Fetching URL: https://thecourseforum.com/course/CS/4630/All","logger":"task.stdout"}
{"timestamp":"2026-03-06T22:18:23.341904Z","level":"info","event":"Fetching URL: https://thecourseforum.com/course/CS/4710/All","logger":"task.stdout"}
{"timestamp":"2026-03-06T22:18:23.691325Z","level":"info","event":"Fetching URL: https://thecourseforum.com/course/CS/4720/All","logger":"task.stdout"}
{"timestamp":"2026-03-06T22:18:24.032197Z","level":"info","event":"Fetching URL: https://thecourseforum.com/course/CS/4730/All","logger":"task.stdout"}
{"timestamp":"2026-03-06T22:18:24.459918Z","level":"info","event":"Fetching URL: https://thecourseforum.com/course/CS/4740/All","logger":"task.stdout"}
{"timestamp":"2026-03-06T22:18:24.845015Z","level":"info","event":"Fetching URL: https://thecourseforum.com/course/CS/4750/All","logger":"task.stdout"}
{"timestamp":"2026-03-06T22:18:25.214769Z","level":"info","event":"Fetching URL: https://thecourseforum.com/course/CS/4770/All","logger":"task.stdout"}
{"timestamp":"2026-03-06T22:18:25.523212Z","level":"info","event":"Fetching URL: https://thecourseforum.com/course/CS/4771/All","logger":"task.stdout"}
{"timestamp":"2026-03-06T22:18:26.909375Z","level":"info","event":"Fetching URL: https://thecourseforum.com/course/CS/4774/All","logger":"task.stdout"}
{"timestamp":"2026-03-06T22:18:27.259439Z","level":"info","event":"Fetching URL: https://thecourseforum.com/course/CS/4790/All","logger":"task.stdout"}
{"timestamp":"2026-03-06T22:18:27.639697Z","level":"info","event":"Fetching URL: https://thecourseforum.com/course/CS/4971/All","logger":"task.stdout"}
{"timestamp":"2026-03-06T22:18:27.989231Z","level":"info","event":"Fetching URL: https://thecourseforum.com/course/CS/4993/All","logger":"task.stdout"}
{"timestamp":"2026-03-06T22:18:29.280562Z","level":"info","event":"Fetching URL: https://thecourseforum.com/course/CS/4998/All","logger":"task.stdout"}
{"timestamp":"2026-03-06T22:18:30.233126Z","level":"info","event":"Fetching URL: https://thecourseforum.com/course/CS/1110/All","logger":"task.stdout"}
{"timestamp":"2026-03-06T22:18:31.193273Z","level":"info","event":"Fetching URL: https://thecourseforum.com/course/CS/1112/All","logger":"task.stdout"}
{"timestamp":"2026-03-06T22:18:31.547317Z","level":"info","event":"Fetching URL: https://thecourseforum.com/course/CS/1501/All","logger":"task.stdout"}
{"timestamp":"2026-03-06T22:18:32.101589Z","level":"info","event":"Fetching URL: https://thecourseforum.com/course/DANC/2430/All","logger":"task.stdout"}
{"timestamp":"2026-03-06T22:18:32.455515Z","level":"info","event":"Fetching URL: https://thecourseforum.com/course/DANC/3300/All","logger":"task.stdout"}
{"timestamp":"2026-03-06T22:18:32.825999Z","level":"info","event":"Fetching URL: https://thecourseforum.com/course/DANC/3400/All","logger":"task.stdout"}
{"timestamp":"2026-03-06T22:18:33.447794Z","level":"info","event":"Fetching URL: https://thecourseforum.com/course/DANC/3610/All","logger":"task.stdout"}
{"timestamp":"2026-03-06T22:18:33.732486Z","level":"info","event":"Fetching URL: https://thecourseforum.com/course/DANC/4993/All","logger":"task.stdout"}
{"timestamp":"2026-03-06T22:18:34.010688Z","level":"info","event":"Fetching URL: https://thecourseforum.com/course/DANC/2210/All","logger":"task.stdout"}
{"timestamp":"2026-03-06T22:18:34.375686Z","level":"info","event":"Fetching URL: https://thecourseforum.com/course/DANC/3230/All","logger":"task.stdout"}
{"timestamp":"2026-03-06T22:18:34.628053Z","level":"info","event":"Fetching URL: https://thecourseforum.com/course/DRAM/1010/All","logger":"task.stdout"}
{"timestamp":"2026-03-06T22:18:34.954727Z","level":"info","event":"Fetching URL: https://thecourseforum.com/course/DRAM/1020/All","logger":"task.stdout"}
{"timestamp":"2026-03-06T22:18:35.239647Z","level":"info","event":"Fetching URL: https://thecourseforum.com/course/DRAM/1220/All","logger":"task.stdout"}
{"timestamp":"2026-03-06T22:18:35.578998Z","level":"info","event":"Fetching URL: https://thecourseforum.com/course/DRAM/2010/All","logger":"task.stdout"}
{"timestamp":"2026-03-06T22:18:35.970351Z","level":"info","event":"Fetching URL: https://thecourseforum.com/course/DRAM/2020/All","logger":"task.stdout"}
{"timestamp":"2026-03-06T22:18:36.570133Z","level":"info","event":"Fetching URL: https://thecourseforum.com/course/DRAM/2060/All","logger":"task.stdout"}
{"timestamp":"2026-03-06T22:18:36.986076Z","level":"info","event":"Fetching URL: https://thecourseforum.com/course/DRAM/2130/All","logger":"task.stdout"}
{"timestamp":"2026-03-06T22:18:37.389882Z","level":"info","event":"Fetching URL: https://thecourseforum.com/course/DRAM/2211/All","logger":"task.stdout"}
{"timestamp":"2026-03-06T22:18:37.652618Z","level":"info","event":"Fetching URL: https://thecourseforum.com/course/DRAM/2310/All","logger":"task.stdout"}
{"timestamp":"2026-03-06T22:18:38.004784Z","level":"info","event":"Fetching URL: https://thecourseforum.com/course/DRAM/2430/All","logger":"task.stdout"}
{"timestamp":"2026-03-06T22:18:38.292722Z","level":"info","event":"Fetching URL: https://thecourseforum.com/course/DRAM/2559/All","logger":"task.stdout"}
{"timestamp":"2026-03-06T22:18:38.512793Z","level":"info","event":"Fetching URL: https://thecourseforum.com/course/DRAM/2620/All","logger":"task.stdout"}
{"timestamp":"2026-03-06T22:18:38.795849Z","level":"info","event":"Fetching URL: https://thecourseforum.com/course/DRAM/3410/All","logger":"task.stdout"}
{"timestamp":"2026-03-06T22:18:39.043206Z","level":"info","event":"Fetching URL: https://thecourseforum.com/course/DRAM/2630/All","logger":"task.stdout"}
{"timestamp":"2026-03-06T22:18:39.272791Z","level":"info","event":"Fetching URL: https://thecourseforum.com/course/DRAM/3030/All","logger":"task.stdout"}
{"timestamp":"2026-03-06T22:18:39.549444Z","level":"info","event":"Fetching URL: https://thecourseforum.com/course/DRAM/3050/All","logger":"task.stdout"}
{"timestamp":"2026-03-06T22:18:39.797644Z","level":"info","event":"Fetching URL: https://thecourseforum.com/course/DRAM/3070/All","logger":"task.stdout"}
{"timestamp":"2026-03-06T22:18:40.146621Z","level":"info","event":"Fetching URL: https://thecourseforum.com/course/DRAM/3210/All","logger":"task.stdout"}
{"timestamp":"2026-03-06T22:18:40.444275Z","level":"info","event":"Fetching URL: https://thecourseforum.com/course/DRAM/3559/All","logger":"task.stdout"}
{"timestamp":"2026-03-06T22:18:40.850337Z","level":"info","event":"Fetching URL: https://thecourseforum.com/course/DRAM/3652/All","logger":"task.stdout"}
{"timestamp":"2026-03-06T22:18:41.074166Z","level":"info","event":"Fetching URL: https://thecourseforum.com/course/DRAM/3654/All","logger":"task.stdout"}
{"timestamp":"2026-03-06T22:18:42.687837Z","level":"info","event":"Fetching URL: https://thecourseforum.com/course/DRAM/3730/All","logger":"task.stdout"}
{"timestamp":"2026-03-06T22:18:42.983271Z","level":"info","event":"Fetching URL: https://thecourseforum.com/course/DRAM/3820/All","logger":"task.stdout"}
{"timestamp":"2026-03-06T22:18:43.374380Z","level":"info","event":"Fetching URL: https://thecourseforum.com/course/DRAM/4040/All","logger":"task.stdout"}
{"timestamp":"2026-03-06T22:18:43.766136Z","level":"info","event":"Fetching URL: https://thecourseforum.com/course/DRAM/4384/All","logger":"task.stdout"}
{"timestamp":"2026-03-06T22:18:44.143017Z","level":"info","event":"Fetching URL: https://thecourseforum.com/course/DRAM/4593/All","logger":"task.stdout"}
{"timestamp":"2026-03-06T22:18:44.673181Z","level":"info","event":"Fetching URL: https://thecourseforum.com/course/DRAM/4599/All","logger":"task.stdout"}
{"timestamp":"2026-03-06T22:18:45.136871Z","level":"info","event":"Fetching URL: https://thecourseforum.com/course/DRAM/4730/All","logger":"task.stdout"}
{"timestamp":"2026-03-06T22:18:45.473265Z","level":"info","event":"Fetching URL: https://thecourseforum.com/course/DRAM/4993/All","logger":"task.stdout"}
{"timestamp":"2026-03-06T22:18:45.832307Z","level":"info","event":"Fetching URL: https://thecourseforum.com/course/DS/2024/All","logger":"task.stdout"}
{"timestamp":"2026-03-06T22:18:46.168458Z","level":"info","event":"Fetching URL: https://thecourseforum.com/course/DS/3001/All","logger":"task.stdout"}
{"timestamp":"2026-03-06T22:18:46.426246Z","level":"info","event":"Fetching URL: https://thecourseforum.com/course/DS/3021/All","logger":"task.stdout"}
{"timestamp":"2026-03-06T22:18:46.701869Z","level":"info","event":"Fetching URL: https://thecourseforum.com/course/DS/1001/All","logger":"task.stdout"}
{"timestamp":"2026-03-06T22:18:46.981541Z","level":"info","event":"Fetching URL: https://thecourseforum.com/course/DS/1002/All","logger":"task.stdout"}
{"timestamp":"2026-03-06T22:18:47.318609Z","level":"info","event":"Fetching URL: https://thecourseforum.com/course/DS/2002/All","logger":"task.stdout"}
{"timestamp":"2026-03-06T22:18:47.658020Z","level":"info","event":"Fetching URL: https://thecourseforum.com/course/DS/2003/All","logger":"task.stdout"}
{"timestamp":"2026-03-06T22:18:48.028259Z","level":"info","event":"Fetching URL: https://thecourseforum.com/course/DS/2004/All","logger":"task.stdout"}
{"timestamp":"2026-03-06T22:18:48.403330Z","level":"info","event":"Fetching URL: https://thecourseforum.com/course/DS/3025/All","logger":"task.stdout"}
{"timestamp":"2026-03-06T22:18:48.844904Z","level":"info","event":"Fetching URL: https://thecourseforum.com/course/DS/3026/All","logger":"task.stdout"}
{"timestamp":"2026-03-06T22:18:49.990377Z","level":"info","event":"Fetching URL: https://thecourseforum.com/course/DS/4002/All","logger":"task.stdout"}
{"timestamp":"2026-03-06T22:18:50.465718Z","level":"info","event":"Fetching URL: https://thecourseforum.com/course/DS/4023/All","logger":"task.stdout"}
{"timestamp":"2026-03-06T22:18:50.895176Z","level":"info","event":"Fetching URL: https://thecourseforum.com/course/DS/4024/All","logger":"task.stdout"}
{"timestamp":"2026-03-06T22:18:51.349071Z","level":"info","event":"Fetching URL: https://thecourseforum.com/course/DS/4125/All","logger":"task.stdout"}
{"timestamp":"2026-03-06T22:18:51.696967Z","level":"info","event":"Fetching URL: https://thecourseforum.com/course/DS/4320/All","logger":"task.stdout"}
{"timestamp":"2026-03-06T22:18:51.991579Z","level":"info","event":"Fetching URL: https://thecourseforum.com/course/DS/4993/All","logger":"task.stdout"}
{"timestamp":"2026-03-06T22:18:52.360703Z","level":"info","event":"Fetching URL: https://thecourseforum.com/course/ECON/2010/All","logger":"task.stdout"}
{"timestamp":"2026-03-06T22:18:54.687785Z","level":"info","event":"Fetching URL: https://thecourseforum.com/course/ECON/4993/All","logger":"task.stdout"}
{"timestamp":"2026-03-06T22:18:55.294261Z","level":"info","event":"Fetching URL: https://thecourseforum.com/course/ECON/4999/All","logger":"task.stdout"}
{"timestamp":"2026-03-06T22:18:55.869740Z","level":"info","event":"Fetching URL: https://thecourseforum.com/course/ECON/1100/All","logger":"task.stdout"}
{"timestamp":"2026-03-06T22:18:56.193788Z","level":"info","event":"Fetching URL: https://thecourseforum.com/course/ECON/2020/All","logger":"task.stdout"}
{"timestamp":"2026-03-06T22:18:57.709297Z","level":"info","event":"Fetching URL: https://thecourseforum.com/course/ECON/3010/All","logger":"task.stdout"}
{"timestamp":"2026-03-06T22:19:00.239252Z","level":"info","event":"Fetching URL: https://thecourseforum.com/course/ECON/3020/All","logger":"task.stdout"}
{"timestamp":"2026-03-06T22:19:00.773960Z","level":"info","event":"Fetching URL: https://thecourseforum.com/course/ECON/3030/All","logger":"task.stdout"}
{"timestamp":"2026-03-06T22:19:01.141117Z","level":"info","event":"Fetching URL: https://thecourseforum.com/course/ECON/3600/All","logger":"task.stdout"}
{"timestamp":"2026-03-06T22:19:01.375318Z","level":"info","event":"Fetching URL: https://thecourseforum.com/course/ECON/3640/All","logger":"task.stdout"}
{"timestamp":"2026-03-06T22:19:01.679732Z","level":"info","event":"Fetching URL: https://thecourseforum.com/course/ECON/3650/All","logger":"task.stdout"}
{"timestamp":"2026-03-06T22:19:01.953734Z","level":"info","event":"Fetching URL: https://thecourseforum.com/course/ECON/3720/All","logger":"task.stdout"}
{"timestamp":"2026-03-06T22:19:02.515897Z","level":"info","event":"Fetching URL: https://thecourseforum.com/course/ECON/3820/All","logger":"task.stdout"}
{"timestamp":"2026-03-06T22:19:02.792203Z","level":"info","event":"Fetching URL: https://thecourseforum.com/course/ECON/4080/All","logger":"task.stdout"}
{"timestamp":"2026-03-06T22:19:03.034675Z","level":"info","event":"Fetching URL: https://thecourseforum.com/course/ECON/4110/All","logger":"task.stdout"}
{"timestamp":"2026-03-06T22:19:03.264471Z","level":"info","event":"Fetching URL: https://thecourseforum.com/course/ECON/4150/All","logger":"task.stdout"}
{"timestamp":"2026-03-06T22:19:03.583548Z","level":"info","event":"Fetching URL: https://thecourseforum.com/course/ECON/4170/All","logger":"task.stdout"}
{"timestamp":"2026-03-06T22:19:03.876643Z","level":"info","event":"Fetching URL: https://thecourseforum.com/course/ECON/4210/All","logger":"task.stdout"}
{"timestamp":"2026-03-06T22:19:04.163726Z","level":"info","event":"Fetching URL: https://thecourseforum.com/course/ECON/4220/All","logger":"task.stdout"}
{"timestamp":"2026-03-06T22:19:04.365921Z","level":"info","event":"Fetching URL: https://thecourseforum.com/course/ECON/4240/All","logger":"task.stdout"}
{"timestamp":"2026-03-06T22:19:04.709056Z","level":"info","event":"Fetching URL: https://thecourseforum.com/course/ECON/4350/All","logger":"task.stdout"}
{"timestamp":"2026-03-06T22:19:04.962636Z","level":"info","event":"Fetching URL: https://thecourseforum.com/course/ECON/4360/All","logger":"task.stdout"}
{"timestamp":"2026-03-06T22:19:05.345278Z","level":"info","event":"Fetching URL: https://thecourseforum.com/course/ECON/4370/All","logger":"task.stdout"}
{"timestamp":"2026-03-06T22:19:05.652289Z","level":"info","event":"Fetching URL: https://thecourseforum.com/course/ECON/4420/All","logger":"task.stdout"}
{"timestamp":"2026-03-06T22:19:05.856923Z","level":"info","event":"Fetching URL: https://thecourseforum.com/course/ECON/4430/All","logger":"task.stdout"}
{"timestamp":"2026-03-06T22:19:06.201116Z","level":"info","event":"Fetching URL: https://thecourseforum.com/course/ECON/4444/All","logger":"task.stdout"}
{"timestamp":"2026-03-06T22:19:06.514234Z","level":"info","event":"Fetching URL: https://thecourseforum.com/course/ECON/4720/All","logger":"task.stdout"}
{"timestamp":"2026-03-06T22:19:06.772088Z","level":"info","event":"Fetching URL: https://thecourseforum.com/course/ECON/4820/All","logger":"task.stdout"}
{"timestamp":"2026-03-06T22:19:07.263759Z","level":"info","event":"Fetching URL: https://thecourseforum.com/course/ECON/4880/All","logger":"task.stdout"}
{"timestamp":"2026-03-06T22:19:07.714484Z","level":"info","event":"Fetching URL: https://thecourseforum.com/course/EDHS/1120/All","logger":"task.stdout"}
{"timestamp":"2026-03-06T22:19:08.053648Z","level":"info","event":"Fetching URL: https://thecourseforum.com/course/EDHS/2230/All","logger":"task.stdout"}
{"timestamp":"2026-03-06T22:19:08.310299Z","level":"info","event":"Fetching URL: https://thecourseforum.com/course/EDHS/2240/All","logger":"task.stdout"}
{"timestamp":"2026-03-06T22:19:08.613858Z","level":"info","event":"Fetching URL: https://thecourseforum.com/course/EDHS/2250/All","logger":"task.stdout"}
{"timestamp":"2026-03-06T22:19:08.923396Z","level":"info","event":"Fetching URL: https://thecourseforum.com/course/EDHS/2900/All","logger":"task.stdout"}
{"timestamp":"2026-03-06T22:19:09.307215Z","level":"info","event":"Fetching URL: https://thecourseforum.com/course/EDHS/3055/All","logger":"task.stdout"}
{"timestamp":"2026-03-06T22:19:09.591501Z","level":"info","event":"Fetching URL: https://thecourseforum.com/course/EDHS/3110/All","logger":"task.stdout"}
{"timestamp":"2026-03-06T22:19:09.979908Z","level":"info","event":"Fetching URL: https://thecourseforum.com/course/EDHS/3120/All","logger":"task.stdout"}
{"timestamp":"2026-03-06T22:19:10.342798Z","level":"info","event":"Fetching URL: https://thecourseforum.com/course/EDHS/3130/All","logger":"task.stdout"}
{"timestamp":"2026-03-06T22:19:10.683375Z","level":"info","event":"Fetching URL: https://thecourseforum.com/course/EDHS/3250/All","logger":"task.stdout"}
{"timestamp":"2026-03-06T22:19:10.969618Z","level":"info","event":"Fetching URL: https://thecourseforum.com/course/EDHS/3850/All","logger":"task.stdout"}
{"timestamp":"2026-03-06T22:19:11.344755Z","level":"info","event":"Fetching URL: https://thecourseforum.com/course/EDHS/3895/All","logger":"task.stdout"}
{"timestamp":"2026-03-06T22:19:11.655560Z","level":"info","event":"Fetching URL: https://thecourseforum.com/course/EDHS/3985/All","logger":"task.stdout"}
{"timestamp":"2026-03-06T22:19:11.992921Z","level":"info","event":"Fetching URL: https://thecourseforum.com/course/EDHS/4030/All","logger":"task.stdout"}
{"timestamp":"2026-03-06T22:19:12.432000Z","level":"info","event":"Fetching URL: https://thecourseforum.com/course/EDHS/4040/All","logger":"task.stdout"}
{"timestamp":"2026-03-06T22:19:12.875093Z","level":"info","event":"Fetching URL: https://thecourseforum.com/course/EDHS/4150/All","logger":"task.stdout"}
{"timestamp":"2026-03-06T22:19:13.468198Z","level":"info","event":"Fetching URL: https://thecourseforum.com/course/EDHS/4210/All","logger":"task.stdout"}
{"timestamp":"2026-03-06T22:19:13.724634Z","level":"info","event":"Fetching URL: https://thecourseforum.com/course/EDHS/4400/All","logger":"task.stdout"}
{"timestamp":"2026-03-06T22:19:14.069435Z","level":"info","event":"Fetching URL: https://thecourseforum.com/course/EDHS/4810/All","logger":"task.stdout"}
{"timestamp":"2026-03-06T22:19:14.285250Z","level":"info","event":"Fetching URL: https://thecourseforum.com/course/EDHS/4993/All","logger":"task.stdout"}
{"timestamp":"2026-03-06T22:19:14.740667Z","level":"info","event":"Fetching URL: https://thecourseforum.com/course/EDHS/4995/All","logger":"task.stdout"}
{"timestamp":"2026-03-06T22:19:15.056188Z","level":"info","event":"Fetching URL: https://thecourseforum.com/course/EDHS/2450/All","logger":"task.stdout"}
{"timestamp":"2026-03-06T22:19:15.779372Z","level":"info","event":"Fetching URL: https://thecourseforum.com/course/EDHS/2460/All","logger":"task.stdout"}
{"timestamp":"2026-03-06T22:19:16.111376Z","level":"info","event":"Fetching URL: https://thecourseforum.com/course/EDHS/2895/All","logger":"task.stdout"}
{"timestamp":"2026-03-06T22:19:16.456487Z","level":"info","event":"Fetching URL: https://thecourseforum.com/course/EDIS/3060/All","logger":"task.stdout"}
{"timestamp":"2026-03-06T22:19:16.855508Z","level":"info","event":"Fetching URL: https://thecourseforum.com/course/EDIS/3460/All","logger":"task.stdout"}
{"timestamp":"2026-03-06T22:19:17.334422Z","level":"info","event":"Fetching URL: https://thecourseforum.com/course/EDIS/3881/All","logger":"task.stdout"}
{"timestamp":"2026-03-06T22:19:17.766218Z","level":"info","event":"Fetching URL: https://thecourseforum.com/course/EDIS/4060/All","logger":"task.stdout"}
{"timestamp":"2026-03-06T22:19:18.107812Z","level":"info","event":"Fetching URL: https://thecourseforum.com/course/EDIS/4100/All","logger":"task.stdout"}
{"timestamp":"2026-03-06T22:19:18.489377Z","level":"info","event":"Fetching URL: https://thecourseforum.com/course/EDIS/4110/All","logger":"task.stdout"}
{"timestamp":"2026-03-06T22:19:18.764769Z","level":"info","event":"Fetching URL: https://thecourseforum.com/course/EDIS/4120/All","logger":"task.stdout"}
{"timestamp":"2026-03-06T22:19:19.102810Z","level":"info","event":"Fetching URL: https://thecourseforum.com/course/EDIS/4210/All","logger":"task.stdout"}
{"timestamp":"2026-03-06T22:19:19.386018Z","level":"info","event":"Fetching URL: https://thecourseforum.com/course/EDIS/4230/All","logger":"task.stdout"}
{"timestamp":"2026-03-06T22:19:19.675320Z","level":"info","event":"Fetching URL: https://thecourseforum.com/course/EDIS/4310/All","logger":"task.stdout"}
{"timestamp":"2026-03-06T22:19:20.117957Z","level":"info","event":"Fetching URL: https://thecourseforum.com/course/EDIS/4320/All","logger":"task.stdout"}
{"timestamp":"2026-03-06T22:19:20.533988Z","level":"info","event":"Fetching URL: https://thecourseforum.com/course/EDIS/4340/All","logger":"task.stdout"}
{"timestamp":"2026-03-06T22:19:20.798132Z","level":"info","event":"Fetching URL: https://thecourseforum.com/course/EDIS/4350/All","logger":"task.stdout"}
{"timestamp":"2026-03-06T22:19:21.098485Z","level":"info","event":"Fetching URL: https://thecourseforum.com/course/EDIS/4871/All","logger":"task.stdout"}
{"timestamp":"2026-03-06T22:19:21.418465Z","level":"info","event":"Fetching URL: https://thecourseforum.com/course/EDIS/4877/All","logger":"task.stdout"}
{"timestamp":"2026-03-06T22:19:21.720693Z","level":"info","event":"Fetching URL: https://thecourseforum.com/course/EDIS/4881/All","logger":"task.stdout"}
{"timestamp":"2026-03-06T22:19:21.973167Z","level":"info","event":"Fetching URL: https://thecourseforum.com/course/EDIS/4887/All","logger":"task.stdout"}
{"timestamp":"2026-03-06T22:19:22.289987Z","level":"info","event":"Fetching URL: https://thecourseforum.com/course/EDIS/4993/All","logger":"task.stdout"}
{"timestamp":"2026-03-06T22:19:22.519069Z","level":"info","event":"Fetching URL: https://thecourseforum.com/course/EDIS/4995/All","logger":"task.stdout"}
{"timestamp":"2026-03-06T22:19:22.796861Z","level":"info","event":"Fetching URL: https://thecourseforum.com/course/EDIS/2010/All","logger":"task.stdout"}
{"timestamp":"2026-03-06T22:19:23.157071Z","level":"info","event":"Fetching URL: https://thecourseforum.com/course/EDIS/2020/All","logger":"task.stdout"}
{"timestamp":"2026-03-06T22:19:23.405461Z","level":"info","event":"Fetching URL: https://thecourseforum.com/course/EDIS/2022/All","logger":"task.stdout"}
{"timestamp":"2026-03-06T22:19:23.705518Z","level":"info","event":"Fetching URL: https://thecourseforum.com/course/EDIS/2200/All","logger":"task.stdout"}
{"timestamp":"2026-03-06T22:19:24.326755Z","level":"info","event":"Fetching URL: https://thecourseforum.com/course/EDIS/2600/All","logger":"task.stdout"}
{"timestamp":"2026-03-06T22:19:24.648867Z","level":"info","event":"Fetching URL: https://thecourseforum.com/course/EDIS/2650/All","logger":"task.stdout"}
{"timestamp":"2026-03-06T22:19:24.995446Z","level":"info","event":"Fetching URL: https://thecourseforum.com/course/EDIS/2920/All","logger":"task.stdout"}
{"timestamp":"2026-03-06T22:19:25.258822Z","level":"info","event":"Fetching URL: https://thecourseforum.com/course/EDIS/3012/All","logger":"task.stdout"}
{"timestamp":"2026-03-06T22:19:25.619300Z","level":"info","event":"Fetching URL: https://thecourseforum.com/course/EDIS/3013/All","logger":"task.stdout"}
{"timestamp":"2026-03-06T22:19:25.895042Z","level":"info","event":"Fetching URL: https://thecourseforum.com/course/EDIS/3020/All","logger":"task.stdout"}
{"timestamp":"2026-03-06T22:19:26.304994Z","level":"info","event":"Fetching URL: https://thecourseforum.com/course/EDIS/3040/All","logger":"task.stdout"}
{"timestamp":"2026-03-06T22:19:26.640552Z","level":"info","event":"Fetching URL: https://thecourseforum.com/course/EDIS/3045/All","logger":"task.stdout"}
{"timestamp":"2026-03-06T22:19:27.266612Z","level":"info","event":"Fetching URL: https://thecourseforum.com/course/EDIS/3050/All","logger":"task.stdout"}
{"timestamp":"2026-03-06T22:19:27.836724Z","level":"info","event":"Fetching URL: https://thecourseforum.com/course/EGMT/1510/All","logger":"task.stdout"}
{"timestamp":"2026-03-06T22:19:28.793257Z","level":"info","event":"Fetching URL: https://thecourseforum.com/course/EGMT/1530/All","logger":"task.stdout"}
{"timestamp":"2026-03-06T22:19:29.652429Z","level":"info","event":"Fetching URL: https://thecourseforum.com/course/EGMT/1520/All","logger":"task.stdout"}
{"timestamp":"2026-03-06T22:19:31.016749Z","level":"info","event":"Fetching URL: https://thecourseforum.com/course/EGMT/1540/All","logger":"task.stdout"}
{"timestamp":"2026-03-06T22:19:31.808293Z","level":"info","event":"Fetching URL: https://thecourseforum.com/course/EGMT/2500/All","logger":"task.stdout"}
{"timestamp":"2026-03-06T22:19:32.084127Z","level":"info","event":"Fetching URL: https://thecourseforum.com/course/ENCW/4830/All","logger":"task.stdout"}
{"timestamp":"2026-03-06T22:19:32.417856Z","level":"info","event":"Fetching URL: https://thecourseforum.com/course/ENCW/4920/All","logger":"task.stdout"}
{"timestamp":"2026-03-06T22:19:32.672387Z","level":"info","event":"Fetching URL: https://thecourseforum.com/course/ENCW/4993/All","logger":"task.stdout"}
{"timestamp":"2026-03-06T22:19:33.089415Z","level":"info","event":"Fetching URL: https://thecourseforum.com/course/ENCW/2100/All","logger":"task.stdout"}
{"timestamp":"2026-03-06T22:19:33.540004Z","level":"info","event":"Fetching URL: https://thecourseforum.com/course/ENCW/2300/All","logger":"task.stdout"}
{"timestamp":"2026-03-06T22:19:34.162204Z","level":"info","event":"Fetching URL: https://thecourseforum.com/course/ENCW/2559/All","logger":"task.stdout"}
{"timestamp":"2026-03-06T22:19:34.606068Z","level":"info","event":"Fetching URL: https://thecourseforum.com/course/ENCW/2600/All","logger":"task.stdout"}
{"timestamp":"2026-03-06T22:19:35.367268Z","level":"info","event":"Fetching URL: https://thecourseforum.com/course/ENCW/3310/All","logger":"task.stdout"}
{"timestamp":"2026-03-06T22:19:35.641208Z","level":"info","event":"Fetching URL: https://thecourseforum.com/course/ENCW/3500/All","logger":"task.stdout"}
{"timestamp":"2026-03-06T22:19:36.128481Z","level":"info","event":"Fetching URL: https://thecourseforum.com/course/ENCW/3610/All","logger":"task.stdout"}
{"timestamp":"2026-03-06T22:19:36.483132Z","level":"info","event":"Fetching URL: https://thecourseforum.com/course/ENCW/4350/All","logger":"task.stdout"}
{"timestamp":"2026-03-06T22:19:36.905298Z","level":"info","event":"Fetching URL: https://thecourseforum.com/course/ENCW/4550/All","logger":"task.stdout"}
{"timestamp":"2026-03-06T22:19:37.314263Z","level":"info","event":"Fetching URL: https://thecourseforum.com/course/ENCW/4720/All","logger":"task.stdout"}
{"timestamp":"2026-03-06T22:19:37.744396Z","level":"info","event":"Fetching URL: https://thecourseforum.com/course/ENCW/4820/All","logger":"task.stdout"}
{"timestamp":"2026-03-06T22:19:38.061614Z","level":"info","event":"Fetching URL: https://thecourseforum.com/course/ENGL/1590/All","logger":"task.stdout"}
{"timestamp":"2026-03-06T22:19:38.407388Z","level":"info","event":"Fetching URL: https://thecourseforum.com/course/ENGL/2502/All","logger":"task.stdout"}
{"timestamp":"2026-03-06T22:19:38.727936Z","level":"info","event":"Fetching URL: https://thecourseforum.com/course/ENGL/2506/All","logger":"task.stdout"}
{"timestamp":"2026-03-06T22:19:39.108151Z","level":"info","event":"Fetching URL: https://thecourseforum.com/course/ENGL/2507/All","logger":"task.stdout"}
{"timestamp":"2026-03-06T22:19:39.411751Z","level":"info","event":"Fetching URL: https://thecourseforum.com/course/ENGL/2508/All","logger":"task.stdout"}
{"timestamp":"2026-03-06T22:19:39.717962Z","level":"info","event":"Fetching URL: https://thecourseforum.com/course/ENGL/3002/All","logger":"task.stdout"}
{"timestamp":"2026-03-06T22:19:40.065570Z","level":"info","event":"Fetching URL: https://thecourseforum.com/course/ENGL/3010/All","logger":"task.stdout"}
{"timestamp":"2026-03-06T22:19:40.467647Z","level":"info","event":"Fetching URL: https://thecourseforum.com/course/ENGL/3162/All","logger":"task.stdout"}
{"timestamp":"2026-03-06T22:19:40.708324Z","level":"info","event":"Fetching URL: https://thecourseforum.com/course/ENGL/3260/All","logger":"task.stdout"}
{"timestamp":"2026-03-06T22:19:40.988974Z","level":"info","event":"Fetching URL: https://thecourseforum.com/course/ENGL/3273/All","logger":"task.stdout"}
{"timestamp":"2026-03-06T22:19:41.324624Z","level":"info","event":"Fetching URL: https://thecourseforum.com/course/ENGL/3370/All","logger":"task.stdout"}
{"timestamp":"2026-03-06T22:19:41.658590Z","level":"info","event":"Fetching URL: https://thecourseforum.com/course/ENGL/3500/All","logger":"task.stdout"}
{"timestamp":"2026-03-06T22:19:41.975619Z","level":"info","event":"Fetching URL: https://thecourseforum.com/course/ENGL/3540/All","logger":"task.stdout"}
{"timestamp":"2026-03-06T22:19:42.315132Z","level":"info","event":"Fetching URL: https://thecourseforum.com/course/ENGL/3560/All","logger":"task.stdout"}
{"timestamp":"2026-03-06T22:19:42.698382Z","level":"info","event":"Fetching URL: https://thecourseforum.com/course/ENGL/3611/All","logger":"task.stdout"}
{"timestamp":"2026-03-06T22:19:43.058559Z","level":"info","event":"Fetching URL: https://thecourseforum.com/course/ENGL/3740/All","logger":"task.stdout"}
{"timestamp":"2026-03-06T22:19:43.522617Z","level":"info","event":"Fetching URL: https://thecourseforum.com/course/ENGL/3750/All","logger":"task.stdout"}
{"timestamp":"2026-03-06T22:19:43.892990Z","level":"info","event":"Fetching URL: https://thecourseforum.com/course/ENGL/3790/All","logger":"task.stdout"}
{"timestamp":"2026-03-06T22:19:44.294624Z","level":"info","event":"Fetching URL: https://thecourseforum.com/course/ENGL/3825/All","logger":"task.stdout"}
{"timestamp":"2026-03-06T22:19:44.589844Z","level":"info","event":"Fetching URL: https://thecourseforum.com/course/ENGL/3910/All","logger":"task.stdout"}
{"timestamp":"2026-03-06T22:19:44.896057Z","level":"info","event":"Fetching URL: https://thecourseforum.com/course/ENGL/3924/All","logger":"task.stdout"}
{"timestamp":"2026-03-06T22:19:45.171021Z","level":"info","event":"Fetching URL: https://thecourseforum.com/course/ENGL/4500/All","logger":"task.stdout"}
{"timestamp":"2026-03-06T22:19:45.507806Z","level":"info","event":"Fetching URL: https://thecourseforum.com/course/ENGL/4510/All","logger":"task.stdout"}
{"timestamp":"2026-03-06T22:19:45.796806Z","level":"info","event":"Fetching URL: https://thecourseforum.com/course/ENGL/4520/All","logger":"task.stdout"}
{"timestamp":"2026-03-06T22:19:46.180944Z","level":"info","event":"Fetching URL: https://thecourseforum.com/course/ENGL/4540/All","logger":"task.stdout"}
{"timestamp":"2026-03-06T22:19:46.462261Z","level":"info","event":"Fetching URL: https://thecourseforum.com/course/ENGL/4559/All","logger":"task.stdout"}
{"timestamp":"2026-03-06T22:19:47.715071Z","level":"info","event":"Fetching URL: https://thecourseforum.com/course/ENGL/4560/All","logger":"task.stdout"}
{"timestamp":"2026-03-06T22:19:47.982028Z","level":"info","event":"Fetching URL: https://thecourseforum.com/course/ENGL/4570/All","logger":"task.stdout"}
{"timestamp":"2026-03-06T22:19:48.358823Z","level":"info","event":"Fetching URL: https://thecourseforum.com/course/ENGL/4902/All","logger":"task.stdout"}
{"timestamp":"2026-03-06T22:19:49.621373Z","level":"info","event":"Fetching URL: https://thecourseforum.com/course/ENGL/4999/All","logger":"task.stdout"}
{"timestamp":"2026-03-06T22:19:49.838107Z","level":"info","event":"Fetching URL: https://thecourseforum.com/course/ENGL/2527/All","logger":"task.stdout"}
{"timestamp":"2026-03-06T22:19:51.077911Z","level":"info","event":"Fetching URL: https://thecourseforum.com/course/ENGL/2572/All","logger":"task.stdout"}
{"timestamp":"2026-03-06T22:19:51.321671Z","level":"info","event":"Fetching URL: https://thecourseforum.com/course/ENGL/2599/All","logger":"task.stdout"}
{"timestamp":"2026-03-06T22:19:51.638477Z","level":"info","event":"Fetching URL: https://thecourseforum.com/course/ENWR/1510/All","logger":"task.stdout"}
{"timestamp":"2026-03-06T22:19:53.518405Z","level":"info","event":"Fetching URL: https://thecourseforum.com/course/ENWR/1506/All","logger":"task.stdout"}
{"timestamp":"2026-03-06T22:19:53.944601Z","level":"info","event":"Fetching URL: https://thecourseforum.com/course/ENWR/1520/All","logger":"task.stdout"}
{"timestamp":"2026-03-06T22:19:54.177139Z","level":"info","event":"Fetching URL: https://thecourseforum.com/course/ENWR/2510/All","logger":"task.stdout"}
{"timestamp":"2026-03-06T22:19:54.451261Z","level":"info","event":"Fetching URL: https://thecourseforum.com/course/ENWR/2520/All","logger":"task.stdout"}
{"timestamp":"2026-03-06T22:19:54.819938Z","level":"info","event":"Fetching URL: https://thecourseforum.com/course/ENWR/2700/All","logger":"task.stdout"}
{"timestamp":"2026-03-06T22:19:55.204021Z","level":"info","event":"Fetching URL: https://thecourseforum.com/course/ENWR/2800/All","logger":"task.stdout"}
{"timestamp":"2026-03-06T22:19:55.458815Z","level":"info","event":"Fetching URL: https://thecourseforum.com/course/ENWR/3500/All","logger":"task.stdout"}
{"timestamp":"2026-03-06T22:19:55.765562Z","level":"info","event":"Fetching URL: https://thecourseforum.com/course/ENWR/3550/All","logger":"task.stdout"}
{"timestamp":"2026-03-06T22:19:57.121857Z","level":"info","event":"Fetching URL: https://thecourseforum.com/course/ENWR/3559/All","logger":"task.stdout"}
{"timestamp":"2026-03-06T22:19:57.383904Z","level":"info","event":"Fetching URL: https://thecourseforum.com/course/ENWR/3640/All","logger":"task.stdout"}
{"timestamp":"2026-03-06T22:19:57.619902Z","level":"info","event":"Fetching URL: https://thecourseforum.com/course/ENWR/3660/All","logger":"task.stdout"}
{"timestamp":"2026-03-06T22:19:57.927060Z","level":"info","event":"Fetching URL: https://thecourseforum.com/course/ENWR/3760/All","logger":"task.stdout"}
{"timestamp":"2026-03-06T22:19:58.239839Z","level":"info","event":"Fetching URL: https://thecourseforum.com/course/ENWR/3900/All","logger":"task.stdout"}
{"timestamp":"2026-03-06T22:19:59.674893Z","level":"info","event":"Fetching URL: https://thecourseforum.com/course/EVSC/3200/All","logger":"task.stdout"}
{"timestamp":"2026-03-06T22:20:00.040824Z","level":"info","event":"Fetching URL: https://thecourseforum.com/course/EVSC/3201/All","logger":"task.stdout"}
{"timestamp":"2026-03-06T22:20:00.554200Z","level":"info","event":"Fetching URL: https://thecourseforum.com/course/EVSC/3300/All","logger":"task.stdout"}
{"timestamp":"2026-03-06T22:20:01.996973Z","level":"info","event":"Fetching URL: https://thecourseforum.com/course/EVSC/3301/All","logger":"task.stdout"}
{"timestamp":"2026-03-06T22:20:02.633888Z","level":"info","event":"Fetching URL: https://thecourseforum.com/course/EVSC/3559/All","logger":"task.stdout"}
{"timestamp":"2026-03-06T22:20:03.025533Z","level":"info","event":"Fetching URL: https://thecourseforum.com/course/EVSC/3600/All","logger":"task.stdout"}
{"timestamp":"2026-03-06T22:20:03.618195Z","level":"info","event":"Fetching URL: https://thecourseforum.com/course/EVSC/3601/All","logger":"task.stdout"}
{"timestamp":"2026-03-06T22:20:04.120276Z","level":"info","event":"Fetching URL: https://thecourseforum.com/course/EVSC/4002/All","logger":"task.stdout"}
{"timestamp":"2026-03-06T22:20:04.429576Z","level":"info","event":"Fetching URL: https://thecourseforum.com/course/EVSC/4020/All","logger":"task.stdout"}
{"timestamp":"2026-03-06T22:20:04.724825Z","level":"info","event":"Fetching URL: https://thecourseforum.com/course/EVSC/4070/All","logger":"task.stdout"}
{"timestamp":"2026-03-06T22:20:05.042148Z","level":"info","event":"Fetching URL: https://thecourseforum.com/course/EVSC/4140/All","logger":"task.stdout"}
{"timestamp":"2026-03-06T22:20:05.551477Z","level":"info","event":"Fetching URL: https://thecourseforum.com/course/EVSC/4370/All","logger":"task.stdout"}
{"timestamp":"2026-03-06T22:20:05.883567Z","level":"info","event":"Fetching URL: https://thecourseforum.com/course/EVSC/4542/All","logger":"task.stdout"}
{"timestamp":"2026-03-06T22:20:06.153511Z","level":"info","event":"Fetching URL: https://thecourseforum.com/course/EVSC/4559/All","logger":"task.stdout"}
{"timestamp":"2026-03-06T22:20:06.557759Z","level":"info","event":"Fetching URL: https://thecourseforum.com/course/EVSC/4630/All","logger":"task.stdout"}
{"timestamp":"2026-03-06T22:20:06.829729Z","level":"info","event":"Fetching URL: https://thecourseforum.com/course/EVSC/4640/All","logger":"task.stdout"}
{"timestamp":"2026-03-06T22:20:07.047837Z","level":"info","event":"Fetching URL: https://thecourseforum.com/course/EVSC/4710/All","logger":"task.stdout"}
{"timestamp":"2026-03-06T22:20:07.297229Z","level":"info","event":"Fetching URL: https://thecourseforum.com/course/EVSC/4890/All","logger":"task.stdout"}
{"timestamp":"2026-03-06T22:20:07.580939Z","level":"info","event":"Fetching URL: https://thecourseforum.com/course/EVSC/4891/All","logger":"task.stdout"}
{"timestamp":"2026-03-06T22:20:07.916183Z","level":"info","event":"Fetching URL: https://thecourseforum.com/course/EVSC/4991/All","logger":"task.stdout"}
{"timestamp":"2026-03-06T22:20:08.187781Z","level":"info","event":"Fetching URL: https://thecourseforum.com/course/EVSC/4993/All","logger":"task.stdout"}
{"timestamp":"2026-03-06T22:20:09.217026Z","level":"info","event":"Fetching URL: https://thecourseforum.com/course/EVSC/1010/All","logger":"task.stdout"}
{"timestamp":"2026-03-06T22:20:09.552796Z","level":"info","event":"Fetching URL: https://thecourseforum.com/course/EVSC/1300/All","logger":"task.stdout"}
{"timestamp":"2026-03-06T22:20:09.875860Z","level":"info","event":"Fetching URL: https://thecourseforum.com/course/EVSC/2220/All","logger":"task.stdout"}
{"timestamp":"2026-03-06T22:20:10.118846Z","level":"info","event":"Fetching URL: https://thecourseforum.com/course/EVSC/2800/All","logger":"task.stdout"}
{"timestamp":"2026-03-06T22:20:10.402846Z","level":"info","event":"Fetching URL: https://thecourseforum.com/course/EVSC/2801/All","logger":"task.stdout"}
{"timestamp":"2026-03-06T22:20:10.807130Z","level":"info","event":"Fetching URL: https://thecourseforum.com/course/EVSC/3020/All","logger":"task.stdout"}
{"timestamp":"2026-03-06T22:20:11.126685Z","level":"info","event":"Fetching URL: https://thecourseforum.com/course/EVSC/4995/All","logger":"task.stdout"}
{"timestamp":"2026-03-06T22:20:12.629091Z","level":"info","event":"Fetching URL: https://thecourseforum.com/course/EVSC/4999/All","logger":"task.stdout"}
{"timestamp":"2026-03-06T22:20:13.533915Z","level":"info","event":"Fetching URL: https://thecourseforum.com/course/EVSC/4080/All","logger":"task.stdout"}
{"timestamp":"2026-03-06T22:20:13.999885Z","level":"info","event":"Fetching URL: https://thecourseforum.com/course/FREN/2020/All","logger":"task.stdout"}
{"timestamp":"2026-03-06T22:20:14.720268Z","level":"info","event":"Fetching URL: https://thecourseforum.com/course/FREN/3029/All","logger":"task.stdout"}
{"timestamp":"2026-03-06T22:20:15.258305Z","level":"info","event":"Fetching URL: https://thecourseforum.com/course/FREN/1000/All","logger":"task.stdout"}
{"timestamp":"2026-03-06T22:20:15.662935Z","level":"info","event":"Fetching URL: https://thecourseforum.com/course/FREN/1010/All","logger":"task.stdout"}
{"timestamp":"2026-03-06T22:20:16.254173Z","level":"info","event":"Fetching URL: https://thecourseforum.com/course/FREN/1020/All","logger":"task.stdout"}
{"timestamp":"2026-03-06T22:20:16.798557Z","level":"info","event":"Fetching URL: https://thecourseforum.com/course/FREN/1050/All","logger":"task.stdout"}
{"timestamp":"2026-03-06T22:20:17.351770Z","level":"info","event":"Fetching URL: https://thecourseforum.com/course/FREN/2010/All","logger":"task.stdout"}
{"timestamp":"2026-03-06T22:20:17.912963Z","level":"info","event":"Fetching URL: https://thecourseforum.com/course/FREN/3030/All","logger":"task.stdout"}
{"timestamp":"2026-03-06T22:20:18.370120Z","level":"info","event":"Fetching URL: https://thecourseforum.com/course/FREN/3031/All","logger":"task.stdout"}
{"timestamp":"2026-03-06T22:20:18.833033Z","level":"info","event":"Fetching URL: https://thecourseforum.com/course/FREN/3036/All","logger":"task.stdout"}
{"timestamp":"2026-03-06T22:20:19.213150Z","level":"info","event":"Fetching URL: https://thecourseforum.com/course/FREN/3040/All","logger":"task.stdout"}
{"timestamp":"2026-03-06T22:20:19.670484Z","level":"info","event":"Fetching URL: https://thecourseforum.com/course/FREN/3043/All","logger":"task.stdout"}
{"timestamp":"2026-03-06T22:20:20.176164Z","level":"info","event":"Fetching URL: https://thecourseforum.com/course/FREN/3061/All","logger":"task.stdout"}
{"timestamp":"2026-03-06T22:20:20.487474Z","level":"info","event":"Fetching URL: https://thecourseforum.com/course/FREN/3882/All","logger":"task.stdout"}
{"timestamp":"2026-03-06T22:20:20.796397Z","level":"info","event":"Fetching URL: https://thecourseforum.com/course/FREN/4064/All","logger":"task.stdout"}
{"timestamp":"2026-03-06T22:20:21.152717Z","level":"info","event":"Fetching URL: https://thecourseforum.com/course/FREN/4123/All","logger":"task.stdout"}
{"timestamp":"2026-03-06T22:20:21.636375Z","level":"info","event":"Fetching URL: https://thecourseforum.com/course/FREN/4744/All","logger":"task.stdout"}
{"timestamp":"2026-03-06T22:20:21.947132Z","level":"info","event":"Fetching URL: https://thecourseforum.com/course/FREN/4838/All","logger":"task.stdout"}
{"timestamp":"2026-03-06T22:20:22.290259Z","level":"info","event":"Fetching URL: https://thecourseforum.com/course/FREN/4999/All","logger":"task.stdout"}
{"timestamp":"2026-03-06T22:20:22.716870Z","level":"info","event":"Fetching URL: https://thecourseforum.com/course/GETR/3590/All","logger":"task.stdout"}
{"timestamp":"2026-03-06T22:20:23.179706Z","level":"info","event":"Fetching URL: https://thecourseforum.com/course/GETR/3360/All","logger":"task.stdout"}
{"timestamp":"2026-03-06T22:20:23.627732Z","level":"info","event":"Fetching URL: https://thecourseforum.com/course/GETR/3372/All","logger":"task.stdout"}
{"timestamp":"2026-03-06T22:20:24.017997Z","level":"info","event":"Fetching URL: https://thecourseforum.com/course/GETR/3464/All","logger":"task.stdout"}
{"timestamp":"2026-03-06T22:20:24.515578Z","level":"info","event":"Fetching URL: https://thecourseforum.com/course/GETR/3470/All","logger":"task.stdout"}
{"timestamp":"2026-03-06T22:20:25.032936Z","level":"info","event":"Fetching URL: https://thecourseforum.com/course/GETR/3505/All","logger":"task.stdout"}
{"timestamp":"2026-03-06T22:20:25.385975Z","level":"info","event":"Fetching URL: https://thecourseforum.com/course/GREE/1020/All","logger":"task.stdout"}
{"timestamp":"2026-03-06T22:20:25.812995Z","level":"info","event":"Fetching URL: https://thecourseforum.com/course/GREE/2240/All","logger":"task.stdout"}
{"timestamp":"2026-03-06T22:20:26.132201Z","level":"info","event":"Fetching URL: https://thecourseforum.com/course/GREE/3040/All","logger":"task.stdout"}
{"timestamp":"2026-03-06T22:20:26.521574Z","level":"info","event":"Fetching URL: https://thecourseforum.com/course/GREE/4999/All","logger":"task.stdout"}
{"timestamp":"2026-03-06T22:20:26.927926Z","level":"info","event":"Fetching URL: https://thecourseforum.com/course/HIEA/1501/All","logger":"task.stdout"}
{"timestamp":"2026-03-06T22:20:27.425486Z","level":"info","event":"Fetching URL: https://thecourseforum.com/course/HIEA/2101/All","logger":"task.stdout"}
{"timestamp":"2026-03-06T22:20:27.773385Z","level":"info","event":"Fetching URL: https://thecourseforum.com/course/HIEA/3171/All","logger":"task.stdout"}
{"timestamp":"2026-03-06T22:20:28.021491Z","level":"info","event":"Fetching URL: https://thecourseforum.com/course/HIEA/3559/All","logger":"task.stdout"}
{"timestamp":"2026-03-06T22:20:28.333883Z","level":"info","event":"Fetching URL: https://thecourseforum.com/course/HIEA/4501/All","logger":"task.stdout"}
{"timestamp":"2026-03-06T22:20:28.640127Z","level":"info","event":"Fetching URL: https://thecourseforum.com/course/HIEU/1501/All","logger":"task.stdout"}
{"timestamp":"2026-03-06T22:20:28.955571Z","level":"info","event":"Fetching URL: https://thecourseforum.com/course/HIEU/2041/All","logger":"task.stdout"}
{"timestamp":"2026-03-06T22:20:29.312101Z","level":"info","event":"Fetching URL: https://thecourseforum.com/course/HIEU/2072/All","logger":"task.stdout"}
{"timestamp":"2026-03-06T22:20:29.752411Z","level":"info","event":"Fetching URL: https://thecourseforum.com/course/HIEU/2102/All","logger":"task.stdout"}
{"timestamp":"2026-03-06T22:20:30.302959Z","level":"info","event":"Fetching URL: https://thecourseforum.com/course/HIEU/2112/All","logger":"task.stdout"}
{"timestamp":"2026-03-06T22:20:30.747340Z","level":"info","event":"Fetching URL: https://thecourseforum.com/course/HIEU/2721/All","logger":"task.stdout"}
{"timestamp":"2026-03-06T22:20:31.118988Z","level":"info","event":"Fetching URL: https://thecourseforum.com/course/HIEU/3141/All","logger":"task.stdout"}
{"timestamp":"2026-03-06T22:20:31.512859Z","level":"info","event":"Fetching URL: https://thecourseforum.com/course/HIEU/3501/All","logger":"task.stdout"}
{"timestamp":"2026-03-06T22:20:31.869711Z","level":"info","event":"Fetching URL: https://thecourseforum.com/course/HIEU/3505/All","logger":"task.stdout"}
{"timestamp":"2026-03-06T22:20:32.337768Z","level":"info","event":"Fetching URL: https://thecourseforum.com/course/HIEU/4502/All","logger":"task.stdout"}
{"timestamp":"2026-03-06T22:20:32.786331Z","level":"info","event":"Fetching URL: https://thecourseforum.com/course/HIEU/4511/All","logger":"task.stdout"}
{"timestamp":"2026-03-06T22:20:33.061266Z","level":"info","event":"Fetching URL: https://thecourseforum.com/course/HILA/3021/All","logger":"task.stdout"}
{"timestamp":"2026-03-06T22:20:33.330245Z","level":"info","event":"Fetching URL: https://thecourseforum.com/course/HILA/3501/All","logger":"task.stdout"}
{"timestamp":"2026-03-06T22:20:33.636392Z","level":"info","event":"Fetching URL: https://thecourseforum.com/course/HIME/1501/All","logger":"task.stdout"}
{"timestamp":"2026-03-06T22:20:33.899252Z","level":"info","event":"Fetching URL: https://thecourseforum.com/course/HIME/2001/All","logger":"task.stdout"}
{"timestamp":"2026-03-06T22:20:34.206231Z","level":"info","event":"Fetching URL: https://thecourseforum.com/course/HIME/2010/All","logger":"task.stdout"}
{"timestamp":"2026-03-06T22:20:34.508668Z","level":"info","event":"Fetching URL: https://thecourseforum.com/course/HIUS/3131/All","logger":"task.stdout"}
{"timestamp":"2026-03-06T22:20:34.844249Z","level":"info","event":"Fetching URL: https://thecourseforum.com/course/HIUS/3411/All","logger":"task.stdout"}
{"timestamp":"2026-03-06T22:20:35.236450Z","level":"info","event":"Fetching URL: https://thecourseforum.com/course/HIUS/3501/All","logger":"task.stdout"}
{"timestamp":"2026-03-06T22:20:35.727301Z","level":"info","event":"Fetching URL: https://thecourseforum.com/course/HIUS/3612/All","logger":"task.stdout"}
{"timestamp":"2026-03-06T22:20:36.192786Z","level":"info","event":"Fetching URL: https://thecourseforum.com/course/HIUS/3620/All","logger":"task.stdout"}
{"timestamp":"2026-03-06T22:20:36.446970Z","level":"info","event":"Fetching URL: https://thecourseforum.com/course/HIUS/4501/All","logger":"task.stdout"}
{"timestamp":"2026-03-06T22:20:37.084742Z","level":"info","event":"Fetching URL: https://thecourseforum.com/course/HIUS/1501/All","logger":"task.stdout"}
{"timestamp":"2026-03-06T22:20:37.515134Z","level":"info","event":"Fetching URL: https://thecourseforum.com/course/HIUS/2001/All","logger":"task.stdout"}
{"timestamp":"2026-03-06T22:20:37.978185Z","level":"info","event":"Fetching URL: https://thecourseforum.com/course/HIUS/2002/All","logger":"task.stdout"}
{"timestamp":"2026-03-06T22:20:38.475092Z","level":"info","event":"Fetching URL: https://thecourseforum.com/course/HIUS/2051/All","logger":"task.stdout"}
{"timestamp":"2026-03-06T22:20:38.949078Z","level":"info","event":"Fetching URL: https://thecourseforum.com/course/HIUS/2053/All","logger":"task.stdout"}
{"timestamp":"2026-03-06T22:20:39.371310Z","level":"info","event":"Fetching URL: https://thecourseforum.com/course/HIUS/2168/All","logger":"task.stdout"}
{"timestamp":"2026-03-06T22:20:39.746231Z","level":"info","event":"Fetching URL: https://thecourseforum.com/course/HIUS/2559/All","logger":"task.stdout"}
{"timestamp":"2026-03-06T22:20:40.166171Z","level":"info","event":"Fetching URL: https://thecourseforum.com/course/HIUS/3011/All","logger":"task.stdout"}
{"timestamp":"2026-03-06T22:20:40.551397Z","level":"info","event":"Fetching URL: https://thecourseforum.com/course/HIUS/3051/All","logger":"task.stdout"}
{"timestamp":"2026-03-06T22:20:41.009798Z","level":"info","event":"Fetching URL: https://thecourseforum.com/course/HSCI/1011/All","logger":"task.stdout"}
{"timestamp":"2026-03-06T22:20:41.307654Z","level":"info","event":"Fetching URL: https://thecourseforum.com/course/IMP/4600/All","logger":"task.stdout"}
{"timestamp":"2026-03-06T22:20:41.648574Z","level":"info","event":"Fetching URL: https://thecourseforum.com/course/IMP/4971/All","logger":"task.stdout"}
{"timestamp":"2026-03-06T22:20:42.264549Z","level":"info","event":"Fetching URL: https://thecourseforum.com/course/INST/1550/All","logger":"task.stdout"}
{"timestamp":"2026-03-06T22:20:43.553319Z","level":"info","event":"Fetching URL: https://thecourseforum.com/course/INST/2550/All","logger":"task.stdout"}
{"timestamp":"2026-03-06T22:20:45.038711Z","level":"info","event":"Fetching URL: https://thecourseforum.com/course/INST/2570/All","logger":"task.stdout"}
{"timestamp":"2026-03-06T22:20:45.902752Z","level":"info","event":"Fetching URL: https://thecourseforum.com/course/INST/3600/All","logger":"task.stdout"}
{"timestamp":"2026-03-06T22:20:46.227005Z","level":"info","event":"Fetching URL: https://thecourseforum.com/course/INST/4200/All","logger":"task.stdout"}
{"timestamp":"2026-03-06T22:20:46.616923Z","level":"info","event":"Fetching URL: https://thecourseforum.com/course/INST/4983/All","logger":"task.stdout"}
{"timestamp":"2026-03-06T22:20:47.109060Z","level":"info","event":"Fetching URL: https://thecourseforum.com/course/ISBU/3410/All","logger":"task.stdout"}
{"timestamp":"2026-03-06T22:20:47.610961Z","level":"info","event":"Fetching URL: https://thecourseforum.com/course/ISBU/3710/All","logger":"task.stdout"}
{"timestamp":"2026-03-06T22:20:48.190684Z","level":"info","event":"Fetching URL: https://thecourseforum.com/course/ISBU/3760/All","logger":"task.stdout"}
{"timestamp":"2026-03-06T22:20:48.798219Z","level":"info","event":"Fetching URL: https://thecourseforum.com/course/ISBU/3888/All","logger":"task.stdout"}
{"timestamp":"2026-03-06T22:20:49.376222Z","level":"info","event":"Fetching URL: https://thecourseforum.com/course/ISHU/3170/All","logger":"task.stdout"}
{"timestamp":"2026-03-06T22:20:49.886107Z","level":"info","event":"Fetching URL: https://thecourseforum.com/course/ISHU/3501/All","logger":"task.stdout"}
{"timestamp":"2026-03-06T22:20:50.377626Z","level":"info","event":"Fetching URL: https://thecourseforum.com/course/ISHU/4020/All","logger":"task.stdout"}
{"timestamp":"2026-03-06T22:20:50.734707Z","level":"info","event":"Fetching URL: https://thecourseforum.com/course/ISHU/4190/All","logger":"task.stdout"}
{"timestamp":"2026-03-06T22:20:51.086976Z","level":"info","event":"Fetching URL: https://thecourseforum.com/course/ISIN/4510/All","logger":"task.stdout"}
{"timestamp":"2026-03-06T22:20:51.636819Z","level":"info","event":"Fetching URL: https://thecourseforum.com/course/ISIN/4520/All","logger":"task.stdout"}
{"timestamp":"2026-03-06T22:20:52.033136Z","level":"info","event":"Fetching URL: https://thecourseforum.com/course/IT/3240/All","logger":"task.stdout"}
{"timestamp":"2026-03-06T22:20:52.835657Z","level":"info","event":"Fetching URL: https://thecourseforum.com/course/IT/3400/All","logger":"task.stdout"}
{"timestamp":"2026-03-06T22:20:53.344768Z","level":"info","event":"Fetching URL: https://thecourseforum.com/course/IT/3410/All","logger":"task.stdout"}
{"timestamp":"2026-03-06T22:20:53.715945Z","level":"info","event":"Fetching URL: https://thecourseforum.com/course/IT/3000/All","logger":"task.stdout"}
{"timestamp":"2026-03-06T22:20:54.030478Z","level":"info","event":"Fetching URL: https://thecourseforum.com/course/IT/3100/All","logger":"task.stdout"}
{"timestamp":"2026-03-06T22:20:54.400831Z","level":"info","event":"Fetching URL: https://thecourseforum.com/course/IT/3120/All","logger":"task.stdout"}
{"timestamp":"2026-03-06T22:20:54.780137Z","level":"info","event":"Fetching URL: https://thecourseforum.com/course/IT/3220/All","logger":"task.stdout"}
{"timestamp":"2026-03-06T22:20:55.122559Z","level":"info","event":"Fetching URL: https://thecourseforum.com/course/ITAL/1020/All","logger":"task.stdout"}
{"timestamp":"2026-03-06T22:20:55.656418Z","level":"info","event":"Fetching URL: https://thecourseforum.com/course/ITAL/2020/All","logger":"task.stdout"}
{"timestamp":"2026-03-06T22:20:56.033805Z","level":"info","event":"Fetching URL: https://thecourseforum.com/course/ITAL/2030/All","logger":"task.stdout"}
{"timestamp":"2026-03-06T22:20:56.434492Z","level":"info","event":"Fetching URL: https://thecourseforum.com/course/ITAL/3020/All","logger":"task.stdout"}
{"timestamp":"2026-03-06T22:20:57.005792Z","level":"info","event":"Fetching URL: https://thecourseforum.com/course/ITAL/3559/All","logger":"task.stdout"}
{"timestamp":"2026-03-06T22:20:57.717165Z","level":"info","event":"Fetching URL: https://thecourseforum.com/course/ITAL/4993/All","logger":"task.stdout"}
{"timestamp":"2026-03-06T22:20:58.287779Z","level":"info","event":"Fetching URL: https://thecourseforum.com/course/ITTR/3760/All","logger":"task.stdout"}
{"timestamp":"2026-03-06T22:20:58.751339Z","level":"info","event":"Fetching URL: https://thecourseforum.com/course/JAPN/1000/All","logger":"task.stdout"}
{"timestamp":"2026-03-06T22:20:59.147400Z","level":"info","event":"Fetching URL: https://thecourseforum.com/course/JAPN/1010/All","logger":"task.stdout"}
{"timestamp":"2026-03-06T22:20:59.560726Z","level":"info","event":"Fetching URL: https://thecourseforum.com/course/JAPN/1020/All","logger":"task.stdout"}
{"timestamp":"2026-03-06T22:21:00.035974Z","level":"info","event":"Fetching URL: https://thecourseforum.com/course/JAPN/1559/All","logger":"task.stdout"}
{"timestamp":"2026-03-06T22:21:00.475227Z","level":"info","event":"Fetching URL: https://thecourseforum.com/course/JAPN/2020/All","logger":"task.stdout"}
{"timestamp":"2026-03-06T22:21:00.882124Z","level":"info","event":"Fetching URL: https://thecourseforum.com/course/JAPN/3020/All","logger":"task.stdout"}
{"timestamp":"2026-03-06T22:21:01.198596Z","level":"info","event":"Fetching URL: https://thecourseforum.com/course/JAPN/3025/All","logger":"task.stdout"}
{"timestamp":"2026-03-06T22:21:01.506292Z","level":"info","event":"Fetching URL: https://thecourseforum.com/course/JAPN/3559/All","logger":"task.stdout"}
{"timestamp":"2026-03-06T22:21:01.909207Z","level":"info","event":"Fetching URL: https://thecourseforum.com/course/JAPN/4710/All","logger":"task.stdout"}
{"timestamp":"2026-03-06T22:21:02.681340Z","level":"info","event":"Fetching URL: https://thecourseforum.com/course/JAPN/4801/All","logger":"task.stdout"}
{"timestamp":"2026-03-06T22:21:03.109245Z","level":"info","event":"Fetching URL: https://thecourseforum.com/course/JPTR/3020/All","logger":"task.stdout"}
{"timestamp":"2026-03-06T22:21:03.528491Z","level":"info","event":"Fetching URL: https://thecourseforum.com/course/JPTR/3310/All","logger":"task.stdout"}
{"timestamp":"2026-03-06T22:21:03.903038Z","level":"info","event":"Fetching URL: https://thecourseforum.com/course/JPTR/3391/All","logger":"task.stdout"}
{"timestamp":"2026-03-06T22:21:04.216741Z","level":"info","event":"Fetching URL: https://thecourseforum.com/course/JPTR/4991/All","logger":"task.stdout"}
{"timestamp":"2026-03-06T22:21:04.511002Z","level":"info","event":"Fetching URL: https://thecourseforum.com/course/JWST/4980/All","logger":"task.stdout"}
{"timestamp":"2026-03-06T22:21:05.064188Z","level":"info","event":"Fetching URL: https://thecourseforum.com/course/KICH/1020/All","logger":"task.stdout"}
{"timestamp":"2026-03-06T22:21:05.375090Z","level":"info","event":"Fetching URL: https://thecourseforum.com/course/KICH/2020/All","logger":"task.stdout"}
{"timestamp":"2026-03-06T22:21:05.694894Z","level":"info","event":"Fetching URL: https://thecourseforum.com/course/KINE/2200/All","logger":"task.stdout"}
{"timestamp":"2026-03-06T22:21:06.018500Z","level":"info","event":"Fetching URL: https://thecourseforum.com/course/KINE/2420/All","logger":"task.stdout"}
{"timestamp":"2026-03-06T22:21:06.575025Z","level":"info","event":"Fetching URL: https://thecourseforum.com/course/KINE/2850/All","logger":"task.stdout"}
{"timestamp":"2026-03-06T22:21:06.965629Z","level":"info","event":"Fetching URL: https://thecourseforum.com/course/KINE/3400/All","logger":"task.stdout"}
{"timestamp":"2026-03-06T22:21:07.354667Z","level":"info","event":"Fetching URL: https://thecourseforum.com/course/KINE/3410/All","logger":"task.stdout"}
{"timestamp":"2026-03-06T22:21:08.010773Z","level":"info","event":"Fetching URL: https://thecourseforum.com/course/KINE/3420/All","logger":"task.stdout"}
{"timestamp":"2026-03-06T22:21:08.490623Z","level":"info","event":"Fetching URL: https://thecourseforum.com/course/KINE/3430/All","logger":"task.stdout"}
{"timestamp":"2026-03-06T22:21:08.923243Z","level":"info","event":"Fetching URL: https://thecourseforum.com/course/KINE/3440/All","logger":"task.stdout"}
{"timestamp":"2026-03-06T22:21:09.404659Z","level":"info","event":"Fetching URL: https://thecourseforum.com/course/KINE/3450/All","logger":"task.stdout"}
{"timestamp":"2026-03-06T22:21:09.925991Z","level":"info","event":"Fetching URL: https://thecourseforum.com/course/KINE/3600/All","logger":"task.stdout"}
{"timestamp":"2026-03-06T22:21:10.334641Z","level":"info","event":"Fetching URL: https://thecourseforum.com/course/KINE/3615/All","logger":"task.stdout"}
{"timestamp":"2026-03-06T22:21:10.752713Z","level":"info","event":"Fetching URL: https://thecourseforum.com/course/KINE/3617/All","logger":"task.stdout"}
{"timestamp":"2026-03-06T22:21:11.247050Z","level":"info","event":"Fetching URL: https://thecourseforum.com/course/KINE/3620/All","logger":"task.stdout"}
{"timestamp":"2026-03-06T22:21:11.794308Z","level":"info","event":"Fetching URL: https://thecourseforum.com/course/KINE/3630/All","logger":"task.stdout"}
{"timestamp":"2026-03-06T22:21:12.363199Z","level":"info","event":"Fetching URL: https://thecourseforum.com/course/KINE/3660/All","logger":"task.stdout"}
{"timestamp":"2026-03-06T22:21:12.788510Z","level":"info","event":"Fetching URL: https://thecourseforum.com/course/KINE/4000/All","logger":"task.stdout"}
{"timestamp":"2026-03-06T22:21:13.838829Z","level":"info","event":"Fetching URL: https://thecourseforum.com/course/KINE/4400/All","logger":"task.stdout"}
{"timestamp":"2026-03-06T22:21:14.148202Z","level":"info","event":"Fetching URL: https://thecourseforum.com/course/KINE/4420/All","logger":"task.stdout"}
{"timestamp":"2026-03-06T22:21:14.475032Z","level":"info","event":"Fetching URL: https://thecourseforum.com/course/KINE/4600/All","logger":"task.stdout"}
{"timestamp":"2026-03-06T22:21:14.787297Z","level":"info","event":"Fetching URL: https://thecourseforum.com/course/KINE/4601/All","logger":"task.stdout"}
{"timestamp":"2026-03-06T22:21:15.311432Z","level":"info","event":"Fetching URL: https://thecourseforum.com/course/KINE/4802/All","logger":"task.stdout"}
{"timestamp":"2026-03-06T22:21:15.776454Z","level":"info","event":"Fetching URL: https://thecourseforum.com/course/KINE/4993/All","logger":"task.stdout"}
{"timestamp":"2026-03-06T22:21:16.197030Z","level":"info","event":"Fetching URL: https://thecourseforum.com/course/KOR/2020/All","logger":"task.stdout"}
{"timestamp":"2026-03-06T22:21:16.511542Z","level":"info","event":"Fetching URL: https://thecourseforum.com/course/KOR/2060/All","logger":"task.stdout"}
{"timestamp":"2026-03-06T22:21:16.864976Z","level":"info","event":"Fetching URL: https://thecourseforum.com/course/KOR/2559/All","logger":"task.stdout"}
{"timestamp":"2026-03-06T22:21:17.381766Z","level":"info","event":"Fetching URL: https://thecourseforum.com/course/KOR/3015/All","logger":"task.stdout"}
{"timestamp":"2026-03-06T22:21:17.956625Z","level":"info","event":"Fetching URL: https://thecourseforum.com/course/KOR/3020/All","logger":"task.stdout"}
{"timestamp":"2026-03-06T22:21:18.439041Z","level":"info","event":"Fetching URL: https://thecourseforum.com/course/KOR/3559/All","logger":"task.stdout"}
{"timestamp":"2026-03-06T22:21:18.901494Z","level":"info","event":"Fetching URL: https://thecourseforum.com/course/KOR/1020/All","logger":"task.stdout"}
{"timestamp":"2026-03-06T22:21:19.479207Z","level":"info","event":"Fetching URL: https://thecourseforum.com/course/LASE/2400/All","logger":"task.stdout"}
{"timestamp":"2026-03-06T22:21:19.976978Z","level":"info","event":"Fetching URL: https://thecourseforum.com/course/LASE/2515/All","logger":"task.stdout"}
{"timestamp":"2026-03-06T22:21:20.606425Z","level":"info","event":"Fetching URL: https://thecourseforum.com/course/LASE/3510/All","logger":"task.stdout"}
{"timestamp":"2026-03-06T22:21:21.042950Z","level":"info","event":"Fetching URL: https://thecourseforum.com/course/LASE/3559/All","logger":"task.stdout"}
{"timestamp":"2026-03-06T22:21:21.464927Z","level":"info","event":"Fetching URL: https://thecourseforum.com/course/LASE/3601/All","logger":"task.stdout"}
{"timestamp":"2026-03-06T22:21:21.924302Z","level":"info","event":"Fetching URL: https://thecourseforum.com/course/LASE/3602/All","logger":"task.stdout"}
{"timestamp":"2026-03-06T22:21:22.374802Z","level":"info","event":"Fetching URL: https://thecourseforum.com/course/LAST/2050/All","logger":"task.stdout"}
{"timestamp":"2026-03-06T22:21:23.250413Z","level":"info","event":"Fetching URL: https://thecourseforum.com/course/LAST/4999/All","logger":"task.stdout"}
{"timestamp":"2026-03-06T22:21:23.635623Z","level":"info","event":"Fetching URL: https://thecourseforum.com/course/LATI/1020/All","logger":"task.stdout"}
{"timestamp":"2026-03-06T22:21:24.254816Z","level":"info","event":"Fetching URL: https://thecourseforum.com/course/LATI/2010/All","logger":"task.stdout"}
{"timestamp":"2026-03-06T22:21:24.810975Z","level":"info","event":"Fetching URL: https://thecourseforum.com/course/LATI/2020/All","logger":"task.stdout"}
{"timestamp":"2026-03-06T22:21:25.455070Z","level":"info","event":"Fetching URL: https://thecourseforum.com/course/LATI/3160/All","logger":"task.stdout"}
{"timestamp":"2026-03-06T22:21:25.983599Z","level":"info","event":"Fetching URL: https://thecourseforum.com/course/LATI/4559/All","logger":"task.stdout"}
{"timestamp":"2026-03-06T22:21:26.417790Z","level":"info","event":"Fetching URL: https://thecourseforum.com/course/LATI/4999/All","logger":"task.stdout"}
{"timestamp":"2026-03-06T22:21:26.788249Z","level":"info","event":"Fetching URL: https://thecourseforum.com/course/LATI/3030/All","logger":"task.stdout"}
{"timestamp":"2026-03-06T22:21:27.177070Z","level":"info","event":"Fetching URL: https://thecourseforum.com/course/LING/2430/All","logger":"task.stdout"}
{"timestamp":"2026-03-06T22:21:27.538619Z","level":"info","event":"Fetching URL: https://thecourseforum.com/course/LING/3090/All","logger":"task.stdout"}
{"timestamp":"2026-03-06T22:21:27.876584Z","level":"info","event":"Fetching URL: https://thecourseforum.com/course/LING/3101/All","logger":"task.stdout"}
{"timestamp":"2026-03-06T22:21:28.162053Z","level":"info","event":"Fetching URL: https://thecourseforum.com/course/LING/3102/All","logger":"task.stdout"}
{"timestamp":"2026-03-06T22:21:28.389886Z","level":"info","event":"Fetching URL: https://thecourseforum.com/course/LING/3103/All","logger":"task.stdout"}
{"timestamp":"2026-03-06T22:21:28.666805Z","level":"info","event":"Fetching URL: https://thecourseforum.com/course/LING/4650/All","logger":"task.stdout"}
{"timestamp":"2026-03-06T22:21:28.920299Z","level":"info","event":"Fetching URL: https://thecourseforum.com/course/LING/4993/All","logger":"task.stdout"}
{"timestamp":"2026-03-06T22:21:29.200904Z","level":"info","event":"Fetching URL: https://thecourseforum.com/course/LING/4999/All","logger":"task.stdout"}
{"timestamp":"2026-03-06T22:21:29.458777Z","level":"info","event":"Fetching URL: https://thecourseforum.com/course/LNGS/2240/All","logger":"task.stdout"}
{"timestamp":"2026-03-06T22:21:29.820006Z","level":"info","event":"Fetching URL: https://thecourseforum.com/course/LNGS/3260/All","logger":"task.stdout"}
{"timestamp":"2026-03-06T22:21:30.164387Z","level":"info","event":"Fetching URL: https://thecourseforum.com/course/LPPA/3650/All","logger":"task.stdout"}
{"timestamp":"2026-03-06T22:21:30.409169Z","level":"info","event":"Fetching URL: https://thecourseforum.com/course/LPPS/3050/All","logger":"task.stdout"}
{"timestamp":"2026-03-06T22:21:30.758211Z","level":"info","event":"Fetching URL: https://thecourseforum.com/course/LPPS/3150/All","logger":"task.stdout"}
{"timestamp":"2026-03-06T22:21:31.051823Z","level":"info","event":"Fetching URL: https://thecourseforum.com/course/LPPS/3240/All","logger":"task.stdout"}
{"timestamp":"2026-03-06T22:21:31.353036Z","level":"info","event":"Fetching URL: https://thecourseforum.com/course/LPPS/3040/All","logger":"task.stdout"}
{"timestamp":"2026-03-06T22:21:31.606436Z","level":"info","event":"Fetching URL: https://thecourseforum.com/course/LPPS/3280/All","logger":"task.stdout"}
{"timestamp":"2026-03-06T22:21:32.115831Z","level":"info","event":"Fetching URL: https://thecourseforum.com/course/LPPS/3350/All","logger":"task.stdout"}
{"timestamp":"2026-03-06T22:21:32.565629Z","level":"info","event":"Fetching URL: https://thecourseforum.com/course/LPPS/3390/All","logger":"task.stdout"}
{"timestamp":"2026-03-06T22:21:32.872891Z","level":"info","event":"Fetching URL: https://thecourseforum.com/course/LPPS/3440/All","logger":"task.stdout"}
{"timestamp":"2026-03-06T22:21:33.189868Z","level":"info","event":"Fetching URL: https://thecourseforum.com/course/LPPS/4260/All","logger":"task.stdout"}
{"timestamp":"2026-03-06T22:21:35.962580Z","level":"info","event":"Fetching URL: https://thecourseforum.com/course/LPPS/4270/All","logger":"task.stdout"}
{"timestamp":"2026-03-06T22:21:36.303972Z","level":"info","event":"Fetching URL: https://thecourseforum.com/course/LPPS/4320/All","logger":"task.stdout"}
{"timestamp":"2026-03-06T22:21:36.689474Z","level":"info","event":"Fetching URL: https://thecourseforum.com/course/LPPS/4620/All","logger":"task.stdout"}
{"timestamp":"2026-03-06T22:21:37.060860Z","level":"info","event":"Fetching URL: https://thecourseforum.com/course/LPPS/4730/All","logger":"task.stdout"}
{"timestamp":"2026-03-06T22:21:37.325404Z","level":"info","event":"Fetching URL: https://thecourseforum.com/course/MATH/4993/All","logger":"task.stdout"}
{"timestamp":"2026-03-06T22:21:37.761912Z","level":"info","event":"Fetching URL: https://thecourseforum.com/course/MATH/1310/All","logger":"task.stdout"}
{"timestamp":"2026-03-06T22:21:38.555010Z","level":"info","event":"Fetching URL: https://thecourseforum.com/course/MATH/1320/All","logger":"task.stdout"}
{"timestamp":"2026-03-06T22:21:39.259004Z","level":"info","event":"Fetching URL: https://thecourseforum.com/course/MATH/2310/All","logger":"task.stdout"}
{"timestamp":"2026-03-06T22:21:40.057325Z","level":"info","event":"Fetching URL: https://thecourseforum.com/course/MATH/3000/All","logger":"task.stdout"}
{"timestamp":"2026-03-06T22:21:40.475710Z","level":"info","event":"Fetching URL: https://thecourseforum.com/course/MATH/3100/All","logger":"task.stdout"}
{"timestamp":"2026-03-06T22:21:40.861741Z","level":"info","event":"Fetching URL: https://thecourseforum.com/course/MATH/3250/All","logger":"task.stdout"}
{"timestamp":"2026-03-06T22:21:41.272205Z","level":"info","event":"Fetching URL: https://thecourseforum.com/course/MATH/3310/All","logger":"task.stdout"}
{"timestamp":"2026-03-06T22:21:41.614539Z","level":"info","event":"Fetching URL: https://thecourseforum.com/course/MATH/3315/All","logger":"task.stdout"}
{"timestamp":"2026-03-06T22:21:41.952301Z","level":"info","event":"Fetching URL: https://thecourseforum.com/course/MATH/3340/All","logger":"task.stdout"}
{"timestamp":"2026-03-06T22:21:42.279879Z","level":"info","event":"Fetching URL: https://thecourseforum.com/course/MATH/3350/All","logger":"task.stdout"}
{"timestamp":"2026-03-06T22:21:42.732295Z","level":"info","event":"Fetching URL: https://thecourseforum.com/course/MATH/3351/All","logger":"task.stdout"}
{"timestamp":"2026-03-06T22:21:43.210597Z","level":"info","event":"Fetching URL: https://thecourseforum.com/course/MATH/3354/All","logger":"task.stdout"}
{"timestamp":"2026-03-06T22:21:43.798497Z","level":"info","event":"Fetching URL: https://thecourseforum.com/course/MATH/4110/All","logger":"task.stdout"}
{"timestamp":"2026-03-06T22:21:44.132619Z","level":"info","event":"Fetching URL: https://thecourseforum.com/course/MATH/4140/All","logger":"task.stdout"}
{"timestamp":"2026-03-06T22:21:44.512439Z","level":"info","event":"Fetching URL: https://thecourseforum.com/course/MATH/4250/All","logger":"task.stdout"}
{"timestamp":"2026-03-06T22:21:44.858180Z","level":"info","event":"Fetching URL: https://thecourseforum.com/course/MATH/4330/All","logger":"task.stdout"}
{"timestamp":"2026-03-06T22:21:45.374731Z","level":"info","event":"Fetching URL: https://thecourseforum.com/course/MATH/4651/All","logger":"task.stdout"}
{"timestamp":"2026-03-06T22:21:45.811173Z","level":"info","event":"Fetching URL: https://thecourseforum.com/course/MATH/4652/All","logger":"task.stdout"}
{"timestamp":"2026-03-06T22:21:46.159943Z","level":"info","event":"Fetching URL: https://thecourseforum.com/course/MATH/4840/All","logger":"task.stdout"}
{"timestamp":"2026-03-06T22:21:46.475737Z","level":"info","event":"Fetching URL: https://thecourseforum.com/course/MATH/1110/All","logger":"task.stdout"}
{"timestamp":"2026-03-06T22:21:46.845748Z","level":"info","event":"Fetching URL: https://thecourseforum.com/course/MATH/1140/All","logger":"task.stdout"}
{"timestamp":"2026-03-06T22:21:47.284817Z","level":"info","event":"Fetching URL: https://thecourseforum.com/course/MATH/1160/All","logger":"task.stdout"}
{"timestamp":"2026-03-06T22:21:47.589430Z","level":"info","event":"Fetching URL: https://thecourseforum.com/course/MATH/1190/All","logger":"task.stdout"}
{"timestamp":"2026-03-06T22:21:48.171857Z","level":"info","event":"Fetching URL: https://thecourseforum.com/course/MATH/1210/All","logger":"task.stdout"}
{"timestamp":"2026-03-06T22:21:49.109988Z","level":"info","event":"Fetching URL: https://thecourseforum.com/course/MATH/4901/All","logger":"task.stdout"}
{"timestamp":"2026-03-06T22:21:49.459908Z","level":"info","event":"Fetching URL: https://thecourseforum.com/course/MATH/1220/All","logger":"task.stdout"}
{"timestamp":"2026-03-06T22:21:50.042694Z","level":"info","event":"Fetching URL: https://thecourseforum.com/course/MDST/4510/All","logger":"task.stdout"}
{"timestamp":"2026-03-06T22:21:50.324790Z","level":"info","event":"Fetching URL: https://thecourseforum.com/course/MDST/4960/All","logger":"task.stdout"}
{"timestamp":"2026-03-06T22:21:50.659445Z","level":"info","event":"Fetching URL: https://thecourseforum.com/course/MDST/4980/All","logger":"task.stdout"}
{"timestamp":"2026-03-06T22:21:50.919199Z","level":"info","event":"Fetching URL: https://thecourseforum.com/course/MDST/2000/All","logger":"task.stdout"}
{"timestamp":"2026-03-06T22:21:51.368088Z","level":"info","event":"Fetching URL: https://thecourseforum.com/course/MDST/2305/All","logger":"task.stdout"}
{"timestamp":"2026-03-06T22:21:51.621667Z","level":"info","event":"Fetching URL: https://thecourseforum.com/course/MDST/2508/All","logger":"task.stdout"}
{"timestamp":"2026-03-06T22:21:51.877646Z","level":"info","event":"Fetching URL: https://thecourseforum.com/course/MDST/2690/All","logger":"task.stdout"}
{"timestamp":"2026-03-06T22:21:52.160374Z","level":"info","event":"Fetching URL: https://thecourseforum.com/course/MDST/2700/All","logger":"task.stdout"}
{"timestamp":"2026-03-06T22:21:52.477786Z","level":"info","event":"Fetching URL: https://thecourseforum.com/course/MDST/2727/All","logger":"task.stdout"}
{"timestamp":"2026-03-06T22:21:52.797636Z","level":"info","event":"Fetching URL: https://thecourseforum.com/course/MDST/2810/All","logger":"task.stdout"}
{"timestamp":"2026-03-06T22:21:53.319522Z","level":"info","event":"Fetching URL: https://thecourseforum.com/course/MDST/3050/All","logger":"task.stdout"}
{"timestamp":"2026-03-06T22:21:53.645677Z","level":"info","event":"Fetching URL: https://thecourseforum.com/course/MDST/3113/All","logger":"task.stdout"}
{"timestamp":"2026-03-06T22:21:53.995204Z","level":"info","event":"Fetching URL: https://thecourseforum.com/course/MDST/3154/All","logger":"task.stdout"}
{"timestamp":"2026-03-06T22:21:54.325929Z","level":"info","event":"Fetching URL: https://thecourseforum.com/course/MDST/3404/All","logger":"task.stdout"}
{"timestamp":"2026-03-06T22:21:54.751519Z","level":"info","event":"Fetching URL: https://thecourseforum.com/course/MDST/3490/All","logger":"task.stdout"}
{"timestamp":"2026-03-06T22:21:55.111175Z","level":"info","event":"Fetching URL: https://thecourseforum.com/course/MDST/3504/All","logger":"task.stdout"}
{"timestamp":"2026-03-06T22:21:55.653428Z","level":"info","event":"Fetching URL: https://thecourseforum.com/course/MDST/3508/All","logger":"task.stdout"}
{"timestamp":"2026-03-06T22:21:56.108671Z","level":"info","event":"Fetching URL: https://thecourseforum.com/course/MDST/3510/All","logger":"task.stdout"}
{"timestamp":"2026-03-06T22:21:56.555448Z","level":"info","event":"Fetching URL: https://thecourseforum.com/course/MDST/3559/All","logger":"task.stdout"}
{"timestamp":"2026-03-06T22:21:57.122024Z","level":"info","event":"Fetching URL: https://thecourseforum.com/course/MDST/3712/All","logger":"task.stdout"}
{"timestamp":"2026-03-06T22:21:57.461575Z","level":"info","event":"Fetching URL: https://thecourseforum.com/course/MDST/3760/All","logger":"task.stdout"}
{"timestamp":"2026-03-06T22:21:57.690341Z","level":"info","event":"Fetching URL: https://thecourseforum.com/course/MDST/3800/All","logger":"task.stdout"}
{"timestamp":"2026-03-06T22:21:58.071494Z","level":"info","event":"Fetching URL: https://thecourseforum.com/course/MDST/3811/All","logger":"task.stdout"}
{"timestamp":"2026-03-06T22:21:58.402155Z","level":"info","event":"Fetching URL: https://thecourseforum.com/course/MDST/3900/All","logger":"task.stdout"}
{"timestamp":"2026-03-06T22:21:58.739897Z","level":"info","event":"Fetching URL: https://thecourseforum.com/course/MDST/4000/All","logger":"task.stdout"}
{"timestamp":"2026-03-06T22:21:59.214551Z","level":"info","event":"Fetching URL: https://thecourseforum.com/course/MDST/4106/All","logger":"task.stdout"}
{"timestamp":"2026-03-06T22:21:59.664777Z","level":"info","event":"Fetching URL: https://thecourseforum.com/course/MESA/2430/All","logger":"task.stdout"}
{"timestamp":"2026-03-06T22:22:00.031625Z","level":"info","event":"Fetching URL: https://thecourseforum.com/course/MESA/3270/All","logger":"task.stdout"}
{"timestamp":"2026-03-06T22:22:00.548879Z","level":"info","event":"Fetching URL: https://thecourseforum.com/course/MESA/3640/All","logger":"task.stdout"}
{"timestamp":"2026-03-06T22:22:01.184236Z","level":"info","event":"Fetching URL: https://thecourseforum.com/course/MESA/4991/All","logger":"task.stdout"}
{"timestamp":"2026-03-06T22:22:01.622678Z","level":"info","event":"Fetching URL: https://thecourseforum.com/course/MESA/4993/All","logger":"task.stdout"}
{"timestamp":"2026-03-06T22:22:01.976233Z","level":"info","event":"Fetching URL: https://thecourseforum.com/course/MESA/4999/All","logger":"task.stdout"}
{"timestamp":"2026-03-06T22:22:02.308588Z","level":"info","event":"Fetching URL: https://thecourseforum.com/course/MUPF/2120/All","logger":"task.stdout"}
{"timestamp":"2026-03-06T22:22:02.697842Z","level":"info","event":"Fetching URL: https://thecourseforum.com/course/MUPF/2121/All","logger":"task.stdout"}
{"timestamp":"2026-03-06T22:22:03.004556Z","level":"info","event":"Fetching URL: https://thecourseforum.com/course/MUPF/2130/All","logger":"task.stdout"}
{"timestamp":"2026-03-06T22:22:03.373108Z","level":"info","event":"Fetching URL: https://thecourseforum.com/course/MUPF/2131/All","logger":"task.stdout"}
{"timestamp":"2026-03-06T22:22:03.642222Z","level":"info","event":"Fetching URL: https://thecourseforum.com/course/MUPF/2140/All","logger":"task.stdout"}
{"timestamp":"2026-03-06T22:22:03.986735Z","level":"info","event":"Fetching URL: https://thecourseforum.com/course/MUPF/3960/All","logger":"task.stdout"}
{"timestamp":"2026-03-06T22:22:04.482308Z","level":"info","event":"Fetching URL: https://thecourseforum.com/course/MUPF/4940/All","logger":"task.stdout"}
{"timestamp":"2026-03-06T22:22:04.802402Z","level":"info","event":"Fetching URL: https://thecourseforum.com/course/MUPF/4960/All","logger":"task.stdout"}
{"timestamp":"2026-03-06T22:22:05.154597Z","level":"info","event":"Fetching URL: https://thecourseforum.com/course/MUPF/2141/All","logger":"task.stdout"}
{"timestamp":"2026-03-06T22:22:05.520969Z","level":"info","event":"Fetching URL: https://thecourseforum.com/course/MUPF/2150/All","logger":"task.stdout"}
{"timestamp":"2026-03-06T22:22:06.136211Z","level":"info","event":"Fetching URL: https://thecourseforum.com/course/MUPF/2151/All","logger":"task.stdout"}
{"timestamp":"2026-03-06T22:22:06.498663Z","level":"info","event":"Fetching URL: https://thecourseforum.com/course/MUPF/2160/All","logger":"task.stdout"}
{"timestamp":"2026-03-06T22:22:07.042079Z","level":"info","event":"Fetching URL: https://thecourseforum.com/course/MUPF/2161/All","logger":"task.stdout"}
{"timestamp":"2026-03-06T22:22:07.644640Z","level":"info","event":"Fetching URL: https://thecourseforum.com/course/MUPF/2170/All","logger":"task.stdout"}
{"timestamp":"2026-03-06T22:22:07.937676Z","level":"info","event":"Fetching URL: https://thecourseforum.com/course/MUPF/2171/All","logger":"task.stdout"}
{"timestamp":"2026-03-06T22:22:08.373563Z","level":"info","event":"Fetching URL: https://thecourseforum.com/course/MUPF/2180/All","logger":"task.stdout"}
{"timestamp":"2026-03-06T22:22:08.693466Z","level":"info","event":"Fetching URL: https://thecourseforum.com/course/MUPF/2181/All","logger":"task.stdout"}
{"timestamp":"2026-03-06T22:22:09.092865Z","level":"info","event":"Fetching URL: https://thecourseforum.com/course/MUPF/2210/All","logger":"task.stdout"}
{"timestamp":"2026-03-06T22:22:09.414705Z","level":"info","event":"Fetching URL: https://thecourseforum.com/course/MUPF/2211/All","logger":"task.stdout"}
{"timestamp":"2026-03-06T22:22:09.663571Z","level":"info","event":"Fetching URL: https://thecourseforum.com/course/MUPF/3110/All","logger":"task.stdout"}
{"timestamp":"2026-03-06T22:22:10.025739Z","level":"info","event":"Fetching URL: https://thecourseforum.com/course/MUPF/3120/All","logger":"task.stdout"}
{"timestamp":"2026-03-06T22:22:10.362800Z","level":"info","event":"Fetching URL: https://thecourseforum.com/course/MUPF/3140/All","logger":"task.stdout"}
{"timestamp":"2026-03-06T22:22:10.702296Z","level":"info","event":"Fetching URL: https://thecourseforum.com/course/MUPF/3150/All","logger":"task.stdout"}
{"timestamp":"2026-03-06T22:22:11.120666Z","level":"info","event":"Fetching URL: https://thecourseforum.com/course/MUPF/3160/All","logger":"task.stdout"}
{"timestamp":"2026-03-06T22:22:11.615121Z","level":"info","event":"Fetching URL: https://thecourseforum.com/course/MUPF/3170/All","logger":"task.stdout"}
{"timestamp":"2026-03-06T22:22:11.983302Z","level":"info","event":"Fetching URL: https://thecourseforum.com/course/MUPF/3180/All","logger":"task.stdout"}
{"timestamp":"2026-03-06T22:22:12.231680Z","level":"info","event":"Fetching URL: https://thecourseforum.com/course/MUPF/2110/All","logger":"task.stdout"}
{"timestamp":"2026-03-06T22:22:12.608730Z","level":"info","event":"Fetching URL: https://thecourseforum.com/course/MUPF/2111/All","logger":"task.stdout"}
{"timestamp":"2026-03-06T22:22:13.021893Z","level":"info","event":"Fetching URL: https://thecourseforum.com/course/MUSI/1310/All","logger":"task.stdout"}
{"timestamp":"2026-03-06T22:22:13.490691Z","level":"info","event":"Fetching URL: https://thecourseforum.com/course/MUSI/1620/All","logger":"task.stdout"}
{"timestamp":"2026-03-06T22:22:13.815702Z","level":"info","event":"Fetching URL: https://thecourseforum.com/course/MUSI/2021/All","logger":"task.stdout"}
{"timestamp":"2026-03-06T22:22:14.183520Z","level":"info","event":"Fetching URL: https://thecourseforum.com/course/MUSI/2070/All","logger":"task.stdout"}
{"timestamp":"2026-03-06T22:22:14.718399Z","level":"info","event":"Fetching URL: https://thecourseforum.com/course/MUSI/2072/All","logger":"task.stdout"}
{"timestamp":"2026-03-06T22:22:15.045116Z","level":"info","event":"Fetching URL: https://thecourseforum.com/course/MUSI/2110/All","logger":"task.stdout"}
{"timestamp":"2026-03-06T22:22:15.478364Z","level":"info","event":"Fetching URL: https://thecourseforum.com/course/MUSI/2150/All","logger":"task.stdout"}
{"timestamp":"2026-03-06T22:22:15.829752Z","level":"info","event":"Fetching URL: https://thecourseforum.com/course/MUSI/2302/All","logger":"task.stdout"}
{"timestamp":"2026-03-06T22:22:16.409153Z","level":"info","event":"Fetching URL: https://thecourseforum.com/course/MUSI/2304/All","logger":"task.stdout"}
{"timestamp":"2026-03-06T22:22:16.886806Z","level":"info","event":"Fetching URL: https://thecourseforum.com/course/MUSI/2307/All","logger":"task.stdout"}
{"timestamp":"2026-03-06T22:22:17.375371Z","level":"info","event":"Fetching URL: https://thecourseforum.com/course/MUSI/2311/All","logger":"task.stdout"}
{"timestamp":"2026-03-06T22:22:17.718808Z","level":"info","event":"Fetching URL: https://thecourseforum.com/course/MUSI/2340/All","logger":"task.stdout"}
{"timestamp":"2026-03-06T22:22:18.009417Z","level":"info","event":"Fetching URL: https://thecourseforum.com/course/MUSI/2342/All","logger":"task.stdout"}
{"timestamp":"2026-03-06T22:22:18.350736Z","level":"info","event":"Fetching URL: https://thecourseforum.com/course/MUSI/3332/All","logger":"task.stdout"}
{"timestamp":"2026-03-06T22:22:18.893641Z","level":"info","event":"Fetching URL: https://thecourseforum.com/course/MUSI/3334/All","logger":"task.stdout"}
{"timestamp":"2026-03-06T22:22:19.209414Z","level":"info","event":"Fetching URL: https://thecourseforum.com/course/MUSI/3374/All","logger":"task.stdout"}
{"timestamp":"2026-03-06T22:22:19.828556Z","level":"info","event":"Fetching URL: https://thecourseforum.com/course/MUSI/3380/All","logger":"task.stdout"}
{"timestamp":"2026-03-06T22:22:20.252937Z","level":"info","event":"Fetching URL: https://thecourseforum.com/course/MUSI/3400/All","logger":"task.stdout"}
{"timestamp":"2026-03-06T22:22:20.623827Z","level":"info","event":"Fetching URL: https://thecourseforum.com/course/MUSI/3559/All","logger":"task.stdout"}
{"timestamp":"2026-03-06T22:22:21.104698Z","level":"info","event":"Fetching URL: https://thecourseforum.com/course/MUSI/3993/All","logger":"task.stdout"}
{"timestamp":"2026-03-06T22:22:21.490864Z","level":"info","event":"Fetching URL: https://thecourseforum.com/course/MUSI/4090/All","logger":"task.stdout"}
{"timestamp":"2026-03-06T22:22:21.828201Z","level":"info","event":"Fetching URL: https://thecourseforum.com/course/MUSI/4410/All","logger":"task.stdout"}
{"timestamp":"2026-03-06T22:22:22.038922Z","level":"info","event":"Fetching URL: https://thecourseforum.com/course/MUSI/4559/All","logger":"task.stdout"}
{"timestamp":"2026-03-06T22:22:22.446460Z","level":"info","event":"Fetching URL: https://thecourseforum.com/course/MUSI/4582/All","logger":"task.stdout"}
{"timestamp":"2026-03-06T22:22:22.679826Z","level":"info","event":"Fetching URL: https://thecourseforum.com/course/MUSI/4610/All","logger":"task.stdout"}
{"timestamp":"2026-03-06T22:22:22.919042Z","level":"info","event":"Fetching URL: https://thecourseforum.com/course/MUSI/4760/All","logger":"task.stdout"}
{"timestamp":"2026-03-06T22:22:23.174450Z","level":"info","event":"Fetching URL: https://thecourseforum.com/course/MUSI/4950/All","logger":"task.stdout"}
{"timestamp":"2026-03-06T22:22:23.412663Z","level":"info","event":"Fetching URL: https://thecourseforum.com/course/MUSI/4993/All","logger":"task.stdout"}
{"timestamp":"2026-03-06T22:22:23.937278Z","level":"info","event":"Fetching URL: https://thecourseforum.com/course/MUSI/2600/All","logger":"task.stdout"}
{"timestamp":"2026-03-06T22:22:24.259061Z","level":"info","event":"Fetching URL: https://thecourseforum.com/course/MUSI/2993/All","logger":"task.stdout"}
{"timestamp":"2026-03-06T22:22:24.631841Z","level":"info","event":"Fetching URL: https://thecourseforum.com/course/MUSI/3050/All","logger":"task.stdout"}
{"timestamp":"2026-03-06T22:22:24.947250Z","level":"info","event":"Fetching URL: https://thecourseforum.com/course/MUSI/3065/All","logger":"task.stdout"}
{"timestamp":"2026-03-06T22:22:25.266003Z","level":"info","event":"Fetching URL: https://thecourseforum.com/course/MUSI/3307/All","logger":"task.stdout"}
{"timestamp":"2026-03-06T22:22:25.538373Z","level":"info","event":"Fetching URL: https://thecourseforum.com/course/MUSI/3310/All","logger":"task.stdout"}
{"timestamp":"2026-03-06T22:22:25.864073Z","level":"info","event":"Fetching URL: https://thecourseforum.com/course/MUSI/3320/All","logger":"task.stdout"}
{"timestamp":"2026-03-06T22:22:26.107161Z","level":"info","event":"Fetching URL: https://thecourseforum.com/course/NESC/4980/All","logger":"task.stdout"}
{"timestamp":"2026-03-06T22:22:26.529865Z","level":"info","event":"Fetching URL: https://thecourseforum.com/course/NESC/3960/All","logger":"task.stdout"}
{"timestamp":"2026-03-06T22:22:27.660192Z","level":"info","event":"Fetching URL: https://thecourseforum.com/course/NESC/3985/All","logger":"task.stdout"}
{"timestamp":"2026-03-06T22:22:28.026824Z","level":"info","event":"Fetching URL: https://thecourseforum.com/course/NESC/3995/All","logger":"task.stdout"}
{"timestamp":"2026-03-06T22:22:28.624453Z","level":"info","event":"Fetching URL: https://thecourseforum.com/course/NESC/4030/All","logger":"task.stdout"}
{"timestamp":"2026-03-06T22:22:28.973563Z","level":"info","event":"Fetching URL: https://thecourseforum.com/course/NESC/4046/All","logger":"task.stdout"}
{"timestamp":"2026-03-06T22:22:29.234069Z","level":"info","event":"Fetching URL: https://thecourseforum.com/course/NUCO/2220/All","logger":"task.stdout"}
{"timestamp":"2026-03-06T22:22:29.599063Z","level":"info","event":"Fetching URL: https://thecourseforum.com/course/NUCO/2440/All","logger":"task.stdout"}
{"timestamp":"2026-03-06T22:22:30.124001Z","level":"info","event":"Fetching URL: https://thecourseforum.com/course/NUCO/3310/All","logger":"task.stdout"}
{"timestamp":"2026-03-06T22:22:30.510839Z","level":"info","event":"Fetching URL: https://thecourseforum.com/course/NUCO/3610/All","logger":"task.stdout"}
{"timestamp":"2026-03-06T22:22:30.826784Z","level":"info","event":"Fetching URL: https://thecourseforum.com/course/NUCO/4056/All","logger":"task.stdout"}
{"timestamp":"2026-03-06T22:22:31.153396Z","level":"info","event":"Fetching URL: https://thecourseforum.com/course/NUCO/4210/All","logger":"task.stdout"}
{"timestamp":"2026-03-06T22:22:31.452539Z","level":"info","event":"Fetching URL: https://thecourseforum.com/course/NUCO/4310/All","logger":"task.stdout"}
{"timestamp":"2026-03-06T22:22:31.874254Z","level":"info","event":"Fetching URL: https://thecourseforum.com/course/NUCO/4440/All","logger":"task.stdout"}
{"timestamp":"2026-03-06T22:22:32.133540Z","level":"info","event":"Fetching URL: https://thecourseforum.com/course/NUCO/4450/All","logger":"task.stdout"}
{"timestamp":"2026-03-06T22:22:32.471864Z","level":"info","event":"Fetching URL: https://thecourseforum.com/course/NUCO/4559/All","logger":"task.stdout"}
{"timestamp":"2026-03-06T22:22:32.772658Z","level":"info","event":"Fetching URL: https://thecourseforum.com/course/NUCO/4710/All","logger":"task.stdout"}
{"timestamp":"2026-03-06T22:22:33.052697Z","level":"info","event":"Fetching URL: https://thecourseforum.com/course/NUCO/4720/All","logger":"task.stdout"}
{"timestamp":"2026-03-06T22:22:33.457398Z","level":"info","event":"Fetching URL: https://thecourseforum.com/course/NUCO/4730/All","logger":"task.stdout"}
{"timestamp":"2026-03-06T22:22:33.736701Z","level":"info","event":"Fetching URL: https://thecourseforum.com/course/NURS/4006/All","logger":"task.stdout"}
{"timestamp":"2026-03-06T22:22:34.008296Z","level":"info","event":"Fetching URL: https://thecourseforum.com/course/NURS/4951/All","logger":"task.stdout"}
{"timestamp":"2026-03-06T22:22:34.278961Z","level":"info","event":"Fetching URL: https://thecourseforum.com/course/NURS/4993/All","logger":"task.stdout"}
{"timestamp":"2026-03-06T22:22:34.709111Z","level":"info","event":"Fetching URL: https://thecourseforum.com/course/NURS/3003/All","logger":"task.stdout"}
{"timestamp":"2026-03-06T22:22:35.021778Z","level":"info","event":"Fetching URL: https://thecourseforum.com/course/NURS/3005/All","logger":"task.stdout"}
{"timestamp":"2026-03-06T22:22:35.314142Z","level":"info","event":"Fetching URL: https://thecourseforum.com/course/NURS/3006/All","logger":"task.stdout"}
{"timestamp":"2026-03-06T22:22:35.571035Z","level":"info","event":"Fetching URL: https://thecourseforum.com/course/PERS/1020/All","logger":"task.stdout"}
{"timestamp":"2026-03-06T22:22:35.822134Z","level":"info","event":"Fetching URL: https://thecourseforum.com/course/PERS/2020/All","logger":"task.stdout"}
{"timestamp":"2026-03-06T22:22:36.104597Z","level":"info","event":"Fetching URL: https://thecourseforum.com/course/PERS/3020/All","logger":"task.stdout"}
{"timestamp":"2026-03-06T22:22:36.406496Z","level":"info","event":"Fetching URL: https://thecourseforum.com/course/PERS/4993/All","logger":"task.stdout"}
{"timestamp":"2026-03-06T22:22:36.786250Z","level":"info","event":"Fetching URL: https://thecourseforum.com/course/PETR/3131/All","logger":"task.stdout"}
{"timestamp":"2026-03-06T22:22:37.046813Z","level":"info","event":"Fetching URL: https://thecourseforum.com/course/PETR/3380/All","logger":"task.stdout"}
{"timestamp":"2026-03-06T22:22:37.339069Z","level":"info","event":"Fetching URL: https://thecourseforum.com/course/PHYS/3995/All","logger":"task.stdout"}
{"timestamp":"2026-03-06T22:22:38.411993Z","level":"info","event":"Fetching URL: https://thecourseforum.com/course/PHYS/1010/All","logger":"task.stdout"}
{"timestamp":"2026-03-06T22:22:38.659763Z","level":"info","event":"Fetching URL: https://thecourseforum.com/course/PHYS/1060/All","logger":"task.stdout"}
{"timestamp":"2026-03-06T22:22:39.024939Z","level":"info","event":"Fetching URL: https://thecourseforum.com/course/PHYS/1420/All","logger":"task.stdout"}
{"timestamp":"2026-03-06T22:22:39.390466Z","level":"info","event":"Fetching URL: https://thecourseforum.com/course/PHYS/1425/All","logger":"task.stdout"}
{"timestamp":"2026-03-06T22:22:39.818038Z","level":"info","event":"Fetching URL: https://thecourseforum.com/course/PHYS/1429/All","logger":"task.stdout"}
{"timestamp":"2026-03-06T22:22:40.496820Z","level":"info","event":"Fetching URL: https://thecourseforum.com/course/PHYS/1655/All","logger":"task.stdout"}
{"timestamp":"2026-03-06T22:22:40.763397Z","level":"info","event":"Fetching URL: https://thecourseforum.com/course/PHYS/1660/All","logger":"task.stdout"}
{"timestamp":"2026-03-06T22:22:40.977316Z","level":"info","event":"Fetching URL: https://thecourseforum.com/course/PHYS/2020/All","logger":"task.stdout"}
{"timestamp":"2026-03-06T22:22:41.282938Z","level":"info","event":"Fetching URL: https://thecourseforum.com/course/PHYS/2040/All","logger":"task.stdout"}
{"timestamp":"2026-03-06T22:22:41.819964Z","level":"info","event":"Fetching URL: https://thecourseforum.com/course/PHYS/2415/All","logger":"task.stdout"}
{"timestamp":"2026-03-06T22:22:42.130902Z","level":"info","event":"Fetching URL: https://thecourseforum.com/course/PHYS/2419/All","logger":"task.stdout"}
{"timestamp":"2026-03-06T22:22:42.757761Z","level":"info","event":"Fetching URL: https://thecourseforum.com/course/PHYS/2620/All","logger":"task.stdout"}
{"timestamp":"2026-03-06T22:22:43.167063Z","level":"info","event":"Fetching URL: https://thecourseforum.com/course/PHYS/2720/All","logger":"task.stdout"}
{"timestamp":"2026-03-06T22:22:43.453629Z","level":"info","event":"Fetching URL: https://thecourseforum.com/course/PHYS/3040/All","logger":"task.stdout"}
{"timestamp":"2026-03-06T22:22:43.776594Z","level":"info","event":"Fetching URL: https://thecourseforum.com/course/PHYS/3120/All","logger":"task.stdout"}
{"timestamp":"2026-03-06T22:22:44.086578Z","level":"info","event":"Fetching URL: https://thecourseforum.com/course/PHYS/3140/All","logger":"task.stdout"}
{"timestamp":"2026-03-06T22:22:44.375246Z","level":"info","event":"Fetching URL: https://thecourseforum.com/course/PHYS/3180/All","logger":"task.stdout"}
{"timestamp":"2026-03-06T22:22:44.739638Z","level":"info","event":"Fetching URL: https://thecourseforum.com/course/PHYS/3250/All","logger":"task.stdout"}
{"timestamp":"2026-03-06T22:22:45.035558Z","level":"info","event":"Fetching URL: https://thecourseforum.com/course/PHYS/3340/All","logger":"task.stdout"}
{"timestamp":"2026-03-06T22:22:45.422755Z","level":"info","event":"Fetching URL: https://thecourseforum.com/course/PHYS/3420/All","logger":"task.stdout"}
{"timestamp":"2026-03-06T22:22:45.713441Z","level":"info","event":"Fetching URL: https://thecourseforum.com/course/PHYS/3620/All","logger":"task.stdout"}
{"timestamp":"2026-03-06T22:22:46.036321Z","level":"info","event":"Fetching URL: https://thecourseforum.com/course/PHYS/3660/All","logger":"task.stdout"}
{"timestamp":"2026-03-06T22:22:46.417025Z","level":"info","event":"Fetching URL: https://thecourseforum.com/course/PHYS/3993/All","logger":"task.stdout"}
{"timestamp":"2026-03-06T22:22:48.420322Z","level":"info","event":"Fetching URL: https://thecourseforum.com/course/PLAC/4993/All","logger":"task.stdout"}
{"timestamp":"2026-03-06T22:22:48.841702Z","level":"info","event":"Fetching URL: https://thecourseforum.com/course/PLAD/4430/All","logger":"task.stdout"}
{"timestamp":"2026-03-06T22:22:49.516282Z","level":"info","event":"Fetching URL: https://thecourseforum.com/course/PLAD/4500/All","logger":"task.stdout"}
{"timestamp":"2026-03-06T22:22:50.289534Z","level":"info","event":"Fetching URL: https://thecourseforum.com/course/PLAD/4961/All","logger":"task.stdout"}
{"timestamp":"2026-03-06T22:22:50.756034Z","level":"info","event":"Fetching URL: https://thecourseforum.com/course/PLAD/4999/All","logger":"task.stdout"}
{"timestamp":"2026-03-06T22:22:51.218094Z","level":"info","event":"Fetching URL: https://thecourseforum.com/course/PLAN/2020/All","logger":"task.stdout"}
{"timestamp":"2026-03-06T22:22:51.486019Z","level":"info","event":"Fetching URL: https://thecourseforum.com/course/PLAN/3030/All","logger":"task.stdout"}
{"timestamp":"2026-03-06T22:22:51.826841Z","level":"info","event":"Fetching URL: https://thecourseforum.com/course/PLAN/3040/All","logger":"task.stdout"}
{"timestamp":"2026-03-06T22:22:52.044709Z","level":"info","event":"Fetching URL: https://thecourseforum.com/course/PLAN/3050/All","logger":"task.stdout"}
{"timestamp":"2026-03-06T22:22:52.339976Z","level":"info","event":"Fetching URL: https://thecourseforum.com/course/PLAN/3500/All","logger":"task.stdout"}
{"timestamp":"2026-03-06T22:22:52.609011Z","level":"info","event":"Fetching URL: https://thecourseforum.com/course/PLAN/3860/All","logger":"task.stdout"}
{"timestamp":"2026-03-06T22:22:52.861979Z","level":"info","event":"Fetching URL: https://thecourseforum.com/course/PLAN/4800/All","logger":"task.stdout"}
{"timestamp":"2026-03-06T22:22:53.125210Z","level":"info","event":"Fetching URL: https://thecourseforum.com/course/PLAN/4902/All","logger":"task.stdout"}
{"timestamp":"2026-03-06T22:22:53.352260Z","level":"info","event":"Fetching URL: https://thecourseforum.com/course/PLAN/4993/All","logger":"task.stdout"}
{"timestamp":"2026-03-06T22:22:53.723176Z","level":"info","event":"Fetching URL: https://thecourseforum.com/course/PLAP/2030/All","logger":"task.stdout"}
{"timestamp":"2026-03-06T22:22:54.154881Z","level":"info","event":"Fetching URL: https://thecourseforum.com/course/PLAP/3270/All","logger":"task.stdout"}
{"timestamp":"2026-03-06T22:22:54.709565Z","level":"info","event":"Fetching URL: https://thecourseforum.com/course/PLAP/3370/All","logger":"task.stdout"}
{"timestamp":"2026-03-06T22:22:55.064245Z","level":"info","event":"Fetching URL: https://thecourseforum.com/course/PLAP/3400/All","logger":"task.stdout"}
{"timestamp":"2026-03-06T22:22:55.554132Z","level":"info","event":"Fetching URL: https://thecourseforum.com/course/PLAP/4150/All","logger":"task.stdout"}
{"timestamp":"2026-03-06T22:22:56.233274Z","level":"info","event":"Fetching URL: https://thecourseforum.com/course/PLAP/4210/All","logger":"task.stdout"}
{"timestamp":"2026-03-06T22:22:56.568653Z","level":"info","event":"Fetching URL: https://thecourseforum.com/course/PLAP/4500/All","logger":"task.stdout"}
{"timestamp":"2026-03-06T22:22:56.995032Z","level":"info","event":"Fetching URL: https://thecourseforum.com/course/PLAP/4990/All","logger":"task.stdout"}
{"timestamp":"2026-03-06T22:22:57.288619Z","level":"info","event":"Fetching URL: https://thecourseforum.com/course/PLPT/3020/All","logger":"task.stdout"}
{"timestamp":"2026-03-06T22:22:57.756609Z","level":"info","event":"Fetching URL: https://thecourseforum.com/course/PLPT/3050/All","logger":"task.stdout"}
{"timestamp":"2026-03-06T22:22:58.132832Z","level":"info","event":"Fetching URL: https://thecourseforum.com/course/PLPT/3220/All","logger":"task.stdout"}
{"timestamp":"2026-03-06T22:22:58.514369Z","level":"info","event":"Fetching URL: https://thecourseforum.com/course/PLPT/3500/All","logger":"task.stdout"}
{"timestamp":"2026-03-06T22:22:58.950536Z","level":"info","event":"Fetching URL: https://thecourseforum.com/course/PLPT/4110/All","logger":"task.stdout"}
{"timestamp":"2026-03-06T22:22:59.312617Z","level":"info","event":"Fetching URL: https://thecourseforum.com/course/PLPT/4500/All","logger":"task.stdout"}
{"timestamp":"2026-03-06T22:22:59.714316Z","level":"info","event":"Fetching URL: https://thecourseforum.com/course/PLPT/1010/All","logger":"task.stdout"}
{"timestamp":"2026-03-06T22:23:00.152948Z","level":"info","event":"Fetching URL: https://thecourseforum.com/course/PSYC/4500/All","logger":"task.stdout"}
{"timestamp":"2026-03-06T22:23:00.726955Z","level":"info","event":"Fetching URL: https://thecourseforum.com/course/PSYC/4580/All","logger":"task.stdout"}
{"timestamp":"2026-03-06T22:23:01.454196Z","level":"info","event":"Fetching URL: https://thecourseforum.com/course/PSYC/4640/All","logger":"task.stdout"}
{"timestamp":"2026-03-06T22:23:01.792067Z","level":"info","event":"Fetching URL: https://thecourseforum.com/course/PSYC/4645/All","logger":"task.stdout"}
{"timestamp":"2026-03-06T22:23:02.126061Z","level":"info","event":"Fetching URL: https://thecourseforum.com/course/PSYC/4980/All","logger":"task.stdout"}
{"timestamp":"2026-03-06T22:23:02.625085Z","level":"info","event":"Fetching URL: https://thecourseforum.com/course/PSYC/1020/All","logger":"task.stdout"}
{"timestamp":"2026-03-06T22:23:03.107422Z","level":"info","event":"Fetching URL: https://thecourseforum.com/course/PSYC/2005/All","logger":"task.stdout"}
{"timestamp":"2026-03-06T22:23:03.525487Z","level":"info","event":"Fetching URL: https://thecourseforum.com/course/PSYC/2150/All","logger":"task.stdout"}
{"timestamp":"2026-03-06T22:23:03.865050Z","level":"info","event":"Fetching URL: https://thecourseforum.com/course/PSYC/2200/All","logger":"task.stdout"}
{"timestamp":"2026-03-06T22:23:04.176463Z","level":"info","event":"Fetching URL: https://thecourseforum.com/course/PSYC/2410/All","logger":"task.stdout"}
{"timestamp":"2026-03-06T22:23:04.507773Z","level":"info","event":"Fetching URL: https://thecourseforum.com/course/PSYC/2600/All","logger":"task.stdout"}
{"timestamp":"2026-03-06T22:23:04.928139Z","level":"info","event":"Fetching URL: https://thecourseforum.com/course/PSYC/2700/All","logger":"task.stdout"}
{"timestamp":"2026-03-06T22:23:05.199609Z","level":"info","event":"Fetching URL: https://thecourseforum.com/course/PSYC/3160/All","logger":"task.stdout"}
{"timestamp":"2026-03-06T22:23:05.454094Z","level":"info","event":"Fetching URL: https://thecourseforum.com/course/PSYC/3200/All","logger":"task.stdout"}
{"timestamp":"2026-03-06T22:23:05.751594Z","level":"info","event":"Fetching URL: https://thecourseforum.com/course/PSYC/3310/All","logger":"task.stdout"}
{"timestamp":"2026-03-06T22:23:05.969095Z","level":"info","event":"Fetching URL: https://thecourseforum.com/course/PSYC/3415/All","logger":"task.stdout"}
{"timestamp":"2026-03-06T22:23:06.272668Z","level":"info","event":"Fetching URL: https://thecourseforum.com/course/PSYC/3420/All","logger":"task.stdout"}
{"timestamp":"2026-03-06T22:23:06.637889Z","level":"info","event":"Fetching URL: https://thecourseforum.com/course/PSYC/3440/All","logger":"task.stdout"}
{"timestamp":"2026-03-06T22:23:07.049036Z","level":"info","event":"Fetching URL: https://thecourseforum.com/course/PSYC/3445/All","logger":"task.stdout"}
{"timestamp":"2026-03-06T22:23:07.302517Z","level":"info","event":"Fetching URL: https://thecourseforum.com/course/PSYC/3490/All","logger":"task.stdout"}
{"timestamp":"2026-03-06T22:23:07.576933Z","level":"info","event":"Fetching URL: https://thecourseforum.com/course/PSYC/3500/All","logger":"task.stdout"}
{"timestamp":"2026-03-06T22:23:07.871419Z","level":"info","event":"Fetching URL: https://thecourseforum.com/course/PSYC/3560/All","logger":"task.stdout"}
{"timestamp":"2026-03-06T22:23:08.136897Z","level":"info","event":"Fetching URL: https://thecourseforum.com/course/PSYC/3006/All","logger":"task.stdout"}
{"timestamp":"2026-03-06T22:23:08.703864Z","level":"info","event":"Fetching URL: https://thecourseforum.com/course/PSYC/3590/All","logger":"task.stdout"}
{"timestamp":"2026-03-06T22:23:10.002932Z","level":"info","event":"Fetching URL: https://thecourseforum.com/course/PSYC/3990/All","logger":"task.stdout"}
{"timestamp":"2026-03-06T22:23:10.286739Z","level":"info","event":"Fetching URL: https://thecourseforum.com/course/PSYC/3991/All","logger":"task.stdout"}
{"timestamp":"2026-03-06T22:23:10.562054Z","level":"info","event":"Fetching URL: https://thecourseforum.com/course/PSYC/4100/All","logger":"task.stdout"}
{"timestamp":"2026-03-06T22:23:10.864615Z","level":"info","event":"Fetching URL: https://thecourseforum.com/course/PSYC/4110/All","logger":"task.stdout"}
{"timestamp":"2026-03-06T22:23:11.127104Z","level":"info","event":"Fetching URL: https://thecourseforum.com/course/PSYC/4200/All","logger":"task.stdout"}
{"timestamp":"2026-03-06T22:23:11.445375Z","level":"info","event":"Fetching URL: https://thecourseforum.com/course/PSYC/4310/All","logger":"task.stdout"}
{"timestamp":"2026-03-06T22:23:12.327498Z","level":"info","event":"Fetching URL: https://thecourseforum.com/course/RELA/2800/All","logger":"task.stdout"}
{"timestamp":"2026-03-06T22:23:12.556486Z","level":"info","event":"Fetching URL: https://thecourseforum.com/course/RELB/2067/All","logger":"task.stdout"}
{"timestamp":"2026-03-06T22:23:12.931891Z","level":"info","event":"Fetching URL: https://thecourseforum.com/course/RELB/2100/All","logger":"task.stdout"}
{"timestamp":"2026-03-06T22:23:13.476753Z","level":"info","event":"Fetching URL: https://thecourseforum.com/course/RELB/2559/All","logger":"task.stdout"}
{"timestamp":"2026-03-06T22:23:13.999587Z","level":"info","event":"Fetching URL: https://thecourseforum.com/course/RELB/2900/All","logger":"task.stdout"}
{"timestamp":"2026-03-06T22:23:14.500801Z","level":"info","event":"Fetching URL: https://thecourseforum.com/course/RELB/3180/All","logger":"task.stdout"}
{"timestamp":"2026-03-06T22:23:14.819423Z","level":"info","event":"Fetching URL: https://thecourseforum.com/course/RELB/3559/All","logger":"task.stdout"}
{"timestamp":"2026-03-06T22:23:15.248162Z","level":"info","event":"Fetching URL: https://thecourseforum.com/course/RELC/1210/All","logger":"task.stdout"}
{"timestamp":"2026-03-06T22:23:15.789029Z","level":"info","event":"Fetching URL: https://thecourseforum.com/course/RELC/2215/All","logger":"task.stdout"}
{"timestamp":"2026-03-06T22:23:16.168458Z","level":"info","event":"Fetching URL: https://thecourseforum.com/course/RELC/2360/All","logger":"task.stdout"}
{"timestamp":"2026-03-06T22:23:16.976291Z","level":"info","event":"Fetching URL: https://thecourseforum.com/course/RELC/2401/All","logger":"task.stdout"}
{"timestamp":"2026-03-06T22:23:17.572976Z","level":"info","event":"Fetching URL: https://thecourseforum.com/course/RELC/3030/All","logger":"task.stdout"}
{"timestamp":"2026-03-06T22:23:18.038600Z","level":"info","event":"Fetching URL: https://thecourseforum.com/course/RELC/3447/All","logger":"task.stdout"}
{"timestamp":"2026-03-06T22:23:18.550705Z","level":"info","event":"Fetching URL: https://thecourseforum.com/course/SOC/2280/All","logger":"task.stdout"}
{"timestamp":"2026-03-06T22:23:19.019877Z","level":"info","event":"Fetching URL: https://thecourseforum.com/course/SOC/2320/All","logger":"task.stdout"}
{"timestamp":"2026-03-06T22:23:19.643938Z","level":"info","event":"Fetching URL: https://thecourseforum.com/course/SOC/2442/All","logger":"task.stdout"}
{"timestamp":"2026-03-06T22:23:20.081398Z","level":"info","event":"Fetching URL: https://thecourseforum.com/course/SOC/2595/All","logger":"task.stdout"}
{"timestamp":"2026-03-06T22:23:20.404431Z","level":"info","event":"Fetching URL: https://thecourseforum.com/course/SOC/2900/All","logger":"task.stdout"}
{"timestamp":"2026-03-06T22:23:20.744761Z","level":"info","event":"Fetching URL: https://thecourseforum.com/course/SOC/3020/All","logger":"task.stdout"}
{"timestamp":"2026-03-06T22:23:21.485328Z","level":"info","event":"Fetching URL: https://thecourseforum.com/course/SOC/3130/All","logger":"task.stdout"}
{"timestamp":"2026-03-06T22:23:22.045993Z","level":"info","event":"Fetching URL: https://thecourseforum.com/course/SOC/3290/All","logger":"task.stdout"}
{"timestamp":"2026-03-06T22:23:22.460157Z","level":"info","event":"Fetching URL: https://thecourseforum.com/course/SOC/3320/All","logger":"task.stdout"}
{"timestamp":"2026-03-06T22:23:22.789990Z","level":"info","event":"Fetching URL: https://thecourseforum.com/course/SOC/3410/All","logger":"task.stdout"}
{"timestamp":"2026-03-06T22:23:23.188218Z","level":"info","event":"Fetching URL: https://thecourseforum.com/course/SOC/3490/All","logger":"task.stdout"}
{"timestamp":"2026-03-06T22:23:23.948847Z","level":"info","event":"Fetching URL: https://thecourseforum.com/course/SOC/3559/All","logger":"task.stdout"}
{"timestamp":"2026-03-06T22:23:24.539589Z","level":"info","event":"Fetching URL: https://thecourseforum.com/course/SOC/3820/All","logger":"task.stdout"}
{"timestamp":"2026-03-06T22:23:25.263700Z","level":"info","event":"Fetching URL: https://thecourseforum.com/course/SOC/4100/All","logger":"task.stdout"}
{"timestamp":"2026-03-06T22:23:25.531415Z","level":"info","event":"Fetching URL: https://thecourseforum.com/course/SOC/4400/All","logger":"task.stdout"}
{"timestamp":"2026-03-06T22:23:25.895869Z","level":"info","event":"Fetching URL: https://thecourseforum.com/course/SOC/4520/All","logger":"task.stdout"}
{"timestamp":"2026-03-06T22:23:26.151043Z","level":"info","event":"Fetching URL: https://thecourseforum.com/course/SOC/4530/All","logger":"task.stdout"}
{"timestamp":"2026-03-06T22:23:26.585267Z","level":"info","event":"Fetching URL: https://thecourseforum.com/course/SOC/4550/All","logger":"task.stdout"}
{"timestamp":"2026-03-06T22:23:26.875131Z","level":"info","event":"Fetching URL: https://thecourseforum.com/course/SOC/4559/All","logger":"task.stdout"}
{"timestamp":"2026-03-06T22:23:27.178614Z","level":"info","event":"Fetching URL: https://thecourseforum.com/course/SOC/4560/All","logger":"task.stdout"}
{"timestamp":"2026-03-06T22:23:27.545721Z","level":"info","event":"Fetching URL: https://thecourseforum.com/course/SOC/4970/All","logger":"task.stdout"}
{"timestamp":"2026-03-06T22:23:27.903487Z","level":"info","event":"Fetching URL: https://thecourseforum.com/course/SOC/4981/All","logger":"task.stdout"}
{"timestamp":"2026-03-06T22:23:28.263365Z","level":"info","event":"Fetching URL: https://thecourseforum.com/course/SOC/3056/All","logger":"task.stdout"}
{"timestamp":"2026-03-06T22:23:29.750510Z","level":"info","event":"Fetching URL: https://thecourseforum.com/course/SOC/1010/All","logger":"task.stdout"}
{"timestamp":"2026-03-06T22:23:30.289075Z","level":"info","event":"Fetching URL: https://thecourseforum.com/course/SOC/1220/All","logger":"task.stdout"}
{"timestamp":"2026-03-06T22:23:30.575204Z","level":"info","event":"Fetching URL: https://thecourseforum.com/course/SOC/2010/All","logger":"task.stdout"}
{"timestamp":"2026-03-06T22:23:31.133881Z","level":"info","event":"Fetching URL: https://thecourseforum.com/course/SOC/2052/All","logger":"task.stdout"}
{"timestamp":"2026-03-06T22:23:31.725822Z","level":"info","event":"Fetching URL: https://thecourseforum.com/course/SPAN/2020/All","logger":"task.stdout"}
{"timestamp":"2026-03-06T22:23:32.886965Z","level":"info","event":"Fetching URL: https://thecourseforum.com/course/SPAN/3000/All","logger":"task.stdout"}
{"timestamp":"2026-03-06T22:23:33.220945Z","level":"info","event":"Fetching URL: https://thecourseforum.com/course/SPAN/1020/All","logger":"task.stdout"}
{"timestamp":"2026-03-06T22:23:33.595806Z","level":"info","event":"Fetching URL: https://thecourseforum.com/course/SPAN/1060/All","logger":"task.stdout"}
{"timestamp":"2026-03-06T22:23:34.106138Z","level":"info","event":"Fetching URL: https://thecourseforum.com/course/SPAN/2010/All","logger":"task.stdout"}
{"timestamp":"2026-03-06T22:23:34.911588Z","level":"info","event":"Fetching URL: https://thecourseforum.com/course/SPAN/4040/All","logger":"task.stdout"}
{"timestamp":"2026-03-06T22:23:35.314981Z","level":"info","event":"Fetching URL: https://thecourseforum.com/course/SPAN/4202/All","logger":"task.stdout"}
{"timestamp":"2026-03-06T22:23:35.607637Z","level":"info","event":"Fetching URL: https://thecourseforum.com/course/SPAN/4203/All","logger":"task.stdout"}
{"timestamp":"2026-03-06T22:23:35.881909Z","level":"info","event":"Fetching URL: https://thecourseforum.com/course/SPAN/4210/All","logger":"task.stdout"}
{"timestamp":"2026-03-06T22:23:36.209865Z","level":"info","event":"Fetching URL: https://thecourseforum.com/course/SPAN/4520/All","logger":"task.stdout"}
