{"timestamp":"2026-02-12T00:51:16.957048Z","level":"info","event":"DAG bundles loaded: dags-folder","logger":"airflow.dag_processing.bundles.manager.DagBundlesManager","filename":"manager.py","lineno":179}
{"timestamp":"2026-02-12T00:51:16.957668Z","level":"info","event":"Filling up the DagBag from /opt/airflow/dags/professor_rating_dag.py","logger":"airflow.models.dagbag.BundleDagBag","filename":"dagbag.py","lineno":593}
{"timestamp":"2026-02-12T00:51:17.064959Z","level":"info","event":"Fetching URL: https://thecourseforum.com/course/APMA/3150/All","logger":"task.stdout"}
{"timestamp":"2026-02-12T00:51:17.282010Z","level":"info","event":"Fetching URL: https://thecourseforum.com/course/APMA/3501/All","logger":"task.stdout"}
{"timestamp":"2026-02-12T00:51:17.497511Z","level":"info","event":"Fetching URL: https://thecourseforum.com/course/APMA/4993/All","logger":"task.stdout"}
{"timestamp":"2026-02-12T00:51:17.654764Z","level":"info","event":"Fetching URL: https://thecourseforum.com/course/APMA/1090/All","logger":"task.stdout"}
{"timestamp":"2026-02-12T00:51:17.865444Z","level":"info","event":"Fetching URL: https://thecourseforum.com/course/APMA/1110/All","logger":"task.stdout"}
{"timestamp":"2026-02-12T00:51:18.104464Z","level":"info","event":"Fetching URL: https://thecourseforum.com/course/APMA/2120/All","logger":"task.stdout"}
{"timestamp":"2026-02-12T00:51:18.411159Z","level":"info","event":"Fetching URL: https://thecourseforum.com/course/APMA/2130/All","logger":"task.stdout"}
{"timestamp":"2026-02-12T00:51:18.805956Z","level":"info","event":"Fetching URL: https://thecourseforum.com/course/APMA/2501/All","logger":"task.stdout"}
{"timestamp":"2026-02-12T00:51:18.980869Z","level":"info","event":"Fetching URL: https://thecourseforum.com/course/APMA/3080/All","logger":"task.stdout"}
{"timestamp":"2026-02-12T00:51:19.211556Z","level":"info","event":"Fetching URL: https://thecourseforum.com/course/APMA/3100/All","logger":"task.stdout"}
{"timestamp":"2026-02-12T00:51:19.474778Z","level":"info","event":"Fetching URL: https://thecourseforum.com/course/APMA/3110/All","logger":"task.stdout"}
{"timestamp":"2026-02-12T00:51:19.756929Z","level":"info","event":"Fetching URL: https://thecourseforum.com/course/APMA/3120/All","logger":"task.stdout"}
{"timestamp":"2026-02-12T00:51:19.917443Z","level":"info","event":"Fetching URL: https://thecourseforum.com/course/APMA/3140/All","logger":"task.stdout"}
{"timestamp":"2026-02-12T00:51:20.106828Z","level":"info","event":"Fetching URL: https://thecourseforum.com/course/ARH/1020/All","logger":"task.stdout"}
{"timestamp":"2026-02-12T00:51:20.327413Z","level":"info","event":"Fetching URL: https://thecourseforum.com/course/ARH/2702/All","logger":"task.stdout"}
{"timestamp":"2026-02-12T00:51:20.486638Z","level":"info","event":"Fetching URL: https://thecourseforum.com/course/ARH/3060/All","logger":"task.stdout"}
{"timestamp":"2026-02-12T00:51:20.644114Z","level":"info","event":"Fetching URL: https://thecourseforum.com/course/ARH/3403/All","logger":"task.stdout"}
{"timestamp":"2026-02-12T00:51:20.790833Z","level":"info","event":"Fetching URL: https://thecourseforum.com/course/ARH/3500/All","logger":"task.stdout"}
{"timestamp":"2026-02-12T00:51:20.950637Z","level":"info","event":"Fetching URL: https://thecourseforum.com/course/ARH/3604/All","logger":"task.stdout"}
{"timestamp":"2026-02-12T00:51:21.106139Z","level":"info","event":"Fetching URL: https://thecourseforum.com/course/ARH/4591/All","logger":"task.stdout"}
{"timestamp":"2026-02-12T00:51:21.272301Z","level":"info","event":"Fetching URL: https://thecourseforum.com/course/ARH/4993/All","logger":"task.stdout"}
{"timestamp":"2026-02-12T00:51:21.456193Z","level":"info","event":"Fetching URL: https://thecourseforum.com/course/ARH/4999/All","logger":"task.stdout"}
{"timestamp":"2026-02-12T00:51:21.734175Z","level":"info","event":"Fetching URL: https://thecourseforum.com/course/ASL/1020/All","logger":"task.stdout"}
{"timestamp":"2026-02-12T00:51:22.051529Z","level":"info","event":"Fetching URL: https://thecourseforum.com/course/ASL/2020/All","logger":"task.stdout"}
{"timestamp":"2026-02-12T00:51:22.210913Z","level":"info","event":"Fetching URL: https://thecourseforum.com/course/ASL/3015/All","logger":"task.stdout"}
{"timestamp":"2026-02-12T00:51:22.368891Z","level":"info","event":"Fetching URL: https://thecourseforum.com/course/ASL/3020/All","logger":"task.stdout"}
{"timestamp":"2026-02-12T00:51:22.515883Z","level":"info","event":"Fetching URL: https://thecourseforum.com/course/ASL/3460/All","logger":"task.stdout"}
{"timestamp":"2026-02-12T00:51:22.672593Z","level":"info","event":"Fetching URL: https://thecourseforum.com/course/ASL/3559/All","logger":"task.stdout"}
{"timestamp":"2026-02-12T00:51:22.834223Z","level":"info","event":"Fetching URL: https://thecourseforum.com/course/ASL/4450/All","logger":"task.stdout"}
{"timestamp":"2026-02-12T00:51:22.980266Z","level":"info","event":"Fetching URL: https://thecourseforum.com/course/ASL/4750/All","logger":"task.stdout"}
{"timestamp":"2026-02-12T00:51:23.134020Z","level":"info","event":"Fetching URL: https://thecourseforum.com/course/ASL/4993/All","logger":"task.stdout"}
{"timestamp":"2026-02-12T00:51:23.289751Z","level":"info","event":"Fetching URL: https://thecourseforum.com/course/ASTR/1210/All","logger":"task.stdout"}
{"timestamp":"2026-02-12T00:51:23.536467Z","level":"info","event":"Fetching URL: https://thecourseforum.com/course/ASTR/1220/All","logger":"task.stdout"}
{"timestamp":"2026-02-12T00:51:23.775418Z","level":"info","event":"Fetching URL: https://thecourseforum.com/course/ASTR/1250/All","logger":"task.stdout"}
{"timestamp":"2026-02-12T00:51:24.060726Z","level":"info","event":"Fetching URL: https://thecourseforum.com/course/ASTR/1290/All","logger":"task.stdout"}
{"timestamp":"2026-02-12T00:51:24.213897Z","level":"info","event":"Fetching URL: https://thecourseforum.com/course/ASTR/1610/All","logger":"task.stdout"}
{"timestamp":"2026-02-12T00:51:24.399584Z","level":"info","event":"Fetching URL: https://thecourseforum.com/course/ASTR/2120/All","logger":"task.stdout"}
{"timestamp":"2026-02-12T00:51:24.580197Z","level":"info","event":"Fetching URL: https://thecourseforum.com/course/ASTR/3130/All","logger":"task.stdout"}
{"timestamp":"2026-02-12T00:51:24.754247Z","level":"info","event":"Fetching URL: https://thecourseforum.com/course/ASTR/3420/All","logger":"task.stdout"}
{"timestamp":"2026-02-12T00:51:24.920415Z","level":"info","event":"Fetching URL: https://thecourseforum.com/course/ASTR/3450/All","logger":"task.stdout"}
{"timestamp":"2026-02-12T00:51:25.095762Z","level":"info","event":"Fetching URL: https://thecourseforum.com/course/ASTR/3490/All","logger":"task.stdout"}
{"timestamp":"2026-02-12T00:51:25.263683Z","level":"info","event":"Fetching URL: https://thecourseforum.com/course/ASTR/3880/All","logger":"task.stdout"}
{"timestamp":"2026-02-12T00:51:25.430258Z","level":"info","event":"Fetching URL: https://thecourseforum.com/course/ASTR/3881/All","logger":"task.stdout"}
{"timestamp":"2026-02-12T00:51:25.582833Z","level":"info","event":"Fetching URL: https://thecourseforum.com/course/ASTR/4140/All","logger":"task.stdout"}
{"timestamp":"2026-02-12T00:51:25.731724Z","level":"info","event":"Fetching URL: https://thecourseforum.com/course/ASTR/4470/All","logger":"task.stdout"}
{"timestamp":"2026-02-12T00:51:25.886589Z","level":"info","event":"Fetching URL: https://thecourseforum.com/course/ASTR/4993/All","logger":"task.stdout"}
{"timestamp":"2026-02-12T00:51:26.251937Z","level":"info","event":"Fetching URL: https://thecourseforum.com/course/ASTR/4998/All","logger":"task.stdout"}
{"timestamp":"2026-02-12T00:51:26.530083Z","level":"info","event":"Fetching URL: https://thecourseforum.com/course/BIOL/2200/All","logger":"task.stdout"}
{"timestamp":"2026-02-12T00:51:27.286708Z","level":"info","event":"Fetching URL: https://thecourseforum.com/course/BIOL/3000/All","logger":"task.stdout"}
{"timestamp":"2026-02-12T00:51:27.495798Z","level":"info","event":"Fetching URL: https://thecourseforum.com/course/BIOL/2100/All","logger":"task.stdout"}
{"timestamp":"2026-02-12T00:51:30.381584Z","level":"info","event":"Fetching URL: https://thecourseforum.com/course/BIOL/3040/All","logger":"task.stdout"}
{"timestamp":"2026-02-12T00:51:30.882359Z","level":"info","event":"Fetching URL: https://thecourseforum.com/course/BIOL/3180/All","logger":"task.stdout"}
{"timestamp":"2026-02-12T00:51:31.024075Z","level":"info","event":"Fetching URL: https://thecourseforum.com/course/BIOL/3240/All","logger":"task.stdout"}
{"timestamp":"2026-02-12T00:51:31.291046Z","level":"info","event":"Fetching URL: https://thecourseforum.com/course/BIOL/3260/All","logger":"task.stdout"}
{"timestamp":"2026-02-12T00:51:31.489180Z","level":"info","event":"Fetching URL: https://thecourseforum.com/course/BIOL/3270/All","logger":"task.stdout"}
{"timestamp":"2026-02-12T00:51:32.371052Z","level":"info","event":"Fetching URL: https://thecourseforum.com/course/BIOL/3420/All","logger":"task.stdout"}
{"timestamp":"2026-02-12T00:51:32.792589Z","level":"info","event":"Fetching URL: https://thecourseforum.com/course/BIOL/3430/All","logger":"task.stdout"}
{"timestamp":"2026-02-12T00:51:32.945488Z","level":"info","event":"Fetching URL: https://thecourseforum.com/course/BIOL/4012/All","logger":"task.stdout"}
{"timestamp":"2026-02-12T00:51:33.094424Z","level":"info","event":"Fetching URL: https://thecourseforum.com/course/BIOL/4014/All","logger":"task.stdout"}
{"timestamp":"2026-02-12T00:51:33.311807Z","level":"info","event":"Fetching URL: https://thecourseforum.com/course/BIOL/4017/All","logger":"task.stdout"}
{"timestamp":"2026-02-12T00:51:33.607981Z","level":"info","event":"Fetching URL: https://thecourseforum.com/course/BIOL/4030/All","logger":"task.stdout"}
{"timestamp":"2026-02-12T00:51:33.764342Z","level":"info","event":"Fetching URL: https://thecourseforum.com/course/BIOL/4070/All","logger":"task.stdout"}
{"timestamp":"2026-02-12T00:51:33.936278Z","level":"info","event":"Fetching URL: https://thecourseforum.com/course/BIOL/4260/All","logger":"task.stdout"}
{"timestamp":"2026-02-12T00:51:34.112832Z","level":"info","event":"Fetching URL: https://thecourseforum.com/course/BIOL/4310/All","logger":"task.stdout"}
{"timestamp":"2026-02-12T00:51:34.363263Z","level":"info","event":"Fetching URL: https://thecourseforum.com/course/BIOL/4330/All","logger":"task.stdout"}
{"timestamp":"2026-02-12T00:51:34.602321Z","level":"info","event":"Fetching URL: https://thecourseforum.com/course/BIOL/4559/All","logger":"task.stdout"}
{"timestamp":"2026-02-12T00:51:34.814325Z","level":"info","event":"Fetching URL: https://thecourseforum.com/course/BIOL/4660/All","logger":"task.stdout"}
{"timestamp":"2026-02-12T00:51:34.962946Z","level":"info","event":"Fetching URL: https://thecourseforum.com/course/BIOL/4770/All","logger":"task.stdout"}
{"timestamp":"2026-02-12T00:51:35.135092Z","level":"info","event":"Fetching URL: https://thecourseforum.com/course/BIOL/4820/All","logger":"task.stdout"}
{"timestamp":"2026-02-12T00:51:35.297454Z","level":"info","event":"Fetching URL: https://thecourseforum.com/course/BIOL/4900/All","logger":"task.stdout"}
{"timestamp":"2026-02-12T00:51:35.578119Z","level":"info","event":"Fetching URL: https://thecourseforum.com/course/BIOL/4910/All","logger":"task.stdout"}
{"timestamp":"2026-02-12T00:51:35.885161Z","level":"info","event":"Fetching URL: https://thecourseforum.com/course/BIOL/4920/All","logger":"task.stdout"}
{"timestamp":"2026-02-12T00:51:36.378600Z","level":"info","event":"Fetching URL: https://thecourseforum.com/course/BIOL/4930/All","logger":"task.stdout"}
{"timestamp":"2026-02-12T00:51:36.701036Z","level":"info","event":"Fetching URL: https://thecourseforum.com/course/BIOL/4940/All","logger":"task.stdout"}
{"timestamp":"2026-02-12T00:51:36.844919Z","level":"info","event":"Fetching URL: https://thecourseforum.com/course/BIOL/3010/All","logger":"task.stdout"}
{"timestamp":"2026-02-12T00:51:37.092225Z","level":"info","event":"Fetching URL: https://thecourseforum.com/course/BIOL/3030/All","logger":"task.stdout"}
{"timestamp":"2026-02-12T00:51:37.258100Z","level":"info","event":"Fetching URL: https://thecourseforum.com/course/CE/4995/All","logger":"task.stdout"}
{"timestamp":"2026-02-12T00:51:37.505477Z","level":"info","event":"Fetching URL: https://thecourseforum.com/course/CE/1501/All","logger":"task.stdout"}
{"timestamp":"2026-02-12T00:51:37.763550Z","level":"info","event":"Fetching URL: https://thecourseforum.com/course/CE/2001/All","logger":"task.stdout"}
{"timestamp":"2026-02-12T00:51:38.087664Z","level":"info","event":"Fetching URL: https://thecourseforum.com/course/CE/2020/All","logger":"task.stdout"}
{"timestamp":"2026-02-12T00:51:38.241244Z","level":"info","event":"Fetching URL: https://thecourseforum.com/course/CE/2030/All","logger":"task.stdout"}
{"timestamp":"2026-02-12T00:51:38.390018Z","level":"info","event":"Fetching URL: https://thecourseforum.com/course/CE/2100/All","logger":"task.stdout"}
{"timestamp":"2026-02-12T00:51:38.551996Z","level":"info","event":"Fetching URL: https://thecourseforum.com/course/CE/2110/All","logger":"task.stdout"}
{"timestamp":"2026-02-12T00:51:38.710760Z","level":"info","event":"Fetching URL: https://thecourseforum.com/course/CE/2300/All","logger":"task.stdout"}
{"timestamp":"2026-02-12T00:51:38.884987Z","level":"info","event":"Fetching URL: https://thecourseforum.com/course/CE/2310/All","logger":"task.stdout"}
{"timestamp":"2026-02-12T00:51:39.060860Z","level":"info","event":"Fetching URL: https://thecourseforum.com/course/CE/2720/All","logger":"task.stdout"}
{"timestamp":"2026-02-12T00:51:39.214766Z","level":"info","event":"Fetching URL: https://thecourseforum.com/course/CE/3050/All","logger":"task.stdout"}
{"timestamp":"2026-02-12T00:51:39.373901Z","level":"info","event":"Fetching URL: https://thecourseforum.com/course/CE/3220/All","logger":"task.stdout"}
{"timestamp":"2026-02-12T00:51:39.525773Z","level":"info","event":"Fetching URL: https://thecourseforum.com/course/CE/4050/All","logger":"task.stdout"}
{"timestamp":"2026-02-12T00:51:39.716847Z","level":"info","event":"Fetching URL: https://thecourseforum.com/course/CE/3222/All","logger":"task.stdout"}
{"timestamp":"2026-02-12T00:51:39.874592Z","level":"info","event":"Fetching URL: https://thecourseforum.com/course/CE/3330/All","logger":"task.stdout"}
{"timestamp":"2026-02-12T00:51:40.052310Z","level":"info","event":"Fetching URL: https://thecourseforum.com/course/CE/3400/All","logger":"task.stdout"}
{"timestamp":"2026-02-12T00:51:40.202197Z","level":"info","event":"Fetching URL: https://thecourseforum.com/course/CE/3402/All","logger":"task.stdout"}
{"timestamp":"2026-02-12T00:51:40.354276Z","level":"info","event":"Fetching URL: https://thecourseforum.com/course/CE/3720/All","logger":"task.stdout"}
{"timestamp":"2026-02-12T00:51:40.515079Z","level":"info","event":"Fetching URL: https://thecourseforum.com/course/CE/3800/All","logger":"task.stdout"}
{"timestamp":"2026-02-12T00:51:40.684289Z","level":"info","event":"Fetching URL: https://thecourseforum.com/course/CE/4025/All","logger":"task.stdout"}
{"timestamp":"2026-02-12T00:51:40.845169Z","level":"info","event":"Fetching URL: https://thecourseforum.com/course/CE/4040/All","logger":"task.stdout"}
{"timestamp":"2026-02-12T00:51:40.995705Z","level":"info","event":"Fetching URL: https://thecourseforum.com/course/CE/4110/All","logger":"task.stdout"}
{"timestamp":"2026-02-12T00:51:41.232377Z","level":"info","event":"Fetching URL: https://thecourseforum.com/course/CE/4500/All","logger":"task.stdout"}
{"timestamp":"2026-02-12T00:51:41.428446Z","level":"info","event":"Fetching URL: https://thecourseforum.com/course/CE/4600/All","logger":"task.stdout"}
{"timestamp":"2026-02-12T00:51:41.577178Z","level":"info","event":"Fetching URL: https://thecourseforum.com/course/CE/4990/All","logger":"task.stdout"}
{"timestamp":"2026-02-12T00:51:41.780340Z","level":"info","event":"Fetching URL: https://thecourseforum.com/course/CGBM/2110/All","logger":"task.stdout"}
{"timestamp":"2026-02-12T00:51:41.932973Z","level":"info","event":"Fetching URL: https://thecourseforum.com/course/CGBM/2210/All","logger":"task.stdout"}
{"timestamp":"2026-02-12T00:51:42.082803Z","level":"info","event":"Fetching URL: https://thecourseforum.com/course/CGBM/2310/All","logger":"task.stdout"}
{"timestamp":"2026-02-12T00:51:42.232880Z","level":"info","event":"Fetching URL: https://thecourseforum.com/course/CGBM/2710/All","logger":"task.stdout"}
{"timestamp":"2026-02-12T00:51:42.389677Z","level":"info","event":"Fetching URL: https://thecourseforum.com/course/CHE/1501/All","logger":"task.stdout"}
{"timestamp":"2026-02-12T00:51:42.511199Z","level":"info","event":"Fetching URL: https://thecourseforum.com/course/CHE/2216/All","logger":"task.stdout"}
{"timestamp":"2026-02-12T00:51:42.747526Z","level":"info","event":"Fetching URL: https://thecourseforum.com/course/CHE/2595/All","logger":"task.stdout"}
{"timestamp":"2026-02-12T00:51:42.928203Z","level":"info","event":"Fetching URL: https://thecourseforum.com/course/CHE/3318/All","logger":"task.stdout"}
{"timestamp":"2026-02-12T00:51:43.092140Z","level":"info","event":"Fetching URL: https://thecourseforum.com/course/CHE/3322/All","logger":"task.stdout"}
{"timestamp":"2026-02-12T00:51:43.300853Z","level":"info","event":"Fetching URL: https://thecourseforum.com/course/CHE/3347/All","logger":"task.stdout"}
{"timestamp":"2026-02-12T00:51:43.684808Z","level":"info","event":"Fetching URL: https://thecourseforum.com/course/CHE/3398/All","logger":"task.stdout"}
{"timestamp":"2026-02-12T00:51:43.938235Z","level":"info","event":"Fetching URL: https://thecourseforum.com/course/CHE/4417/All","logger":"task.stdout"}
{"timestamp":"2026-02-12T00:51:44.099397Z","level":"info","event":"Fetching URL: https://thecourseforum.com/course/CHE/4442/All","logger":"task.stdout"}
{"timestamp":"2026-02-12T00:51:44.269105Z","level":"info","event":"Fetching URL: https://thecourseforum.com/course/CHE/4445/All","logger":"task.stdout"}
{"timestamp":"2026-02-12T00:51:44.421206Z","level":"info","event":"Fetching URL: https://thecourseforum.com/course/CHE/4456/All","logger":"task.stdout"}
{"timestamp":"2026-02-12T00:51:44.586207Z","level":"info","event":"Fetching URL: https://thecourseforum.com/course/CHE/4476/All","logger":"task.stdout"}
{"timestamp":"2026-02-12T00:51:44.736288Z","level":"info","event":"Fetching URL: https://thecourseforum.com/course/CHE/4561/All","logger":"task.stdout"}
{"timestamp":"2026-02-12T00:51:44.908712Z","level":"info","event":"Fetching URL: https://thecourseforum.com/course/CHE/2202/All","logger":"task.stdout"}
{"timestamp":"2026-02-12T00:51:45.091821Z","level":"info","event":"Fetching URL: https://thecourseforum.com/course/CHE/4995/All","logger":"task.stdout"}
{"timestamp":"2026-02-12T00:51:45.511142Z","level":"info","event":"Fetching URL: https://thecourseforum.com/course/CHIN/2020/All","logger":"task.stdout"}
{"timestamp":"2026-02-12T00:51:45.703249Z","level":"info","event":"Fetching URL: https://thecourseforum.com/course/CHIN/2060/All","logger":"task.stdout"}
{"timestamp":"2026-02-12T00:51:45.873364Z","level":"info","event":"Fetching URL: https://thecourseforum.com/course/CHIN/3010/All","logger":"task.stdout"}
{"timestamp":"2026-02-12T00:51:46.067499Z","level":"info","event":"Fetching URL: https://thecourseforum.com/course/CHIN/3020/All","logger":"task.stdout"}
{"timestamp":"2026-02-12T00:51:46.263928Z","level":"info","event":"Fetching URL: https://thecourseforum.com/course/CHIN/3025/All","logger":"task.stdout"}
{"timestamp":"2026-02-12T00:51:46.506671Z","level":"info","event":"Fetching URL: https://thecourseforum.com/course/CHIN/4020/All","logger":"task.stdout"}
{"timestamp":"2026-02-12T00:51:46.667134Z","level":"info","event":"Fetching URL: https://thecourseforum.com/course/CHIN/4030/All","logger":"task.stdout"}
{"timestamp":"2026-02-12T00:51:46.840091Z","level":"info","event":"Fetching URL: https://thecourseforum.com/course/CHIN/4830/All","logger":"task.stdout"}
{"timestamp":"2026-02-12T00:51:46.988120Z","level":"info","event":"Fetching URL: https://thecourseforum.com/course/CHIN/4993/All","logger":"task.stdout"}
{"timestamp":"2026-02-12T00:51:47.163570Z","level":"info","event":"Fetching URL: https://thecourseforum.com/course/CHIN/1010/All","logger":"task.stdout"}
{"timestamp":"2026-02-12T00:51:47.350515Z","level":"info","event":"Fetching URL: https://thecourseforum.com/course/CHIN/1020/All","logger":"task.stdout"}
{"timestamp":"2026-02-12T00:51:47.535753Z","level":"info","event":"Fetching URL: https://thecourseforum.com/course/CHIN/2010/All","logger":"task.stdout"}
{"timestamp":"2026-02-12T00:51:47.973973Z","level":"info","event":"Fetching URL: https://thecourseforum.com/course/CHRK/1020/All","logger":"task.stdout"}
{"timestamp":"2026-02-12T00:51:48.051909Z","level":"info","event":"Fetching URL: https://thecourseforum.com/course/CHTR/2850/All","logger":"task.stdout"}
{"timestamp":"2026-02-12T00:51:48.200307Z","level":"info","event":"Fetching URL: https://thecourseforum.com/course/CHTR/3840/All","logger":"task.stdout"}
{"timestamp":"2026-02-12T00:51:48.344420Z","level":"info","event":"Fetching URL: https://thecourseforum.com/course/CHTR/4991/All","logger":"task.stdout"}
{"timestamp":"2026-02-12T00:51:48.521336Z","level":"info","event":"Fetching URL: https://thecourseforum.com/course/CLAS/2020/All","logger":"task.stdout"}
{"timestamp":"2026-02-12T00:51:48.753595Z","level":"info","event":"Fetching URL: https://thecourseforum.com/course/CLAS/2040/All","logger":"task.stdout"}
{"timestamp":"2026-02-12T00:51:49.019985Z","level":"info","event":"Fetching URL: https://thecourseforum.com/course/CLAS/2559/All","logger":"task.stdout"}
{"timestamp":"2026-02-12T00:51:49.185334Z","level":"info","event":"Fetching URL: https://thecourseforum.com/course/CLAS/3160/All","logger":"task.stdout"}
{"timestamp":"2026-02-12T00:51:49.405847Z","level":"info","event":"Fetching URL: https://thecourseforum.com/course/CLAS/3220/All","logger":"task.stdout"}
{"timestamp":"2026-02-12T00:51:49.558689Z","level":"info","event":"Fetching URL: https://thecourseforum.com/course/CLAS/3350/All","logger":"task.stdout"}
{"timestamp":"2026-02-12T00:51:49.711726Z","level":"info","event":"Fetching URL: https://thecourseforum.com/course/COMM/2006/All","logger":"task.stdout"}
{"timestamp":"2026-02-12T00:51:49.868415Z","level":"info","event":"Fetching URL: https://thecourseforum.com/course/COMM/4350/All","logger":"task.stdout"}
{"timestamp":"2026-02-12T00:51:50.022080Z","level":"info","event":"Fetching URL: https://thecourseforum.com/course/COMM/4370/All","logger":"task.stdout"}
{"timestamp":"2026-02-12T00:51:50.171474Z","level":"info","event":"Fetching URL: https://thecourseforum.com/course/COMM/4371/All","logger":"task.stdout"}
{"timestamp":"2026-02-12T00:51:50.320951Z","level":"info","event":"Fetching URL: https://thecourseforum.com/course/COMM/4380/All","logger":"task.stdout"}
{"timestamp":"2026-02-12T00:51:50.466905Z","level":"info","event":"Fetching URL: https://thecourseforum.com/course/COMM/4522/All","logger":"task.stdout"}
{"timestamp":"2026-02-12T00:51:50.626818Z","level":"info","event":"Fetching URL: https://thecourseforum.com/course/COMM/4559/All","logger":"task.stdout"}
{"timestamp":"2026-02-12T00:51:50.820524Z","level":"info","event":"Fetching URL: https://thecourseforum.com/course/COMM/4569/All","logger":"task.stdout"}
{"timestamp":"2026-02-12T00:51:50.977047Z","level":"info","event":"Fetching URL: https://thecourseforum.com/course/COMM/4620/All","logger":"task.stdout"}
{"timestamp":"2026-02-12T00:51:51.127208Z","level":"info","event":"Fetching URL: https://thecourseforum.com/course/COMM/4621/All","logger":"task.stdout"}
{"timestamp":"2026-02-12T00:51:51.314413Z","level":"info","event":"Fetching URL: https://thecourseforum.com/course/COMM/4660/All","logger":"task.stdout"}
{"timestamp":"2026-02-12T00:51:51.464334Z","level":"info","event":"Fetching URL: https://thecourseforum.com/course/COMM/4680/All","logger":"task.stdout"}
{"timestamp":"2026-02-12T00:51:51.663898Z","level":"info","event":"Fetching URL: https://thecourseforum.com/course/COMM/4681/All","logger":"task.stdout"}
{"timestamp":"2026-02-12T00:51:51.853298Z","level":"info","event":"Fetching URL: https://thecourseforum.com/course/COMM/4710/All","logger":"task.stdout"}
{"timestamp":"2026-02-12T00:51:52.080563Z","level":"info","event":"Fetching URL: https://thecourseforum.com/course/COMM/4722/All","logger":"task.stdout"}
{"timestamp":"2026-02-12T00:51:52.229863Z","level":"info","event":"Fetching URL: https://thecourseforum.com/course/COMM/4730/All","logger":"task.stdout"}
{"timestamp":"2026-02-12T00:51:52.382813Z","level":"info","event":"Fetching URL: https://thecourseforum.com/course/COMM/4733/All","logger":"task.stdout"}
{"timestamp":"2026-02-12T00:51:52.526631Z","level":"info","event":"Fetching URL: https://thecourseforum.com/course/COMM/4791/All","logger":"task.stdout"}
{"timestamp":"2026-02-12T00:51:52.674851Z","level":"info","event":"Fetching URL: https://thecourseforum.com/course/COMM/4792/All","logger":"task.stdout"}
{"timestamp":"2026-02-12T00:51:52.828809Z","level":"info","event":"Fetching URL: https://thecourseforum.com/course/COMM/4821/All","logger":"task.stdout"}
{"timestamp":"2026-02-12T00:51:52.979797Z","level":"info","event":"Fetching URL: https://thecourseforum.com/course/COMM/4899/All","logger":"task.stdout"}
{"timestamp":"2026-02-12T00:51:53.141273Z","level":"info","event":"Fetching URL: https://thecourseforum.com/course/COMM/1800/All","logger":"task.stdout"}
{"timestamp":"2026-02-12T00:51:53.391481Z","level":"info","event":"Fetching URL: https://thecourseforum.com/course/COMM/2000/All","logger":"task.stdout"}
{"timestamp":"2026-02-12T00:51:53.539737Z","level":"info","event":"Fetching URL: https://thecourseforum.com/course/COMM/2002/All","logger":"task.stdout"}
{"timestamp":"2026-02-12T00:51:53.702868Z","level":"info","event":"Fetching URL: https://thecourseforum.com/course/COMM/2003/All","logger":"task.stdout"}
{"timestamp":"2026-02-12T00:51:53.949566Z","level":"info","event":"Fetching URL: https://thecourseforum.com/course/COMM/2004/All","logger":"task.stdout"}
{"timestamp":"2026-02-12T00:51:54.111906Z","level":"info","event":"Fetching URL: https://thecourseforum.com/course/COMM/2005/All","logger":"task.stdout"}
{"timestamp":"2026-02-12T00:51:54.482928Z","level":"info","event":"Fetching URL: https://thecourseforum.com/course/COMM/2600/All","logger":"task.stdout"}
{"timestamp":"2026-02-12T00:51:55.643730Z","level":"info","event":"Fetching URL: https://thecourseforum.com/course/COMM/2700/All","logger":"task.stdout"}
{"timestamp":"2026-02-12T00:51:55.880307Z","level":"info","event":"Fetching URL: https://thecourseforum.com/course/COMM/2730/All","logger":"task.stdout"}
{"timestamp":"2026-02-12T00:51:57.052579Z","level":"info","event":"Fetching URL: https://thecourseforum.com/course/COMM/3040/All","logger":"task.stdout"}
{"timestamp":"2026-02-12T00:51:57.293171Z","level":"info","event":"Fetching URL: https://thecourseforum.com/course/COMM/3120/All","logger":"task.stdout"}
{"timestamp":"2026-02-12T00:51:57.448327Z","level":"info","event":"Fetching URL: https://thecourseforum.com/course/COMM/3200/All","logger":"task.stdout"}
{"timestamp":"2026-02-12T00:51:58.618109Z","level":"info","event":"Fetching URL: https://thecourseforum.com/course/COMM/3220/All","logger":"task.stdout"}
{"timestamp":"2026-02-12T00:51:58.769850Z","level":"info","event":"Fetching URL: https://thecourseforum.com/course/COMM/3230/All","logger":"task.stdout"}
{"timestamp":"2026-02-12T00:51:58.908586Z","level":"info","event":"Fetching URL: https://thecourseforum.com/course/COMM/3330/All","logger":"task.stdout"}
{"timestamp":"2026-02-12T00:51:59.070359Z","level":"info","event":"Fetching URL: https://thecourseforum.com/course/COMM/3410/All","logger":"task.stdout"}
{"timestamp":"2026-02-12T00:51:59.339495Z","level":"info","event":"Fetching URL: https://thecourseforum.com/course/COMM/3420/All","logger":"task.stdout"}
{"timestamp":"2026-02-12T00:51:59.564830Z","level":"info","event":"Fetching URL: https://thecourseforum.com/course/COMM/3559/All","logger":"task.stdout"}
{"timestamp":"2026-02-12T00:51:59.724294Z","level":"info","event":"Fetching URL: https://thecourseforum.com/course/COMM/3720/All","logger":"task.stdout"}
{"timestamp":"2026-02-12T00:51:59.901538Z","level":"info","event":"Fetching URL: https://thecourseforum.com/course/COMM/4150/All","logger":"task.stdout"}
{"timestamp":"2026-02-12T00:52:00.121780Z","level":"info","event":"Fetching URL: https://thecourseforum.com/course/COMM/4210/All","logger":"task.stdout"}
{"timestamp":"2026-02-12T00:52:00.315351Z","level":"info","event":"Fetching URL: https://thecourseforum.com/course/COMM/4221/All","logger":"task.stdout"}
{"timestamp":"2026-02-12T00:52:00.497556Z","level":"info","event":"Fetching URL: https://thecourseforum.com/course/COMM/4230/All","logger":"task.stdout"}
{"timestamp":"2026-02-12T00:52:00.881320Z","level":"info","event":"Fetching URL: https://thecourseforum.com/course/COMM/4252/All","logger":"task.stdout"}
{"timestamp":"2026-02-12T00:52:01.034794Z","level":"info","event":"Fetching URL: https://thecourseforum.com/course/COMM/4822/All","logger":"task.stdout"}
{"timestamp":"2026-02-12T00:52:01.219801Z","level":"info","event":"Fetching URL: https://thecourseforum.com/course/COMM/4831/All","logger":"task.stdout"}
{"timestamp":"2026-02-12T00:52:02.406154Z","level":"info","event":"Fetching URL: https://thecourseforum.com/course/COMM/4839/All","logger":"task.stdout"}
{"timestamp":"2026-02-12T00:52:03.580845Z","level":"info","event":"Fetching URL: https://thecourseforum.com/course/COMM/4841/All","logger":"task.stdout"}
{"timestamp":"2026-02-12T00:52:03.740541Z","level":"info","event":"Fetching URL: https://thecourseforum.com/course/COMM/4881/All","logger":"task.stdout"}
{"timestamp":"2026-02-12T00:52:03.904240Z","level":"info","event":"Fetching URL: https://thecourseforum.com/course/COMM/4993/All","logger":"task.stdout"}
{"timestamp":"2026-02-12T00:52:04.122434Z","level":"info","event":"Fetching URL: https://thecourseforum.com/course/COMM/3050/All","logger":"task.stdout"}
{"timestamp":"2026-02-12T00:52:04.330110Z","level":"info","event":"Fetching URL: https://thecourseforum.com/course/CS/4980/All","logger":"task.stdout"}
{"timestamp":"2026-02-12T00:52:05.113997Z","level":"info","event":"Fetching URL: https://thecourseforum.com/course/CS/4991/All","logger":"task.stdout"}
{"timestamp":"2026-02-12T00:52:05.258809Z","level":"info","event":"Fetching URL: https://thecourseforum.com/course/CS/2100/All","logger":"task.stdout"}
{"timestamp":"2026-02-12T00:52:05.447387Z","level":"info","event":"Fetching URL: https://thecourseforum.com/course/CS/2120/All","logger":"task.stdout"}
{"timestamp":"2026-02-12T00:52:06.657283Z","level":"info","event":"Fetching URL: https://thecourseforum.com/course/CS/2130/All","logger":"task.stdout"}
{"timestamp":"2026-02-12T00:52:06.845964Z","level":"info","event":"Fetching URL: https://thecourseforum.com/course/CS/2501/All","logger":"task.stdout"}
{"timestamp":"2026-02-12T00:52:08.093537Z","level":"info","event":"Fetching URL: https://thecourseforum.com/course/CS/2910/All","logger":"task.stdout"}
{"timestamp":"2026-02-12T00:52:08.280455Z","level":"info","event":"Fetching URL: https://thecourseforum.com/course/CS/2993/All","logger":"task.stdout"}
{"timestamp":"2026-02-12T00:52:09.435342Z","level":"info","event":"Fetching URL: https://thecourseforum.com/course/CS/3100/All","logger":"task.stdout"}
{"timestamp":"2026-02-12T00:52:09.610401Z","level":"info","event":"Fetching URL: https://thecourseforum.com/course/CS/3120/All","logger":"task.stdout"}
{"timestamp":"2026-02-12T00:52:09.780562Z","level":"info","event":"Fetching URL: https://thecourseforum.com/course/CS/3130/All","logger":"task.stdout"}
{"timestamp":"2026-02-12T00:52:09.966024Z","level":"info","event":"Fetching URL: https://thecourseforum.com/course/CS/3140/All","logger":"task.stdout"}
{"timestamp":"2026-02-12T00:52:10.157994Z","level":"info","event":"Fetching URL: https://thecourseforum.com/course/CS/3205/All","logger":"task.stdout"}
{"timestamp":"2026-02-12T00:52:11.402031Z","level":"info","event":"Fetching URL: https://thecourseforum.com/course/CS/3240/All","logger":"task.stdout"}
{"timestamp":"2026-02-12T00:52:11.886473Z","level":"info","event":"Fetching URL: https://thecourseforum.com/course/CS/3250/All","logger":"task.stdout"}
{"timestamp":"2026-02-12T00:52:13.240456Z","level":"info","event":"Fetching URL: https://thecourseforum.com/course/CS/3501/All","logger":"task.stdout"}
{"timestamp":"2026-02-12T00:52:13.534245Z","level":"info","event":"Fetching URL: https://thecourseforum.com/course/CS/3710/All","logger":"task.stdout"}
{"timestamp":"2026-02-12T00:52:14.732568Z","level":"info","event":"Fetching URL: https://thecourseforum.com/course/CS/4330/All","logger":"task.stdout"}
{"timestamp":"2026-02-12T00:52:14.883323Z","level":"info","event":"Fetching URL: https://thecourseforum.com/course/CS/4457/All","logger":"task.stdout"}
{"timestamp":"2026-02-12T00:52:15.056240Z","level":"info","event":"Fetching URL: https://thecourseforum.com/course/CS/4501/All","logger":"task.stdout"}
{"timestamp":"2026-02-12T00:52:15.539120Z","level":"info","event":"Fetching URL: https://thecourseforum.com/course/CS/4630/All","logger":"task.stdout"}
{"timestamp":"2026-02-12T00:52:16.729424Z","level":"info","event":"Fetching URL: https://thecourseforum.com/course/CS/4710/All","logger":"task.stdout"}
{"timestamp":"2026-02-12T00:52:16.893286Z","level":"info","event":"Fetching URL: https://thecourseforum.com/course/CS/4720/All","logger":"task.stdout"}
{"timestamp":"2026-02-12T00:52:17.088304Z","level":"info","event":"Fetching URL: https://thecourseforum.com/course/CS/4730/All","logger":"task.stdout"}
{"timestamp":"2026-02-12T00:52:18.304902Z","level":"info","event":"Fetching URL: https://thecourseforum.com/course/CS/4740/All","logger":"task.stdout"}
{"timestamp":"2026-02-12T00:52:18.485603Z","level":"info","event":"Fetching URL: https://thecourseforum.com/course/CS/4750/All","logger":"task.stdout"}
{"timestamp":"2026-02-12T00:52:18.700301Z","level":"info","event":"Fetching URL: https://thecourseforum.com/course/CS/4770/All","logger":"task.stdout"}
{"timestamp":"2026-02-12T00:52:18.861662Z","level":"info","event":"Fetching URL: https://thecourseforum.com/course/CS/4771/All","logger":"task.stdout"}
{"timestamp":"2026-02-12T00:52:19.027170Z","level":"info","event":"Fetching URL: https://thecourseforum.com/course/CS/4774/All","logger":"task.stdout"}
{"timestamp":"2026-02-12T00:52:20.188013Z","level":"info","event":"Fetching URL: https://thecourseforum.com/course/CS/4790/All","logger":"task.stdout"}
{"timestamp":"2026-02-12T00:52:21.346618Z","level":"info","event":"Fetching URL: https://thecourseforum.com/course/CS/4971/All","logger":"task.stdout"}
{"timestamp":"2026-02-12T00:52:22.520680Z","level":"info","event":"Fetching URL: https://thecourseforum.com/course/CS/4993/All","logger":"task.stdout"}
{"timestamp":"2026-02-12T00:52:23.374195Z","level":"info","event":"Fetching URL: https://thecourseforum.com/course/CS/4998/All","logger":"task.stdout"}
{"timestamp":"2026-02-12T00:52:23.929298Z","level":"info","event":"Fetching URL: https://thecourseforum.com/course/CS/1110/All","logger":"task.stdout"}
{"timestamp":"2026-02-12T00:52:24.560721Z","level":"info","event":"Fetching URL: https://thecourseforum.com/course/CS/1112/All","logger":"task.stdout"}
{"timestamp":"2026-02-12T00:52:25.747152Z","level":"info","event":"Fetching URL: https://thecourseforum.com/course/CS/1501/All","logger":"task.stdout"}
{"timestamp":"2026-02-12T00:52:25.927901Z","level":"info","event":"Fetching URL: https://thecourseforum.com/course/DANC/2430/All","logger":"task.stdout"}
{"timestamp":"2026-02-12T00:52:26.079541Z","level":"info","event":"Fetching URL: https://thecourseforum.com/course/DANC/3300/All","logger":"task.stdout"}
{"timestamp":"2026-02-12T00:52:26.373862Z","level":"info","event":"Fetching URL: https://thecourseforum.com/course/DANC/3400/All","logger":"task.stdout"}
{"timestamp":"2026-02-12T00:52:26.526250Z","level":"info","event":"Fetching URL: https://thecourseforum.com/course/DANC/3610/All","logger":"task.stdout"}
{"timestamp":"2026-02-12T00:52:27.742087Z","level":"info","event":"Fetching URL: https://thecourseforum.com/course/DANC/4993/All","logger":"task.stdout"}
{"timestamp":"2026-02-12T00:52:28.900880Z","level":"info","event":"Fetching URL: https://thecourseforum.com/course/DANC/2210/All","logger":"task.stdout"}
{"timestamp":"2026-02-12T00:52:29.054303Z","level":"info","event":"Fetching URL: https://thecourseforum.com/course/DANC/3230/All","logger":"task.stdout"}
{"timestamp":"2026-02-12T00:52:30.203955Z","level":"info","event":"Fetching URL: https://thecourseforum.com/course/DRAM/1010/All","logger":"task.stdout"}
{"timestamp":"2026-02-12T00:52:31.361997Z","level":"info","event":"Fetching URL: https://thecourseforum.com/course/DRAM/1020/All","logger":"task.stdout"}
{"timestamp":"2026-02-12T00:52:31.537844Z","level":"info","event":"Fetching URL: https://thecourseforum.com/course/DRAM/1220/All","logger":"task.stdout"}
{"timestamp":"2026-02-12T00:52:31.706579Z","level":"info","event":"Fetching URL: https://thecourseforum.com/course/DRAM/2010/All","logger":"task.stdout"}
{"timestamp":"2026-02-12T00:52:31.871202Z","level":"info","event":"Fetching URL: https://thecourseforum.com/course/DRAM/2020/All","logger":"task.stdout"}
{"timestamp":"2026-02-12T00:52:33.117022Z","level":"info","event":"Fetching URL: https://thecourseforum.com/course/DRAM/2060/All","logger":"task.stdout"}
{"timestamp":"2026-02-12T00:52:33.259467Z","level":"info","event":"Fetching URL: https://thecourseforum.com/course/DRAM/2130/All","logger":"task.stdout"}
{"timestamp":"2026-02-12T00:52:34.424921Z","level":"info","event":"Fetching URL: https://thecourseforum.com/course/DRAM/2211/All","logger":"task.stdout"}
{"timestamp":"2026-02-12T00:52:34.580602Z","level":"info","event":"Fetching URL: https://thecourseforum.com/course/DRAM/2310/All","logger":"task.stdout"}
{"timestamp":"2026-02-12T00:52:35.749528Z","level":"info","event":"Fetching URL: https://thecourseforum.com/course/DRAM/2430/All","logger":"task.stdout"}
{"timestamp":"2026-02-12T00:52:36.930848Z","level":"info","event":"Fetching URL: https://thecourseforum.com/course/DRAM/2559/All","logger":"task.stdout"}
{"timestamp":"2026-02-12T00:52:38.128408Z","level":"info","event":"Fetching URL: https://thecourseforum.com/course/DRAM/2620/All","logger":"task.stdout"}
{"timestamp":"2026-02-12T00:52:38.290814Z","level":"info","event":"Fetching URL: https://thecourseforum.com/course/DRAM/3410/All","logger":"task.stdout"}
{"timestamp":"2026-02-12T00:52:38.447130Z","level":"info","event":"Fetching URL: https://thecourseforum.com/course/DRAM/2630/All","logger":"task.stdout"}
{"timestamp":"2026-02-12T00:52:39.597524Z","level":"info","event":"Fetching URL: https://thecourseforum.com/course/DRAM/3030/All","logger":"task.stdout"}
{"timestamp":"2026-02-12T00:52:40.751599Z","level":"info","event":"Fetching URL: https://thecourseforum.com/course/DRAM/3050/All","logger":"task.stdout"}
{"timestamp":"2026-02-12T00:52:41.906119Z","level":"info","event":"Fetching URL: https://thecourseforum.com/course/DRAM/3070/All","logger":"task.stdout"}
{"timestamp":"2026-02-12T00:52:43.150750Z","level":"info","event":"Fetching URL: https://thecourseforum.com/course/DRAM/3210/All","logger":"task.stdout"}
{"timestamp":"2026-02-12T00:52:44.325741Z","level":"info","event":"Fetching URL: https://thecourseforum.com/course/DRAM/3559/All","logger":"task.stdout"}
{"timestamp":"2026-02-12T00:52:44.484859Z","level":"info","event":"Fetching URL: https://thecourseforum.com/course/DRAM/3652/All","logger":"task.stdout"}
{"timestamp":"2026-02-12T00:52:45.636174Z","level":"info","event":"Fetching URL: https://thecourseforum.com/course/DRAM/3654/All","logger":"task.stdout"}
{"timestamp":"2026-02-12T00:52:46.782416Z","level":"info","event":"Fetching URL: https://thecourseforum.com/course/DRAM/3730/All","logger":"task.stdout"}
{"timestamp":"2026-02-12T00:52:46.930886Z","level":"info","event":"Fetching URL: https://thecourseforum.com/course/DRAM/3820/All","logger":"task.stdout"}
{"timestamp":"2026-02-12T00:52:47.084541Z","level":"info","event":"Fetching URL: https://thecourseforum.com/course/DRAM/4040/All","logger":"task.stdout"}
{"timestamp":"2026-02-12T00:52:47.245275Z","level":"info","event":"Fetching URL: https://thecourseforum.com/course/DRAM/4384/All","logger":"task.stdout"}
{"timestamp":"2026-02-12T00:52:47.399921Z","level":"info","event":"Fetching URL: https://thecourseforum.com/course/DRAM/4593/All","logger":"task.stdout"}
{"timestamp":"2026-02-12T00:52:47.589132Z","level":"info","event":"Fetching URL: https://thecourseforum.com/course/DRAM/4599/All","logger":"task.stdout"}
{"timestamp":"2026-02-12T00:52:48.977133Z","level":"info","event":"Fetching URL: https://thecourseforum.com/course/DRAM/4730/All","logger":"task.stdout"}
{"timestamp":"2026-02-12T00:52:49.128938Z","level":"info","event":"Fetching URL: https://thecourseforum.com/course/DRAM/4993/All","logger":"task.stdout"}
{"timestamp":"2026-02-12T00:52:49.332444Z","level":"info","event":"Fetching URL: https://thecourseforum.com/course/DS/2024/All","logger":"task.stdout"}
{"timestamp":"2026-02-12T00:52:50.480021Z","level":"info","event":"Fetching URL: https://thecourseforum.com/course/DS/3001/All","logger":"task.stdout"}
{"timestamp":"2026-02-12T00:52:50.641459Z","level":"info","event":"Fetching URL: https://thecourseforum.com/course/DS/3021/All","logger":"task.stdout"}
{"timestamp":"2026-02-12T00:52:50.791583Z","level":"info","event":"Fetching URL: https://thecourseforum.com/course/DS/1001/All","logger":"task.stdout"}
{"timestamp":"2026-02-12T00:52:50.948381Z","level":"info","event":"Fetching URL: https://thecourseforum.com/course/DS/1002/All","logger":"task.stdout"}
{"timestamp":"2026-02-12T00:52:51.117640Z","level":"info","event":"Fetching URL: https://thecourseforum.com/course/DS/2002/All","logger":"task.stdout"}
{"timestamp":"2026-02-12T00:52:51.278871Z","level":"info","event":"Fetching URL: https://thecourseforum.com/course/DS/2003/All","logger":"task.stdout"}
{"timestamp":"2026-02-12T00:52:51.441779Z","level":"info","event":"Fetching URL: https://thecourseforum.com/course/DS/2004/All","logger":"task.stdout"}
{"timestamp":"2026-02-12T00:52:51.601411Z","level":"info","event":"Fetching URL: https://thecourseforum.com/course/DS/3025/All","logger":"task.stdout"}
{"timestamp":"2026-02-12T00:52:52.770343Z","level":"info","event":"Fetching URL: https://thecourseforum.com/course/DS/3026/All","logger":"task.stdout"}
{"timestamp":"2026-02-12T00:52:52.918393Z","level":"info","event":"Fetching URL: https://thecourseforum.com/course/DS/4002/All","logger":"task.stdout"}
{"timestamp":"2026-02-12T00:52:53.126809Z","level":"info","event":"Fetching URL: https://thecourseforum.com/course/DS/4023/All","logger":"task.stdout"}
{"timestamp":"2026-02-12T00:52:53.281008Z","level":"info","event":"Fetching URL: https://thecourseforum.com/course/DS/4024/All","logger":"task.stdout"}
{"timestamp":"2026-02-12T00:52:54.458189Z","level":"info","event":"Fetching URL: https://thecourseforum.com/course/DS/4125/All","logger":"task.stdout"}
{"timestamp":"2026-02-12T00:52:54.625326Z","level":"info","event":"Fetching URL: https://thecourseforum.com/course/DS/4320/All","logger":"task.stdout"}
{"timestamp":"2026-02-12T00:52:54.770006Z","level":"info","event":"Fetching URL: https://thecourseforum.com/course/DS/4993/All","logger":"task.stdout"}
{"timestamp":"2026-02-12T00:52:54.925524Z","level":"info","event":"Fetching URL: https://thecourseforum.com/course/ECON/2010/All","logger":"task.stdout"}
{"timestamp":"2026-02-12T00:52:56.159763Z","level":"info","event":"Fetching URL: https://thecourseforum.com/course/ECON/4993/All","logger":"task.stdout"}
{"timestamp":"2026-02-12T00:52:56.485677Z","level":"info","event":"Fetching URL: https://thecourseforum.com/course/ECON/4999/All","logger":"task.stdout"}
{"timestamp":"2026-02-12T00:52:56.852292Z","level":"info","event":"Fetching URL: https://thecourseforum.com/course/ECON/1100/All","logger":"task.stdout"}
{"timestamp":"2026-02-12T00:52:57.217975Z","level":"info","event":"Fetching URL: https://thecourseforum.com/course/ECON/2020/All","logger":"task.stdout"}
{"timestamp":"2026-02-12T00:52:58.561374Z","level":"info","event":"Fetching URL: https://thecourseforum.com/course/ECON/3010/All","logger":"task.stdout"}
{"timestamp":"2026-02-12T00:52:59.054386Z","level":"info","event":"Fetching URL: https://thecourseforum.com/course/ECON/3020/All","logger":"task.stdout"}
{"timestamp":"2026-02-12T00:52:59.326469Z","level":"info","event":"Fetching URL: https://thecourseforum.com/course/ECON/3030/All","logger":"task.stdout"}
{"timestamp":"2026-02-12T00:52:59.575527Z","level":"info","event":"Fetching URL: https://thecourseforum.com/course/ECON/3600/All","logger":"task.stdout"}
{"timestamp":"2026-02-12T00:52:59.768110Z","level":"info","event":"Fetching URL: https://thecourseforum.com/course/ECON/3640/All","logger":"task.stdout"}
{"timestamp":"2026-02-12T00:52:59.987646Z","level":"info","event":"Fetching URL: https://thecourseforum.com/course/ECON/3650/All","logger":"task.stdout"}
{"timestamp":"2026-02-12T00:53:00.259554Z","level":"info","event":"Fetching URL: https://thecourseforum.com/course/ECON/3720/All","logger":"task.stdout"}
{"timestamp":"2026-02-12T00:53:00.984111Z","level":"info","event":"Fetching URL: https://thecourseforum.com/course/ECON/3820/All","logger":"task.stdout"}
{"timestamp":"2026-02-12T00:53:01.142264Z","level":"info","event":"Fetching URL: https://thecourseforum.com/course/ECON/4080/All","logger":"task.stdout"}
{"timestamp":"2026-02-12T00:53:01.297469Z","level":"info","event":"Fetching URL: https://thecourseforum.com/course/ECON/4110/All","logger":"task.stdout"}
{"timestamp":"2026-02-12T00:53:01.672977Z","level":"info","event":"Fetching URL: https://thecourseforum.com/course/ECON/4150/All","logger":"task.stdout"}
{"timestamp":"2026-02-12T00:53:01.937873Z","level":"info","event":"Fetching URL: https://thecourseforum.com/course/ECON/4170/All","logger":"task.stdout"}
{"timestamp":"2026-02-12T00:53:02.115942Z","level":"info","event":"Fetching URL: https://thecourseforum.com/course/ECON/4210/All","logger":"task.stdout"}
{"timestamp":"2026-02-12T00:53:02.315455Z","level":"info","event":"Fetching URL: https://thecourseforum.com/course/ECON/4220/All","logger":"task.stdout"}
{"timestamp":"2026-02-12T00:53:02.507167Z","level":"info","event":"Fetching URL: https://thecourseforum.com/course/ECON/4240/All","logger":"task.stdout"}
{"timestamp":"2026-02-12T00:53:02.705174Z","level":"info","event":"Fetching URL: https://thecourseforum.com/course/ECON/4350/All","logger":"task.stdout"}
{"timestamp":"2026-02-12T00:53:02.893404Z","level":"info","event":"Fetching URL: https://thecourseforum.com/course/ECON/4360/All","logger":"task.stdout"}
{"timestamp":"2026-02-12T00:53:03.058145Z","level":"info","event":"Fetching URL: https://thecourseforum.com/course/ECON/4370/All","logger":"task.stdout"}
{"timestamp":"2026-02-12T00:53:03.247050Z","level":"info","event":"Fetching URL: https://thecourseforum.com/course/ECON/4420/All","logger":"task.stdout"}
{"timestamp":"2026-02-12T00:53:03.424735Z","level":"info","event":"Fetching URL: https://thecourseforum.com/course/ECON/4430/All","logger":"task.stdout"}
{"timestamp":"2026-02-12T00:53:03.731662Z","level":"info","event":"Fetching URL: https://thecourseforum.com/course/ECON/4444/All","logger":"task.stdout"}
{"timestamp":"2026-02-12T00:53:03.907624Z","level":"info","event":"Fetching URL: https://thecourseforum.com/course/ECON/4720/All","logger":"task.stdout"}
{"timestamp":"2026-02-12T00:53:04.113983Z","level":"info","event":"Fetching URL: https://thecourseforum.com/course/ECON/4820/All","logger":"task.stdout"}
{"timestamp":"2026-02-12T00:53:04.267158Z","level":"info","event":"Fetching URL: https://thecourseforum.com/course/ECON/4880/All","logger":"task.stdout"}
{"timestamp":"2026-02-12T00:53:04.431575Z","level":"info","event":"Fetching URL: https://thecourseforum.com/course/EDHS/1120/All","logger":"task.stdout"}
{"timestamp":"2026-02-12T00:53:04.595153Z","level":"info","event":"Fetching URL: https://thecourseforum.com/course/EDHS/2230/All","logger":"task.stdout"}
{"timestamp":"2026-02-12T00:53:04.770766Z","level":"info","event":"Fetching URL: https://thecourseforum.com/course/EDHS/2240/All","logger":"task.stdout"}
{"timestamp":"2026-02-12T00:53:04.929031Z","level":"info","event":"Fetching URL: https://thecourseforum.com/course/EDHS/2250/All","logger":"task.stdout"}
{"timestamp":"2026-02-12T00:53:05.247742Z","level":"info","event":"Fetching URL: https://thecourseforum.com/course/EDHS/2900/All","logger":"task.stdout"}
{"timestamp":"2026-02-12T00:53:05.419004Z","level":"info","event":"Fetching URL: https://thecourseforum.com/course/EDHS/3055/All","logger":"task.stdout"}
{"timestamp":"2026-02-12T00:53:05.570268Z","level":"info","event":"Fetching URL: https://thecourseforum.com/course/EDHS/3110/All","logger":"task.stdout"}
{"timestamp":"2026-02-12T00:53:05.773500Z","level":"info","event":"Fetching URL: https://thecourseforum.com/course/EDHS/3120/All","logger":"task.stdout"}
{"timestamp":"2026-02-12T00:53:06.199668Z","level":"info","event":"Fetching URL: https://thecourseforum.com/course/EDHS/3130/All","logger":"task.stdout"}
{"timestamp":"2026-02-12T00:53:06.350394Z","level":"info","event":"Fetching URL: https://thecourseforum.com/course/EDHS/3250/All","logger":"task.stdout"}
{"timestamp":"2026-02-12T00:53:06.501255Z","level":"info","event":"Fetching URL: https://thecourseforum.com/course/EDHS/3850/All","logger":"task.stdout"}
{"timestamp":"2026-02-12T00:53:06.677515Z","level":"info","event":"Fetching URL: https://thecourseforum.com/course/EDHS/3895/All","logger":"task.stdout"}
{"timestamp":"2026-02-12T00:53:06.838635Z","level":"info","event":"Fetching URL: https://thecourseforum.com/course/EDHS/3985/All","logger":"task.stdout"}
{"timestamp":"2026-02-12T00:53:06.999938Z","level":"info","event":"Fetching URL: https://thecourseforum.com/course/EDHS/4030/All","logger":"task.stdout"}
{"timestamp":"2026-02-12T00:53:07.182607Z","level":"info","event":"Fetching URL: https://thecourseforum.com/course/EDHS/4040/All","logger":"task.stdout"}
{"timestamp":"2026-02-12T00:53:07.340784Z","level":"info","event":"Fetching URL: https://thecourseforum.com/course/EDHS/4150/All","logger":"task.stdout"}
{"timestamp":"2026-02-12T00:53:07.498538Z","level":"info","event":"Fetching URL: https://thecourseforum.com/course/EDHS/4210/All","logger":"task.stdout"}
{"timestamp":"2026-02-12T00:53:07.645206Z","level":"info","event":"Fetching URL: https://thecourseforum.com/course/EDHS/4400/All","logger":"task.stdout"}
{"timestamp":"2026-02-12T00:53:07.803358Z","level":"info","event":"Fetching URL: https://thecourseforum.com/course/EDHS/4810/All","logger":"task.stdout"}
{"timestamp":"2026-02-12T00:53:07.978178Z","level":"info","event":"Fetching URL: https://thecourseforum.com/course/EDHS/4993/All","logger":"task.stdout"}
{"timestamp":"2026-02-12T00:53:08.198982Z","level":"info","event":"Fetching URL: https://thecourseforum.com/course/EDHS/4995/All","logger":"task.stdout"}
{"timestamp":"2026-02-12T00:53:08.387199Z","level":"info","event":"Fetching URL: https://thecourseforum.com/course/EDHS/2450/All","logger":"task.stdout"}
{"timestamp":"2026-02-12T00:53:08.540648Z","level":"info","event":"Fetching URL: https://thecourseforum.com/course/EDHS/2460/All","logger":"task.stdout"}
{"timestamp":"2026-02-12T00:53:08.703636Z","level":"info","event":"Fetching URL: https://thecourseforum.com/course/EDHS/2895/All","logger":"task.stdout"}
{"timestamp":"2026-02-12T00:53:08.866708Z","level":"info","event":"Fetching URL: https://thecourseforum.com/course/EDIS/3060/All","logger":"task.stdout"}
{"timestamp":"2026-02-12T00:53:09.049032Z","level":"info","event":"Fetching URL: https://thecourseforum.com/course/EDIS/3460/All","logger":"task.stdout"}
{"timestamp":"2026-02-12T00:53:09.209200Z","level":"info","event":"Fetching URL: https://thecourseforum.com/course/EDIS/3881/All","logger":"task.stdout"}
{"timestamp":"2026-02-12T00:53:09.396972Z","level":"info","event":"Fetching URL: https://thecourseforum.com/course/EDIS/4060/All","logger":"task.stdout"}
{"timestamp":"2026-02-12T00:53:09.805196Z","level":"info","event":"Fetching URL: https://thecourseforum.com/course/EDIS/4100/All","logger":"task.stdout"}
{"timestamp":"2026-02-12T00:53:09.979615Z","level":"info","event":"Fetching URL: https://thecourseforum.com/course/EDIS/4110/All","logger":"task.stdout"}
{"timestamp":"2026-02-12T00:53:10.145457Z","level":"info","event":"Fetching URL: https://thecourseforum.com/course/EDIS/4120/All","logger":"task.stdout"}
{"timestamp":"2026-02-12T00:53:10.310954Z","level":"info","event":"Fetching URL: https://thecourseforum.com/course/EDIS/4210/All","logger":"task.stdout"}
{"timestamp":"2026-02-12T00:53:10.468435Z","level":"info","event":"Fetching URL: https://thecourseforum.com/course/EDIS/4230/All","logger":"task.stdout"}
{"timestamp":"2026-02-12T00:53:10.621553Z","level":"info","event":"Fetching URL: https://thecourseforum.com/course/EDIS/4310/All","logger":"task.stdout"}
{"timestamp":"2026-02-12T00:53:10.780486Z","level":"info","event":"Fetching URL: https://thecourseforum.com/course/EDIS/4320/All","logger":"task.stdout"}
{"timestamp":"2026-02-12T00:53:10.949364Z","level":"info","event":"Fetching URL: https://thecourseforum.com/course/EDIS/4340/All","logger":"task.stdout"}
{"timestamp":"2026-02-12T00:53:11.109953Z","level":"info","event":"Fetching URL: https://thecourseforum.com/course/EDIS/4350/All","logger":"task.stdout"}
{"timestamp":"2026-02-12T00:53:11.272862Z","level":"info","event":"Fetching URL: https://thecourseforum.com/course/EDIS/4871/All","logger":"task.stdout"}
{"timestamp":"2026-02-12T00:53:11.424719Z","level":"info","event":"Fetching URL: https://thecourseforum.com/course/EDIS/4877/All","logger":"task.stdout"}
{"timestamp":"2026-02-12T00:53:11.570468Z","level":"info","event":"Fetching URL: https://thecourseforum.com/course/EDIS/4881/All","logger":"task.stdout"}
{"timestamp":"2026-02-12T00:53:11.737842Z","level":"info","event":"Fetching URL: https://thecourseforum.com/course/EDIS/4887/All","logger":"task.stdout"}
{"timestamp":"2026-02-12T00:53:11.891038Z","level":"info","event":"Fetching URL: https://thecourseforum.com/course/EDIS/4993/All","logger":"task.stdout"}
{"timestamp":"2026-02-12T00:53:12.041020Z","level":"info","event":"Fetching URL: https://thecourseforum.com/course/EDIS/4995/All","logger":"task.stdout"}
{"timestamp":"2026-02-12T00:53:12.234888Z","level":"info","event":"Fetching URL: https://thecourseforum.com/course/EDIS/2010/All","logger":"task.stdout"}
{"timestamp":"2026-02-12T00:53:12.421944Z","level":"info","event":"Fetching URL: https://thecourseforum.com/course/EDIS/2020/All","logger":"task.stdout"}
{"timestamp":"2026-02-12T00:53:12.624216Z","level":"info","event":"Fetching URL: https://thecourseforum.com/course/EDIS/2022/All","logger":"task.stdout"}
{"timestamp":"2026-02-12T00:53:12.783428Z","level":"info","event":"Fetching URL: https://thecourseforum.com/course/EDIS/2200/All","logger":"task.stdout"}
{"timestamp":"2026-02-12T00:53:12.964925Z","level":"info","event":"Fetching URL: https://thecourseforum.com/course/EDIS/2600/All","logger":"task.stdout"}
{"timestamp":"2026-02-12T00:53:13.141553Z","level":"info","event":"Fetching URL: https://thecourseforum.com/course/EDIS/2650/All","logger":"task.stdout"}
{"timestamp":"2026-02-12T00:53:13.325422Z","level":"info","event":"Fetching URL: https://thecourseforum.com/course/EDIS/2920/All","logger":"task.stdout"}
{"timestamp":"2026-02-12T00:53:13.526394Z","level":"info","event":"Fetching URL: https://thecourseforum.com/course/EDIS/3012/All","logger":"task.stdout"}
{"timestamp":"2026-02-12T00:53:13.729968Z","level":"info","event":"Fetching URL: https://thecourseforum.com/course/EDIS/3013/All","logger":"task.stdout"}
{"timestamp":"2026-02-12T00:53:13.968496Z","level":"info","event":"Fetching URL: https://thecourseforum.com/course/EDIS/3020/All","logger":"task.stdout"}
{"timestamp":"2026-02-12T00:53:14.150569Z","level":"info","event":"Fetching URL: https://thecourseforum.com/course/EDIS/3040/All","logger":"task.stdout"}
{"timestamp":"2026-02-12T00:53:14.316363Z","level":"info","event":"Fetching URL: https://thecourseforum.com/course/EDIS/3045/All","logger":"task.stdout"}
{"timestamp":"2026-02-12T00:53:14.473513Z","level":"info","event":"Fetching URL: https://thecourseforum.com/course/EDIS/3050/All","logger":"task.stdout"}
{"timestamp":"2026-02-12T00:53:14.620619Z","level":"info","event":"Fetching URL: https://thecourseforum.com/course/EGMT/1510/All","logger":"task.stdout"}
{"timestamp":"2026-02-12T00:53:15.028089Z","level":"info","event":"Fetching URL: https://thecourseforum.com/course/EGMT/1530/All","logger":"task.stdout"}
{"timestamp":"2026-02-12T00:53:15.673181Z","level":"info","event":"Fetching URL: https://thecourseforum.com/course/EGMT/1520/All","logger":"task.stdout"}
{"timestamp":"2026-02-12T00:53:16.176913Z","level":"info","event":"Fetching URL: https://thecourseforum.com/course/EGMT/1540/All","logger":"task.stdout"}
{"timestamp":"2026-02-12T00:53:16.656477Z","level":"info","event":"Fetching URL: https://thecourseforum.com/course/EGMT/2500/All","logger":"task.stdout"}
{"timestamp":"2026-02-12T00:53:16.839632Z","level":"info","event":"Fetching URL: https://thecourseforum.com/course/ENCW/4830/All","logger":"task.stdout"}
{"timestamp":"2026-02-12T00:53:17.000886Z","level":"info","event":"Fetching URL: https://thecourseforum.com/course/ENCW/4920/All","logger":"task.stdout"}
{"timestamp":"2026-02-12T00:53:17.145225Z","level":"info","event":"Fetching URL: https://thecourseforum.com/course/ENCW/4993/All","logger":"task.stdout"}
{"timestamp":"2026-02-12T00:53:17.304266Z","level":"info","event":"Fetching URL: https://thecourseforum.com/course/ENCW/2100/All","logger":"task.stdout"}
{"timestamp":"2026-02-12T00:53:17.450801Z","level":"info","event":"Fetching URL: https://thecourseforum.com/course/ENCW/2300/All","logger":"task.stdout"}
{"timestamp":"2026-02-12T00:53:17.666965Z","level":"info","event":"Fetching URL: https://thecourseforum.com/course/ENCW/2559/All","logger":"task.stdout"}
{"timestamp":"2026-02-12T00:53:17.826646Z","level":"info","event":"Fetching URL: https://thecourseforum.com/course/ENCW/2600/All","logger":"task.stdout"}
{"timestamp":"2026-02-12T00:53:18.038571Z","level":"info","event":"Fetching URL: https://thecourseforum.com/course/ENCW/3310/All","logger":"task.stdout"}
{"timestamp":"2026-02-12T00:53:18.208903Z","level":"info","event":"Fetching URL: https://thecourseforum.com/course/ENCW/3500/All","logger":"task.stdout"}
{"timestamp":"2026-02-12T00:53:18.409305Z","level":"info","event":"Fetching URL: https://thecourseforum.com/course/ENCW/3610/All","logger":"task.stdout"}
{"timestamp":"2026-02-12T00:53:19.576613Z","level":"info","event":"Fetching URL: https://thecourseforum.com/course/ENCW/4350/All","logger":"task.stdout"}
{"timestamp":"2026-02-12T00:53:20.731690Z","level":"info","event":"Fetching URL: https://thecourseforum.com/course/ENCW/4550/All","logger":"task.stdout"}
{"timestamp":"2026-02-12T00:53:20.894464Z","level":"info","event":"Fetching URL: https://thecourseforum.com/course/ENCW/4720/All","logger":"task.stdout"}
{"timestamp":"2026-02-12T00:53:21.058015Z","level":"info","event":"Fetching URL: https://thecourseforum.com/course/ENCW/4820/All","logger":"task.stdout"}
{"timestamp":"2026-02-12T00:53:21.219893Z","level":"info","event":"Fetching URL: https://thecourseforum.com/course/ENGL/1590/All","logger":"task.stdout"}
{"timestamp":"2026-02-12T00:53:21.376833Z","level":"info","event":"Fetching URL: https://thecourseforum.com/course/ENGL/2502/All","logger":"task.stdout"}
{"timestamp":"2026-02-12T00:53:22.535959Z","level":"info","event":"Fetching URL: https://thecourseforum.com/course/ENGL/2506/All","logger":"task.stdout"}
{"timestamp":"2026-02-12T00:53:22.714739Z","level":"info","event":"Fetching URL: https://thecourseforum.com/course/ENGL/2507/All","logger":"task.stdout"}
{"timestamp":"2026-02-12T00:53:23.888556Z","level":"info","event":"Fetching URL: https://thecourseforum.com/course/ENGL/2508/All","logger":"task.stdout"}
{"timestamp":"2026-02-12T00:53:24.194041Z","level":"info","event":"Fetching URL: https://thecourseforum.com/course/ENGL/3002/All","logger":"task.stdout"}
{"timestamp":"2026-02-12T00:53:24.399697Z","level":"info","event":"Fetching URL: https://thecourseforum.com/course/ENGL/3010/All","logger":"task.stdout"}
{"timestamp":"2026-02-12T00:53:24.643655Z","level":"info","event":"Fetching URL: https://thecourseforum.com/course/ENGL/3162/All","logger":"task.stdout"}
{"timestamp":"2026-02-12T00:53:24.791387Z","level":"info","event":"Fetching URL: https://thecourseforum.com/course/ENGL/3260/All","logger":"task.stdout"}
{"timestamp":"2026-02-12T00:53:24.979118Z","level":"info","event":"Fetching URL: https://thecourseforum.com/course/ENGL/3273/All","logger":"task.stdout"}
{"timestamp":"2026-02-12T00:53:25.194513Z","level":"info","event":"Fetching URL: https://thecourseforum.com/course/ENGL/3370/All","logger":"task.stdout"}
{"timestamp":"2026-02-12T00:53:26.359850Z","level":"info","event":"Fetching URL: https://thecourseforum.com/course/ENGL/3500/All","logger":"task.stdout"}
{"timestamp":"2026-02-12T00:53:26.516653Z","level":"info","event":"Fetching URL: https://thecourseforum.com/course/ENGL/3540/All","logger":"task.stdout"}
{"timestamp":"2026-02-12T00:53:26.678911Z","level":"info","event":"Fetching URL: https://thecourseforum.com/course/ENGL/3560/All","logger":"task.stdout"}
{"timestamp":"2026-02-12T00:53:26.849800Z","level":"info","event":"Fetching URL: https://thecourseforum.com/course/ENGL/3611/All","logger":"task.stdout"}
{"timestamp":"2026-02-12T00:53:27.002484Z","level":"info","event":"Fetching URL: https://thecourseforum.com/course/ENGL/3740/All","logger":"task.stdout"}
{"timestamp":"2026-02-12T00:53:27.200982Z","level":"info","event":"Fetching URL: https://thecourseforum.com/course/ENGL/3750/All","logger":"task.stdout"}
{"timestamp":"2026-02-12T00:53:27.340222Z","level":"info","event":"Fetching URL: https://thecourseforum.com/course/ENGL/3790/All","logger":"task.stdout"}
{"timestamp":"2026-02-12T00:53:27.616585Z","level":"info","event":"Fetching URL: https://thecourseforum.com/course/ENGL/3825/All","logger":"task.stdout"}
{"timestamp":"2026-02-12T00:53:28.781444Z","level":"info","event":"Fetching URL: https://thecourseforum.com/course/ENGL/3910/All","logger":"task.stdout"}
{"timestamp":"2026-02-12T00:53:28.930292Z","level":"info","event":"Fetching URL: https://thecourseforum.com/course/ENGL/3924/All","logger":"task.stdout"}
{"timestamp":"2026-02-12T00:53:29.083446Z","level":"info","event":"Fetching URL: https://thecourseforum.com/course/ENGL/4500/All","logger":"task.stdout"}
{"timestamp":"2026-02-12T00:53:29.243790Z","level":"info","event":"Fetching URL: https://thecourseforum.com/course/ENGL/4510/All","logger":"task.stdout"}
{"timestamp":"2026-02-12T00:53:30.400006Z","level":"info","event":"Fetching URL: https://thecourseforum.com/course/ENGL/4520/All","logger":"task.stdout"}
{"timestamp":"2026-02-12T00:53:30.676341Z","level":"info","event":"Fetching URL: https://thecourseforum.com/course/ENGL/4540/All","logger":"task.stdout"}
{"timestamp":"2026-02-12T00:53:31.834827Z","level":"info","event":"Fetching URL: https://thecourseforum.com/course/ENGL/4559/All","logger":"task.stdout"}
{"timestamp":"2026-02-12T00:53:31.987152Z","level":"info","event":"Fetching URL: https://thecourseforum.com/course/ENGL/4560/All","logger":"task.stdout"}
{"timestamp":"2026-02-12T00:53:32.143752Z","level":"info","event":"Fetching URL: https://thecourseforum.com/course/ENGL/4570/All","logger":"task.stdout"}
{"timestamp":"2026-02-12T00:53:32.286979Z","level":"info","event":"Fetching URL: https://thecourseforum.com/course/ENGL/4902/All","logger":"task.stdout"}
{"timestamp":"2026-02-12T00:53:32.429699Z","level":"info","event":"Fetching URL: https://thecourseforum.com/course/ENGL/4999/All","logger":"task.stdout"}
{"timestamp":"2026-02-12T00:53:33.646806Z","level":"info","event":"Fetching URL: https://thecourseforum.com/course/ENGL/2527/All","logger":"task.stdout"}
{"timestamp":"2026-02-12T00:53:33.869748Z","level":"info","event":"Fetching URL: https://thecourseforum.com/course/ENGL/2572/All","logger":"task.stdout"}
{"timestamp":"2026-02-12T00:53:34.025084Z","level":"info","event":"Fetching URL: https://thecourseforum.com/course/ENGL/2599/All","logger":"task.stdout"}
{"timestamp":"2026-02-12T00:53:34.241041Z","level":"info","event":"Fetching URL: https://thecourseforum.com/course/ENWR/1510/All","logger":"task.stdout"}
{"timestamp":"2026-02-12T00:53:36.383376Z","level":"info","event":"Fetching URL: https://thecourseforum.com/course/ENWR/1506/All","logger":"task.stdout"}
{"timestamp":"2026-02-12T00:53:36.568454Z","level":"info","event":"Fetching URL: https://thecourseforum.com/course/ENWR/1520/All","logger":"task.stdout"}
{"timestamp":"2026-02-12T00:53:36.733997Z","level":"info","event":"Fetching URL: https://thecourseforum.com/course/ENWR/2510/All","logger":"task.stdout"}
{"timestamp":"2026-02-12T00:53:36.920700Z","level":"info","event":"Fetching URL: https://thecourseforum.com/course/ENWR/2520/All","logger":"task.stdout"}
{"timestamp":"2026-02-12T00:53:37.125784Z","level":"info","event":"Fetching URL: https://thecourseforum.com/course/ENWR/2700/All","logger":"task.stdout"}
{"timestamp":"2026-02-12T00:53:37.316497Z","level":"info","event":"Fetching URL: https://thecourseforum.com/course/ENWR/2800/All","logger":"task.stdout"}
{"timestamp":"2026-02-12T00:53:37.472164Z","level":"info","event":"Fetching URL: https://thecourseforum.com/course/ENWR/3500/All","logger":"task.stdout"}
{"timestamp":"2026-02-12T00:53:37.631613Z","level":"info","event":"Fetching URL: https://thecourseforum.com/course/ENWR/3550/All","logger":"task.stdout"}
{"timestamp":"2026-02-12T00:53:37.778091Z","level":"info","event":"Fetching URL: https://thecourseforum.com/course/ENWR/3559/All","logger":"task.stdout"}
{"timestamp":"2026-02-12T00:53:37.954619Z","level":"info","event":"Fetching URL: https://thecourseforum.com/course/ENWR/3640/All","logger":"task.stdout"}
{"timestamp":"2026-02-12T00:53:38.160659Z","level":"info","event":"Fetching URL: https://thecourseforum.com/course/ENWR/3660/All","logger":"task.stdout"}
{"timestamp":"2026-02-12T00:53:39.322621Z","level":"info","event":"Fetching URL: https://thecourseforum.com/course/ENWR/3760/All","logger":"task.stdout"}
{"timestamp":"2026-02-12T00:53:39.476730Z","level":"info","event":"Fetching URL: https://thecourseforum.com/course/ENWR/3900/All","logger":"task.stdout"}
{"timestamp":"2026-02-12T00:53:40.654493Z","level":"info","event":"Fetching URL: https://thecourseforum.com/course/EVSC/3200/All","logger":"task.stdout"}
{"timestamp":"2026-02-12T00:53:40.847463Z","level":"info","event":"Fetching URL: https://thecourseforum.com/course/EVSC/3201/All","logger":"task.stdout"}
{"timestamp":"2026-02-12T00:53:41.090180Z","level":"info","event":"Fetching URL: https://thecourseforum.com/course/EVSC/3300/All","logger":"task.stdout"}
{"timestamp":"2026-02-12T00:53:41.250928Z","level":"info","event":"Fetching URL: https://thecourseforum.com/course/EVSC/3301/All","logger":"task.stdout"}
{"timestamp":"2026-02-12T00:53:42.449918Z","level":"info","event":"Fetching URL: https://thecourseforum.com/course/EVSC/3559/All","logger":"task.stdout"}
{"timestamp":"2026-02-12T00:53:42.652516Z","level":"info","event":"Fetching URL: https://thecourseforum.com/course/EVSC/3600/All","logger":"task.stdout"}
{"timestamp":"2026-02-12T00:53:42.861839Z","level":"info","event":"Fetching URL: https://thecourseforum.com/course/EVSC/3601/All","logger":"task.stdout"}
{"timestamp":"2026-02-12T00:53:43.270342Z","level":"info","event":"Fetching URL: https://thecourseforum.com/course/EVSC/4002/All","logger":"task.stdout"}
{"timestamp":"2026-02-12T00:53:43.589385Z","level":"info","event":"Fetching URL: https://thecourseforum.com/course/EVSC/4020/All","logger":"task.stdout"}
{"timestamp":"2026-02-12T00:53:44.731741Z","level":"info","event":"Fetching URL: https://thecourseforum.com/course/EVSC/4070/All","logger":"task.stdout"}
{"timestamp":"2026-02-12T00:53:44.886916Z","level":"info","event":"Fetching URL: https://thecourseforum.com/course/EVSC/4140/All","logger":"task.stdout"}
{"timestamp":"2026-02-12T00:53:45.031733Z","level":"info","event":"Fetching URL: https://thecourseforum.com/course/EVSC/4370/All","logger":"task.stdout"}
{"timestamp":"2026-02-12T00:53:45.227172Z","level":"info","event":"Fetching URL: https://thecourseforum.com/course/EVSC/4542/All","logger":"task.stdout"}
{"timestamp":"2026-02-12T00:53:45.384758Z","level":"info","event":"Fetching URL: https://thecourseforum.com/course/EVSC/4559/All","logger":"task.stdout"}
{"timestamp":"2026-02-12T00:53:45.642475Z","level":"info","event":"Fetching URL: https://thecourseforum.com/course/EVSC/4630/All","logger":"task.stdout"}
{"timestamp":"2026-02-12T00:53:45.798437Z","level":"info","event":"Fetching URL: https://thecourseforum.com/course/EVSC/4640/All","logger":"task.stdout"}
{"timestamp":"2026-02-12T00:53:45.952445Z","level":"info","event":"Fetching URL: https://thecourseforum.com/course/EVSC/4710/All","logger":"task.stdout"}
{"timestamp":"2026-02-12T00:53:47.108639Z","level":"info","event":"Fetching URL: https://thecourseforum.com/course/EVSC/4890/All","logger":"task.stdout"}
{"timestamp":"2026-02-12T00:53:48.272234Z","level":"info","event":"Fetching URL: https://thecourseforum.com/course/EVSC/4891/All","logger":"task.stdout"}
{"timestamp":"2026-02-12T00:53:48.418739Z","level":"info","event":"Fetching URL: https://thecourseforum.com/course/EVSC/4991/All","logger":"task.stdout"}
{"timestamp":"2026-02-12T00:53:49.585870Z","level":"info","event":"Fetching URL: https://thecourseforum.com/course/EVSC/4993/All","logger":"task.stdout"}
{"timestamp":"2026-02-12T00:53:51.174941Z","level":"info","event":"Fetching URL: https://thecourseforum.com/course/EVSC/1010/All","logger":"task.stdout"}
{"timestamp":"2026-02-12T00:53:51.390064Z","level":"info","event":"Fetching URL: https://thecourseforum.com/course/EVSC/1300/All","logger":"task.stdout"}
{"timestamp":"2026-02-12T00:53:52.649126Z","level":"info","event":"Fetching URL: https://thecourseforum.com/course/EVSC/2220/All","logger":"task.stdout"}
{"timestamp":"2026-02-12T00:53:53.824205Z","level":"info","event":"Fetching URL: https://thecourseforum.com/course/EVSC/2800/All","logger":"task.stdout"}
{"timestamp":"2026-02-12T00:53:54.007633Z","level":"info","event":"Fetching URL: https://thecourseforum.com/course/EVSC/2801/All","logger":"task.stdout"}
{"timestamp":"2026-02-12T00:53:54.232665Z","level":"info","event":"Fetching URL: https://thecourseforum.com/course/EVSC/3020/All","logger":"task.stdout"}
{"timestamp":"2026-02-12T00:53:54.470630Z","level":"info","event":"Fetching URL: https://thecourseforum.com/course/EVSC/4995/All","logger":"task.stdout"}
{"timestamp":"2026-02-12T00:53:55.057125Z","level":"info","event":"Fetching URL: https://thecourseforum.com/course/EVSC/4999/All","logger":"task.stdout"}
{"timestamp":"2026-02-12T00:53:55.377036Z","level":"info","event":"Fetching URL: https://thecourseforum.com/course/EVSC/4080/All","logger":"task.stdout"}
{"timestamp":"2026-02-12T00:53:55.528165Z","level":"info","event":"Fetching URL: https://thecourseforum.com/course/FREN/2020/All","logger":"task.stdout"}
{"timestamp":"2026-02-12T00:53:56.822710Z","level":"info","event":"Fetching URL: https://thecourseforum.com/course/FREN/3029/All","logger":"task.stdout"}
{"timestamp":"2026-02-12T00:53:56.991498Z","level":"info","event":"Fetching URL: https://thecourseforum.com/course/FREN/1000/All","logger":"task.stdout"}
{"timestamp":"2026-02-12T00:53:57.164321Z","level":"info","event":"Fetching URL: https://thecourseforum.com/course/FREN/1010/All","logger":"task.stdout"}
{"timestamp":"2026-02-12T00:53:57.415473Z","level":"info","event":"Fetching URL: https://thecourseforum.com/course/FREN/1020/All","logger":"task.stdout"}
{"timestamp":"2026-02-12T00:53:57.924070Z","level":"info","event":"Fetching URL: https://thecourseforum.com/course/FREN/1050/All","logger":"task.stdout"}
{"timestamp":"2026-02-12T00:53:59.134221Z","level":"info","event":"Fetching URL: https://thecourseforum.com/course/FREN/2010/All","logger":"task.stdout"}
{"timestamp":"2026-02-12T00:53:59.418492Z","level":"info","event":"Fetching URL: https://thecourseforum.com/course/FREN/3030/All","logger":"task.stdout"}
{"timestamp":"2026-02-12T00:54:00.604425Z","level":"info","event":"Fetching URL: https://thecourseforum.com/course/FREN/3031/All","logger":"task.stdout"}
{"timestamp":"2026-02-12T00:54:00.806279Z","level":"info","event":"Fetching URL: https://thecourseforum.com/course/FREN/3036/All","logger":"task.stdout"}
{"timestamp":"2026-02-12T00:54:00.978550Z","level":"info","event":"Fetching URL: https://thecourseforum.com/course/FREN/3040/All","logger":"task.stdout"}
{"timestamp":"2026-02-12T00:54:01.169723Z","level":"info","event":"Fetching URL: https://thecourseforum.com/course/FREN/3043/All","logger":"task.stdout"}
{"timestamp":"2026-02-12T00:54:02.722357Z","level":"info","event":"Fetching URL: https://thecourseforum.com/course/FREN/3061/All","logger":"task.stdout"}
{"timestamp":"2026-02-12T00:54:02.933732Z","level":"info","event":"Fetching URL: https://thecourseforum.com/course/FREN/3882/All","logger":"task.stdout"}
{"timestamp":"2026-02-12T00:54:04.090519Z","level":"info","event":"Fetching URL: https://thecourseforum.com/course/FREN/4064/All","logger":"task.stdout"}
{"timestamp":"2026-02-12T00:54:05.249273Z","level":"info","event":"Fetching URL: https://thecourseforum.com/course/FREN/4123/All","logger":"task.stdout"}
{"timestamp":"2026-02-12T00:54:05.442739Z","level":"info","event":"Fetching URL: https://thecourseforum.com/course/FREN/4744/All","logger":"task.stdout"}
{"timestamp":"2026-02-12T00:54:05.598045Z","level":"info","event":"Fetching URL: https://thecourseforum.com/course/FREN/4838/All","logger":"task.stdout"}
{"timestamp":"2026-02-12T00:54:05.836959Z","level":"info","event":"Fetching URL: https://thecourseforum.com/course/FREN/4999/All","logger":"task.stdout"}
{"timestamp":"2026-02-12T00:54:06.017596Z","level":"info","event":"Fetching URL: https://thecourseforum.com/course/GETR/3590/All","logger":"task.stdout"}
{"timestamp":"2026-02-12T00:54:06.210224Z","level":"info","event":"Fetching URL: https://thecourseforum.com/course/GETR/3360/All","logger":"task.stdout"}
{"timestamp":"2026-02-12T00:54:06.304442Z","level":"info","event":"Fetching URL: https://thecourseforum.com/course/GETR/3372/All","logger":"task.stdout"}
{"timestamp":"2026-02-12T00:54:06.478628Z","level":"info","event":"Fetching URL: https://thecourseforum.com/course/GETR/3464/All","logger":"task.stdout"}
{"timestamp":"2026-02-12T00:54:06.678539Z","level":"info","event":"Fetching URL: https://thecourseforum.com/course/GETR/3470/All","logger":"task.stdout"}
{"timestamp":"2026-02-12T00:54:06.837805Z","level":"info","event":"Fetching URL: https://thecourseforum.com/course/GETR/3505/All","logger":"task.stdout"}
{"timestamp":"2026-02-12T00:54:06.993298Z","level":"info","event":"Fetching URL: https://thecourseforum.com/course/GREE/1020/All","logger":"task.stdout"}
{"timestamp":"2026-02-12T00:54:07.186377Z","level":"info","event":"Fetching URL: https://thecourseforum.com/course/GREE/2240/All","logger":"task.stdout"}
{"timestamp":"2026-02-12T00:54:07.344944Z","level":"info","event":"Fetching URL: https://thecourseforum.com/course/GREE/3040/All","logger":"task.stdout"}
{"timestamp":"2026-02-12T00:54:07.499075Z","level":"info","event":"Fetching URL: https://thecourseforum.com/course/GREE/4999/All","logger":"task.stdout"}
{"timestamp":"2026-02-12T00:54:07.665707Z","level":"info","event":"Fetching URL: https://thecourseforum.com/course/HIEA/1501/All","logger":"task.stdout"}
{"timestamp":"2026-02-12T00:54:07.939298Z","level":"info","event":"Fetching URL: https://thecourseforum.com/course/HIEA/2101/All","logger":"task.stdout"}
{"timestamp":"2026-02-12T00:54:08.118480Z","level":"info","event":"Fetching URL: https://thecourseforum.com/course/HIEA/3171/All","logger":"task.stdout"}
{"timestamp":"2026-02-12T00:54:08.280611Z","level":"info","event":"Fetching URL: https://thecourseforum.com/course/HIEA/3559/All","logger":"task.stdout"}
{"timestamp":"2026-02-12T00:54:08.449421Z","level":"info","event":"Fetching URL: https://thecourseforum.com/course/HIEA/4501/All","logger":"task.stdout"}
{"timestamp":"2026-02-12T00:54:08.616899Z","level":"info","event":"Fetching URL: https://thecourseforum.com/course/HIEU/1501/All","logger":"task.stdout"}
{"timestamp":"2026-02-12T00:54:08.785538Z","level":"info","event":"Fetching URL: https://thecourseforum.com/course/HIEU/2041/All","logger":"task.stdout"}
{"timestamp":"2026-02-12T00:54:08.970154Z","level":"info","event":"Fetching URL: https://thecourseforum.com/course/HIEU/2072/All","logger":"task.stdout"}
{"timestamp":"2026-02-12T00:54:09.132813Z","level":"info","event":"Fetching URL: https://thecourseforum.com/course/HIEU/2102/All","logger":"task.stdout"}
{"timestamp":"2026-02-12T00:54:09.288976Z","level":"info","event":"Fetching URL: https://thecourseforum.com/course/HIEU/2112/All","logger":"task.stdout"}
{"timestamp":"2026-02-12T00:54:09.485543Z","level":"info","event":"Fetching URL: https://thecourseforum.com/course/HIEU/2721/All","logger":"task.stdout"}
{"timestamp":"2026-02-12T00:54:09.647567Z","level":"info","event":"Fetching URL: https://thecourseforum.com/course/HIEU/3141/All","logger":"task.stdout"}
{"timestamp":"2026-02-12T00:54:09.824045Z","level":"info","event":"Fetching URL: https://thecourseforum.com/course/HIEU/3501/All","logger":"task.stdout"}
{"timestamp":"2026-02-12T00:54:10.007761Z","level":"info","event":"Fetching URL: https://thecourseforum.com/course/HIEU/3505/All","logger":"task.stdout"}
{"timestamp":"2026-02-12T00:54:10.174025Z","level":"info","event":"Fetching URL: https://thecourseforum.com/course/HIEU/4502/All","logger":"task.stdout"}
{"timestamp":"2026-02-12T00:54:10.349498Z","level":"info","event":"Fetching URL: https://thecourseforum.com/course/HIEU/4511/All","logger":"task.stdout"}
{"timestamp":"2026-02-12T00:54:10.512451Z","level":"info","event":"Fetching URL: https://thecourseforum.com/course/HILA/3021/All","logger":"task.stdout"}
{"timestamp":"2026-02-12T00:54:10.683268Z","level":"info","event":"Fetching URL: https://thecourseforum.com/course/HILA/3501/All","logger":"task.stdout"}
{"timestamp":"2026-02-12T00:54:10.828486Z","level":"info","event":"Fetching URL: https://thecourseforum.com/course/HIME/1501/All","logger":"task.stdout"}
{"timestamp":"2026-02-12T00:54:11.333848Z","level":"info","event":"Fetching URL: https://thecourseforum.com/course/HIME/2001/All","logger":"task.stdout"}
{"timestamp":"2026-02-12T00:54:11.508852Z","level":"info","event":"Fetching URL: https://thecourseforum.com/course/HIME/2010/All","logger":"task.stdout"}
{"timestamp":"2026-02-12T00:54:11.657262Z","level":"info","event":"Fetching URL: https://thecourseforum.com/course/HIUS/3131/All","logger":"task.stdout"}
{"timestamp":"2026-02-12T00:54:11.847589Z","level":"info","event":"Fetching URL: https://thecourseforum.com/course/HIUS/3411/All","logger":"task.stdout"}
{"timestamp":"2026-02-12T00:54:12.060735Z","level":"info","event":"Fetching URL: https://thecourseforum.com/course/HIUS/3501/All","logger":"task.stdout"}
{"timestamp":"2026-02-12T00:54:12.208876Z","level":"info","event":"Fetching URL: https://thecourseforum.com/course/HIUS/3612/All","logger":"task.stdout"}
{"timestamp":"2026-02-12T00:54:12.387351Z","level":"info","event":"Fetching URL: https://thecourseforum.com/course/HIUS/3620/All","logger":"task.stdout"}
{"timestamp":"2026-02-12T00:54:12.544017Z","level":"info","event":"Fetching URL: https://thecourseforum.com/course/HIUS/4501/All","logger":"task.stdout"}
{"timestamp":"2026-02-12T00:54:12.880692Z","level":"info","event":"Fetching URL: https://thecourseforum.com/course/HIUS/1501/All","logger":"task.stdout"}
{"timestamp":"2026-02-12T00:54:13.279084Z","level":"info","event":"Fetching URL: https://thecourseforum.com/course/HIUS/2001/All","logger":"task.stdout"}
{"timestamp":"2026-02-12T00:54:13.691993Z","level":"info","event":"Fetching URL: https://thecourseforum.com/course/HIUS/2002/All","logger":"task.stdout"}
{"timestamp":"2026-02-12T00:54:13.914077Z","level":"info","event":"Fetching URL: https://thecourseforum.com/course/HIUS/2051/All","logger":"task.stdout"}
{"timestamp":"2026-02-12T00:54:14.207185Z","level":"info","event":"Fetching URL: https://thecourseforum.com/course/HIUS/2053/All","logger":"task.stdout"}
{"timestamp":"2026-02-12T00:54:14.535743Z","level":"info","event":"Fetching URL: https://thecourseforum.com/course/HIUS/2168/All","logger":"task.stdout"}
{"timestamp":"2026-02-12T00:54:14.748509Z","level":"info","event":"Fetching URL: https://thecourseforum.com/course/HIUS/2559/All","logger":"task.stdout"}
{"timestamp":"2026-02-12T00:54:14.924629Z","level":"info","event":"Fetching URL: https://thecourseforum.com/course/HIUS/3011/All","logger":"task.stdout"}
{"timestamp":"2026-02-12T00:54:15.143025Z","level":"info","event":"Fetching URL: https://thecourseforum.com/course/HIUS/3051/All","logger":"task.stdout"}
{"timestamp":"2026-02-12T00:54:15.376357Z","level":"info","event":"Fetching URL: https://thecourseforum.com/course/HSCI/1011/All","logger":"task.stdout"}
{"timestamp":"2026-02-12T00:54:15.598290Z","level":"info","event":"Fetching URL: https://thecourseforum.com/course/IMP/4600/All","logger":"task.stdout"}
{"timestamp":"2026-02-12T00:54:15.773995Z","level":"info","event":"Fetching URL: https://thecourseforum.com/course/IMP/4971/All","logger":"task.stdout"}
{"timestamp":"2026-02-12T00:54:16.055217Z","level":"info","event":"Fetching URL: https://thecourseforum.com/course/INST/1550/All","logger":"task.stdout"}
{"timestamp":"2026-02-12T00:54:16.490250Z","level":"info","event":"Fetching URL: https://thecourseforum.com/course/INST/2550/All","logger":"task.stdout"}
{"timestamp":"2026-02-12T00:54:16.673046Z","level":"info","event":"Fetching URL: https://thecourseforum.com/course/INST/2570/All","logger":"task.stdout"}
{"timestamp":"2026-02-12T00:54:16.856987Z","level":"info","event":"Fetching URL: https://thecourseforum.com/course/INST/3600/All","logger":"task.stdout"}
{"timestamp":"2026-02-12T00:54:17.029864Z","level":"info","event":"Fetching URL: https://thecourseforum.com/course/INST/4200/All","logger":"task.stdout"}
{"timestamp":"2026-02-12T00:54:17.172632Z","level":"info","event":"Fetching URL: https://thecourseforum.com/course/INST/4983/All","logger":"task.stdout"}
{"timestamp":"2026-02-12T00:54:17.323765Z","level":"info","event":"Fetching URL: https://thecourseforum.com/course/ISBU/3410/All","logger":"task.stdout"}
{"timestamp":"2026-02-12T00:54:17.486941Z","level":"info","event":"Fetching URL: https://thecourseforum.com/course/ISBU/3710/All","logger":"task.stdout"}
{"timestamp":"2026-02-12T00:54:17.648752Z","level":"info","event":"Fetching URL: https://thecourseforum.com/course/ISBU/3760/All","logger":"task.stdout"}
{"timestamp":"2026-02-12T00:54:17.795917Z","level":"info","event":"Fetching URL: https://thecourseforum.com/course/ISBU/3888/All","logger":"task.stdout"}
{"timestamp":"2026-02-12T00:54:17.944025Z","level":"info","event":"Fetching URL: https://thecourseforum.com/course/ISHU/3170/All","logger":"task.stdout"}
{"timestamp":"2026-02-12T00:54:18.104157Z","level":"info","event":"Fetching URL: https://thecourseforum.com/course/ISHU/3501/All","logger":"task.stdout"}
{"timestamp":"2026-02-12T00:54:18.264693Z","level":"info","event":"Fetching URL: https://thecourseforum.com/course/ISHU/4020/All","logger":"task.stdout"}
{"timestamp":"2026-02-12T00:54:18.424130Z","level":"info","event":"Fetching URL: https://thecourseforum.com/course/ISHU/4190/All","logger":"task.stdout"}
{"timestamp":"2026-02-12T00:54:18.586012Z","level":"info","event":"Fetching URL: https://thecourseforum.com/course/ISIN/4510/All","logger":"task.stdout"}
{"timestamp":"2026-02-12T00:54:18.749284Z","level":"info","event":"Fetching URL: https://thecourseforum.com/course/ISIN/4520/All","logger":"task.stdout"}
{"timestamp":"2026-02-12T00:54:19.020181Z","level":"info","event":"Fetching URL: https://thecourseforum.com/course/IT/3240/All","logger":"task.stdout"}
{"timestamp":"2026-02-12T00:54:19.217779Z","level":"info","event":"Fetching URL: https://thecourseforum.com/course/IT/3400/All","logger":"task.stdout"}
{"timestamp":"2026-02-12T00:54:19.377020Z","level":"info","event":"Fetching URL: https://thecourseforum.com/course/IT/3410/All","logger":"task.stdout"}
{"timestamp":"2026-02-12T00:54:19.528363Z","level":"info","event":"Fetching URL: https://thecourseforum.com/course/IT/3000/All","logger":"task.stdout"}
{"timestamp":"2026-02-12T00:54:19.689682Z","level":"info","event":"Fetching URL: https://thecourseforum.com/course/IT/3100/All","logger":"task.stdout"}
{"timestamp":"2026-02-12T00:54:19.843291Z","level":"info","event":"Fetching URL: https://thecourseforum.com/course/IT/3120/All","logger":"task.stdout"}
{"timestamp":"2026-02-12T00:54:20.003292Z","level":"info","event":"Fetching URL: https://thecourseforum.com/course/IT/3220/All","logger":"task.stdout"}
{"timestamp":"2026-02-12T00:54:20.171163Z","level":"info","event":"Fetching URL: https://thecourseforum.com/course/ITAL/1020/All","logger":"task.stdout"}
{"timestamp":"2026-02-12T00:54:20.366050Z","level":"info","event":"Fetching URL: https://thecourseforum.com/course/ITAL/2020/All","logger":"task.stdout"}
{"timestamp":"2026-02-12T00:54:20.534388Z","level":"info","event":"Fetching URL: https://thecourseforum.com/course/ITAL/2030/All","logger":"task.stdout"}
{"timestamp":"2026-02-12T00:54:20.696849Z","level":"info","event":"Fetching URL: https://thecourseforum.com/course/ITAL/3020/All","logger":"task.stdout"}
{"timestamp":"2026-02-12T00:54:20.901008Z","level":"info","event":"Fetching URL: https://thecourseforum.com/course/ITAL/3559/All","logger":"task.stdout"}
{"timestamp":"2026-02-12T00:54:21.071011Z","level":"info","event":"Fetching URL: https://thecourseforum.com/course/ITAL/4993/All","logger":"task.stdout"}
{"timestamp":"2026-02-12T00:54:21.236087Z","level":"info","event":"Fetching URL: https://thecourseforum.com/course/ITTR/3760/All","logger":"task.stdout"}
{"timestamp":"2026-02-12T00:54:21.404260Z","level":"info","event":"Fetching URL: https://thecourseforum.com/course/JAPN/1000/All","logger":"task.stdout"}
{"timestamp":"2026-02-12T00:54:21.557747Z","level":"info","event":"Fetching URL: https://thecourseforum.com/course/JAPN/1010/All","logger":"task.stdout"}
{"timestamp":"2026-02-12T00:54:21.731960Z","level":"info","event":"Fetching URL: https://thecourseforum.com/course/JAPN/1020/All","logger":"task.stdout"}
{"timestamp":"2026-02-12T00:54:21.910059Z","level":"info","event":"Fetching URL: https://thecourseforum.com/course/JAPN/1559/All","logger":"task.stdout"}
{"timestamp":"2026-02-12T00:54:22.056653Z","level":"info","event":"Fetching URL: https://thecourseforum.com/course/JAPN/2020/All","logger":"task.stdout"}
{"timestamp":"2026-02-12T00:54:22.219700Z","level":"info","event":"Fetching URL: https://thecourseforum.com/course/JAPN/3020/All","logger":"task.stdout"}
{"timestamp":"2026-02-12T00:54:22.386994Z","level":"info","event":"Fetching URL: https://thecourseforum.com/course/JAPN/3025/All","logger":"task.stdout"}
{"timestamp":"2026-02-12T00:54:22.553106Z","level":"info","event":"Fetching URL: https://thecourseforum.com/course/JAPN/3559/All","logger":"task.stdout"}
{"timestamp":"2026-02-12T00:54:22.704765Z","level":"info","event":"Fetching URL: https://thecourseforum.com/course/JAPN/4710/All","logger":"task.stdout"}
{"timestamp":"2026-02-12T00:54:22.868420Z","level":"info","event":"Fetching URL: https://thecourseforum.com/course/JAPN/4801/All","logger":"task.stdout"}
{"timestamp":"2026-02-12T00:54:23.016712Z","level":"info","event":"Fetching URL: https://thecourseforum.com/course/JPTR/3020/All","logger":"task.stdout"}
{"timestamp":"2026-02-12T00:54:24.172032Z","level":"info","event":"Fetching URL: https://thecourseforum.com/course/JPTR/3310/All","logger":"task.stdout"}
{"timestamp":"2026-02-12T00:54:24.327715Z","level":"info","event":"Fetching URL: https://thecourseforum.com/course/JPTR/3391/All","logger":"task.stdout"}
{"timestamp":"2026-02-12T00:54:24.545028Z","level":"info","event":"Fetching URL: https://thecourseforum.com/course/JPTR/4991/All","logger":"task.stdout"}
{"timestamp":"2026-02-12T00:54:24.712692Z","level":"info","event":"Fetching URL: https://thecourseforum.com/course/JWST/4980/All","logger":"task.stdout"}
{"timestamp":"2026-02-12T00:54:25.892619Z","level":"info","event":"Fetching URL: https://thecourseforum.com/course/KICH/1020/All","logger":"task.stdout"}
{"timestamp":"2026-02-12T00:54:26.051063Z","level":"info","event":"Fetching URL: https://thecourseforum.com/course/KICH/2020/All","logger":"task.stdout"}
{"timestamp":"2026-02-12T00:54:26.211486Z","level":"info","event":"Fetching URL: https://thecourseforum.com/course/KINE/2200/All","logger":"task.stdout"}
{"timestamp":"2026-02-12T00:54:26.370061Z","level":"info","event":"Fetching URL: https://thecourseforum.com/course/KINE/2420/All","logger":"task.stdout"}
{"timestamp":"2026-02-12T00:54:27.526228Z","level":"info","event":"Fetching URL: https://thecourseforum.com/course/KINE/2850/All","logger":"task.stdout"}
{"timestamp":"2026-02-12T00:54:27.694669Z","level":"info","event":"Fetching URL: https://thecourseforum.com/course/KINE/3400/All","logger":"task.stdout"}
{"timestamp":"2026-02-12T00:54:28.847600Z","level":"info","event":"Fetching URL: https://thecourseforum.com/course/KINE/3410/All","logger":"task.stdout"}
{"timestamp":"2026-02-12T00:54:29.031081Z","level":"info","event":"Fetching URL: https://thecourseforum.com/course/KINE/3420/All","logger":"task.stdout"}
{"timestamp":"2026-02-12T00:54:29.242448Z","level":"info","event":"Fetching URL: https://thecourseforum.com/course/KINE/3430/All","logger":"task.stdout"}
{"timestamp":"2026-02-12T00:54:29.393884Z","level":"info","event":"Fetching URL: https://thecourseforum.com/course/KINE/3440/All","logger":"task.stdout"}
{"timestamp":"2026-02-12T00:54:30.563362Z","level":"info","event":"Fetching URL: https://thecourseforum.com/course/KINE/3450/All","logger":"task.stdout"}
{"timestamp":"2026-02-12T00:54:30.707980Z","level":"info","event":"Fetching URL: https://thecourseforum.com/course/KINE/3600/All","logger":"task.stdout"}
{"timestamp":"2026-02-12T00:54:30.848636Z","level":"info","event":"Fetching URL: https://thecourseforum.com/course/KINE/3615/All","logger":"task.stdout"}
{"timestamp":"2026-02-12T00:54:31.995071Z","level":"info","event":"Fetching URL: https://thecourseforum.com/course/KINE/3617/All","logger":"task.stdout"}
{"timestamp":"2026-02-12T00:54:32.171671Z","level":"info","event":"Fetching URL: https://thecourseforum.com/course/KINE/3620/All","logger":"task.stdout"}
{"timestamp":"2026-02-12T00:54:32.325166Z","level":"info","event":"Fetching URL: https://thecourseforum.com/course/KINE/3630/All","logger":"task.stdout"}
{"timestamp":"2026-02-12T00:54:32.490504Z","level":"info","event":"Fetching URL: https://thecourseforum.com/course/KINE/3660/All","logger":"task.stdout"}
{"timestamp":"2026-02-12T00:54:33.641779Z","level":"info","event":"Fetching URL: https://thecourseforum.com/course/KINE/4000/All","logger":"task.stdout"}
{"timestamp":"2026-02-12T00:54:33.898119Z","level":"info","event":"Fetching URL: https://thecourseforum.com/course/KINE/4400/All","logger":"task.stdout"}
{"timestamp":"2026-02-12T00:54:34.044979Z","level":"info","event":"Fetching URL: https://thecourseforum.com/course/KINE/4420/All","logger":"task.stdout"}
{"timestamp":"2026-02-12T00:54:35.443614Z","level":"info","event":"Fetching URL: https://thecourseforum.com/course/KINE/4600/All","logger":"task.stdout"}
{"timestamp":"2026-02-12T00:54:35.609966Z","level":"info","event":"Fetching URL: https://thecourseforum.com/course/KINE/4601/All","logger":"task.stdout"}
{"timestamp":"2026-02-12T00:54:35.759422Z","level":"info","event":"Fetching URL: https://thecourseforum.com/course/KINE/4802/All","logger":"task.stdout"}
{"timestamp":"2026-02-12T00:54:35.902072Z","level":"info","event":"Fetching URL: https://thecourseforum.com/course/KINE/4993/All","logger":"task.stdout"}
{"timestamp":"2026-02-12T00:54:36.102902Z","level":"info","event":"Fetching URL: https://thecourseforum.com/course/KOR/2020/All","logger":"task.stdout"}
{"timestamp":"2026-02-12T00:54:36.259149Z","level":"info","event":"Fetching URL: https://thecourseforum.com/course/KOR/2060/All","logger":"task.stdout"}
{"timestamp":"2026-02-12T00:54:37.412295Z","level":"info","event":"Fetching URL: https://thecourseforum.com/course/KOR/2559/All","logger":"task.stdout"}
{"timestamp":"2026-02-12T00:54:37.561331Z","level":"info","event":"Fetching URL: https://thecourseforum.com/course/KOR/3015/All","logger":"task.stdout"}
{"timestamp":"2026-02-12T00:54:38.718599Z","level":"info","event":"Fetching URL: https://thecourseforum.com/course/KOR/3020/All","logger":"task.stdout"}
{"timestamp":"2026-02-12T00:54:39.873213Z","level":"info","event":"Fetching URL: https://thecourseforum.com/course/KOR/3559/All","logger":"task.stdout"}
{"timestamp":"2026-02-12T00:54:40.021441Z","level":"info","event":"Fetching URL: https://thecourseforum.com/course/KOR/1020/All","logger":"task.stdout"}
{"timestamp":"2026-02-12T00:54:40.461476Z","level":"info","event":"Fetching URL: https://thecourseforum.com/course/LASE/2400/All","logger":"task.stdout"}
{"timestamp":"2026-02-12T00:54:40.623951Z","level":"info","event":"Fetching URL: https://thecourseforum.com/course/LASE/2515/All","logger":"task.stdout"}
{"timestamp":"2026-02-12T00:54:40.825770Z","level":"info","event":"Fetching URL: https://thecourseforum.com/course/LASE/3510/All","logger":"task.stdout"}
{"timestamp":"2026-02-12T00:54:41.006164Z","level":"info","event":"Fetching URL: https://thecourseforum.com/course/LASE/3559/All","logger":"task.stdout"}
{"timestamp":"2026-02-12T00:54:41.181278Z","level":"info","event":"Fetching URL: https://thecourseforum.com/course/LASE/3601/All","logger":"task.stdout"}
{"timestamp":"2026-02-12T00:54:42.409125Z","level":"info","event":"Fetching URL: https://thecourseforum.com/course/LASE/3602/All","logger":"task.stdout"}
{"timestamp":"2026-02-12T00:54:42.581694Z","level":"info","event":"Fetching URL: https://thecourseforum.com/course/LAST/2050/All","logger":"task.stdout"}
{"timestamp":"2026-02-12T00:54:42.932045Z","level":"info","event":"Fetching URL: https://thecourseforum.com/course/LAST/4999/All","logger":"task.stdout"}
{"timestamp":"2026-02-12T00:54:43.166230Z","level":"info","event":"Fetching URL: https://thecourseforum.com/course/LATI/1020/All","logger":"task.stdout"}
{"timestamp":"2026-02-12T00:54:43.514663Z","level":"info","event":"Fetching URL: https://thecourseforum.com/course/LATI/2010/All","logger":"task.stdout"}
{"timestamp":"2026-02-12T00:54:43.842976Z","level":"info","event":"Fetching URL: https://thecourseforum.com/course/LATI/2020/All","logger":"task.stdout"}
{"timestamp":"2026-02-12T00:54:44.156842Z","level":"info","event":"Fetching URL: https://thecourseforum.com/course/LATI/3160/All","logger":"task.stdout"}
{"timestamp":"2026-02-12T00:54:44.360793Z","level":"info","event":"Fetching URL: https://thecourseforum.com/course/LATI/4559/All","logger":"task.stdout"}
{"timestamp":"2026-02-12T00:54:45.531516Z","level":"info","event":"Fetching URL: https://thecourseforum.com/course/LATI/4999/All","logger":"task.stdout"}
{"timestamp":"2026-02-12T00:54:45.701510Z","level":"info","event":"Fetching URL: https://thecourseforum.com/course/LATI/3030/All","logger":"task.stdout"}
{"timestamp":"2026-02-12T00:54:45.851421Z","level":"info","event":"Fetching URL: https://thecourseforum.com/course/LING/2430/All","logger":"task.stdout"}
{"timestamp":"2026-02-12T00:54:46.015795Z","level":"info","event":"Fetching URL: https://thecourseforum.com/course/LING/3090/All","logger":"task.stdout"}
{"timestamp":"2026-02-12T00:54:47.164630Z","level":"info","event":"Fetching URL: https://thecourseforum.com/course/LING/3101/All","logger":"task.stdout"}
{"timestamp":"2026-02-12T00:54:47.317019Z","level":"info","event":"Fetching URL: https://thecourseforum.com/course/LING/3102/All","logger":"task.stdout"}
{"timestamp":"2026-02-12T00:54:48.466767Z","level":"info","event":"Fetching URL: https://thecourseforum.com/course/LING/3103/All","logger":"task.stdout"}
{"timestamp":"2026-02-12T00:54:49.620820Z","level":"info","event":"Fetching URL: https://thecourseforum.com/course/LING/4650/All","logger":"task.stdout"}
{"timestamp":"2026-02-12T00:54:49.798369Z","level":"info","event":"Fetching URL: https://thecourseforum.com/course/LING/4993/All","logger":"task.stdout"}
{"timestamp":"2026-02-12T00:54:49.975673Z","level":"info","event":"Fetching URL: https://thecourseforum.com/course/LING/4999/All","logger":"task.stdout"}
{"timestamp":"2026-02-12T00:54:51.153506Z","level":"info","event":"Fetching URL: https://thecourseforum.com/course/LNGS/2240/All","logger":"task.stdout"}
{"timestamp":"2026-02-12T00:54:51.326075Z","level":"info","event":"Fetching URL: https://thecourseforum.com/course/LNGS/3260/All","logger":"task.stdout"}
{"timestamp":"2026-02-12T00:54:51.485708Z","level":"info","event":"Fetching URL: https://thecourseforum.com/course/LPPA/3650/All","logger":"task.stdout"}
{"timestamp":"2026-02-12T00:54:51.676271Z","level":"info","event":"Fetching URL: https://thecourseforum.com/course/LPPS/3050/All","logger":"task.stdout"}
{"timestamp":"2026-02-12T00:54:51.837872Z","level":"info","event":"Fetching URL: https://thecourseforum.com/course/LPPS/3150/All","logger":"task.stdout"}
{"timestamp":"2026-02-12T00:54:51.983481Z","level":"info","event":"Fetching URL: https://thecourseforum.com/course/LPPS/3240/All","logger":"task.stdout"}
{"timestamp":"2026-02-12T00:54:53.149924Z","level":"info","event":"Fetching URL: https://thecourseforum.com/course/LPPS/3040/All","logger":"task.stdout"}
{"timestamp":"2026-02-12T00:54:53.336448Z","level":"info","event":"Fetching URL: https://thecourseforum.com/course/LPPS/3280/All","logger":"task.stdout"}
{"timestamp":"2026-02-12T00:54:54.838643Z","level":"info","event":"Fetching URL: https://thecourseforum.com/course/LPPS/3350/All","logger":"task.stdout"}
{"timestamp":"2026-02-12T00:54:55.006501Z","level":"info","event":"Fetching URL: https://thecourseforum.com/course/LPPS/3390/All","logger":"task.stdout"}
{"timestamp":"2026-02-12T00:54:55.187318Z","level":"info","event":"Fetching URL: https://thecourseforum.com/course/LPPS/3440/All","logger":"task.stdout"}
{"timestamp":"2026-02-12T00:54:55.344252Z","level":"info","event":"Fetching URL: https://thecourseforum.com/course/LPPS/4260/All","logger":"task.stdout"}
{"timestamp":"2026-02-12T00:54:55.492933Z","level":"info","event":"Fetching URL: https://thecourseforum.com/course/LPPS/4270/All","logger":"task.stdout"}
{"timestamp":"2026-02-12T00:54:56.704172Z","level":"info","event":"Fetching URL: https://thecourseforum.com/course/LPPS/4320/All","logger":"task.stdout"}
{"timestamp":"2026-02-12T00:54:57.925604Z","level":"info","event":"Fetching URL: https://thecourseforum.com/course/LPPS/4620/All","logger":"task.stdout"}
{"timestamp":"2026-02-12T00:55:01.770191Z","level":"info","event":"Fetching URL: https://thecourseforum.com/course/LPPS/4730/All","logger":"task.stdout"}
{"timestamp":"2026-02-12T00:55:02.423265Z","level":"info","event":"Fetching URL: https://thecourseforum.com/course/MATH/4993/All","logger":"task.stdout"}
{"timestamp":"2026-02-12T00:55:02.816381Z","level":"info","event":"Fetching URL: https://thecourseforum.com/course/MATH/1310/All","logger":"task.stdout"}
{"timestamp":"2026-02-12T00:55:03.463039Z","level":"info","event":"Fetching URL: https://thecourseforum.com/course/MATH/1320/All","logger":"task.stdout"}
{"timestamp":"2026-02-12T00:55:04.836066Z","level":"info","event":"Fetching URL: https://thecourseforum.com/course/MATH/2310/All","logger":"task.stdout"}
{"timestamp":"2026-02-12T00:55:05.243513Z","level":"info","event":"Fetching URL: https://thecourseforum.com/course/MATH/3000/All","logger":"task.stdout"}
{"timestamp":"2026-02-12T00:55:06.433574Z","level":"info","event":"Fetching URL: https://thecourseforum.com/course/MATH/3100/All","logger":"task.stdout"}
{"timestamp":"2026-02-12T00:55:07.986402Z","level":"info","event":"Fetching URL: https://thecourseforum.com/course/MATH/3250/All","logger":"task.stdout"}
{"timestamp":"2026-02-12T00:55:08.614019Z","level":"info","event":"Fetching URL: https://thecourseforum.com/course/MATH/3310/All","logger":"task.stdout"}
{"timestamp":"2026-02-12T00:55:08.911988Z","level":"info","event":"Fetching URL: https://thecourseforum.com/course/MATH/3315/All","logger":"task.stdout"}
{"timestamp":"2026-02-12T00:55:09.081279Z","level":"info","event":"Fetching URL: https://thecourseforum.com/course/MATH/3340/All","logger":"task.stdout"}
{"timestamp":"2026-02-12T00:55:09.258435Z","level":"info","event":"Fetching URL: https://thecourseforum.com/course/MATH/3350/All","logger":"task.stdout"}
{"timestamp":"2026-02-12T00:55:09.495828Z","level":"info","event":"Fetching URL: https://thecourseforum.com/course/MATH/3351/All","logger":"task.stdout"}
{"timestamp":"2026-02-12T00:55:10.708775Z","level":"info","event":"Fetching URL: https://thecourseforum.com/course/MATH/3354/All","logger":"task.stdout"}
{"timestamp":"2026-02-12T00:55:10.905029Z","level":"info","event":"Fetching URL: https://thecourseforum.com/course/MATH/4110/All","logger":"task.stdout"}
{"timestamp":"2026-02-12T00:55:11.058950Z","level":"info","event":"Fetching URL: https://thecourseforum.com/course/MATH/4140/All","logger":"task.stdout"}
{"timestamp":"2026-02-12T00:55:11.217968Z","level":"info","event":"Fetching URL: https://thecourseforum.com/course/MATH/4250/All","logger":"task.stdout"}
{"timestamp":"2026-02-12T00:55:11.367779Z","level":"info","event":"Fetching URL: https://thecourseforum.com/course/MATH/4330/All","logger":"task.stdout"}
{"timestamp":"2026-02-12T00:55:12.532343Z","level":"info","event":"Fetching URL: https://thecourseforum.com/course/MATH/4651/All","logger":"task.stdout"}
{"timestamp":"2026-02-12T00:55:13.761369Z","level":"info","event":"Fetching URL: https://thecourseforum.com/course/MATH/4652/All","logger":"task.stdout"}
{"timestamp":"2026-02-12T00:55:13.915965Z","level":"info","event":"Fetching URL: https://thecourseforum.com/course/MATH/4840/All","logger":"task.stdout"}
{"timestamp":"2026-02-12T00:55:14.089422Z","level":"info","event":"Fetching URL: https://thecourseforum.com/course/MATH/1110/All","logger":"task.stdout"}
{"timestamp":"2026-02-12T00:55:15.283799Z","level":"info","event":"Fetching URL: https://thecourseforum.com/course/MATH/1140/All","logger":"task.stdout"}
{"timestamp":"2026-02-12T00:55:15.513955Z","level":"info","event":"Fetching URL: https://thecourseforum.com/course/MATH/1160/All","logger":"task.stdout"}
{"timestamp":"2026-02-12T00:55:15.772855Z","level":"info","event":"Fetching URL: https://thecourseforum.com/course/MATH/1190/All","logger":"task.stdout"}
{"timestamp":"2026-02-12T00:55:15.978744Z","level":"info","event":"Fetching URL: https://thecourseforum.com/course/MATH/1210/All","logger":"task.stdout"}
{"timestamp":"2026-02-12T00:55:16.346370Z","level":"info","event":"Fetching URL: https://thecourseforum.com/course/MATH/4901/All","logger":"task.stdout"}
{"timestamp":"2026-02-12T00:55:17.628777Z","level":"info","event":"Fetching URL: https://thecourseforum.com/course/MATH/1220/All","logger":"task.stdout"}
{"timestamp":"2026-02-12T00:55:19.151903Z","level":"info","event":"Fetching URL: https://thecourseforum.com/course/MDST/4510/All","logger":"task.stdout"}
{"timestamp":"2026-02-12T00:55:20.371502Z","level":"info","event":"Fetching URL: https://thecourseforum.com/course/MDST/4960/All","logger":"task.stdout"}
{"timestamp":"2026-02-12T00:55:20.652394Z","level":"info","event":"Fetching URL: https://thecourseforum.com/course/MDST/4980/All","logger":"task.stdout"}
{"timestamp":"2026-02-12T00:55:21.811460Z","level":"info","event":"Fetching URL: https://thecourseforum.com/course/MDST/2000/All","logger":"task.stdout"}
{"timestamp":"2026-02-12T00:55:22.055733Z","level":"info","event":"Fetching URL: https://thecourseforum.com/course/MDST/2305/All","logger":"task.stdout"}
{"timestamp":"2026-02-12T00:55:22.242454Z","level":"info","event":"Fetching URL: https://thecourseforum.com/course/MDST/2508/All","logger":"task.stdout"}
{"timestamp":"2026-02-12T00:55:22.438419Z","level":"info","event":"Fetching URL: https://thecourseforum.com/course/MDST/2690/All","logger":"task.stdout"}
{"timestamp":"2026-02-12T00:55:22.602534Z","level":"info","event":"Fetching URL: https://thecourseforum.com/course/MDST/2700/All","logger":"task.stdout"}
{"timestamp":"2026-02-12T00:55:22.767707Z","level":"info","event":"Fetching URL: https://thecourseforum.com/course/MDST/2727/All","logger":"task.stdout"}
{"timestamp":"2026-02-12T00:55:22.953159Z","level":"info","event":"Fetching URL: https://thecourseforum.com/course/MDST/2810/All","logger":"task.stdout"}
{"timestamp":"2026-02-12T00:55:23.154748Z","level":"info","event":"Fetching URL: https://thecourseforum.com/course/MDST/3050/All","logger":"task.stdout"}
{"timestamp":"2026-02-12T00:55:23.331500Z","level":"info","event":"Fetching URL: https://thecourseforum.com/course/MDST/3113/All","logger":"task.stdout"}
{"timestamp":"2026-02-12T00:55:23.502707Z","level":"info","event":"Fetching URL: https://thecourseforum.com/course/MDST/3154/All","logger":"task.stdout"}
{"timestamp":"2026-02-12T00:55:23.683411Z","level":"info","event":"Fetching URL: https://thecourseforum.com/course/MDST/3404/All","logger":"task.stdout"}
{"timestamp":"2026-02-12T00:55:23.963950Z","level":"info","event":"Fetching URL: https://thecourseforum.com/course/MDST/3490/All","logger":"task.stdout"}
{"timestamp":"2026-02-12T00:55:24.121649Z","level":"info","event":"Fetching URL: https://thecourseforum.com/course/MDST/3504/All","logger":"task.stdout"}
{"timestamp":"2026-02-12T00:55:24.307517Z","level":"info","event":"Fetching URL: https://thecourseforum.com/course/MDST/3508/All","logger":"task.stdout"}
{"timestamp":"2026-02-12T00:55:24.463068Z","level":"info","event":"Fetching URL: https://thecourseforum.com/course/MDST/3510/All","logger":"task.stdout"}
{"timestamp":"2026-02-12T00:55:24.651964Z","level":"info","event":"Fetching URL: https://thecourseforum.com/course/MDST/3559/All","logger":"task.stdout"}
{"timestamp":"2026-02-12T00:55:24.917795Z","level":"info","event":"Fetching URL: https://thecourseforum.com/course/MDST/3712/All","logger":"task.stdout"}
{"timestamp":"2026-02-12T00:55:25.071089Z","level":"info","event":"Fetching URL: https://thecourseforum.com/course/MDST/3760/All","logger":"task.stdout"}
{"timestamp":"2026-02-12T00:55:25.228230Z","level":"info","event":"Fetching URL: https://thecourseforum.com/course/MDST/3800/All","logger":"task.stdout"}
{"timestamp":"2026-02-12T00:55:25.482741Z","level":"info","event":"Fetching URL: https://thecourseforum.com/course/MDST/3811/All","logger":"task.stdout"}
{"timestamp":"2026-02-12T00:55:25.641126Z","level":"info","event":"Fetching URL: https://thecourseforum.com/course/MDST/3900/All","logger":"task.stdout"}
{"timestamp":"2026-02-12T00:55:25.800683Z","level":"info","event":"Fetching URL: https://thecourseforum.com/course/MDST/4000/All","logger":"task.stdout"}
{"timestamp":"2026-02-12T00:55:25.968959Z","level":"info","event":"Fetching URL: https://thecourseforum.com/course/MDST/4106/All","logger":"task.stdout"}
{"timestamp":"2026-02-12T00:55:26.129996Z","level":"info","event":"Fetching URL: https://thecourseforum.com/course/MESA/2430/All","logger":"task.stdout"}
{"timestamp":"2026-02-12T00:55:26.286382Z","level":"info","event":"Fetching URL: https://thecourseforum.com/course/MESA/3270/All","logger":"task.stdout"}
{"timestamp":"2026-02-12T00:55:26.498379Z","level":"info","event":"Fetching URL: https://thecourseforum.com/course/MESA/3640/All","logger":"task.stdout"}
{"timestamp":"2026-02-12T00:55:26.758055Z","level":"info","event":"Fetching URL: https://thecourseforum.com/course/MESA/4991/All","logger":"task.stdout"}
{"timestamp":"2026-02-12T00:55:26.931987Z","level":"info","event":"Fetching URL: https://thecourseforum.com/course/MESA/4993/All","logger":"task.stdout"}
{"timestamp":"2026-02-12T00:55:27.111587Z","level":"info","event":"Fetching URL: https://thecourseforum.com/course/MESA/4999/All","logger":"task.stdout"}
{"timestamp":"2026-02-12T00:55:27.272592Z","level":"info","event":"Fetching URL: https://thecourseforum.com/course/MUPF/2120/All","logger":"task.stdout"}
{"timestamp":"2026-02-12T00:55:27.445239Z","level":"info","event":"Fetching URL: https://thecourseforum.com/course/MUPF/2121/All","logger":"task.stdout"}
{"timestamp":"2026-02-12T00:55:27.611667Z","level":"info","event":"Fetching URL: https://thecourseforum.com/course/MUPF/2130/All","logger":"task.stdout"}
{"timestamp":"2026-02-12T00:55:27.759285Z","level":"info","event":"Fetching URL: https://thecourseforum.com/course/MUPF/2131/All","logger":"task.stdout"}
{"timestamp":"2026-02-12T00:55:27.927973Z","level":"info","event":"Fetching URL: https://thecourseforum.com/course/MUPF/2140/All","logger":"task.stdout"}
{"timestamp":"2026-02-12T00:55:28.130855Z","level":"info","event":"Fetching URL: https://thecourseforum.com/course/MUPF/3960/All","logger":"task.stdout"}
{"timestamp":"2026-02-12T00:55:28.318298Z","level":"info","event":"Fetching URL: https://thecourseforum.com/course/MUPF/4940/All","logger":"task.stdout"}
{"timestamp":"2026-02-12T00:55:28.547525Z","level":"info","event":"Fetching URL: https://thecourseforum.com/course/MUPF/4960/All","logger":"task.stdout"}
{"timestamp":"2026-02-12T00:55:28.717105Z","level":"info","event":"Fetching URL: https://thecourseforum.com/course/MUPF/2141/All","logger":"task.stdout"}
{"timestamp":"2026-02-12T00:55:28.872492Z","level":"info","event":"Fetching URL: https://thecourseforum.com/course/MUPF/2150/All","logger":"task.stdout"}
{"timestamp":"2026-02-12T00:55:29.056187Z","level":"info","event":"Fetching URL: https://thecourseforum.com/course/MUPF/2151/All","logger":"task.stdout"}
{"timestamp":"2026-02-12T00:55:29.218130Z","level":"info","event":"Fetching URL: https://thecourseforum.com/course/MUPF/2160/All","logger":"task.stdout"}
{"timestamp":"2026-02-12T00:55:29.405458Z","level":"info","event":"Fetching URL: https://thecourseforum.com/course/MUPF/2161/All","logger":"task.stdout"}
{"timestamp":"2026-02-12T00:55:29.575311Z","level":"info","event":"Fetching URL: https://thecourseforum.com/course/MUPF/2170/All","logger":"task.stdout"}
{"timestamp":"2026-02-12T00:55:29.739285Z","level":"info","event":"Fetching URL: https://thecourseforum.com/course/MUPF/2171/All","logger":"task.stdout"}
{"timestamp":"2026-02-12T00:55:29.903424Z","level":"info","event":"Fetching URL: https://thecourseforum.com/course/MUPF/2180/All","logger":"task.stdout"}
{"timestamp":"2026-02-12T00:55:30.072726Z","level":"info","event":"Fetching URL: https://thecourseforum.com/course/MUPF/2181/All","logger":"task.stdout"}
{"timestamp":"2026-02-12T00:55:30.340995Z","level":"info","event":"Fetching URL: https://thecourseforum.com/course/MUPF/2210/All","logger":"task.stdout"}
{"timestamp":"2026-02-12T00:55:30.539301Z","level":"info","event":"Fetching URL: https://thecourseforum.com/course/MUPF/2211/All","logger":"task.stdout"}
{"timestamp":"2026-02-12T00:55:30.728132Z","level":"info","event":"Fetching URL: https://thecourseforum.com/course/MUPF/3110/All","logger":"task.stdout"}
{"timestamp":"2026-02-12T00:55:30.923163Z","level":"info","event":"Fetching URL: https://thecourseforum.com/course/MUPF/3120/All","logger":"task.stdout"}
{"timestamp":"2026-02-12T00:55:31.159105Z","level":"info","event":"Fetching URL: https://thecourseforum.com/course/MUPF/3140/All","logger":"task.stdout"}
{"timestamp":"2026-02-12T00:55:31.322735Z","level":"info","event":"Fetching URL: https://thecourseforum.com/course/MUPF/3150/All","logger":"task.stdout"}
{"timestamp":"2026-02-12T00:55:31.691971Z","level":"info","event":"Fetching URL: https://thecourseforum.com/course/MUPF/3160/All","logger":"task.stdout"}
{"timestamp":"2026-02-12T00:55:31.854879Z","level":"info","event":"Fetching URL: https://thecourseforum.com/course/MUPF/3170/All","logger":"task.stdout"}
{"timestamp":"2026-02-12T00:55:32.012958Z","level":"info","event":"Fetching URL: https://thecourseforum.com/course/MUPF/3180/All","logger":"task.stdout"}
{"timestamp":"2026-02-12T00:55:32.206139Z","level":"info","event":"Fetching URL: https://thecourseforum.com/course/MUPF/2110/All","logger":"task.stdout"}
{"timestamp":"2026-02-12T00:55:32.410054Z","level":"info","event":"Fetching URL: https://thecourseforum.com/course/MUPF/2111/All","logger":"task.stdout"}
{"timestamp":"2026-02-12T00:55:32.608505Z","level":"info","event":"Fetching URL: https://thecourseforum.com/course/MUSI/1310/All","logger":"task.stdout"}
{"timestamp":"2026-02-12T00:55:32.831759Z","level":"info","event":"Fetching URL: https://thecourseforum.com/course/MUSI/1620/All","logger":"task.stdout"}
{"timestamp":"2026-02-12T00:55:33.034362Z","level":"info","event":"Fetching URL: https://thecourseforum.com/course/MUSI/2021/All","logger":"task.stdout"}
{"timestamp":"2026-02-12T00:55:33.302559Z","level":"info","event":"Fetching URL: https://thecourseforum.com/course/MUSI/2070/All","logger":"task.stdout"}
{"timestamp":"2026-02-12T00:55:33.515266Z","level":"info","event":"Fetching URL: https://thecourseforum.com/course/MUSI/2072/All","logger":"task.stdout"}
{"timestamp":"2026-02-12T00:55:33.811377Z","level":"info","event":"Fetching URL: https://thecourseforum.com/course/MUSI/2110/All","logger":"task.stdout"}
{"timestamp":"2026-02-12T00:55:34.021920Z","level":"info","event":"Fetching URL: https://thecourseforum.com/course/MUSI/2150/All","logger":"task.stdout"}
{"timestamp":"2026-02-12T00:55:34.206740Z","level":"info","event":"Fetching URL: https://thecourseforum.com/course/MUSI/2302/All","logger":"task.stdout"}
{"timestamp":"2026-02-12T00:55:34.373805Z","level":"info","event":"Fetching URL: https://thecourseforum.com/course/MUSI/2304/All","logger":"task.stdout"}
{"timestamp":"2026-02-12T00:55:34.553797Z","level":"info","event":"Fetching URL: https://thecourseforum.com/course/MUSI/2307/All","logger":"task.stdout"}
{"timestamp":"2026-02-12T00:55:34.701669Z","level":"info","event":"Fetching URL: https://thecourseforum.com/course/MUSI/2311/All","logger":"task.stdout"}
{"timestamp":"2026-02-12T00:55:34.858643Z","level":"info","event":"Fetching URL: https://thecourseforum.com/course/MUSI/2340/All","logger":"task.stdout"}
{"timestamp":"2026-02-12T00:55:35.009637Z","level":"info","event":"Fetching URL: https://thecourseforum.com/course/MUSI/2342/All","logger":"task.stdout"}
{"timestamp":"2026-02-12T00:55:35.227413Z","level":"info","event":"Fetching URL: https://thecourseforum.com/course/MUSI/3332/All","logger":"task.stdout"}
{"timestamp":"2026-02-12T00:55:35.476772Z","level":"info","event":"Fetching URL: https://thecourseforum.com/course/MUSI/3334/All","logger":"task.stdout"}
{"timestamp":"2026-02-12T00:55:35.803720Z","level":"info","event":"Fetching URL: https://thecourseforum.com/course/MUSI/3374/All","logger":"task.stdout"}
{"timestamp":"2026-02-12T00:55:35.965861Z","level":"info","event":"Fetching URL: https://thecourseforum.com/course/MUSI/3380/All","logger":"task.stdout"}
{"timestamp":"2026-02-12T00:55:37.124667Z","level":"info","event":"Fetching URL: https://thecourseforum.com/course/MUSI/3400/All","logger":"task.stdout"}
{"timestamp":"2026-02-12T00:55:37.303752Z","level":"info","event":"Fetching URL: https://thecourseforum.com/course/MUSI/3559/All","logger":"task.stdout"}
{"timestamp":"2026-02-12T00:55:38.017630Z","level":"info","event":"Fetching URL: https://thecourseforum.com/course/MUSI/3993/All","logger":"task.stdout"}
{"timestamp":"2026-02-12T00:55:38.244315Z","level":"info","event":"Fetching URL: https://thecourseforum.com/course/MUSI/4090/All","logger":"task.stdout"}
{"timestamp":"2026-02-12T00:55:38.406525Z","level":"info","event":"Fetching URL: https://thecourseforum.com/course/MUSI/4410/All","logger":"task.stdout"}
{"timestamp":"2026-02-12T00:55:39.556434Z","level":"info","event":"Fetching URL: https://thecourseforum.com/course/MUSI/4559/All","logger":"task.stdout"}
{"timestamp":"2026-02-12T00:55:40.809410Z","level":"info","event":"Fetching URL: https://thecourseforum.com/course/MUSI/4582/All","logger":"task.stdout"}
{"timestamp":"2026-02-12T00:55:41.983921Z","level":"info","event":"Fetching URL: https://thecourseforum.com/course/MUSI/4610/All","logger":"task.stdout"}
{"timestamp":"2026-02-12T00:55:43.231271Z","level":"info","event":"Fetching URL: https://thecourseforum.com/course/MUSI/4760/All","logger":"task.stdout"}
{"timestamp":"2026-02-12T00:55:43.780173Z","level":"info","event":"Fetching URL: https://thecourseforum.com/course/MUSI/4950/All","logger":"task.stdout"}
{"timestamp":"2026-02-12T00:55:43.960726Z","level":"info","event":"Fetching URL: https://thecourseforum.com/course/MUSI/4993/All","logger":"task.stdout"}
{"timestamp":"2026-02-12T00:55:44.249469Z","level":"info","event":"Fetching URL: https://thecourseforum.com/course/MUSI/2600/All","logger":"task.stdout"}
{"timestamp":"2026-02-12T00:55:44.406895Z","level":"info","event":"Fetching URL: https://thecourseforum.com/course/MUSI/2993/All","logger":"task.stdout"}
{"timestamp":"2026-02-12T00:55:45.717264Z","level":"info","event":"Fetching URL: https://thecourseforum.com/course/MUSI/3050/All","logger":"task.stdout"}
{"timestamp":"2026-02-12T00:55:45.900868Z","level":"info","event":"Fetching URL: https://thecourseforum.com/course/MUSI/3065/All","logger":"task.stdout"}
{"timestamp":"2026-02-12T00:55:46.057954Z","level":"info","event":"Fetching URL: https://thecourseforum.com/course/MUSI/3307/All","logger":"task.stdout"}
{"timestamp":"2026-02-12T00:55:47.239914Z","level":"info","event":"Fetching URL: https://thecourseforum.com/course/MUSI/3310/All","logger":"task.stdout"}
{"timestamp":"2026-02-12T00:55:47.442315Z","level":"info","event":"Fetching URL: https://thecourseforum.com/course/MUSI/3320/All","logger":"task.stdout"}
{"timestamp":"2026-02-12T00:55:47.598183Z","level":"info","event":"Fetching URL: https://thecourseforum.com/course/NESC/4980/All","logger":"task.stdout"}
{"timestamp":"2026-02-12T00:55:47.910046Z","level":"info","event":"Fetching URL: https://thecourseforum.com/course/NESC/3960/All","logger":"task.stdout"}
{"timestamp":"2026-02-12T00:55:49.235949Z","level":"info","event":"Fetching URL: https://thecourseforum.com/course/NESC/3985/All","logger":"task.stdout"}
{"timestamp":"2026-02-12T00:55:49.464890Z","level":"info","event":"Fetching URL: https://thecourseforum.com/course/NESC/3995/All","logger":"task.stdout"}
{"timestamp":"2026-02-12T00:55:49.692475Z","level":"info","event":"Fetching URL: https://thecourseforum.com/course/NESC/4030/All","logger":"task.stdout"}
{"timestamp":"2026-02-12T00:55:50.913903Z","level":"info","event":"Fetching URL: https://thecourseforum.com/course/NESC/4046/All","logger":"task.stdout"}
{"timestamp":"2026-02-12T00:55:51.115427Z","level":"info","event":"Fetching URL: https://thecourseforum.com/course/NUCO/2220/All","logger":"task.stdout"}
{"timestamp":"2026-02-12T00:55:51.306968Z","level":"info","event":"Fetching URL: https://thecourseforum.com/course/NUCO/2440/All","logger":"task.stdout"}
{"timestamp":"2026-02-12T00:55:52.540942Z","level":"info","event":"Fetching URL: https://thecourseforum.com/course/NUCO/3310/All","logger":"task.stdout"}
{"timestamp":"2026-02-12T00:55:52.740649Z","level":"info","event":"Fetching URL: https://thecourseforum.com/course/NUCO/3610/All","logger":"task.stdout"}
{"timestamp":"2026-02-12T00:55:52.936541Z","level":"info","event":"Fetching URL: https://thecourseforum.com/course/NUCO/4056/All","logger":"task.stdout"}
{"timestamp":"2026-02-12T00:55:54.143863Z","level":"info","event":"Fetching URL: https://thecourseforum.com/course/NUCO/4210/All","logger":"task.stdout"}
{"timestamp":"2026-02-12T00:55:54.422103Z","level":"info","event":"Fetching URL: https://thecourseforum.com/course/NUCO/4310/All","logger":"task.stdout"}
{"timestamp":"2026-02-12T00:55:55.628010Z","level":"info","event":"Fetching URL: https://thecourseforum.com/course/NUCO/4440/All","logger":"task.stdout"}
{"timestamp":"2026-02-12T00:55:56.017363Z","level":"info","event":"Fetching URL: https://thecourseforum.com/course/NUCO/4450/All","logger":"task.stdout"}
{"timestamp":"2026-02-12T00:55:56.215725Z","level":"info","event":"Fetching URL: https://thecourseforum.com/course/NUCO/4559/All","logger":"task.stdout"}
{"timestamp":"2026-02-12T00:55:56.376034Z","level":"info","event":"Fetching URL: https://thecourseforum.com/course/NUCO/4710/All","logger":"task.stdout"}
{"timestamp":"2026-02-12T00:55:56.533516Z","level":"info","event":"Fetching URL: https://thecourseforum.com/course/NUCO/4720/All","logger":"task.stdout"}
{"timestamp":"2026-02-12T00:55:57.746036Z","level":"info","event":"Fetching URL: https://thecourseforum.com/course/NUCO/4730/All","logger":"task.stdout"}
{"timestamp":"2026-02-12T00:55:58.906962Z","level":"info","event":"Fetching URL: https://thecourseforum.com/course/NURS/4006/All","logger":"task.stdout"}
{"timestamp":"2026-02-12T00:55:59.068347Z","level":"info","event":"Fetching URL: https://thecourseforum.com/course/NURS/4951/All","logger":"task.stdout"}
{"timestamp":"2026-02-12T00:55:59.218424Z","level":"info","event":"Fetching URL: https://thecourseforum.com/course/NURS/4993/All","logger":"task.stdout"}
{"timestamp":"2026-02-12T00:55:59.416809Z","level":"info","event":"Fetching URL: https://thecourseforum.com/course/NURS/3003/All","logger":"task.stdout"}
{"timestamp":"2026-02-12T00:55:59.562090Z","level":"info","event":"Fetching URL: https://thecourseforum.com/course/NURS/3005/All","logger":"task.stdout"}
{"timestamp":"2026-02-12T00:56:00.721139Z","level":"info","event":"Fetching URL: https://thecourseforum.com/course/NURS/3006/All","logger":"task.stdout"}
{"timestamp":"2026-02-12T00:56:00.868187Z","level":"info","event":"Fetching URL: https://thecourseforum.com/course/PERS/1020/All","logger":"task.stdout"}
{"timestamp":"2026-02-12T00:56:01.028850Z","level":"info","event":"Fetching URL: https://thecourseforum.com/course/PERS/2020/All","logger":"task.stdout"}
{"timestamp":"2026-02-12T00:56:01.296493Z","level":"info","event":"Fetching URL: https://thecourseforum.com/course/PERS/3020/All","logger":"task.stdout"}
{"timestamp":"2026-02-12T00:56:01.560674Z","level":"info","event":"Fetching URL: https://thecourseforum.com/course/PERS/4993/All","logger":"task.stdout"}
{"timestamp":"2026-02-12T00:56:02.319061Z","level":"info","event":"Fetching URL: https://thecourseforum.com/course/PETR/3131/All","logger":"task.stdout"}
{"timestamp":"2026-02-12T00:56:03.570898Z","level":"info","event":"Fetching URL: https://thecourseforum.com/course/PETR/3380/All","logger":"task.stdout"}
{"timestamp":"2026-02-12T00:56:03.729713Z","level":"info","event":"Fetching URL: https://thecourseforum.com/course/PHYS/3995/All","logger":"task.stdout"}
{"timestamp":"2026-02-12T00:56:04.227646Z","level":"info","event":"Fetching URL: https://thecourseforum.com/course/PHYS/1010/All","logger":"task.stdout"}
{"timestamp":"2026-02-12T00:56:04.398090Z","level":"info","event":"Fetching URL: https://thecourseforum.com/course/PHYS/1060/All","logger":"task.stdout"}
{"timestamp":"2026-02-12T00:56:04.577771Z","level":"info","event":"Fetching URL: https://thecourseforum.com/course/PHYS/1420/All","logger":"task.stdout"}
{"timestamp":"2026-02-12T00:56:04.737752Z","level":"info","event":"Fetching URL: https://thecourseforum.com/course/PHYS/1425/All","logger":"task.stdout"}
{"timestamp":"2026-02-12T00:56:04.985594Z","level":"info","event":"Fetching URL: https://thecourseforum.com/course/PHYS/1429/All","logger":"task.stdout"}
{"timestamp":"2026-02-12T00:56:05.372133Z","level":"info","event":"Fetching URL: https://thecourseforum.com/course/PHYS/1655/All","logger":"task.stdout"}
{"timestamp":"2026-02-12T00:56:06.527110Z","level":"info","event":"Fetching URL: https://thecourseforum.com/course/PHYS/1660/All","logger":"task.stdout"}
{"timestamp":"2026-02-12T00:56:07.877707Z","level":"info","event":"Fetching URL: https://thecourseforum.com/course/PHYS/2020/All","logger":"task.stdout"}
{"timestamp":"2026-02-12T00:56:08.089230Z","level":"info","event":"Fetching URL: https://thecourseforum.com/course/PHYS/2040/All","logger":"task.stdout"}
{"timestamp":"2026-02-12T00:56:08.486583Z","level":"info","event":"Fetching URL: https://thecourseforum.com/course/PHYS/2415/All","logger":"task.stdout"}
{"timestamp":"2026-02-12T00:56:08.695333Z","level":"info","event":"Fetching URL: https://thecourseforum.com/course/PHYS/2419/All","logger":"task.stdout"}
{"timestamp":"2026-02-12T00:56:09.232928Z","level":"info","event":"Fetching URL: https://thecourseforum.com/course/PHYS/2620/All","logger":"task.stdout"}
{"timestamp":"2026-02-12T00:56:09.410480Z","level":"info","event":"Fetching URL: https://thecourseforum.com/course/PHYS/2720/All","logger":"task.stdout"}
{"timestamp":"2026-02-12T00:56:10.605921Z","level":"info","event":"Fetching URL: https://thecourseforum.com/course/PHYS/3040/All","logger":"task.stdout"}
{"timestamp":"2026-02-12T00:56:11.763970Z","level":"info","event":"Fetching URL: https://thecourseforum.com/course/PHYS/3120/All","logger":"task.stdout"}
{"timestamp":"2026-02-12T00:56:11.921433Z","level":"info","event":"Fetching URL: https://thecourseforum.com/course/PHYS/3140/All","logger":"task.stdout"}
{"timestamp":"2026-02-12T00:56:12.077472Z","level":"info","event":"Fetching URL: https://thecourseforum.com/course/PHYS/3180/All","logger":"task.stdout"}
{"timestamp":"2026-02-12T00:56:13.427586Z","level":"info","event":"Fetching URL: https://thecourseforum.com/course/PHYS/3250/All","logger":"task.stdout"}
{"timestamp":"2026-02-12T00:56:14.591993Z","level":"info","event":"Fetching URL: https://thecourseforum.com/course/PHYS/3340/All","logger":"task.stdout"}
{"timestamp":"2026-02-12T00:56:15.742173Z","level":"info","event":"Fetching URL: https://thecourseforum.com/course/PHYS/3420/All","logger":"task.stdout"}
{"timestamp":"2026-02-12T00:56:15.897218Z","level":"info","event":"Fetching URL: https://thecourseforum.com/course/PHYS/3620/All","logger":"task.stdout"}
{"timestamp":"2026-02-12T00:56:16.053991Z","level":"info","event":"Fetching URL: https://thecourseforum.com/course/PHYS/3660/All","logger":"task.stdout"}
{"timestamp":"2026-02-12T00:56:17.211637Z","level":"info","event":"Fetching URL: https://thecourseforum.com/course/PHYS/3993/All","logger":"task.stdout"}
{"timestamp":"2026-02-12T00:56:17.813781Z","level":"info","event":"Fetching URL: https://thecourseforum.com/course/PLAC/4993/All","logger":"task.stdout"}
{"timestamp":"2026-02-12T00:56:18.123125Z","level":"info","event":"Fetching URL: https://thecourseforum.com/course/PLAD/4430/All","logger":"task.stdout"}
{"timestamp":"2026-02-12T00:56:19.271907Z","level":"info","event":"Fetching URL: https://thecourseforum.com/course/PLAD/4500/All","logger":"task.stdout"}
{"timestamp":"2026-02-12T00:56:19.423432Z","level":"info","event":"Fetching URL: https://thecourseforum.com/course/PLAD/4961/All","logger":"task.stdout"}
{"timestamp":"2026-02-12T00:56:20.591051Z","level":"info","event":"Fetching URL: https://thecourseforum.com/course/PLAD/4999/All","logger":"task.stdout"}
{"timestamp":"2026-02-12T00:56:21.749724Z","level":"info","event":"Fetching URL: https://thecourseforum.com/course/PLAN/2020/All","logger":"task.stdout"}
{"timestamp":"2026-02-12T00:56:23.275971Z","level":"info","event":"Fetching URL: https://thecourseforum.com/course/PLAN/3030/All","logger":"task.stdout"}
{"timestamp":"2026-02-12T00:56:23.897703Z","level":"info","event":"Fetching URL: https://thecourseforum.com/course/PLAN/3040/All","logger":"task.stdout"}
{"timestamp":"2026-02-12T00:56:25.529069Z","level":"info","event":"Fetching URL: https://thecourseforum.com/course/PLAN/3050/All","logger":"task.stdout"}
{"timestamp":"2026-02-12T00:56:25.690879Z","level":"info","event":"Fetching URL: https://thecourseforum.com/course/PLAN/3500/All","logger":"task.stdout"}
{"timestamp":"2026-02-12T00:56:25.879032Z","level":"info","event":"Fetching URL: https://thecourseforum.com/course/PLAN/3860/All","logger":"task.stdout"}
{"timestamp":"2026-02-12T00:56:27.049656Z","level":"info","event":"Fetching URL: https://thecourseforum.com/course/PLAN/4800/All","logger":"task.stdout"}
{"timestamp":"2026-02-12T00:56:27.230015Z","level":"info","event":"Fetching URL: https://thecourseforum.com/course/PLAN/4902/All","logger":"task.stdout"}
{"timestamp":"2026-02-12T00:56:27.384381Z","level":"info","event":"Fetching URL: https://thecourseforum.com/course/PLAN/4993/All","logger":"task.stdout"}
{"timestamp":"2026-02-12T00:56:28.592856Z","level":"info","event":"Fetching URL: https://thecourseforum.com/course/PLAP/2030/All","logger":"task.stdout"}
{"timestamp":"2026-02-12T00:56:29.782230Z","level":"info","event":"Fetching URL: https://thecourseforum.com/course/PLAP/3270/All","logger":"task.stdout"}
{"timestamp":"2026-02-12T00:56:30.961624Z","level":"info","event":"Fetching URL: https://thecourseforum.com/course/PLAP/3370/All","logger":"task.stdout"}
{"timestamp":"2026-02-12T00:56:31.187071Z","level":"info","event":"Fetching URL: https://thecourseforum.com/course/PLAP/3400/All","logger":"task.stdout"}
{"timestamp":"2026-02-12T00:56:32.365793Z","level":"info","event":"Fetching URL: https://thecourseforum.com/course/PLAP/4150/All","logger":"task.stdout"}
{"timestamp":"2026-02-12T00:56:32.525193Z","level":"info","event":"Fetching URL: https://thecourseforum.com/course/PLAP/4210/All","logger":"task.stdout"}
{"timestamp":"2026-02-12T00:56:33.681915Z","level":"info","event":"Fetching URL: https://thecourseforum.com/course/PLAP/4500/All","logger":"task.stdout"}
{"timestamp":"2026-02-12T00:56:33.986093Z","level":"info","event":"Fetching URL: https://thecourseforum.com/course/PLAP/4990/All","logger":"task.stdout"}
{"timestamp":"2026-02-12T00:56:35.134219Z","level":"info","event":"Fetching URL: https://thecourseforum.com/course/PLPT/3020/All","logger":"task.stdout"}
{"timestamp":"2026-02-12T00:56:36.351059Z","level":"info","event":"Fetching URL: https://thecourseforum.com/course/PLPT/3050/All","logger":"task.stdout"}
{"timestamp":"2026-02-12T00:56:36.509373Z","level":"info","event":"Fetching URL: https://thecourseforum.com/course/PLPT/3220/All","logger":"task.stdout"}
{"timestamp":"2026-02-12T00:56:36.705632Z","level":"info","event":"Fetching URL: https://thecourseforum.com/course/PLPT/3500/All","logger":"task.stdout"}
{"timestamp":"2026-02-12T00:56:37.886435Z","level":"info","event":"Fetching URL: https://thecourseforum.com/course/PLPT/4110/All","logger":"task.stdout"}
{"timestamp":"2026-02-12T00:56:38.035995Z","level":"info","event":"Fetching URL: https://thecourseforum.com/course/PLPT/4500/All","logger":"task.stdout"}
{"timestamp":"2026-02-12T00:56:38.234415Z","level":"info","event":"Fetching URL: https://thecourseforum.com/course/PLPT/1010/All","logger":"task.stdout"}
{"timestamp":"2026-02-12T00:56:38.422616Z","level":"info","event":"Fetching URL: https://thecourseforum.com/course/PSYC/4500/All","logger":"task.stdout"}
{"timestamp":"2026-02-12T00:56:39.664777Z","level":"info","event":"Fetching URL: https://thecourseforum.com/course/PSYC/4580/All","logger":"task.stdout"}
{"timestamp":"2026-02-12T00:56:41.085642Z","level":"info","event":"Fetching URL: https://thecourseforum.com/course/PSYC/4640/All","logger":"task.stdout"}
{"timestamp":"2026-02-12T00:56:42.235490Z","level":"info","event":"Fetching URL: https://thecourseforum.com/course/PSYC/4645/All","logger":"task.stdout"}
{"timestamp":"2026-02-12T00:56:42.392064Z","level":"info","event":"Fetching URL: https://thecourseforum.com/course/PSYC/4980/All","logger":"task.stdout"}
{"timestamp":"2026-02-12T00:56:43.708590Z","level":"info","event":"Fetching URL: https://thecourseforum.com/course/PSYC/1020/All","logger":"task.stdout"}
{"timestamp":"2026-02-12T00:56:43.884882Z","level":"info","event":"Fetching URL: https://thecourseforum.com/course/PSYC/2005/All","logger":"task.stdout"}
{"timestamp":"2026-02-12T00:56:44.182416Z","level":"info","event":"Fetching URL: https://thecourseforum.com/course/PSYC/2150/All","logger":"task.stdout"}
{"timestamp":"2026-02-12T00:56:44.390592Z","level":"info","event":"Fetching URL: https://thecourseforum.com/course/PSYC/2200/All","logger":"task.stdout"}
{"timestamp":"2026-02-12T00:56:44.606814Z","level":"info","event":"Fetching URL: https://thecourseforum.com/course/PSYC/2410/All","logger":"task.stdout"}
{"timestamp":"2026-02-12T00:56:44.782860Z","level":"info","event":"Fetching URL: https://thecourseforum.com/course/PSYC/2600/All","logger":"task.stdout"}
{"timestamp":"2026-02-12T00:56:45.075463Z","level":"info","event":"Fetching URL: https://thecourseforum.com/course/PSYC/2700/All","logger":"task.stdout"}
{"timestamp":"2026-02-12T00:56:45.454461Z","level":"info","event":"Fetching URL: https://thecourseforum.com/course/PSYC/3160/All","logger":"task.stdout"}
{"timestamp":"2026-02-12T00:56:45.616454Z","level":"info","event":"Fetching URL: https://thecourseforum.com/course/PSYC/3200/All","logger":"task.stdout"}
{"timestamp":"2026-02-12T00:56:45.773614Z","level":"info","event":"Fetching URL: https://thecourseforum.com/course/PSYC/3310/All","logger":"task.stdout"}
{"timestamp":"2026-02-12T00:56:46.948366Z","level":"info","event":"Fetching URL: https://thecourseforum.com/course/PSYC/3415/All","logger":"task.stdout"}
{"timestamp":"2026-02-12T00:56:47.117422Z","level":"info","event":"Fetching URL: https://thecourseforum.com/course/PSYC/3420/All","logger":"task.stdout"}
{"timestamp":"2026-02-12T00:56:47.282472Z","level":"info","event":"Fetching URL: https://thecourseforum.com/course/PSYC/3440/All","logger":"task.stdout"}
{"timestamp":"2026-02-12T00:56:47.433876Z","level":"info","event":"Fetching URL: https://thecourseforum.com/course/PSYC/3445/All","logger":"task.stdout"}
{"timestamp":"2026-02-12T00:56:48.599928Z","level":"info","event":"Fetching URL: https://thecourseforum.com/course/PSYC/3490/All","logger":"task.stdout"}
{"timestamp":"2026-02-12T00:56:48.758939Z","level":"info","event":"Fetching URL: https://thecourseforum.com/course/PSYC/3500/All","logger":"task.stdout"}
{"timestamp":"2026-02-12T00:56:49.028635Z","level":"info","event":"Fetching URL: https://thecourseforum.com/course/PSYC/3560/All","logger":"task.stdout"}
{"timestamp":"2026-02-12T00:56:49.308745Z","level":"info","event":"Fetching URL: https://thecourseforum.com/course/PSYC/3006/All","logger":"task.stdout"}
{"timestamp":"2026-02-12T00:56:49.624247Z","level":"info","event":"Fetching URL: https://thecourseforum.com/course/PSYC/3590/All","logger":"task.stdout"}
{"timestamp":"2026-02-12T00:56:51.547578Z","level":"info","event":"Fetching URL: https://thecourseforum.com/course/PSYC/3990/All","logger":"task.stdout"}
{"timestamp":"2026-02-12T00:56:52.700775Z","level":"info","event":"Fetching URL: https://thecourseforum.com/course/PSYC/3991/All","logger":"task.stdout"}
{"timestamp":"2026-02-12T00:56:52.849084Z","level":"info","event":"Fetching URL: https://thecourseforum.com/course/PSYC/4100/All","logger":"task.stdout"}
{"timestamp":"2026-02-12T00:56:54.000885Z","level":"info","event":"Fetching URL: https://thecourseforum.com/course/PSYC/4110/All","logger":"task.stdout"}
{"timestamp":"2026-02-12T00:56:54.171393Z","level":"info","event":"Fetching URL: https://thecourseforum.com/course/PSYC/4200/All","logger":"task.stdout"}
{"timestamp":"2026-02-12T00:56:54.343514Z","level":"info","event":"Fetching URL: https://thecourseforum.com/course/PSYC/4310/All","logger":"task.stdout"}
{"timestamp":"2026-02-12T00:56:54.494305Z","level":"info","event":"Fetching URL: https://thecourseforum.com/course/RELA/2800/All","logger":"task.stdout"}
{"timestamp":"2026-02-12T00:56:55.650444Z","level":"info","event":"Fetching URL: https://thecourseforum.com/course/RELB/2067/All","logger":"task.stdout"}
{"timestamp":"2026-02-12T00:56:56.802433Z","level":"info","event":"Fetching URL: https://thecourseforum.com/course/RELB/2100/All","logger":"task.stdout"}
{"timestamp":"2026-02-12T00:56:57.043353Z","level":"info","event":"Fetching URL: https://thecourseforum.com/course/RELB/2559/All","logger":"task.stdout"}
{"timestamp":"2026-02-12T00:56:57.214807Z","level":"info","event":"Fetching URL: https://thecourseforum.com/course/RELB/2900/All","logger":"task.stdout"}
{"timestamp":"2026-02-12T00:56:57.404993Z","level":"info","event":"Fetching URL: https://thecourseforum.com/course/RELB/3180/All","logger":"task.stdout"}
{"timestamp":"2026-02-12T00:56:57.571007Z","level":"info","event":"Fetching URL: https://thecourseforum.com/course/RELB/3559/All","logger":"task.stdout"}
{"timestamp":"2026-02-12T00:56:57.729021Z","level":"info","event":"Fetching URL: https://thecourseforum.com/course/RELC/1210/All","logger":"task.stdout"}
{"timestamp":"2026-02-12T00:56:58.148170Z","level":"info","event":"Fetching URL: https://thecourseforum.com/course/RELC/2215/All","logger":"task.stdout"}
{"timestamp":"2026-02-12T00:56:58.421626Z","level":"info","event":"Fetching URL: https://thecourseforum.com/course/RELC/2360/All","logger":"task.stdout"}
{"timestamp":"2026-02-12T00:56:58.614511Z","level":"info","event":"Fetching URL: https://thecourseforum.com/course/RELC/2401/All","logger":"task.stdout"}
{"timestamp":"2026-02-12T00:56:58.865659Z","level":"info","event":"Fetching URL: https://thecourseforum.com/course/RELC/3030/All","logger":"task.stdout"}
{"timestamp":"2026-02-12T00:56:59.048181Z","level":"info","event":"Fetching URL: https://thecourseforum.com/course/RELC/3447/All","logger":"task.stdout"}
{"timestamp":"2026-02-12T00:56:59.219969Z","level":"info","event":"Fetching URL: https://thecourseforum.com/course/SOC/2280/All","logger":"task.stdout"}
{"timestamp":"2026-02-12T00:56:59.507534Z","level":"info","event":"Fetching URL: https://thecourseforum.com/course/SOC/2320/All","logger":"task.stdout"}
{"timestamp":"2026-02-12T00:57:01.006585Z","level":"info","event":"Fetching URL: https://thecourseforum.com/course/SOC/2442/All","logger":"task.stdout"}
{"timestamp":"2026-02-12T00:57:01.451234Z","level":"info","event":"Fetching URL: https://thecourseforum.com/course/SOC/2595/All","logger":"task.stdout"}
{"timestamp":"2026-02-12T00:57:02.029761Z","level":"info","event":"Fetching URL: https://thecourseforum.com/course/SOC/2900/All","logger":"task.stdout"}
{"timestamp":"2026-02-12T00:57:03.337212Z","level":"info","event":"Fetching URL: https://thecourseforum.com/course/SOC/3020/All","logger":"task.stdout"}
{"timestamp":"2026-02-12T00:57:04.653180Z","level":"info","event":"Fetching URL: https://thecourseforum.com/course/SOC/3130/All","logger":"task.stdout"}
{"timestamp":"2026-02-12T00:57:05.011979Z","level":"info","event":"Fetching URL: https://thecourseforum.com/course/SOC/3290/All","logger":"task.stdout"}
{"timestamp":"2026-02-12T00:57:05.251615Z","level":"info","event":"Fetching URL: https://thecourseforum.com/course/SOC/3320/All","logger":"task.stdout"}
{"timestamp":"2026-02-12T00:57:06.507435Z","level":"info","event":"Fetching URL: https://thecourseforum.com/course/SOC/3410/All","logger":"task.stdout"}
{"timestamp":"2026-02-12T00:57:07.770376Z","level":"info","event":"Fetching URL: https://thecourseforum.com/course/SOC/3490/All","logger":"task.stdout"}
{"timestamp":"2026-02-12T00:57:08.920860Z","level":"info","event":"Fetching URL: https://thecourseforum.com/course/SOC/3559/All","logger":"task.stdout"}
{"timestamp":"2026-02-12T00:57:10.162599Z","level":"info","event":"Fetching URL: https://thecourseforum.com/course/SOC/3820/All","logger":"task.stdout"}
{"timestamp":"2026-02-12T00:57:10.319501Z","level":"info","event":"Fetching URL: https://thecourseforum.com/course/SOC/4100/All","logger":"task.stdout"}
{"timestamp":"2026-02-12T00:57:11.493446Z","level":"info","event":"Fetching URL: https://thecourseforum.com/course/SOC/4400/All","logger":"task.stdout"}
{"timestamp":"2026-02-12T00:57:11.692545Z","level":"info","event":"Fetching URL: https://thecourseforum.com/course/SOC/4520/All","logger":"task.stdout"}
{"timestamp":"2026-02-12T00:57:11.840923Z","level":"info","event":"Fetching URL: https://thecourseforum.com/course/SOC/4530/All","logger":"task.stdout"}
{"timestamp":"2026-02-12T00:57:11.999669Z","level":"info","event":"Fetching URL: https://thecourseforum.com/course/SOC/4550/All","logger":"task.stdout"}
{"timestamp":"2026-02-12T00:57:12.185804Z","level":"info","event":"Fetching URL: https://thecourseforum.com/course/SOC/4559/All","logger":"task.stdout"}
{"timestamp":"2026-02-12T00:57:12.445252Z","level":"info","event":"Fetching URL: https://thecourseforum.com/course/SOC/4560/All","logger":"task.stdout"}
{"timestamp":"2026-02-12T00:57:12.744839Z","level":"info","event":"Fetching URL: https://thecourseforum.com/course/SOC/4970/All","logger":"task.stdout"}
{"timestamp":"2026-02-12T00:57:13.982818Z","level":"info","event":"Fetching URL: https://thecourseforum.com/course/SOC/4981/All","logger":"task.stdout"}
{"timestamp":"2026-02-12T00:57:14.193295Z","level":"info","event":"Fetching URL: https://thecourseforum.com/course/SOC/3056/All","logger":"task.stdout"}
{"timestamp":"2026-02-12T00:57:14.346994Z","level":"info","event":"Fetching URL: https://thecourseforum.com/course/SOC/1010/All","logger":"task.stdout"}
{"timestamp":"2026-02-12T00:57:14.613095Z","level":"info","event":"Fetching URL: https://thecourseforum.com/course/SOC/1220/All","logger":"task.stdout"}
{"timestamp":"2026-02-12T00:57:14.820016Z","level":"info","event":"Fetching URL: https://thecourseforum.com/course/SOC/2010/All","logger":"task.stdout"}
{"timestamp":"2026-02-12T00:57:14.969578Z","level":"info","event":"Fetching URL: https://thecourseforum.com/course/SOC/2052/All","logger":"task.stdout"}
{"timestamp":"2026-02-12T00:57:16.207710Z","level":"info","event":"Fetching URL: https://thecourseforum.com/course/SPAN/2020/All","logger":"task.stdout"}
{"timestamp":"2026-02-12T00:57:16.684178Z","level":"info","event":"Fetching URL: https://thecourseforum.com/course/SPAN/3000/All","logger":"task.stdout"}
{"timestamp":"2026-02-12T00:57:17.851562Z","level":"info","event":"Fetching URL: https://thecourseforum.com/course/SPAN/1020/All","logger":"task.stdout"}
{"timestamp":"2026-02-12T00:57:18.034752Z","level":"info","event":"Fetching URL: https://thecourseforum.com/course/SPAN/1060/All","logger":"task.stdout"}
{"timestamp":"2026-02-12T00:57:18.266254Z","level":"info","event":"Fetching URL: https://thecourseforum.com/course/SPAN/2010/All","logger":"task.stdout"}
{"timestamp":"2026-02-12T00:57:18.634636Z","level":"info","event":"Fetching URL: https://thecourseforum.com/course/SPAN/4040/All","logger":"task.stdout"}
{"timestamp":"2026-02-12T00:57:18.818880Z","level":"info","event":"Fetching URL: https://thecourseforum.com/course/SPAN/4202/All","logger":"task.stdout"}
{"timestamp":"2026-02-12T00:57:19.971627Z","level":"info","event":"Fetching URL: https://thecourseforum.com/course/SPAN/4203/All","logger":"task.stdout"}
{"timestamp":"2026-02-12T00:57:21.133038Z","level":"info","event":"Fetching URL: https://thecourseforum.com/course/SPAN/4210/All","logger":"task.stdout"}
{"timestamp":"2026-02-12T00:57:22.292673Z","level":"info","event":"Fetching URL: https://thecourseforum.com/course/SPAN/4520/All","logger":"task.stdout"}
{"timestamp":"2026-02-12T00:57:23.466308Z","level":"info","event":"Fetching URL: https://thecourseforum.com/course/SPAN/4530/All","logger":"task.stdout"}
{"timestamp":"2026-02-12T00:57:23.620728Z","level":"info","event":"Fetching URL: https://thecourseforum.com/course/SPAN/4559/All","logger":"task.stdout"}
{"timestamp":"2026-02-12T00:57:23.840451Z","level":"info","event":"Fetching URL: https://thecourseforum.com/course/SPAN/4710/All","logger":"task.stdout"}
{"timestamp":"2026-02-12T00:57:25.060380Z","level":"info","event":"Fetching URL: https://thecourseforum.com/course/SPAN/4800/All","logger":"task.stdout"}
{"timestamp":"2026-02-12T00:57:25.272888Z","level":"info","event":"Fetching URL: https://thecourseforum.com/course/SPAN/4989/All","logger":"task.stdout"}
{"timestamp":"2026-02-12T00:57:25.444263Z","level":"info","event":"Fetching URL: https://thecourseforum.com/course/SPAN/3010/All","logger":"task.stdout"}
{"timestamp":"2026-02-12T00:57:26.731836Z","level":"info","event":"Fetching URL: https://thecourseforum.com/course/SPAN/3015/All","logger":"task.stdout"}
{"timestamp":"2026-02-12T00:57:27.883129Z","level":"info","event":"Fetching URL: https://thecourseforum.com/course/SPAN/3030/All","logger":"task.stdout"}
{"timestamp":"2026-02-12T00:57:29.047261Z","level":"info","event":"Fetching URL: https://thecourseforum.com/course/SPAN/3040/All","logger":"task.stdout"}
{"timestamp":"2026-02-12T00:57:29.262382Z","level":"info","event":"Fetching URL: https://thecourseforum.com/course/SPAN/3050/All","logger":"task.stdout"}
{"timestamp":"2026-02-12T00:57:29.409960Z","level":"info","event":"Fetching URL: https://thecourseforum.com/course/SPAN/3070/All","logger":"task.stdout"}
{"timestamp":"2026-02-12T00:57:29.564084Z","level":"info","event":"Fetching URL: https://thecourseforum.com/course/SPAN/3200/All","logger":"task.stdout"}
{"timestamp":"2026-02-12T00:57:30.730311Z","level":"info","event":"Fetching URL: https://thecourseforum.com/course/SPAN/3300/All","logger":"task.stdout"}
{"timestamp":"2026-02-12T00:57:31.950312Z","level":"info","event":"Fetching URL: https://thecourseforum.com/course/SPAN/3400/All","logger":"task.stdout"}
{"timestamp":"2026-02-12T00:57:32.128224Z","level":"info","event":"Fetching URL: https://thecourseforum.com/course/SPAN/3410/All","logger":"task.stdout"}
{"timestamp":"2026-02-12T00:57:32.327537Z","level":"info","event":"Fetching URL: https://thecourseforum.com/course/SPAN/3420/All","logger":"task.stdout"}
{"timestamp":"2026-02-12T00:57:33.492598Z","level":"info","event":"Fetching URL: https://thecourseforum.com/course/SPAN/3430/All","logger":"task.stdout"}
{"timestamp":"2026-02-12T00:57:33.679551Z","level":"info","event":"Fetching URL: https://thecourseforum.com/course/STAT/4996/All","logger":"task.stdout"}
{"timestamp":"2026-02-12T00:57:33.853481Z","level":"info","event":"Fetching URL: https://thecourseforum.com/course/STAT/1100/All","logger":"task.stdout"}
{"timestamp":"2026-02-12T00:57:34.137525Z","level":"info","event":"Fetching URL: https://thecourseforum.com/course/STAT/1601/All","logger":"task.stdout"}
{"timestamp":"2026-02-12T00:57:35.313333Z","level":"info","event":"Fetching URL: https://thecourseforum.com/course/STAT/1602/All","logger":"task.stdout"}
{"timestamp":"2026-02-12T00:57:36.515125Z","level":"info","event":"Fetching URL: https://thecourseforum.com/course/STAT/2020/All","logger":"task.stdout"}
{"timestamp":"2026-02-12T00:57:36.795206Z","level":"info","event":"Fetching URL: https://thecourseforum.com/course/STAT/2120/All","logger":"task.stdout"}
{"timestamp":"2026-02-12T00:57:37.569692Z","level":"info","event":"Fetching URL: https://thecourseforum.com/course/STAT/3080/All","logger":"task.stdout"}
{"timestamp":"2026-02-12T00:57:37.807005Z","level":"info","event":"Fetching URL: https://thecourseforum.com/course/STAT/3110/All","logger":"task.stdout"}
{"timestamp":"2026-02-12T00:57:39.102394Z","level":"info","event":"Fetching URL: https://thecourseforum.com/course/STAT/3120/All","logger":"task.stdout"}
{"timestamp":"2026-02-12T00:57:39.490299Z","level":"info","event":"Fetching URL: https://thecourseforum.com/course/STAT/3220/All","logger":"task.stdout"}
{"timestamp":"2026-02-12T00:57:40.840151Z","level":"info","event":"Fetching URL: https://thecourseforum.com/course/STAT/3250/All","logger":"task.stdout"}
{"timestamp":"2026-02-12T00:57:41.058170Z","level":"info","event":"Fetching URL: https://thecourseforum.com/course/STAT/3280/All","logger":"task.stdout"}
{"timestamp":"2026-02-12T00:57:42.222061Z","level":"info","event":"Fetching URL: https://thecourseforum.com/course/STAT/3480/All","logger":"task.stdout"}
{"timestamp":"2026-02-12T00:57:42.403242Z","level":"info","event":"Fetching URL: https://thecourseforum.com/course/STAT/3559/All","logger":"task.stdout"}
{"timestamp":"2026-02-12T00:57:42.661022Z","level":"info","event":"Fetching URL: https://thecourseforum.com/course/STAT/4120/All","logger":"task.stdout"}
{"timestamp":"2026-02-12T00:57:42.855249Z","level":"info","event":"Fetching URL: https://thecourseforum.com/course/STAT/4160/All","logger":"task.stdout"}
{"timestamp":"2026-02-12T00:57:43.025586Z","level":"info","event":"Fetching URL: https://thecourseforum.com/course/STAT/4220/All","logger":"task.stdout"}
{"timestamp":"2026-02-12T00:57:43.227311Z","level":"info","event":"Fetching URL: https://thecourseforum.com/course/STAT/4993/All","logger":"task.stdout"}
{"timestamp":"2026-02-12T00:57:44.006997Z","level":"info","event":"Fetching URL: https://thecourseforum.com/course/STS/2050/All","logger":"task.stdout"}
{"timestamp":"2026-02-12T00:57:44.247222Z","level":"info","event":"Fetching URL: https://thecourseforum.com/course/STS/2600/All","logger":"task.stdout"}
{"timestamp":"2026-02-12T00:57:44.440706Z","level":"info","event":"Fetching URL: https://thecourseforum.com/course/STS/2620/All","logger":"task.stdout"}
{"timestamp":"2026-02-12T00:57:45.761224Z","level":"info","event":"Fetching URL: https://thecourseforum.com/course/STS/3020/All","logger":"task.stdout"}
{"timestamp":"2026-02-12T00:57:46.016635Z","level":"info","event":"Fetching URL: https://thecourseforum.com/course/STS/3300/All","logger":"task.stdout"}
{"timestamp":"2026-02-12T00:57:47.165064Z","level":"info","event":"Fetching URL: https://thecourseforum.com/course/STS/4500/All","logger":"task.stdout"}
{"timestamp":"2026-02-12T00:57:47.394244Z","level":"info","event":"Fetching URL: https://thecourseforum.com/course/STS/4600/All","logger":"task.stdout"}
{"timestamp":"2026-02-12T00:57:47.628577Z","level":"info","event":"Fetching URL: https://thecourseforum.com/course/SYS/4582/All","logger":"task.stdout"}
{"timestamp":"2026-02-12T00:57:47.856724Z","level":"info","event":"Fetching URL: https://thecourseforum.com/course/SYS/4995/All","logger":"task.stdout"}
{"timestamp":"2026-02-12T00:57:49.156730Z","level":"info","event":"Fetching URL: https://thecourseforum.com/course/SYS/3060/All","logger":"task.stdout"}
{"timestamp":"2026-02-12T00:57:50.321698Z","level":"info","event":"Fetching URL: https://thecourseforum.com/course/SYS/3062/All","logger":"task.stdout"}
{"timestamp":"2026-02-12T00:57:50.537815Z","level":"info","event":"Fetching URL: https://thecourseforum.com/course/SYS/2001/All","logger":"task.stdout"}
{"timestamp":"2026-02-12T00:57:50.733649Z","level":"info","event":"Fetching URL: https://thecourseforum.com/course/SYS/2202/All","logger":"task.stdout"}
{"timestamp":"2026-02-12T00:57:52.063436Z","level":"info","event":"Fetching URL: https://thecourseforum.com/course/SYS/2620/All","logger":"task.stdout"}
{"timestamp":"2026-02-12T00:57:52.529629Z","level":"info","event":"Fetching URL: https://thecourseforum.com/course/SYS/3034/All","logger":"task.stdout"}
{"timestamp":"2026-02-12T00:57:53.716309Z","level":"info","event":"Fetching URL: https://thecourseforum.com/course/SYS/4050/All","logger":"task.stdout"}
{"timestamp":"2026-02-12T00:57:54.872773Z","level":"info","event":"Fetching URL: https://thecourseforum.com/course/SYS/4053/All","logger":"task.stdout"}
{"timestamp":"2026-02-12T00:57:55.387665Z","level":"info","event":"Fetching URL: https://thecourseforum.com/course/SYS/4054/All","logger":"task.stdout"}
{"timestamp":"2026-02-12T00:57:56.832459Z","level":"info","event":"Fetching URL: https://thecourseforum.com/course/TURK/2020/All","logger":"task.stdout"}
{"timestamp":"2026-02-12T00:57:56.998181Z","level":"info","event":"Fetching URL: https://thecourseforum.com/course/TURK/3020/All","logger":"task.stdout"}
{"timestamp":"2026-02-12T00:57:57.143847Z","level":"info","event":"Fetching URL: https://thecourseforum.com/course/UNST/1220/All","logger":"task.stdout"}
{"timestamp":"2026-02-12T00:57:57.330364Z","level":"info","event":"Fetching URL: https://thecourseforum.com/course/UNST/1410/All","logger":"task.stdout"}
{"timestamp":"2026-02-12T00:57:57.503406Z","level":"info","event":"Fetching URL: https://thecourseforum.com/course/UNST/2811/All","logger":"task.stdout"}
{"timestamp":"2026-02-12T00:57:57.683505Z","level":"info","event":"Fetching URL: https://thecourseforum.com/course/UNST/3910/All","logger":"task.stdout"}
{"timestamp":"2026-02-12T00:57:57.855481Z","level":"info","event":"Fetching URL: https://thecourseforum.com/course/UNST/3920/All","logger":"task.stdout"}
{"timestamp":"2026-02-12T00:57:58.263623Z","level":"info","event":"Fetching URL: https://thecourseforum.com/course/URDU/2020/All","logger":"task.stdout"}
{"timestamp":"2026-02-12T00:57:58.416690Z","level":"info","event":"Fetching URL: https://thecourseforum.com/course/URDU/3050/All","logger":"task.stdout"}
{"timestamp":"2026-02-12T00:57:58.566090Z","level":"info","event":"Fetching URL: https://thecourseforum.com/course/URDU/4993/All","logger":"task.stdout"}
{"timestamp":"2026-02-12T00:57:58.763523Z","level":"info","event":"Fetching URL: https://thecourseforum.com/course/USEM/1570/All","logger":"task.stdout"}
{"timestamp":"2026-02-12T00:57:59.015833Z","level":"info","event":"Fetching URL: https://thecourseforum.com/course/USEM/2570/All","logger":"task.stdout"}
{"timestamp":"2026-02-12T00:57:59.199640Z","level":"info","event":"Fetching URL: https://thecourseforum.com/course/WGS/2100/All","logger":"task.stdout"}
{"timestamp":"2026-02-12T00:57:59.440011Z","level":"info","event":"Fetching URL: https://thecourseforum.com/course/WGS/3993/All","logger":"task.stdout"}
{"timestamp":"2026-02-12T00:57:59.617454Z","level":"info","event":"Fetching URL: https://thecourseforum.com/course/WGS/2559/All","logger":"task.stdout"}
{"timestamp":"2026-02-12T00:57:59.809100Z","level":"info","event":"Fetching URL: https://thecourseforum.com/course/WGS/2600/All","logger":"task.stdout"}
{"timestamp":"2026-02-12T00:57:59.958145Z","level":"info","event":"Fetching URL: https://thecourseforum.com/course/WGS/2700/All","logger":"task.stdout"}
{"timestamp":"2026-02-12T00:58:00.235061Z","level":"info","event":"Fetching URL: https://thecourseforum.com/course/WGS/3100/All","logger":"task.stdout"}
{"timestamp":"2026-02-12T00:58:00.425383Z","level":"info","event":"Fetching URL: https://thecourseforum.com/course/WGS/3125/All","logger":"task.stdout"}
{"timestamp":"2026-02-12T00:58:00.705390Z","level":"info","event":"Fetching URL: https://thecourseforum.com/course/WGS/3150/All","logger":"task.stdout"}
{"timestamp":"2026-02-12T00:58:00.866496Z","level":"info","event":"Fetching URL: https://thecourseforum.com/course/WGS/3230/All","logger":"task.stdout"}
{"timestamp":"2026-02-12T00:58:01.034354Z","level":"info","event":"Fetching URL: https://thecourseforum.com/course/WGS/3500/All","logger":"task.stdout"}
{"timestamp":"2026-02-12T00:58:01.217983Z","level":"info","event":"Fetching URL: https://thecourseforum.com/course/WGS/3600/All","logger":"task.stdout"}
{"timestamp":"2026-02-12T00:58:01.419804Z","level":"info","event":"Fetching URL: https://thecourseforum.com/course/WGS/3612/All","logger":"task.stdout"}
{"timestamp":"2026-02-12T00:58:01.653541Z","level":"info","event":"Fetching URL: https://thecourseforum.com/course/WGS/3896/All","logger":"task.stdout"}
{"timestamp":"2026-02-12T00:58:01.752209Z","level":"info","event":"Fetching URL: https://thecourseforum.com/course/WGS/4500/All","logger":"task.stdout"}
{"timestamp":"2026-02-12T00:58:02.064131Z","level":"info","event":"Fetching URL: https://thecourseforum.com/course/WGS/4800/All","logger":"task.stdout"}
{"timestamp":"2026-02-12T00:58:02.268701Z","level":"info","event":"Fetching URL: https://thecourseforum.com/course/WGS/4820/All","logger":"task.stdout"}
{"timestamp":"2026-02-12T00:58:02.548936Z","level":"info","event":"Fetching URL: https://thecourseforum.com/course/WGS/4999/All","logger":"task.stdout"}
{"timestamp":"2026-02-12T00:58:02.756089Z","level":"info","event":"Fetching URL: https://thecourseforum.com/course/AMST/2421/All","logger":"task.stdout"}
{"timestamp":"2026-02-12T00:58:02.930138Z","level":"info","event":"Fetching URL: https://thecourseforum.com/course/AMST/2500/All","logger":"task.stdout"}
{"timestamp":"2026-02-12T00:58:03.168909Z","level":"info","event":"Fetching URL: https://thecourseforum.com/course/AMST/2559/All","logger":"task.stdout"}
{"timestamp":"2026-02-12T00:58:03.353190Z","level":"info","event":"Fetching URL: https://thecourseforum.com/course/AMST/3001/All","logger":"task.stdout"}
{"timestamp":"2026-02-12T00:58:03.544910Z","level":"info","event":"Fetching URL: https://thecourseforum.com/course/AMST/3180/All","logger":"task.stdout"}
{"timestamp":"2026-02-12T00:58:03.724452Z","level":"info","event":"Fetching URL: https://thecourseforum.com/course/AMST/3280/All","logger":"task.stdout"}
{"timestamp":"2026-02-12T00:58:03.879524Z","level":"info","event":"Fetching URL: https://thecourseforum.com/course/AMST/3326/All","logger":"task.stdout"}
{"timestamp":"2026-02-12T00:58:04.050908Z","level":"info","event":"Fetching URL: https://thecourseforum.com/course/AMST/3428/All","logger":"task.stdout"}
{"timestamp":"2026-02-12T00:58:04.208757Z","level":"info","event":"Fetching URL: https://thecourseforum.com/course/AMST/3481/All","logger":"task.stdout"}
{"timestamp":"2026-02-12T00:58:04.374428Z","level":"info","event":"Fetching URL: https://thecourseforum.com/course/AMST/3500/All","logger":"task.stdout"}
{"timestamp":"2026-02-12T00:58:04.633958Z","level":"info","event":"Fetching URL: https://thecourseforum.com/course/AMST/3559/All","logger":"task.stdout"}
{"timestamp":"2026-02-12T00:58:05.012403Z","level":"info","event":"Fetching URL: https://thecourseforum.com/course/AMST/3630/All","logger":"task.stdout"}
{"timestamp":"2026-02-12T00:58:06.001514Z","level":"info","event":"Fetching URL: https://thecourseforum.com/course/AMST/3740/All","logger":"task.stdout"}
{"timestamp":"2026-02-12T00:58:06.264929Z","level":"info","event":"Fetching URL: https://thecourseforum.com/course/AMST/3750/All","logger":"task.stdout"}
{"timestamp":"2026-02-12T00:58:06.448284Z","level":"info","event":"Fetching URL: https://thecourseforum.com/course/AMST/3790/All","logger":"task.stdout"}
{"timestamp":"2026-02-12T00:58:06.627937Z","level":"info","event":"Fetching URL: https://thecourseforum.com/course/AMST/4500/All","logger":"task.stdout"}
{"timestamp":"2026-02-12T00:58:06.884292Z","level":"info","event":"Fetching URL: https://thecourseforum.com/course/AMST/4559/All","logger":"task.stdout"}
{"timestamp":"2026-02-12T00:58:07.113592Z","level":"info","event":"Fetching URL: https://thecourseforum.com/course/AMST/4893/All","logger":"task.stdout"}
{"timestamp":"2026-02-12T00:58:07.282840Z","level":"info","event":"Fetching URL: https://thecourseforum.com/course/AMST/4993/All","logger":"task.stdout"}
{"timestamp":"2026-02-12T00:58:07.513463Z","level":"info","event":"Fetching URL: https://thecourseforum.com/course/AMST/4999/All","logger":"task.stdout"}
{"timestamp":"2026-02-12T00:58:07.763304Z","level":"info","event":"Fetching URL: https://thecourseforum.com/course/GDS/3113/All","logger":"task.stdout"}
{"timestamp":"2026-02-12T00:58:07.944948Z","level":"info","event":"Fetching URL: https://thecourseforum.com/course/GDS/3010/All","logger":"task.stdout"}
{"timestamp":"2026-02-12T00:58:08.114841Z","level":"info","event":"Fetching URL: https://thecourseforum.com/course/GDS/3114/All","logger":"task.stdout"}
{"timestamp":"2026-02-12T00:58:08.572201Z","level":"info","event":"Fetching URL: https://thecourseforum.com/course/GDS/4952/All","logger":"task.stdout"}
{"timestamp":"2026-02-12T00:58:08.760755Z","level":"info","event":"Fetching URL: https://thecourseforum.com/course/GDS/4991/All","logger":"task.stdout"}
{"timestamp":"2026-02-12T00:58:08.925481Z","level":"info","event":"Fetching URL: https://thecourseforum.com/course/GDS/4993/All","logger":"task.stdout"}
{"timestamp":"2026-02-12T00:58:09.152697Z","level":"info","event":"Fetching URL: https://thecourseforum.com/course/AAS/1020/All","logger":"task.stdout"}
{"timestamp":"2026-02-12T00:58:09.432895Z","level":"info","event":"Fetching URL: https://thecourseforum.com/course/AAS/2500/All","logger":"task.stdout"}
{"timestamp":"2026-02-12T00:58:09.614040Z","level":"info","event":"Fetching URL: https://thecourseforum.com/course/AAS/2710/All","logger":"task.stdout"}
{"timestamp":"2026-02-12T00:58:09.808409Z","level":"info","event":"Fetching URL: https://thecourseforum.com/course/AAS/3113/All","logger":"task.stdout"}
{"timestamp":"2026-02-12T00:58:10.961629Z","level":"info","event":"Fetching URL: https://thecourseforum.com/course/AAS/3157/All","logger":"task.stdout"}
{"timestamp":"2026-02-12T00:58:12.123405Z","level":"info","event":"Fetching URL: https://thecourseforum.com/course/AAS/3160/All","logger":"task.stdout"}
{"timestamp":"2026-02-12T00:58:12.275500Z","level":"info","event":"Fetching URL: https://thecourseforum.com/course/AAS/3500/All","logger":"task.stdout"}
{"timestamp":"2026-02-12T00:58:12.504591Z","level":"info","event":"Fetching URL: https://thecourseforum.com/course/AAS/3760/All","logger":"task.stdout"}
{"timestamp":"2026-02-12T00:58:12.758583Z","level":"info","event":"Fetching URL: https://thecourseforum.com/course/AAS/4080/All","logger":"task.stdout"}
{"timestamp":"2026-02-12T00:58:13.131980Z","level":"info","event":"Fetching URL: https://thecourseforum.com/course/AAS/4570/All","logger":"task.stdout"}
{"timestamp":"2026-02-12T00:58:13.337576Z","level":"info","event":"Fetching URL: https://thecourseforum.com/course/AAS/4993/All","logger":"task.stdout"}
{"timestamp":"2026-02-12T00:58:14.539908Z","level":"info","event":"Fetching URL: https://thecourseforum.com/course/ACCT/3010/All","logger":"task.stdout"}
{"timestamp":"2026-02-12T00:58:15.706601Z","level":"info","event":"Fetching URL: https://thecourseforum.com/course/AIRS/100/All","logger":"task.stdout"}
{"timestamp":"2026-02-12T00:58:16.049882Z","level":"info","event":"Fetching URL: https://thecourseforum.com/course/AIRS/1200/All","logger":"task.stdout"}
{"timestamp":"2026-02-12T00:58:17.206722Z","level":"info","event":"Fetching URL: https://thecourseforum.com/course/AIRS/2200/All","logger":"task.stdout"}
{"timestamp":"2026-02-12T00:58:18.372656Z","level":"info","event":"Fetching URL: https://thecourseforum.com/course/AIRS/3200/All","logger":"task.stdout"}
{"timestamp":"2026-02-12T00:58:18.604599Z","level":"info","event":"Fetching URL: https://thecourseforum.com/course/AIRS/4200/All","logger":"task.stdout"}
{"timestamp":"2026-02-12T00:58:19.773769Z","level":"info","event":"Fetching URL: https://thecourseforum.com/course/ANTH/2280/All","logger":"task.stdout"}
{"timestamp":"2026-02-12T00:58:19.985635Z","level":"info","event":"Fetching URL: https://thecourseforum.com/course/ANTH/2325/All","logger":"task.stdout"}
{"timestamp":"2026-02-12T00:58:21.148627Z","level":"info","event":"Fetching URL: https://thecourseforum.com/course/ANTH/2440/All","logger":"task.stdout"}
{"timestamp":"2026-02-12T00:58:21.315150Z","level":"info","event":"Fetching URL: https://thecourseforum.com/course/ANTH/2450/All","logger":"task.stdout"}
{"timestamp":"2026-02-12T00:58:21.523459Z","level":"info","event":"Fetching URL: https://thecourseforum.com/course/ANTH/2650/All","logger":"task.stdout"}
{"timestamp":"2026-02-12T00:58:22.143484Z","level":"info","event":"Fetching URL: https://thecourseforum.com/course/ANTH/2820/All","logger":"task.stdout"}
{"timestamp":"2026-02-12T00:58:23.432389Z","level":"info","event":"Fetching URL: https://thecourseforum.com/course/ANTH/3020/All","logger":"task.stdout"}
{"timestamp":"2026-02-12T00:58:23.609776Z","level":"info","event":"Fetching URL: https://thecourseforum.com/course/ANTH/3275/All","logger":"task.stdout"}
{"timestamp":"2026-02-12T00:58:23.777559Z","level":"info","event":"Fetching URL: https://thecourseforum.com/course/ANTH/3280/All","logger":"task.stdout"}
{"timestamp":"2026-02-12T00:58:23.931115Z","level":"info","event":"Fetching URL: https://thecourseforum.com/course/ANTH/3330/All","logger":"task.stdout"}
{"timestamp":"2026-02-12T00:58:24.393505Z","level":"info","event":"Fetching URL: https://thecourseforum.com/course/ANTH/3360/All","logger":"task.stdout"}
{"timestamp":"2026-02-12T00:58:25.648630Z","level":"info","event":"Fetching URL: https://thecourseforum.com/course/ANTH/3541/All","logger":"task.stdout"}
{"timestamp":"2026-02-12T00:58:25.815744Z","level":"info","event":"Fetching URL: https://thecourseforum.com/course/ANTH/3559/All","logger":"task.stdout"}
{"timestamp":"2026-02-12T00:58:27.000309Z","level":"info","event":"Fetching URL: https://thecourseforum.com/course/ANTH/3590/All","logger":"task.stdout"}
{"timestamp":"2026-02-12T00:58:28.208283Z","level":"info","event":"Fetching URL: https://thecourseforum.com/course/ANTH/3885/All","logger":"task.stdout"}
{"timestamp":"2026-02-12T00:58:28.360144Z","level":"info","event":"Fetching URL: https://thecourseforum.com/course/ANTH/3915/All","logger":"task.stdout"}
{"timestamp":"2026-02-12T00:58:28.510051Z","level":"info","event":"Fetching URL: https://thecourseforum.com/course/ANTH/4591/All","logger":"task.stdout"}
{"timestamp":"2026-02-12T00:58:28.709059Z","level":"info","event":"Fetching URL: https://thecourseforum.com/course/ANTH/4993/All","logger":"task.stdout"}
{"timestamp":"2026-02-12T00:58:29.044859Z","level":"info","event":"Fetching URL: https://thecourseforum.com/course/ANTH/4999/All","logger":"task.stdout"}
{"timestamp":"2026-02-12T00:58:29.347410Z","level":"info","event":"Fetching URL: https://thecourseforum.com/course/ANTH/1010/All","logger":"task.stdout"}
{"timestamp":"2026-02-12T00:58:29.612549Z","level":"info","event":"Fetching URL: https://thecourseforum.com/course/ANTH/2120/All","logger":"task.stdout"}
{"timestamp":"2026-02-12T00:58:30.932920Z","level":"info","event":"Fetching URL: https://thecourseforum.com/course/ARAB/1020/All","logger":"task.stdout"}
{"timestamp":"2026-02-12T00:58:31.194743Z","level":"info","event":"Fetching URL: https://thecourseforum.com/course/ARAB/2020/All","logger":"task.stdout"}
{"timestamp":"2026-02-12T00:58:31.408062Z","level":"info","event":"Fetching URL: https://thecourseforum.com/course/ARAB/2060/All","logger":"task.stdout"}
{"timestamp":"2026-02-12T00:58:32.557172Z","level":"info","event":"Fetching URL: https://thecourseforum.com/course/ARAB/2250/All","logger":"task.stdout"}
{"timestamp":"2026-02-12T00:58:33.709879Z","level":"info","event":"Fetching URL: https://thecourseforum.com/course/ARAB/3020/All","logger":"task.stdout"}
{"timestamp":"2026-02-12T00:58:33.876884Z","level":"info","event":"Fetching URL: https://thecourseforum.com/course/ARAB/3259/All","logger":"task.stdout"}
{"timestamp":"2026-02-12T00:58:35.047105Z","level":"info","event":"Fetching URL: https://thecourseforum.com/course/ARAB/4020/All","logger":"task.stdout"}
{"timestamp":"2026-02-12T00:58:35.209963Z","level":"info","event":"Fetching URL: https://thecourseforum.com/course/ARAB/4120/All","logger":"task.stdout"}
{"timestamp":"2026-02-12T00:58:35.365055Z","level":"info","event":"Fetching URL: https://thecourseforum.com/course/ARAD/3550/All","logger":"task.stdout"}
{"timestamp":"2026-02-12T00:58:35.537930Z","level":"info","event":"Fetching URL: https://thecourseforum.com/course/ARAD/4559/All","logger":"task.stdout"}
{"timestamp":"2026-02-12T00:58:35.719588Z","level":"info","event":"Fetching URL: https://thecourseforum.com/course/ARCH/1030/All","logger":"task.stdout"}
{"timestamp":"2026-02-12T00:58:35.932658Z","level":"info","event":"Fetching URL: https://thecourseforum.com/course/ARCH/2020/All","logger":"task.stdout"}
{"timestamp":"2026-02-12T00:58:36.140826Z","level":"info","event":"Fetching URL: https://thecourseforum.com/course/ARCH/2070/All","logger":"task.stdout"}
{"timestamp":"2026-02-12T00:58:37.302314Z","level":"info","event":"Fetching URL: https://thecourseforum.com/course/ARCH/2114/All","logger":"task.stdout"}
{"timestamp":"2026-02-12T00:58:37.458393Z","level":"info","event":"Fetching URL: https://thecourseforum.com/course/ARCH/2715/All","logger":"task.stdout"}
{"timestamp":"2026-02-12T00:58:38.617531Z","level":"info","event":"Fetching URL: https://thecourseforum.com/course/ARCH/3020/All","logger":"task.stdout"}
{"timestamp":"2026-02-12T00:58:38.886292Z","level":"info","event":"Fetching URL: https://thecourseforum.com/course/ARCH/3260/All","logger":"task.stdout"}
{"timestamp":"2026-02-12T00:58:39.061730Z","level":"info","event":"Fetching URL: https://thecourseforum.com/course/ARCH/4020/All","logger":"task.stdout"}
{"timestamp":"2026-02-12T00:58:39.267351Z","level":"info","event":"Fetching URL: https://thecourseforum.com/course/ARCH/4500/All","logger":"task.stdout"}
{"timestamp":"2026-02-12T00:58:39.457038Z","level":"info","event":"Fetching URL: https://thecourseforum.com/course/ARCH/4993/All","logger":"task.stdout"}
{"timestamp":"2026-02-12T00:58:39.705146Z","level":"info","event":"Fetching URL: https://thecourseforum.com/course/ARCH/4995/All","logger":"task.stdout"}
{"timestamp":"2026-02-12T00:58:41.204066Z","level":"info","event":"Fetching URL: https://thecourseforum.com/course/ARCY/3993/All","logger":"task.stdout"}
{"timestamp":"2026-02-12T00:58:41.404485Z","level":"info","event":"Fetching URL: https://thecourseforum.com/course/ARCY/4999/All","logger":"task.stdout"}
{"timestamp":"2026-02-12T00:58:41.578445Z","level":"info","event":"Fetching URL: https://thecourseforum.com/course/ARTH/4591/All","logger":"task.stdout"}
{"timestamp":"2026-02-12T00:58:43.082649Z","level":"info","event":"Fetching URL: https://thecourseforum.com/course/ARTH/4952/All","logger":"task.stdout"}
{"timestamp":"2026-02-12T00:58:44.320168Z","level":"info","event":"Fetching URL: https://thecourseforum.com/course/ARTH/4999/All","logger":"task.stdout"}
{"timestamp":"2026-02-12T00:58:44.539752Z","level":"info","event":"Fetching URL: https://thecourseforum.com/course/ARTH/1153/All","logger":"task.stdout"}
{"timestamp":"2026-02-12T00:58:44.939195Z","level":"info","event":"Fetching URL: https://thecourseforum.com/course/ARTH/1500/All","logger":"task.stdout"}
{"timestamp":"2026-02-12T00:58:45.256171Z","level":"info","event":"Fetching URL: https://thecourseforum.com/course/ARTH/1861/All","logger":"task.stdout"}
{"timestamp":"2026-02-12T00:58:45.412919Z","level":"info","event":"Fetching URL: https://thecourseforum.com/course/ARTH/2054/All","logger":"task.stdout"}
{"timestamp":"2026-02-12T00:58:46.708143Z","level":"info","event":"Fetching URL: https://thecourseforum.com/course/ARTH/2055/All","logger":"task.stdout"}
{"timestamp":"2026-02-12T00:58:46.983983Z","level":"info","event":"Fetching URL: https://thecourseforum.com/course/ARTH/2056/All","logger":"task.stdout"}
{"timestamp":"2026-02-12T00:58:47.134714Z","level":"info","event":"Fetching URL: https://thecourseforum.com/course/ARTH/2151/All","logger":"task.stdout"}
{"timestamp":"2026-02-12T00:58:48.276898Z","level":"info","event":"Fetching URL: https://thecourseforum.com/course/ARTH/2745/All","logger":"task.stdout"}
{"timestamp":"2026-02-12T00:58:48.426697Z","level":"info","event":"Fetching URL: https://thecourseforum.com/course/ARTH/2961/All","logger":"task.stdout"}
{"timestamp":"2026-02-12T00:58:48.580494Z","level":"info","event":"Fetching URL: https://thecourseforum.com/course/ARTH/3591/All","logger":"task.stdout"}
{"timestamp":"2026-02-12T00:58:48.944482Z","level":"info","event":"Fetching URL: https://thecourseforum.com/course/ARTH/3595/All","logger":"task.stdout"}
{"timestamp":"2026-02-12T00:58:50.118916Z","level":"info","event":"Fetching URL: https://thecourseforum.com/course/ARTS/2000/All","logger":"task.stdout"}
{"timestamp":"2026-02-12T00:58:51.299971Z","level":"info","event":"Fetching URL: https://thecourseforum.com/course/ARTS/2112/All","logger":"task.stdout"}
{"timestamp":"2026-02-12T00:58:52.531227Z","level":"info","event":"Fetching URL: https://thecourseforum.com/course/ARTS/2220/All","logger":"task.stdout"}
{"timestamp":"2026-02-12T00:58:52.756213Z","level":"info","event":"Fetching URL: https://thecourseforum.com/course/ARTS/2222/All","logger":"task.stdout"}
{"timestamp":"2026-02-12T00:58:53.162286Z","level":"info","event":"Fetching URL: https://thecourseforum.com/course/ARTS/2372/All","logger":"task.stdout"}
{"timestamp":"2026-02-12T00:58:54.318679Z","level":"info","event":"Fetching URL: https://thecourseforum.com/course/ARTS/2559/All","logger":"task.stdout"}
{"timestamp":"2026-02-12T00:58:54.504788Z","level":"info","event":"Fetching URL: https://thecourseforum.com/course/ARTS/2610/All","logger":"task.stdout"}
{"timestamp":"2026-02-12T00:58:54.708844Z","level":"info","event":"Fetching URL: https://thecourseforum.com/course/ARTS/2632/All","logger":"task.stdout"}
{"timestamp":"2026-02-12T00:58:54.862144Z","level":"info","event":"Fetching URL: https://thecourseforum.com/course/ARTS/2670/All","logger":"task.stdout"}
{"timestamp":"2026-02-12T00:58:56.113849Z","level":"info","event":"Fetching URL: https://thecourseforum.com/course/ARTS/2672/All","logger":"task.stdout"}
{"timestamp":"2026-02-12T00:58:57.284276Z","level":"info","event":"Fetching URL: https://thecourseforum.com/course/ARTS/2710/All","logger":"task.stdout"}
{"timestamp":"2026-02-12T00:58:57.441377Z","level":"info","event":"Fetching URL: https://thecourseforum.com/course/ARTS/2712/All","logger":"task.stdout"}
{"timestamp":"2026-02-12T00:58:58.611329Z","level":"info","event":"Fetching URL: https://thecourseforum.com/course/ARTS/2810/All","logger":"task.stdout"}
{"timestamp":"2026-02-12T00:58:59.780149Z","level":"info","event":"Fetching URL: https://thecourseforum.com/course/ARTS/2812/All","logger":"task.stdout"}
{"timestamp":"2026-02-12T00:58:59.949009Z","level":"info","event":"Fetching URL: https://thecourseforum.com/course/ARTS/3112/All","logger":"task.stdout"}
{"timestamp":"2026-02-12T00:59:01.113484Z","level":"info","event":"Fetching URL: https://thecourseforum.com/course/ARTS/3372/All","logger":"task.stdout"}
{"timestamp":"2026-02-12T00:59:02.344868Z","level":"info","event":"Fetching URL: https://thecourseforum.com/course/ARTS/3672/All","logger":"task.stdout"}
{"timestamp":"2026-02-12T00:59:02.665400Z","level":"info","event":"Fetching URL: https://thecourseforum.com/course/ARTS/3712/All","logger":"task.stdout"}
{"timestamp":"2026-02-12T00:59:02.844758Z","level":"info","event":"Fetching URL: https://thecourseforum.com/course/ARTS/4112/All","logger":"task.stdout"}
{"timestamp":"2026-02-12T00:59:03.189330Z","level":"info","event":"Fetching URL: https://thecourseforum.com/course/ARTS/4222/All","logger":"task.stdout"}
{"timestamp":"2026-02-12T00:59:03.435506Z","level":"info","event":"Fetching URL: https://thecourseforum.com/course/ARTS/4372/All","logger":"task.stdout"}
{"timestamp":"2026-02-12T00:59:03.598725Z","level":"info","event":"Fetching URL: https://thecourseforum.com/course/ARTS/4452/All","logger":"task.stdout"}
{"timestamp":"2026-02-12T00:59:04.763881Z","level":"info","event":"Fetching URL: https://thecourseforum.com/course/ARTS/4672/All","logger":"task.stdout"}
{"timestamp":"2026-02-12T00:59:04.919877Z","level":"info","event":"Fetching URL: https://thecourseforum.com/course/ARTS/4712/All","logger":"task.stdout"}
{"timestamp":"2026-02-12T00:59:05.106862Z","level":"info","event":"Fetching URL: https://thecourseforum.com/course/ARTS/4900/All","logger":"task.stdout"}
{"timestamp":"2026-02-12T00:59:06.392228Z","level":"info","event":"Fetching URL: https://thecourseforum.com/course/BME/2000/All","logger":"task.stdout"}
{"timestamp":"2026-02-12T00:59:07.626852Z","level":"info","event":"Fetching URL: https://thecourseforum.com/course/BME/2101/All","logger":"task.stdout"}
{"timestamp":"2026-02-12T00:59:07.858346Z","level":"info","event":"Fetching URL: https://thecourseforum.com/course/BME/2102/All","logger":"task.stdout"}
{"timestamp":"2026-02-12T00:59:09.034173Z","level":"info","event":"Fetching URL: https://thecourseforum.com/course/BME/2104/All","logger":"task.stdout"}
{"timestamp":"2026-02-12T00:59:10.195899Z","level":"info","event":"Fetching URL: https://thecourseforum.com/course/BME/2220/All","logger":"task.stdout"}
{"timestamp":"2026-02-12T00:59:11.365938Z","level":"info","event":"Fetching URL: https://thecourseforum.com/course/BME/3240/All","logger":"task.stdout"}
{"timestamp":"2026-02-12T00:59:12.548520Z","level":"info","event":"Fetching URL: https://thecourseforum.com/course/BME/4995/All","logger":"task.stdout"}
{"timestamp":"2026-02-12T00:59:13.290300Z","level":"info","event":"Fetching URL: https://thecourseforum.com/course/BME/2315/All","logger":"task.stdout"}
{"timestamp":"2026-02-12T00:59:13.654556Z","level":"info","event":"Fetching URL: https://thecourseforum.com/course/BME/3040/All","logger":"task.stdout"}
{"timestamp":"2026-02-12T00:59:13.925923Z","level":"info","event":"Fetching URL: https://thecourseforum.com/course/BME/3090/All","logger":"task.stdout"}
{"timestamp":"2026-02-12T00:59:14.365091Z","level":"info","event":"Fetching URL: https://thecourseforum.com/course/BME/3310/All","logger":"task.stdout"}
{"timestamp":"2026-02-12T00:59:14.520791Z","level":"info","event":"Fetching URL: https://thecourseforum.com/course/BME/4064/All","logger":"task.stdout"}
{"timestamp":"2026-02-12T00:59:14.697015Z","level":"info","event":"Fetching URL: https://thecourseforum.com/course/BME/4280/All","logger":"task.stdout"}
{"timestamp":"2026-02-12T00:59:14.848171Z","level":"info","event":"Fetching URL: https://thecourseforum.com/course/BME/4315/All","logger":"task.stdout"}
{"timestamp":"2026-02-12T00:59:15.006155Z","level":"info","event":"Fetching URL: https://thecourseforum.com/course/BME/4350/All","logger":"task.stdout"}
{"timestamp":"2026-02-12T00:59:15.283456Z","level":"info","event":"Fetching URL: https://thecourseforum.com/course/BME/4370/All","logger":"task.stdout"}
{"timestamp":"2026-02-12T00:59:15.544471Z","level":"info","event":"Fetching URL: https://thecourseforum.com/course/BME/4380/All","logger":"task.stdout"}
{"timestamp":"2026-02-12T00:59:15.802329Z","level":"info","event":"Fetching URL: https://thecourseforum.com/course/BME/4417/All","logger":"task.stdout"}
{"timestamp":"2026-02-12T00:59:16.052377Z","level":"info","event":"Fetching URL: https://thecourseforum.com/course/BME/4550/All","logger":"task.stdout"}
{"timestamp":"2026-02-12T00:59:16.248152Z","level":"info","event":"Fetching URL: https://thecourseforum.com/course/BME/4890/All","logger":"task.stdout"}
{"timestamp":"2026-02-12T00:59:16.405154Z","level":"info","event":"Fetching URL: https://thecourseforum.com/course/BME/4993/All","logger":"task.stdout"}
{"timestamp":"2026-02-12T00:59:16.592974Z","level":"info","event":"Fetching URL: https://thecourseforum.com/course/CASS/1011/All","logger":"task.stdout"}
{"timestamp":"2026-02-12T00:59:16.761093Z","level":"info","event":"Fetching URL: https://thecourseforum.com/course/CHEM/1420/All","logger":"task.stdout"}
{"timestamp":"2026-02-12T00:59:17.305037Z","level":"info","event":"Fetching URL: https://thecourseforum.com/course/CHEM/1421/All","logger":"task.stdout"}
{"timestamp":"2026-02-12T00:59:18.686044Z","level":"info","event":"Fetching URL: https://thecourseforum.com/course/CHEM/1500/All","logger":"task.stdout"}
{"timestamp":"2026-02-12T00:59:19.037791Z","level":"info","event":"Fetching URL: https://thecourseforum.com/course/CHEM/1820/All","logger":"task.stdout"}
{"timestamp":"2026-02-12T00:59:19.310426Z","level":"info","event":"Fetching URL: https://thecourseforum.com/course/CHEM/1821/All","logger":"task.stdout"}
{"timestamp":"2026-02-12T00:59:19.528774Z","level":"info","event":"Fetching URL: https://thecourseforum.com/course/CHEM/2120/All","logger":"task.stdout"}
{"timestamp":"2026-02-12T00:59:19.689409Z","level":"info","event":"Fetching URL: https://thecourseforum.com/course/CHEM/2321/All","logger":"task.stdout"}
{"timestamp":"2026-02-12T00:59:19.961664Z","level":"info","event":"Fetching URL: https://thecourseforum.com/course/CHEM/2410/All","logger":"task.stdout"}
{"timestamp":"2026-02-12T00:59:20.213472Z","level":"info","event":"Fetching URL: https://thecourseforum.com/course/CHEM/2420/All","logger":"task.stdout"}
{"timestamp":"2026-02-12T00:59:20.451552Z","level":"info","event":"Fetching URL: https://thecourseforum.com/course/CHEM/2421/All","logger":"task.stdout"}
{"timestamp":"2026-02-12T00:59:20.688922Z","level":"info","event":"Fetching URL: https://thecourseforum.com/course/CHEM/2820/All","logger":"task.stdout"}
{"timestamp":"2026-02-12T00:59:20.857710Z","level":"info","event":"Fetching URL: https://thecourseforum.com/course/CHEM/3121/All","logger":"task.stdout"}
{"timestamp":"2026-02-12T00:59:21.003059Z","level":"info","event":"Fetching URL: https://thecourseforum.com/course/CHEM/3420/All","logger":"task.stdout"}
{"timestamp":"2026-02-12T00:59:21.183927Z","level":"info","event":"Fetching URL: https://thecourseforum.com/course/CHEM/3559/All","logger":"task.stdout"}
{"timestamp":"2026-02-12T00:59:21.358073Z","level":"info","event":"Fetching URL: https://thecourseforum.com/course/CHEM/3821/All","logger":"task.stdout"}
{"timestamp":"2026-02-12T00:59:21.567655Z","level":"info","event":"Fetching URL: https://thecourseforum.com/course/CHEM/3951/All","logger":"task.stdout"}
{"timestamp":"2026-02-12T00:59:21.769356Z","level":"info","event":"Fetching URL: https://thecourseforum.com/course/CHEM/3961/All","logger":"task.stdout"}
{"timestamp":"2026-02-12T00:59:21.941127Z","level":"info","event":"Fetching URL: https://thecourseforum.com/course/CHEM/4420/All","logger":"task.stdout"}
{"timestamp":"2026-02-12T00:59:22.133797Z","level":"info","event":"Fetching URL: https://thecourseforum.com/course/CHEM/4421/All","logger":"task.stdout"}
{"timestamp":"2026-02-12T00:59:22.304382Z","level":"info","event":"Fetching URL: https://thecourseforum.com/course/CHEM/4951/All","logger":"task.stdout"}
{"timestamp":"2026-02-12T00:59:22.506072Z","level":"info","event":"Fetching URL: https://thecourseforum.com/course/CHEM/4961/All","logger":"task.stdout"}
{"timestamp":"2026-02-12T00:59:22.685627Z","level":"info","event":"Fetching URL: https://thecourseforum.com/course/COGS/3960/All","logger":"task.stdout"}
{"timestamp":"2026-02-12T00:59:23.238943Z","level":"info","event":"Fetching URL: https://thecourseforum.com/course/COGS/4980/All","logger":"task.stdout"}
{"timestamp":"2026-02-12T00:59:23.433340Z","level":"info","event":"Fetching URL: https://thecourseforum.com/course/ECE/3251/All","logger":"task.stdout"}
{"timestamp":"2026-02-12T00:59:23.607941Z","level":"info","event":"Fetching URL: https://thecourseforum.com/course/ECE/3430/All","logger":"task.stdout"}
{"timestamp":"2026-02-12T00:59:23.797298Z","level":"info","event":"Fetching URL: https://thecourseforum.com/course/ECE/3502/All","logger":"task.stdout"}
{"timestamp":"2026-02-12T00:59:23.978345Z","level":"info","event":"Fetching URL: https://thecourseforum.com/course/ECE/3780/All","logger":"task.stdout"}
{"timestamp":"2026-02-12T00:59:24.124410Z","level":"info","event":"Fetching URL: https://thecourseforum.com/course/ECE/4103/All","logger":"task.stdout"}
{"timestamp":"2026-02-12T00:59:24.261848Z","level":"info","event":"Fetching URL: https://thecourseforum.com/course/ECE/4130/All","logger":"task.stdout"}
{"timestamp":"2026-02-12T00:59:24.435350Z","level":"info","event":"Fetching URL: https://thecourseforum.com/course/ECE/4265/All","logger":"task.stdout"}
{"timestamp":"2026-02-12T00:59:24.602743Z","level":"info","event":"Fetching URL: https://thecourseforum.com/course/ECE/4332/All","logger":"task.stdout"}
{"timestamp":"2026-02-12T00:59:24.758474Z","level":"info","event":"Fetching URL: https://thecourseforum.com/course/ECE/4430/All","logger":"task.stdout"}
{"timestamp":"2026-02-12T00:59:24.912109Z","level":"info","event":"Fetching URL: https://thecourseforum.com/course/ECE/4435/All","logger":"task.stdout"}
{"timestamp":"2026-02-12T00:59:25.078788Z","level":"info","event":"Fetching URL: https://thecourseforum.com/course/ECE/4440/All","logger":"task.stdout"}
{"timestamp":"2026-02-12T00:59:25.318051Z","level":"info","event":"Fetching URL: https://thecourseforum.com/course/ECE/4457/All","logger":"task.stdout"}
{"timestamp":"2026-02-12T00:59:25.498948Z","level":"info","event":"Fetching URL: https://thecourseforum.com/course/ECE/4501/All","logger":"task.stdout"}
{"timestamp":"2026-02-12T00:59:25.701773Z","level":"info","event":"Fetching URL: https://thecourseforum.com/course/ECE/4502/All","logger":"task.stdout"}
{"timestamp":"2026-02-12T00:59:25.891509Z","level":"info","event":"Fetching URL: https://thecourseforum.com/course/ECE/4660/All","logger":"task.stdout"}
{"timestamp":"2026-02-12T00:59:26.049750Z","level":"info","event":"Fetching URL: https://thecourseforum.com/course/ECE/4784/All","logger":"task.stdout"}
{"timestamp":"2026-02-12T00:59:26.230548Z","level":"info","event":"Fetching URL: https://thecourseforum.com/course/ECE/4907/All","logger":"task.stdout"}
{"timestamp":"2026-02-12T00:59:26.457661Z","level":"info","event":"Fetching URL: https://thecourseforum.com/course/ECE/4908/All","logger":"task.stdout"}
{"timestamp":"2026-02-12T00:59:26.675318Z","level":"info","event":"Fetching URL: https://thecourseforum.com/course/ECE/4991/All","logger":"task.stdout"}
{"timestamp":"2026-02-12T00:59:26.979128Z","level":"info","event":"Fetching URL: https://thecourseforum.com/course/ECE/2200/All","logger":"task.stdout"}
{"timestamp":"2026-02-12T00:59:27.269877Z","level":"info","event":"Fetching URL: https://thecourseforum.com/course/ECE/2300/All","logger":"task.stdout"}
{"timestamp":"2026-02-12T00:59:27.412292Z","level":"info","event":"Fetching URL: https://thecourseforum.com/course/ECE/2330/All","logger":"task.stdout"}
{"timestamp":"2026-02-12T00:59:28.023451Z","level":"info","event":"Fetching URL: https://thecourseforum.com/course/ECE/2410/All","logger":"task.stdout"}
{"timestamp":"2026-02-12T00:59:28.179413Z","level":"info","event":"Fetching URL: https://thecourseforum.com/course/ECE/2501/All","logger":"task.stdout"}
{"timestamp":"2026-02-12T00:59:28.349760Z","level":"info","event":"Fetching URL: https://thecourseforum.com/course/ECE/2502/All","logger":"task.stdout"}
{"timestamp":"2026-02-12T00:59:28.562590Z","level":"info","event":"Fetching URL: https://thecourseforum.com/course/ECE/2600/All","logger":"task.stdout"}
{"timestamp":"2026-02-12T00:59:28.715771Z","level":"info","event":"Fetching URL: https://thecourseforum.com/course/ECE/2700/All","logger":"task.stdout"}
{"timestamp":"2026-02-12T00:59:29.905017Z","level":"info","event":"Fetching URL: https://thecourseforum.com/course/ECE/3103/All","logger":"task.stdout"}
{"timestamp":"2026-02-12T00:59:31.082392Z","level":"info","event":"Fetching URL: https://thecourseforum.com/course/ECE/3250/All","logger":"task.stdout"}
{"timestamp":"2026-02-12T00:59:32.241369Z","level":"info","event":"Fetching URL: https://thecourseforum.com/course/EDLF/2050/All","logger":"task.stdout"}
{"timestamp":"2026-02-12T00:59:33.403048Z","level":"info","event":"Fetching URL: https://thecourseforum.com/course/EDLF/2080/All","logger":"task.stdout"}
{"timestamp":"2026-02-12T00:59:33.551384Z","level":"info","event":"Fetching URL: https://thecourseforum.com/course/EDLF/3000/All","logger":"task.stdout"}
{"timestamp":"2026-02-12T00:59:33.712696Z","level":"info","event":"Fetching URL: https://thecourseforum.com/course/EDLF/3010/All","logger":"task.stdout"}
{"timestamp":"2026-02-12T00:59:33.919602Z","level":"info","event":"Fetching URL: https://thecourseforum.com/course/EDLF/3150/All","logger":"task.stdout"}
{"timestamp":"2026-02-12T00:59:34.138308Z","level":"info","event":"Fetching URL: https://thecourseforum.com/course/EDLF/3170/All","logger":"task.stdout"}
{"timestamp":"2026-02-12T00:59:35.303969Z","level":"info","event":"Fetching URL: https://thecourseforum.com/course/EDLF/3180/All","logger":"task.stdout"}
{"timestamp":"2026-02-12T00:59:35.456323Z","level":"info","event":"Fetching URL: https://thecourseforum.com/course/EDLF/3200/All","logger":"task.stdout"}
{"timestamp":"2026-02-12T00:59:36.630692Z","level":"info","event":"Fetching URL: https://thecourseforum.com/course/EDLF/3240/All","logger":"task.stdout"}
{"timestamp":"2026-02-12T00:59:37.933643Z","level":"info","event":"Fetching URL: https://thecourseforum.com/course/EDLF/3420/All","logger":"task.stdout"}
{"timestamp":"2026-02-12T00:59:38.323173Z","level":"info","event":"Fetching URL: https://thecourseforum.com/course/EDLF/3491/All","logger":"task.stdout"}
{"timestamp":"2026-02-12T00:59:39.556852Z","level":"info","event":"Fetching URL: https://thecourseforum.com/course/EDLF/3620/All","logger":"task.stdout"}
{"timestamp":"2026-02-12T00:59:40.713597Z","level":"info","event":"Fetching URL: https://thecourseforum.com/course/EDLF/3701/All","logger":"task.stdout"}
{"timestamp":"2026-02-12T00:59:41.865503Z","level":"info","event":"Fetching URL: https://thecourseforum.com/course/EDLF/3896/All","logger":"task.stdout"}
{"timestamp":"2026-02-12T00:59:42.014673Z","level":"info","event":"Fetching URL: https://thecourseforum.com/course/EDLF/4080/All","logger":"task.stdout"}
{"timestamp":"2026-02-12T00:59:42.354673Z","level":"info","event":"Fetching URL: https://thecourseforum.com/course/EDLF/4085/All","logger":"task.stdout"}
{"timestamp":"2026-02-12T00:59:42.510963Z","level":"info","event":"Fetching URL: https://thecourseforum.com/course/EDLF/4561/All","logger":"task.stdout"}
{"timestamp":"2026-02-12T00:59:43.782054Z","level":"info","event":"Fetching URL: https://thecourseforum.com/course/EDLF/4993/All","logger":"task.stdout"}
{"timestamp":"2026-02-12T00:59:44.068920Z","level":"info","event":"Fetching URL: https://thecourseforum.com/course/EDLF/4995/All","logger":"task.stdout"}
{"timestamp":"2026-02-12T00:59:44.261194Z","level":"info","event":"Fetching URL: https://thecourseforum.com/course/EDNC/3986/All","logger":"task.stdout"}
{"timestamp":"2026-02-12T00:59:44.438061Z","level":"info","event":"Fetching URL: https://thecourseforum.com/course/ENTP/1501/All","logger":"task.stdout"}
{"timestamp":"2026-02-12T00:59:44.649701Z","level":"info","event":"Fetching URL: https://thecourseforum.com/course/ENTP/1010/All","logger":"task.stdout"}
{"timestamp":"2026-02-12T00:59:44.866974Z","level":"info","event":"Fetching URL: https://thecourseforum.com/course/ETP/2030/All","logger":"task.stdout"}
{"timestamp":"2026-02-12T00:59:45.044606Z","level":"info","event":"Fetching URL: https://thecourseforum.com/course/ETP/3500/All","logger":"task.stdout"}
{"timestamp":"2026-02-12T00:59:45.265180Z","level":"info","event":"Fetching URL: https://thecourseforum.com/course/ETP/4010/All","logger":"task.stdout"}
{"timestamp":"2026-02-12T00:59:45.452699Z","level":"info","event":"Fetching URL: https://thecourseforum.com/course/ETP/4995/All","logger":"task.stdout"}
{"timestamp":"2026-02-12T00:59:45.630739Z","level":"info","event":"Fetching URL: https://thecourseforum.com/course/GSGS/2000/All","logger":"task.stdout"}
{"timestamp":"2026-02-12T00:59:46.782146Z","level":"info","event":"Fetching URL: https://thecourseforum.com/course/GSGS/3330/All","logger":"task.stdout"}
{"timestamp":"2026-02-12T00:59:47.929428Z","level":"info","event":"Fetching URL: https://thecourseforum.com/course/GSGS/3550/All","logger":"task.stdout"}
{"timestamp":"2026-02-12T00:59:48.084069Z","level":"info","event":"Fetching URL: https://thecourseforum.com/course/GSGS/3559/All","logger":"task.stdout"}
{"timestamp":"2026-02-12T00:59:48.319816Z","level":"info","event":"Fetching URL: https://thecourseforum.com/course/GSGS/4200/All","logger":"task.stdout"}
{"timestamp":"2026-02-12T00:59:49.479969Z","level":"info","event":"Fetching URL: https://thecourseforum.com/course/GSGS/4510/All","logger":"task.stdout"}
{"timestamp":"2026-02-12T00:59:49.648390Z","level":"info","event":"Fetching URL: https://thecourseforum.com/course/GSGS/4520/All","logger":"task.stdout"}
{"timestamp":"2026-02-12T00:59:50.807335Z","level":"info","event":"Fetching URL: https://thecourseforum.com/course/GSGS/4550/All","logger":"task.stdout"}
{"timestamp":"2026-02-12T00:59:51.971277Z","level":"info","event":"Fetching URL: https://thecourseforum.com/course/GSGS/4610/All","logger":"task.stdout"}
{"timestamp":"2026-02-12T00:59:53.130134Z","level":"info","event":"Fetching URL: https://thecourseforum.com/course/GSGS/4993/All","logger":"task.stdout"}
{"timestamp":"2026-02-12T00:59:54.293716Z","level":"info","event":"Fetching URL: https://thecourseforum.com/course/GSSJ/4991/All","logger":"task.stdout"}
{"timestamp":"2026-02-12T00:59:55.512368Z","level":"info","event":"Fetching URL: https://thecourseforum.com/course/GSSJ/4993/All","logger":"task.stdout"}
{"timestamp":"2026-02-12T00:59:57.037337Z","level":"info","event":"Fetching URL: https://thecourseforum.com/course/GSVS/2050/All","logger":"task.stdout"}
{"timestamp":"2026-02-12T00:59:57.353357Z","level":"info","event":"Fetching URL: https://thecourseforum.com/course/GSVS/3150/All","logger":"task.stdout"}
{"timestamp":"2026-02-12T00:59:58.538819Z","level":"info","event":"Fetching URL: https://thecourseforum.com/course/GSVS/4991/All","logger":"task.stdout"}
{"timestamp":"2026-02-12T00:59:58.739749Z","level":"info","event":"Fetching URL: https://thecourseforum.com/course/GSVS/4993/All","logger":"task.stdout"}
{"timestamp":"2026-02-12T00:59:59.920902Z","level":"info","event":"Fetching URL: https://thecourseforum.com/course/HBIO/4820/All","logger":"task.stdout"}
{"timestamp":"2026-02-12T01:00:00.284926Z","level":"info","event":"Fetching URL: https://thecourseforum.com/course/HBIO/4960/All","logger":"task.stdout"}
{"timestamp":"2026-02-12T01:00:01.626725Z","level":"info","event":"Fetching URL: https://thecourseforum.com/course/HBIO/4999/All","logger":"task.stdout"}
{"timestamp":"2026-02-12T01:00:03.028953Z","level":"info","event":"Fetching URL: https://thecourseforum.com/course/HEBR/1020/All","logger":"task.stdout"}
{"timestamp":"2026-02-12T01:00:03.351745Z","level":"info","event":"Fetching URL: https://thecourseforum.com/course/HEBR/2020/All","logger":"task.stdout"}
{"timestamp":"2026-02-12T01:00:03.544763Z","level":"info","event":"Fetching URL: https://thecourseforum.com/course/HEBR/2420/All","logger":"task.stdout"}
{"timestamp":"2026-02-12T01:00:04.811623Z","level":"info","event":"Fetching URL: https://thecourseforum.com/course/HEBR/4993/All","logger":"task.stdout"}
{"timestamp":"2026-02-12T01:00:04.991907Z","level":"info","event":"Fetching URL: https://thecourseforum.com/course/HIAF/1559/All","logger":"task.stdout"}
{"timestamp":"2026-02-12T01:00:05.203976Z","level":"info","event":"Fetching URL: https://thecourseforum.com/course/HIAF/3051/All","logger":"task.stdout"}
{"timestamp":"2026-02-12T01:00:05.733243Z","level":"info","event":"Fetching URL: https://thecourseforum.com/course/HIAF/4260/All","logger":"task.stdout"}
{"timestamp":"2026-02-12T01:00:06.142953Z","level":"info","event":"Fetching URL: https://thecourseforum.com/course/HISA/1501/All","logger":"task.stdout"}
{"timestamp":"2026-02-12T01:00:06.315261Z","level":"info","event":"Fetching URL: https://thecourseforum.com/course/HISA/3003/All","logger":"task.stdout"}
{"timestamp":"2026-02-12T01:00:07.481511Z","level":"info","event":"Fetching URL: https://thecourseforum.com/course/HIST/1501/All","logger":"task.stdout"}
{"timestamp":"2026-02-12T01:00:08.681115Z","level":"info","event":"Fetching URL: https://thecourseforum.com/course/HIST/2014/All","logger":"task.stdout"}
{"timestamp":"2026-02-12T01:00:09.868396Z","level":"info","event":"Fetching URL: https://thecourseforum.com/course/HIST/2213/All","logger":"task.stdout"}
{"timestamp":"2026-02-12T01:00:10.033444Z","level":"info","event":"Fetching URL: https://thecourseforum.com/course/HIST/2214/All","logger":"task.stdout"}
{"timestamp":"2026-02-12T01:00:11.212455Z","level":"info","event":"Fetching URL: https://thecourseforum.com/course/HIST/2354/All","logger":"task.stdout"}
{"timestamp":"2026-02-12T01:00:11.367233Z","level":"info","event":"Fetching URL: https://thecourseforum.com/course/HIST/2559/All","logger":"task.stdout"}
{"timestamp":"2026-02-12T01:00:11.740203Z","level":"info","event":"Fetching URL: https://thecourseforum.com/course/HIST/3352/All","logger":"task.stdout"}
{"timestamp":"2026-02-12T01:00:12.031490Z","level":"info","event":"Fetching URL: https://thecourseforum.com/course/HIST/3501/All","logger":"task.stdout"}
{"timestamp":"2026-02-12T01:00:12.239348Z","level":"info","event":"Fetching URL: https://thecourseforum.com/course/HIST/3861/All","logger":"task.stdout"}
{"timestamp":"2026-02-12T01:00:12.409090Z","level":"info","event":"Fetching URL: https://thecourseforum.com/course/HIST/3910/All","logger":"task.stdout"}
{"timestamp":"2026-02-12T01:00:12.581980Z","level":"info","event":"Fetching URL: https://thecourseforum.com/course/HIST/4501/All","logger":"task.stdout"}
{"timestamp":"2026-02-12T01:00:12.939987Z","level":"info","event":"Fetching URL: https://thecourseforum.com/course/HIST/4991/All","logger":"task.stdout"}
{"timestamp":"2026-02-12T01:00:13.253161Z","level":"info","event":"Fetching URL: https://thecourseforum.com/course/HIST/4993/All","logger":"task.stdout"}
{"timestamp":"2026-02-12T01:00:13.830607Z","level":"info","event":"Fetching URL: https://thecourseforum.com/course/ISLS/3000/All","logger":"task.stdout"}
{"timestamp":"2026-02-12T01:00:14.042710Z","level":"info","event":"Fetching URL: https://thecourseforum.com/course/ISLS/3010/All","logger":"task.stdout"}
{"timestamp":"2026-02-12T01:00:14.265786Z","level":"info","event":"Fetching URL: https://thecourseforum.com/course/ISLS/3780/All","logger":"task.stdout"}
{"timestamp":"2026-02-12T01:00:14.497827Z","level":"info","event":"Fetching URL: https://thecourseforum.com/course/ISSS/3015/All","logger":"task.stdout"}
{"timestamp":"2026-02-12T01:00:14.825908Z","level":"info","event":"Fetching URL: https://thecourseforum.com/course/ISSS/3070/All","logger":"task.stdout"}
{"timestamp":"2026-02-12T01:00:15.063118Z","level":"info","event":"Fetching URL: https://thecourseforum.com/course/ISSS/3190/All","logger":"task.stdout"}
{"timestamp":"2026-02-12T01:00:15.447657Z","level":"info","event":"Fetching URL: https://thecourseforum.com/course/ISSS/3270/All","logger":"task.stdout"}
{"timestamp":"2026-02-12T01:00:15.531511Z","level":"info","event":"Fetching URL: https://thecourseforum.com/course/ISSS/3416/All","logger":"task.stdout"}
{"timestamp":"2026-02-12T01:00:15.868725Z","level":"info","event":"Fetching URL: https://thecourseforum.com/course/ISSS/3501/All","logger":"task.stdout"}
{"timestamp":"2026-02-12T01:00:16.062577Z","level":"info","event":"Fetching URL: https://thecourseforum.com/course/ISSS/3760/All","logger":"task.stdout"}
{"timestamp":"2026-02-12T01:00:16.239496Z","level":"info","event":"Fetching URL: https://thecourseforum.com/course/ISSS/3888/All","logger":"task.stdout"}
{"timestamp":"2026-02-12T01:00:16.404364Z","level":"info","event":"Fetching URL: https://thecourseforum.com/course/ISSS/4063/All","logger":"task.stdout"}
{"timestamp":"2026-02-12T01:00:16.559821Z","level":"info","event":"Fetching URL: https://thecourseforum.com/course/ISSS/4064/All","logger":"task.stdout"}
{"timestamp":"2026-02-12T01:00:16.722738Z","level":"info","event":"Fetching URL: https://thecourseforum.com/course/ISSS/4314/All","logger":"task.stdout"}
{"timestamp":"2026-02-12T01:00:16.879598Z","level":"info","event":"Fetching URL: https://thecourseforum.com/course/KLPA/1000/All","logger":"task.stdout"}
{"timestamp":"2026-02-12T01:00:17.042604Z","level":"info","event":"Fetching URL: https://thecourseforum.com/course/KLPA/1010/All","logger":"task.stdout"}
{"timestamp":"2026-02-12T01:00:17.210632Z","level":"info","event":"Fetching URL: https://thecourseforum.com/course/KLPA/1045/All","logger":"task.stdout"}
{"timestamp":"2026-02-12T01:00:17.363771Z","level":"info","event":"Fetching URL: https://thecourseforum.com/course/KLPA/1055/All","logger":"task.stdout"}
{"timestamp":"2026-02-12T01:00:17.547881Z","level":"info","event":"Fetching URL: https://thecourseforum.com/course/KLPA/1060/All","logger":"task.stdout"}
{"timestamp":"2026-02-12T01:00:17.715574Z","level":"info","event":"Fetching URL: https://thecourseforum.com/course/KLPA/1070/All","logger":"task.stdout"}
{"timestamp":"2026-02-12T01:00:17.864066Z","level":"info","event":"Fetching URL: https://thecourseforum.com/course/KLPA/1105/All","logger":"task.stdout"}
{"timestamp":"2026-02-12T01:00:18.146260Z","level":"info","event":"Fetching URL: https://thecourseforum.com/course/KLPA/1115/All","logger":"task.stdout"}
{"timestamp":"2026-02-12T01:00:18.306537Z","level":"info","event":"Fetching URL: https://thecourseforum.com/course/KLPA/1120/All","logger":"task.stdout"}
{"timestamp":"2026-02-12T01:00:18.471933Z","level":"info","event":"Fetching URL: https://thecourseforum.com/course/KLPA/1130/All","logger":"task.stdout"}
{"timestamp":"2026-02-12T01:00:18.647669Z","level":"info","event":"Fetching URL: https://thecourseforum.com/course/KLPA/1150/All","logger":"task.stdout"}
{"timestamp":"2026-02-12T01:00:18.812518Z","level":"info","event":"Fetching URL: https://thecourseforum.com/course/KLPA/1155/All","logger":"task.stdout"}
{"timestamp":"2026-02-12T01:00:19.076693Z","level":"info","event":"Fetching URL: https://thecourseforum.com/course/KLPA/1170/All","logger":"task.stdout"}
{"timestamp":"2026-02-12T01:00:19.232919Z","level":"info","event":"Fetching URL: https://thecourseforum.com/course/KLPA/1200/All","logger":"task.stdout"}
{"timestamp":"2026-02-12T01:00:19.409795Z","level":"info","event":"Fetching URL: https://thecourseforum.com/course/KLPA/1300/All","logger":"task.stdout"}
{"timestamp":"2026-02-12T01:00:19.567694Z","level":"info","event":"Fetching URL: https://thecourseforum.com/course/KLPA/1310/All","logger":"task.stdout"}
{"timestamp":"2026-02-12T01:00:19.747241Z","level":"info","event":"Fetching URL: https://thecourseforum.com/course/KLPA/1320/All","logger":"task.stdout"}
{"timestamp":"2026-02-12T01:00:19.914174Z","level":"info","event":"Fetching URL: https://thecourseforum.com/course/KLPA/1325/All","logger":"task.stdout"}
{"timestamp":"2026-02-12T01:00:20.082220Z","level":"info","event":"Fetching URL: https://thecourseforum.com/course/KLPA/1400/All","logger":"task.stdout"}
{"timestamp":"2026-02-12T01:00:20.249692Z","level":"info","event":"Fetching URL: https://thecourseforum.com/course/KLPA/1410/All","logger":"task.stdout"}
{"timestamp":"2026-02-12T01:00:20.510963Z","level":"info","event":"Fetching URL: https://thecourseforum.com/course/KLPA/1425/All","logger":"task.stdout"}
{"timestamp":"2026-02-12T01:00:20.679878Z","level":"info","event":"Fetching URL: https://thecourseforum.com/course/KLPA/1430/All","logger":"task.stdout"}
{"timestamp":"2026-02-12T01:00:20.834193Z","level":"info","event":"Fetching URL: https://thecourseforum.com/course/KLPA/1440/All","logger":"task.stdout"}
{"timestamp":"2026-02-12T01:00:21.004756Z","level":"info","event":"Fetching URL: https://thecourseforum.com/course/KLPA/1445/All","logger":"task.stdout"}
{"timestamp":"2026-02-12T01:00:21.171438Z","level":"info","event":"Fetching URL: https://thecourseforum.com/course/KLPA/1720/All","logger":"task.stdout"}
{"timestamp":"2026-02-12T01:00:21.338041Z","level":"info","event":"Fetching URL: https://thecourseforum.com/course/KLPA/1725/All","logger":"task.stdout"}
{"timestamp":"2026-02-12T01:00:21.508650Z","level":"info","event":"Fetching URL: https://thecourseforum.com/course/KLPA/1730/All","logger":"task.stdout"}
{"timestamp":"2026-02-12T01:00:21.687251Z","level":"info","event":"Fetching URL: https://thecourseforum.com/course/KLPA/1735/All","logger":"task.stdout"}
{"timestamp":"2026-02-12T01:00:21.854707Z","level":"info","event":"Fetching URL: https://thecourseforum.com/course/LPPL/2100/All","logger":"task.stdout"}
{"timestamp":"2026-02-12T01:00:22.059543Z","level":"info","event":"Fetching URL: https://thecourseforum.com/course/LPPL/2750/All","logger":"task.stdout"}
{"timestamp":"2026-02-12T01:00:22.211726Z","level":"info","event":"Fetching URL: https://thecourseforum.com/course/LPPL/3210/All","logger":"task.stdout"}
{"timestamp":"2026-02-12T01:00:22.403128Z","level":"info","event":"Fetching URL: https://thecourseforum.com/course/LPPL/3450/All","logger":"task.stdout"}
{"timestamp":"2026-02-12T01:00:22.605191Z","level":"info","event":"Fetching URL: https://thecourseforum.com/course/LPPL/4225/All","logger":"task.stdout"}
{"timestamp":"2026-02-12T01:00:22.766488Z","level":"info","event":"Fetching URL: https://thecourseforum.com/course/LPPL/4680/All","logger":"task.stdout"}
{"timestamp":"2026-02-12T01:00:22.926482Z","level":"info","event":"Fetching URL: https://thecourseforum.com/course/LPPP/2050/All","logger":"task.stdout"}
{"timestamp":"2026-02-12T01:00:23.153096Z","level":"info","event":"Fetching URL: https://thecourseforum.com/course/LPPP/2200/All","logger":"task.stdout"}
{"timestamp":"2026-02-12T01:00:23.341043Z","level":"info","event":"Fetching URL: https://thecourseforum.com/course/LPPP/3230/All","logger":"task.stdout"}
{"timestamp":"2026-02-12T01:00:23.525020Z","level":"info","event":"Fetching URL: https://thecourseforum.com/course/LPPP/3250/All","logger":"task.stdout"}
{"timestamp":"2026-02-12T01:00:23.674493Z","level":"info","event":"Fetching URL: https://thecourseforum.com/course/LPPP/3559/All","logger":"task.stdout"}
{"timestamp":"2026-02-12T01:00:24.988245Z","level":"info","event":"Fetching URL: https://thecourseforum.com/course/LPPP/4991/All","logger":"task.stdout"}
{"timestamp":"2026-02-12T01:00:26.226925Z","level":"info","event":"Fetching URL: https://thecourseforum.com/course/MAE/2330/All","logger":"task.stdout"}
{"timestamp":"2026-02-12T01:00:26.669383Z","level":"info","event":"Fetching URL: https://thecourseforum.com/course/MAE/3010/All","logger":"task.stdout"}
{"timestamp":"2026-02-12T01:00:27.838186Z","level":"info","event":"Fetching URL: https://thecourseforum.com/course/MAE/3140/All","logger":"task.stdout"}
{"timestamp":"2026-02-12T01:00:27.996193Z","level":"info","event":"Fetching URL: https://thecourseforum.com/course/MAE/3220/All","logger":"task.stdout"}
{"timestamp":"2026-02-12T01:00:28.163874Z","level":"info","event":"Fetching URL: https://thecourseforum.com/course/MAE/3420/All","logger":"task.stdout"}
{"timestamp":"2026-02-12T01:00:28.333713Z","level":"info","event":"Fetching URL: https://thecourseforum.com/course/MAE/3620/All","logger":"task.stdout"}
{"timestamp":"2026-02-12T01:00:28.682534Z","level":"info","event":"Fetching URL: https://thecourseforum.com/course/MAE/3730/All","logger":"task.stdout"}
{"timestamp":"2026-02-12T01:00:28.928139Z","level":"info","event":"Fetching URL: https://thecourseforum.com/course/MAE/3820/All","logger":"task.stdout"}
{"timestamp":"2026-02-12T01:00:30.259669Z","level":"info","event":"Fetching URL: https://thecourseforum.com/course/MAE/3840/All","logger":"task.stdout"}
{"timestamp":"2026-02-12T01:00:30.616896Z","level":"info","event":"Fetching URL: https://thecourseforum.com/course/MAE/4501/All","logger":"task.stdout"}
{"timestamp":"2026-02-12T01:00:31.793204Z","level":"info","event":"Fetching URL: https://thecourseforum.com/course/MAE/4502/All","logger":"task.stdout"}
{"timestamp":"2026-02-12T01:00:31.982832Z","level":"info","event":"Fetching URL: https://thecourseforum.com/course/MAE/4504/All","logger":"task.stdout"}
{"timestamp":"2026-02-12T01:00:32.209213Z","level":"info","event":"Fetching URL: https://thecourseforum.com/course/MAE/4512/All","logger":"task.stdout"}
{"timestamp":"2026-02-12T01:00:32.504494Z","level":"info","event":"Fetching URL: https://thecourseforum.com/course/MAE/4514/All","logger":"task.stdout"}
{"timestamp":"2026-02-12T01:00:33.666679Z","level":"info","event":"Fetching URL: https://thecourseforum.com/course/MAE/4620/All","logger":"task.stdout"}
{"timestamp":"2026-02-12T01:00:35.121869Z","level":"info","event":"Fetching URL: https://thecourseforum.com/course/MAE/4710/All","logger":"task.stdout"}
{"timestamp":"2026-02-12T01:00:36.308092Z","level":"info","event":"Fetching URL: https://thecourseforum.com/course/MAE/4730/All","logger":"task.stdout"}
{"timestamp":"2026-02-12T01:00:37.457069Z","level":"info","event":"Fetching URL: https://thecourseforum.com/course/MAE/4800/All","logger":"task.stdout"}
{"timestamp":"2026-02-12T01:00:37.612332Z","level":"info","event":"Fetching URL: https://thecourseforum.com/course/MAE/1501/All","logger":"task.stdout"}
{"timestamp":"2026-02-12T01:00:37.761201Z","level":"info","event":"Fetching URL: https://thecourseforum.com/course/MAE/2040/All","logger":"task.stdout"}
{"timestamp":"2026-02-12T01:00:37.931835Z","level":"info","event":"Fetching URL: https://thecourseforum.com/course/MAE/2100/All","logger":"task.stdout"}
{"timestamp":"2026-02-12T01:00:39.153496Z","level":"info","event":"Fetching URL: https://thecourseforum.com/course/MAE/2300/All","logger":"task.stdout"}
{"timestamp":"2026-02-12T01:00:39.341495Z","level":"info","event":"Fetching URL: https://thecourseforum.com/course/MAE/2310/All","logger":"task.stdout"}
{"timestamp":"2026-02-12T01:00:39.519797Z","level":"info","event":"Fetching URL: https://thecourseforum.com/course/MAE/2320/All","logger":"task.stdout"}
{"timestamp":"2026-02-12T01:00:39.703370Z","level":"info","event":"Fetching URL: https://thecourseforum.com/course/MSE/3101/All","logger":"task.stdout"}
{"timestamp":"2026-02-12T01:00:40.870868Z","level":"info","event":"Fetching URL: https://thecourseforum.com/course/MSE/4210/All","logger":"task.stdout"}
{"timestamp":"2026-02-12T01:00:42.032170Z","level":"info","event":"Fetching URL: https://thecourseforum.com/course/MSE/4320/All","logger":"task.stdout"}
{"timestamp":"2026-02-12T01:00:42.189174Z","level":"info","event":"Fetching URL: https://thecourseforum.com/course/MSE/4592/All","logger":"task.stdout"}
{"timestamp":"2026-02-12T01:00:43.707001Z","level":"info","event":"Fetching URL: https://thecourseforum.com/course/MSE/4960/All","logger":"task.stdout"}
{"timestamp":"2026-02-12T01:00:44.983180Z","level":"info","event":"Fetching URL: https://thecourseforum.com/course/MSE/2090/All","logger":"task.stdout"}
{"timestamp":"2026-02-12T01:00:45.366386Z","level":"info","event":"Fetching URL: https://thecourseforum.com/course/MSE/2200/All","logger":"task.stdout"}
{"timestamp":"2026-02-12T01:00:45.518146Z","level":"info","event":"Fetching URL: https://thecourseforum.com/course/MSE/2500/All","logger":"task.stdout"}
{"timestamp":"2026-02-12T01:00:45.672789Z","level":"info","event":"Fetching URL: https://thecourseforum.com/course/MSE/3070/All","logger":"task.stdout"}
{"timestamp":"2026-02-12T01:00:45.822639Z","level":"info","event":"Fetching URL: https://thecourseforum.com/course/MSP/3501/All","logger":"task.stdout"}
{"timestamp":"2026-02-12T01:00:46.977348Z","level":"info","event":"Fetching URL: https://thecourseforum.com/course/MUBD/2601/All","logger":"task.stdout"}
{"timestamp":"2026-02-12T01:00:47.123124Z","level":"info","event":"Fetching URL: https://thecourseforum.com/course/MUEN/2600/All","logger":"task.stdout"}
{"timestamp":"2026-02-12T01:00:47.277174Z","level":"info","event":"Fetching URL: https://thecourseforum.com/course/MUEN/2690/All","logger":"task.stdout"}
{"timestamp":"2026-02-12T01:00:47.529724Z","level":"info","event":"Fetching URL: https://thecourseforum.com/course/MUEN/3600/All","logger":"task.stdout"}
{"timestamp":"2026-02-12T01:00:48.685058Z","level":"info","event":"Fetching URL: https://thecourseforum.com/course/MUEN/3610/All","logger":"task.stdout"}
{"timestamp":"2026-02-12T01:00:49.039817Z","level":"info","event":"Fetching URL: https://thecourseforum.com/course/MUEN/3620/All","logger":"task.stdout"}
{"timestamp":"2026-02-12T01:00:50.194520Z","level":"info","event":"Fetching URL: https://thecourseforum.com/course/MUEN/3630/All","logger":"task.stdout"}
{"timestamp":"2026-02-12T01:00:51.413718Z","level":"info","event":"Fetching URL: https://thecourseforum.com/course/MUEN/3631/All","logger":"task.stdout"}
{"timestamp":"2026-02-12T01:00:52.571726Z","level":"info","event":"Fetching URL: https://thecourseforum.com/course/MUEN/3645/All","logger":"task.stdout"}
{"timestamp":"2026-02-12T01:00:53.714496Z","level":"info","event":"Fetching URL: https://thecourseforum.com/course/MUEN/3646/All","logger":"task.stdout"}
{"timestamp":"2026-02-12T01:00:53.880780Z","level":"info","event":"Fetching URL: https://thecourseforum.com/course/MUEN/3650/All","logger":"task.stdout"}
{"timestamp":"2026-02-12T01:00:55.192824Z","level":"info","event":"Fetching URL: https://thecourseforum.com/course/MUEN/3651/All","logger":"task.stdout"}
{"timestamp":"2026-02-12T01:00:56.354854Z","level":"info","event":"Fetching URL: https://thecourseforum.com/course/MUEN/3670/All","logger":"task.stdout"}
{"timestamp":"2026-02-12T01:00:56.510185Z","level":"info","event":"Fetching URL: https://thecourseforum.com/course/MUEN/3660/All","logger":"task.stdout"}
{"timestamp":"2026-02-12T01:00:57.671309Z","level":"info","event":"Fetching URL: https://thecourseforum.com/course/MUEN/3690/All","logger":"task.stdout"}
{"timestamp":"2026-02-12T01:00:57.928705Z","level":"info","event":"Fetching URL: https://thecourseforum.com/course/MUEN/4690/All","logger":"task.stdout"}
{"timestamp":"2026-02-12T01:00:58.221187Z","level":"info","event":"Fetching URL: https://thecourseforum.com/course/NASC/1100/All","logger":"task.stdout"}
{"timestamp":"2026-02-12T01:00:58.404924Z","level":"info","event":"Fetching URL: https://thecourseforum.com/course/NASC/2200/All","logger":"task.stdout"}
{"timestamp":"2026-02-12T01:00:59.558068Z","level":"info","event":"Fetching URL: https://thecourseforum.com/course/NASC/3200/All","logger":"task.stdout"}
{"timestamp":"2026-02-12T01:00:59.718855Z","level":"info","event":"Fetching URL: https://thecourseforum.com/course/NASC/3630/All","logger":"task.stdout"}
{"timestamp":"2026-02-12T01:01:00.879284Z","level":"info","event":"Fetching URL: https://thecourseforum.com/course/NASC/4000/All","logger":"task.stdout"}
{"timestamp":"2026-02-12T01:01:02.833100Z","level":"info","event":"Fetching URL: https://thecourseforum.com/course/NASC/4200/All","logger":"task.stdout"}
{"timestamp":"2026-02-12T01:01:03.016033Z","level":"info","event":"Fetching URL: https://thecourseforum.com/course/NUIP/2070/All","logger":"task.stdout"}
{"timestamp":"2026-02-12T01:01:04.218804Z","level":"info","event":"Fetching URL: https://thecourseforum.com/course/NUIP/2080/All","logger":"task.stdout"}
{"timestamp":"2026-02-12T01:01:04.434457Z","level":"info","event":"Fetching URL: https://thecourseforum.com/course/NUIP/2250/All","logger":"task.stdout"}
{"timestamp":"2026-02-12T01:01:05.591493Z","level":"info","event":"Fetching URL: https://thecourseforum.com/course/NUIP/2311/All","logger":"task.stdout"}
{"timestamp":"2026-02-12T01:01:06.902426Z","level":"info","event":"Fetching URL: https://thecourseforum.com/course/NUIP/2430/All","logger":"task.stdout"}
{"timestamp":"2026-02-12T01:01:07.354606Z","level":"info","event":"Fetching URL: https://thecourseforum.com/course/NUIP/3230/All","logger":"task.stdout"}
{"timestamp":"2026-02-12T01:01:08.510958Z","level":"info","event":"Fetching URL: https://thecourseforum.com/course/NUIP/3311/All","logger":"task.stdout"}
{"timestamp":"2026-02-12T01:01:08.670548Z","level":"info","event":"Fetching URL: https://thecourseforum.com/course/NUIP/3420/All","logger":"task.stdout"}
{"timestamp":"2026-02-12T01:01:08.843374Z","level":"info","event":"Fetching URL: https://thecourseforum.com/course/NUIP/3430/All","logger":"task.stdout"}
{"timestamp":"2026-02-12T01:01:10.171735Z","level":"info","event":"Fetching URL: https://thecourseforum.com/course/NUIP/4006/All","logger":"task.stdout"}
{"timestamp":"2026-02-12T01:01:11.373785Z","level":"info","event":"Fetching URL: https://thecourseforum.com/course/NUIP/4430/All","logger":"task.stdout"}
{"timestamp":"2026-02-12T01:01:12.577757Z","level":"info","event":"Fetching URL: https://thecourseforum.com/course/NUIP/4420/All","logger":"task.stdout"}
{"timestamp":"2026-02-12T01:01:13.904170Z","level":"info","event":"Fetching URL: https://thecourseforum.com/course/PHIL/3330/All","logger":"task.stdout"}
{"timestamp":"2026-02-12T01:01:15.230463Z","level":"info","event":"Fetching URL: https://thecourseforum.com/course/PHIL/3500/All","logger":"task.stdout"}
{"timestamp":"2026-02-12T01:01:15.418032Z","level":"info","event":"Fetching URL: https://thecourseforum.com/course/PHIL/3520/All","logger":"task.stdout"}
{"timestamp":"2026-02-12T01:01:15.573931Z","level":"info","event":"Fetching URL: https://thecourseforum.com/course/PHIL/3640/All","logger":"task.stdout"}
{"timestamp":"2026-02-12T01:01:15.729958Z","level":"info","event":"Fetching URL: https://thecourseforum.com/course/PHIL/3720/All","logger":"task.stdout"}
{"timestamp":"2026-02-12T01:01:16.977074Z","level":"info","event":"Fetching URL: https://thecourseforum.com/course/PHIL/4993/All","logger":"task.stdout"}
{"timestamp":"2026-02-12T01:01:18.176300Z","level":"info","event":"Fetching URL: https://thecourseforum.com/course/PHIL/4995/All","logger":"task.stdout"}
{"timestamp":"2026-02-12T01:01:18.495702Z","level":"info","event":"Fetching URL: https://thecourseforum.com/course/PHIL/4999/All","logger":"task.stdout"}
{"timestamp":"2026-02-12T01:01:18.980399Z","level":"info","event":"Fetching URL: https://thecourseforum.com/course/PHIL/1410/All","logger":"task.stdout"}
{"timestamp":"2026-02-12T01:01:20.174281Z","level":"info","event":"Fetching URL: https://thecourseforum.com/course/PHIL/1510/All","logger":"task.stdout"}
{"timestamp":"2026-02-12T01:01:20.409920Z","level":"info","event":"Fetching URL: https://thecourseforum.com/course/PHIL/1730/All","logger":"task.stdout"}
{"timestamp":"2026-02-12T01:01:20.608812Z","level":"info","event":"Fetching URL: https://thecourseforum.com/course/PHIL/2060/All","logger":"task.stdout"}
{"timestamp":"2026-02-12T01:01:20.801730Z","level":"info","event":"Fetching URL: https://thecourseforum.com/course/PHIL/2120/All","logger":"task.stdout"}
{"timestamp":"2026-02-12T01:01:21.970673Z","level":"info","event":"Fetching URL: https://thecourseforum.com/course/PHIL/2350/All","logger":"task.stdout"}
{"timestamp":"2026-02-12T01:01:22.124506Z","level":"info","event":"Fetching URL: https://thecourseforum.com/course/PHIL/2500/All","logger":"task.stdout"}
{"timestamp":"2026-02-12T01:01:22.333497Z","level":"info","event":"Fetching URL: https://thecourseforum.com/course/PHIL/2510/All","logger":"task.stdout"}
{"timestamp":"2026-02-12T01:01:22.602073Z","level":"info","event":"Fetching URL: https://thecourseforum.com/course/PHIL/2660/All","logger":"task.stdout"}
{"timestamp":"2026-02-12T01:01:23.802137Z","level":"info","event":"Fetching URL: https://thecourseforum.com/course/PHIL/3160/All","logger":"task.stdout"}
{"timestamp":"2026-02-12T01:01:23.957907Z","level":"info","event":"Fetching URL: https://thecourseforum.com/course/PHIL/3310/All","logger":"task.stdout"}
{"timestamp":"2026-02-12T01:01:24.121228Z","level":"info","event":"Fetching URL: https://thecourseforum.com/course/PHS/3050/All","logger":"task.stdout"}
{"timestamp":"2026-02-12T01:01:25.283286Z","level":"info","event":"Fetching URL: https://thecourseforum.com/course/PHS/3102/All","logger":"task.stdout"}
{"timestamp":"2026-02-12T01:01:26.470010Z","level":"info","event":"Fetching URL: https://thecourseforum.com/course/PHS/3104/All","logger":"task.stdout"}
{"timestamp":"2026-02-12T01:01:27.619232Z","level":"info","event":"Fetching URL: https://thecourseforum.com/course/PHS/3825/All","logger":"task.stdout"}
{"timestamp":"2026-02-12T01:01:27.771076Z","level":"info","event":"Fetching URL: https://thecourseforum.com/course/PHS/4050/All","logger":"task.stdout"}
{"timestamp":"2026-02-12T01:01:27.930721Z","level":"info","event":"Fetching URL: https://thecourseforum.com/course/PHS/4991/All","logger":"task.stdout"}
{"timestamp":"2026-02-12T01:01:28.124299Z","level":"info","event":"Fetching URL: https://thecourseforum.com/course/PLCP/3500/All","logger":"task.stdout"}
{"timestamp":"2026-02-12T01:01:28.325794Z","level":"info","event":"Fetching URL: https://thecourseforum.com/course/PLCP/4150/All","logger":"task.stdout"}
{"timestamp":"2026-02-12T01:01:28.502251Z","level":"info","event":"Fetching URL: https://thecourseforum.com/course/PLCP/4201/All","logger":"task.stdout"}
{"timestamp":"2026-02-12T01:01:28.651437Z","level":"info","event":"Fetching URL: https://thecourseforum.com/course/PLCP/4270/All","logger":"task.stdout"}
{"timestamp":"2026-02-12T01:01:28.810811Z","level":"info","event":"Fetching URL: https://thecourseforum.com/course/PLCP/4280/All","logger":"task.stdout"}
{"timestamp":"2026-02-12T01:01:29.032161Z","level":"info","event":"Fetching URL: https://thecourseforum.com/course/PLCP/4500/All","logger":"task.stdout"}
{"timestamp":"2026-02-12T01:01:29.244110Z","level":"info","event":"Fetching URL: https://thecourseforum.com/course/PLCP/3150/All","logger":"task.stdout"}
{"timestamp":"2026-02-12T01:01:29.446520Z","level":"info","event":"Fetching URL: https://thecourseforum.com/course/PLIR/2020/All","logger":"task.stdout"}
{"timestamp":"2026-02-12T01:01:29.624581Z","level":"info","event":"Fetching URL: https://thecourseforum.com/course/PLIR/2030/All","logger":"task.stdout"}
{"timestamp":"2026-02-12T01:01:29.811914Z","level":"info","event":"Fetching URL: https://thecourseforum.com/course/PLIR/3080/All","logger":"task.stdout"}
{"timestamp":"2026-02-12T01:01:29.984084Z","level":"info","event":"Fetching URL: https://thecourseforum.com/course/PLIR/3500/All","logger":"task.stdout"}
{"timestamp":"2026-02-12T01:01:30.224547Z","level":"info","event":"Fetching URL: https://thecourseforum.com/course/PLIR/4150/All","logger":"task.stdout"}
{"timestamp":"2026-02-12T01:01:30.403276Z","level":"info","event":"Fetching URL: https://thecourseforum.com/course/PLIR/4380/All","logger":"task.stdout"}
{"timestamp":"2026-02-12T01:01:30.706668Z","level":"info","event":"Fetching URL: https://thecourseforum.com/course/PLIR/4410/All","logger":"task.stdout"}
{"timestamp":"2026-02-12T01:01:30.948338Z","level":"info","event":"Fetching URL: https://thecourseforum.com/course/PLIR/4431/All","logger":"task.stdout"}
{"timestamp":"2026-02-12T01:01:31.541582Z","level":"info","event":"Fetching URL: https://thecourseforum.com/course/PLIR/4500/All","logger":"task.stdout"}
{"timestamp":"2026-02-12T01:01:31.790748Z","level":"info","event":"Fetching URL: https://thecourseforum.com/course/PLIR/4990/All","logger":"task.stdout"}
{"timestamp":"2026-02-12T01:01:32.116240Z","level":"info","event":"Fetching URL: https://thecourseforum.com/course/POL/1220/All","logger":"task.stdout"}
{"timestamp":"2026-02-12T01:01:32.321802Z","level":"info","event":"Fetching URL: https://thecourseforum.com/course/POL/2220/All","logger":"task.stdout"}
{"timestamp":"2026-02-12T01:01:32.474318Z","level":"info","event":"Fetching URL: https://thecourseforum.com/course/PORT/2050/All","logger":"task.stdout"}
{"timestamp":"2026-02-12T01:01:32.680806Z","level":"info","event":"Fetching URL: https://thecourseforum.com/course/PORT/2120/All","logger":"task.stdout"}
{"timestamp":"2026-02-12T01:01:32.880215Z","level":"info","event":"Fetching URL: https://thecourseforum.com/course/PORT/4920/All","logger":"task.stdout"}
{"timestamp":"2026-02-12T01:01:33.085935Z","level":"info","event":"Fetching URL: https://thecourseforum.com/course/POTR/4240/All","logger":"task.stdout"}
{"timestamp":"2026-02-12T01:01:33.252431Z","level":"info","event":"Fetching URL: https://thecourseforum.com/course/PPL/4010/All","logger":"task.stdout"}
{"timestamp":"2026-02-12T01:01:33.477219Z","level":"info","event":"Fetching URL: https://thecourseforum.com/course/PSHM/3080/All","logger":"task.stdout"}
{"timestamp":"2026-02-12T01:01:33.652653Z","level":"info","event":"Fetching URL: https://thecourseforum.com/course/PSHM/3805/All","logger":"task.stdout"}
{"timestamp":"2026-02-12T01:01:33.904958Z","level":"info","event":"Fetching URL: https://thecourseforum.com/course/PSHM/4650/All","logger":"task.stdout"}
{"timestamp":"2026-02-12T01:01:34.067143Z","level":"info","event":"Fetching URL: https://thecourseforum.com/course/PSHM/4700/All","logger":"task.stdout"}
{"timestamp":"2026-02-12T01:01:34.246435Z","level":"info","event":"Fetching URL: https://thecourseforum.com/course/PSHM/4750/All","logger":"task.stdout"}
{"timestamp":"2026-02-12T01:01:34.405377Z","level":"info","event":"Fetching URL: https://thecourseforum.com/course/PST/4870/All","logger":"task.stdout"}
{"timestamp":"2026-02-12T01:01:34.577126Z","level":"info","event":"Fetching URL: https://thecourseforum.com/course/PST/4989/All","logger":"task.stdout"}
{"timestamp":"2026-02-12T01:01:34.746159Z","level":"info","event":"Fetching URL: https://thecourseforum.com/course/PST/4993/All","logger":"task.stdout"}
{"timestamp":"2026-02-12T01:01:35.011207Z","level":"info","event":"Fetching URL: https://thecourseforum.com/course/PST/4999/All","logger":"task.stdout"}
{"timestamp":"2026-02-12T01:01:35.173695Z","level":"info","event":"Fetching URL: https://thecourseforum.com/course/RELG/4900/All","logger":"task.stdout"}
{"timestamp":"2026-02-12T01:01:35.390926Z","level":"info","event":"Fetching URL: https://thecourseforum.com/course/RELG/1000/All","logger":"task.stdout"}
{"timestamp":"2026-02-12T01:01:35.552642Z","level":"info","event":"Fetching URL: https://thecourseforum.com/course/RELG/1040/All","logger":"task.stdout"}
{"timestamp":"2026-02-12T01:01:35.913454Z","level":"info","event":"Fetching URL: https://thecourseforum.com/course/RELG/1200/All","logger":"task.stdout"}
{"timestamp":"2026-02-12T01:01:36.982863Z","level":"info","event":"Fetching URL: https://thecourseforum.com/course/RELG/2210/All","logger":"task.stdout"}
{"timestamp":"2026-02-12T01:01:37.188324Z","level":"info","event":"Fetching URL: https://thecourseforum.com/course/RELG/2266/All","logger":"task.stdout"}
{"timestamp":"2026-02-12T01:01:37.392586Z","level":"info","event":"Fetching URL: https://thecourseforum.com/course/RELG/2300/All","logger":"task.stdout"}
{"timestamp":"2026-02-12T01:01:37.576766Z","level":"info","event":"Fetching URL: https://thecourseforum.com/course/RELG/2464/All","logger":"task.stdout"}
{"timestamp":"2026-02-12T01:01:37.774533Z","level":"info","event":"Fetching URL: https://thecourseforum.com/course/RELG/2495/All","logger":"task.stdout"}
{"timestamp":"2026-02-12T01:01:38.056456Z","level":"info","event":"Fetching URL: https://thecourseforum.com/course/RELG/2660/All","logger":"task.stdout"}
{"timestamp":"2026-02-12T01:01:38.305734Z","level":"info","event":"Fetching URL: https://thecourseforum.com/course/RELG/3559/All","logger":"task.stdout"}
{"timestamp":"2026-02-12T01:01:38.552095Z","level":"info","event":"Fetching URL: https://thecourseforum.com/course/RELG/3713/All","logger":"task.stdout"}
{"timestamp":"2026-02-12T01:01:38.727490Z","level":"info","event":"Fetching URL: https://thecourseforum.com/course/RELG/3730/All","logger":"task.stdout"}
{"timestamp":"2026-02-12T01:01:38.909520Z","level":"info","event":"Fetching URL: https://thecourseforum.com/course/RELG/4500/All","logger":"task.stdout"}
{"timestamp":"2026-02-12T01:01:39.276061Z","level":"info","event":"Fetching URL: https://thecourseforum.com/course/RELH/2090/All","logger":"task.stdout"}
{"timestamp":"2026-02-12T01:01:39.480658Z","level":"info","event":"Fetching URL: https://thecourseforum.com/course/RELH/3180/All","logger":"task.stdout"}
{"timestamp":"2026-02-12T01:01:39.629780Z","level":"info","event":"Fetching URL: https://thecourseforum.com/course/RELI/2085/All","logger":"task.stdout"}
{"timestamp":"2026-02-12T01:01:39.801401Z","level":"info","event":"Fetching URL: https://thecourseforum.com/course/RELI/3110/All","logger":"task.stdout"}
{"timestamp":"2026-02-12T01:01:39.975429Z","level":"info","event":"Fetching URL: https://thecourseforum.com/course/RELI/3200/All","logger":"task.stdout"}
{"timestamp":"2026-02-12T01:01:40.154040Z","level":"info","event":"Fetching URL: https://thecourseforum.com/course/RELJ/1210/All","logger":"task.stdout"}
{"timestamp":"2026-02-12T01:01:40.350197Z","level":"info","event":"Fetching URL: https://thecourseforum.com/course/RELJ/2040/All","logger":"task.stdout"}
{"timestamp":"2026-02-12T01:01:40.532056Z","level":"info","event":"Fetching URL: https://thecourseforum.com/course/RELJ/2420/All","logger":"task.stdout"}
{"timestamp":"2026-02-12T01:01:40.912236Z","level":"info","event":"Fetching URL: https://thecourseforum.com/course/RELJ/3052/All","logger":"task.stdout"}
{"timestamp":"2026-02-12T01:01:41.163313Z","level":"info","event":"Fetching URL: https://thecourseforum.com/course/RELJ/3310/All","logger":"task.stdout"}
{"timestamp":"2026-02-12T01:01:41.330288Z","level":"info","event":"Fetching URL: https://thecourseforum.com/course/RELJ/3708/All","logger":"task.stdout"}
{"timestamp":"2026-02-12T01:01:41.505639Z","level":"info","event":"Fetching URL: https://thecourseforum.com/course/RELS/4995/All","logger":"task.stdout"}
{"timestamp":"2026-02-12T01:01:42.103137Z","level":"info","event":"Fetching URL: https://thecourseforum.com/course/RUSS/1020/All","logger":"task.stdout"}
{"timestamp":"2026-02-12T01:01:43.681653Z","level":"info","event":"Fetching URL: https://thecourseforum.com/course/RUSS/2020/All","logger":"task.stdout"}
{"timestamp":"2026-02-12T01:01:44.858246Z","level":"info","event":"Fetching URL: https://thecourseforum.com/course/RUSS/3000/All","logger":"task.stdout"}
{"timestamp":"2026-02-12T01:01:45.014612Z","level":"info","event":"Fetching URL: https://thecourseforum.com/course/RUSS/3020/All","logger":"task.stdout"}
{"timestamp":"2026-02-12T01:01:45.199635Z","level":"info","event":"Fetching URL: https://thecourseforum.com/course/RUSS/3030/All","logger":"task.stdout"}
{"timestamp":"2026-02-12T01:01:45.398934Z","level":"info","event":"Fetching URL: https://thecourseforum.com/course/RUSS/4020/All","logger":"task.stdout"}
{"timestamp":"2026-02-12T01:01:45.620831Z","level":"info","event":"Fetching URL: https://thecourseforum.com/course/RUTR/2470/All","logger":"task.stdout"}
{"timestamp":"2026-02-12T01:01:45.784703Z","level":"info","event":"Fetching URL: https://thecourseforum.com/course/RUTR/2730/All","logger":"task.stdout"}
{"timestamp":"2026-02-12T01:01:45.952939Z","level":"info","event":"Fetching URL: https://thecourseforum.com/course/RUTR/3360/All","logger":"task.stdout"}
{"timestamp":"2026-02-12T01:01:47.113038Z","level":"info","event":"Fetching URL: https://thecourseforum.com/course/RUTR/3500/All","logger":"task.stdout"}
{"timestamp":"2026-02-12T01:01:48.272541Z","level":"info","event":"Fetching URL: https://thecourseforum.com/course/SANS/1020/All","logger":"task.stdout"}
{"timestamp":"2026-02-12T01:01:48.446696Z","level":"info","event":"Fetching URL: https://thecourseforum.com/course/SANS/3024/All","logger":"task.stdout"}
{"timestamp":"2026-02-12T01:01:49.600131Z","level":"info","event":"Fetching URL: https://thecourseforum.com/course/SANS/4993/All","logger":"task.stdout"}
{"timestamp":"2026-02-12T01:01:50.754224Z","level":"info","event":"Fetching URL: https://thecourseforum.com/course/SATR/2110/All","logger":"task.stdout"}
{"timestamp":"2026-02-12T01:01:50.922807Z","level":"info","event":"Fetching URL: https://thecourseforum.com/course/SATR/3000/All","logger":"task.stdout"}
{"timestamp":"2026-02-12T01:01:51.093435Z","level":"info","event":"Fetching URL: https://thecourseforum.com/course/SEC/3010/All","logger":"task.stdout"}
{"timestamp":"2026-02-12T01:01:52.258614Z","level":"info","event":"Fetching URL: https://thecourseforum.com/course/SEC/3040/All","logger":"task.stdout"}
{"timestamp":"2026-02-12T01:01:52.427145Z","level":"info","event":"Fetching URL: https://thecourseforum.com/course/SLAV/2360/All","logger":"task.stdout"}
{"timestamp":"2026-02-12T01:01:52.655272Z","level":"info","event":"Fetching URL: https://thecourseforum.com/course/SLAV/3993/All","logger":"task.stdout"}
{"timestamp":"2026-02-12T01:01:53.776609Z","level":"info","event":"Fetching URL: https://thecourseforum.com/course/SLFK/2120/All","logger":"task.stdout"}
{"timestamp":"2026-02-12T01:01:53.933294Z","level":"info","event":"Fetching URL: https://thecourseforum.com/course/SLTR/3200/All","logger":"task.stdout"}
{"timestamp":"2026-02-12T01:01:54.088644Z","level":"info","event":"Fetching URL: https://thecourseforum.com/course/SWAH/1020/All","logger":"task.stdout"}
{"timestamp":"2026-02-12T01:01:54.253124Z","level":"info","event":"Fetching URL: https://thecourseforum.com/course/SWAH/2020/All","logger":"task.stdout"}
{"timestamp":"2026-02-12T01:01:54.400959Z","level":"info","event":"Fetching URL: https://thecourseforum.com/course/CREO/1020/All","logger":"task.stdout"}
{"timestamp":"2026-02-12T01:01:54.551119Z","level":"info","event":"Fetching URL: https://thecourseforum.com/course/CREO/2020/All","logger":"task.stdout"}
{"timestamp":"2026-02-12T01:01:54.704541Z","level":"info","event":"Fetching URL: https://thecourseforum.com/course/EALC/4999/All","logger":"task.stdout"}
{"timestamp":"2026-02-12T01:01:54.910563Z","level":"info","event":"Fetching URL: https://thecourseforum.com/course/EAST/1010/All","logger":"task.stdout"}
{"timestamp":"2026-02-12T01:01:56.251927Z","level":"info","event":"Fetching URL: https://thecourseforum.com/course/EAST/1200/All","logger":"task.stdout"}
{"timestamp":"2026-02-12T01:01:56.605113Z","level":"info","event":"Fetching URL: https://thecourseforum.com/course/EAST/4991/All","logger":"task.stdout"}
{"timestamp":"2026-02-12T01:01:56.760006Z","level":"info","event":"Fetching URL: https://thecourseforum.com/course/EAST/4999/All","logger":"task.stdout"}
{"timestamp":"2026-02-12T01:01:56.914812Z","level":"info","event":"Fetching URL: https://thecourseforum.com/course/EBUS/1800/All","logger":"task.stdout"}
{"timestamp":"2026-02-12T01:01:57.072917Z","level":"info","event":"Fetching URL: https://thecourseforum.com/course/EBUS/2730/All","logger":"task.stdout"}
{"timestamp":"2026-02-12T01:01:57.222888Z","level":"info","event":"Fetching URL: https://thecourseforum.com/course/EBUS/2830/All","logger":"task.stdout"}
{"timestamp":"2026-02-12T01:01:57.379808Z","level":"info","event":"Fetching URL: https://thecourseforum.com/course/EBUS/2850/All","logger":"task.stdout"}
{"timestamp":"2026-02-12T01:01:58.529304Z","level":"info","event":"Fetching URL: https://thecourseforum.com/course/EBUS/4700/All","logger":"task.stdout"}
{"timestamp":"2026-02-12T01:01:58.731467Z","level":"info","event":"Fetching URL: https://thecourseforum.com/course/EBUS/4810/All","logger":"task.stdout"}
{"timestamp":"2026-02-12T01:01:58.939173Z","level":"info","event":"Fetching URL: https://thecourseforum.com/course/ENGR/1020/All","logger":"task.stdout"}
{"timestamp":"2026-02-12T01:01:59.302994Z","level":"info","event":"Fetching URL: https://thecourseforum.com/course/ENGR/1420/All","logger":"task.stdout"}
{"timestamp":"2026-02-12T01:01:59.459174Z","level":"info","event":"Fetching URL: https://thecourseforum.com/course/ENGR/1501/All","logger":"task.stdout"}
{"timestamp":"2026-02-12T01:02:00.623324Z","level":"info","event":"Fetching URL: https://thecourseforum.com/course/ENGR/2500/All","logger":"task.stdout"}
{"timestamp":"2026-02-12T01:02:01.001748Z","level":"info","event":"Fetching URL: https://thecourseforum.com/course/ENGR/2595/All","logger":"task.stdout"}
{"timestamp":"2026-02-12T01:02:02.274812Z","level":"info","event":"Fetching URL: https://thecourseforum.com/course/ENGR/2993/All","logger":"task.stdout"}
{"timestamp":"2026-02-12T01:02:03.449220Z","level":"info","event":"Fetching URL: https://thecourseforum.com/course/ENGR/2995/All","logger":"task.stdout"}
{"timestamp":"2026-02-12T01:02:03.598714Z","level":"info","event":"Fetching URL: https://thecourseforum.com/course/ENGR/3580/All","logger":"task.stdout"}
{"timestamp":"2026-02-12T01:02:04.875116Z","level":"info","event":"Fetching URL: https://thecourseforum.com/course/ENGR/4595/All","logger":"task.stdout"}
{"timestamp":"2026-02-12T01:02:05.241985Z","level":"info","event":"Fetching URL: https://thecourseforum.com/course/ENGR/4880/All","logger":"task.stdout"}
{"timestamp":"2026-02-12T01:02:06.446342Z","level":"info","event":"Fetching URL: https://thecourseforum.com/course/GCCS/4991/All","logger":"task.stdout"}
{"timestamp":"2026-02-12T01:02:06.630594Z","level":"info","event":"Fetching URL: https://thecourseforum.com/course/GERM/1010/All","logger":"task.stdout"}
{"timestamp":"2026-02-12T01:02:06.938140Z","level":"info","event":"Fetching URL: https://thecourseforum.com/course/GERM/1020/All","logger":"task.stdout"}
{"timestamp":"2026-02-12T01:02:07.207329Z","level":"info","event":"Fetching URL: https://thecourseforum.com/course/GERM/2010/All","logger":"task.stdout"}
{"timestamp":"2026-02-12T01:02:08.484133Z","level":"info","event":"Fetching URL: https://thecourseforum.com/course/GERM/2020/All","logger":"task.stdout"}
{"timestamp":"2026-02-12T01:02:08.776928Z","level":"info","event":"Fetching URL: https://thecourseforum.com/course/GERM/3000/All","logger":"task.stdout"}
{"timestamp":"2026-02-12T01:02:09.954669Z","level":"info","event":"Fetching URL: https://thecourseforum.com/course/GERM/3230/All","logger":"task.stdout"}
{"timestamp":"2026-02-12T01:02:10.125617Z","level":"info","event":"Fetching URL: https://thecourseforum.com/course/GERM/3300/All","logger":"task.stdout"}
{"timestamp":"2026-02-12T01:02:11.290385Z","level":"info","event":"Fetching URL: https://thecourseforum.com/course/GERM/4600/All","logger":"task.stdout"}
{"timestamp":"2026-02-12T01:02:11.457621Z","level":"info","event":"Fetching URL: https://thecourseforum.com/course/GERM/4993/All","logger":"task.stdout"}
{"timestamp":"2026-02-12T01:02:12.762462Z","level":"info","event":"Fetching URL: https://thecourseforum.com/course/GERM/4999/All","logger":"task.stdout"}
{"timestamp":"2026-02-12T01:02:13.947991Z","level":"info","event":"Fetching URL: https://thecourseforum.com/course/HIND/1020/All","logger":"task.stdout"}
{"timestamp":"2026-02-12T01:02:15.268032Z","level":"info","event":"Fetching URL: https://thecourseforum.com/course/HIND/1310/All","logger":"task.stdout"}
{"timestamp":"2026-02-12T01:02:16.437665Z","level":"info","event":"Fetching URL: https://thecourseforum.com/course/HIND/2020/All","logger":"task.stdout"}
{"timestamp":"2026-02-12T01:02:16.632855Z","level":"info","event":"Fetching URL: https://thecourseforum.com/course/HIND/3012/All","logger":"task.stdout"}
{"timestamp":"2026-02-12T01:02:16.818395Z","level":"info","event":"Fetching URL: https://thecourseforum.com/course/HIND/4993/All","logger":"task.stdout"}
{"timestamp":"2026-02-12T01:02:17.990070Z","level":"info","event":"Fetching URL: https://thecourseforum.com/course/MEST/2270/All","logger":"task.stdout"}
{"timestamp":"2026-02-12T01:02:18.144871Z","level":"info","event":"Fetching URL: https://thecourseforum.com/course/MEST/3232/All","logger":"task.stdout"}
{"timestamp":"2026-02-12T01:02:18.290574Z","level":"info","event":"Fetching URL: https://thecourseforum.com/course/MEST/3282/All","logger":"task.stdout"}
{"timestamp":"2026-02-12T01:02:18.439000Z","level":"info","event":"Fetching URL: https://thecourseforum.com/course/MEST/3491/All","logger":"task.stdout"}
{"timestamp":"2026-02-12T01:02:18.647513Z","level":"info","event":"Fetching URL: https://thecourseforum.com/course/MISC/1020/All","logger":"task.stdout"}
{"timestamp":"2026-02-12T01:02:18.839098Z","level":"info","event":"Fetching URL: https://thecourseforum.com/course/MISC/1025/All","logger":"task.stdout"}
{"timestamp":"2026-02-12T01:02:19.027937Z","level":"info","event":"Fetching URL: https://thecourseforum.com/course/MISC/2020/All","logger":"task.stdout"}
{"timestamp":"2026-02-12T01:02:20.273222Z","level":"info","event":"Fetching URL: https://thecourseforum.com/course/MISC/2025/All","logger":"task.stdout"}
{"timestamp":"2026-02-12T01:02:21.450634Z","level":"info","event":"Fetching URL: https://thecourseforum.com/course/MISC/3020/All","logger":"task.stdout"}
{"timestamp":"2026-02-12T01:02:22.632478Z","level":"info","event":"Fetching URL: https://thecourseforum.com/course/MISC/3025/All","logger":"task.stdout"}
{"timestamp":"2026-02-12T01:02:23.816384Z","level":"info","event":"Fetching URL: https://thecourseforum.com/course/MISC/4020/All","logger":"task.stdout"}
{"timestamp":"2026-02-12T01:02:23.975476Z","level":"info","event":"Fetching URL: https://thecourseforum.com/course/MISC/4025/All","logger":"task.stdout"}
{"timestamp":"2026-02-12T01:02:25.145735Z","level":"info","event":"Fetching URL: https://thecourseforum.com/course/MISC/4993/All","logger":"task.stdout"}
{"timestamp":"2026-02-12T01:02:29.806752Z","level":"info","event":"Done. Returned value was: None","logger":"airflow.task.operators.airflow.providers.standard.operators.python.PythonOperator","filename":"python.py","lineno":230}
