{"timestamp":"2026-02-12T00:23:08.734604Z","level":"info","event":"DAG bundles loaded: dags-folder","logger":"airflow.dag_processing.bundles.manager.DagBundlesManager","filename":"manager.py","lineno":179}
{"timestamp":"2026-02-12T00:23:08.735345Z","level":"info","event":"Filling up the DagBag from /opt/airflow/dags/professor_rating_dag.py","logger":"airflow.models.dagbag.BundleDagBag","filename":"dagbag.py","lineno":593}
{"timestamp":"2026-02-12T00:23:09.066204Z","level":"info","event":"Fetching URL: https://thecourseforum.com/course/APMA/3150/All","logger":"task.stdout"}
{"timestamp":"2026-02-12T00:23:09.592656Z","level":"info","event":"Fetching URL: https://thecourseforum.com/course/APMA/3501/All","logger":"task.stdout"}
{"timestamp":"2026-02-12T00:23:09.810113Z","level":"info","event":"Fetching URL: https://thecourseforum.com/course/APMA/4993/All","logger":"task.stdout"}
{"timestamp":"2026-02-12T00:23:09.971603Z","level":"info","event":"Fetching URL: https://thecourseforum.com/course/APMA/1090/All","logger":"task.stdout"}
{"timestamp":"2026-02-12T00:23:10.189626Z","level":"info","event":"Fetching URL: https://thecourseforum.com/course/APMA/1110/All","logger":"task.stdout"}
{"timestamp":"2026-02-12T00:23:10.473204Z","level":"info","event":"Fetching URL: https://thecourseforum.com/course/APMA/2120/All","logger":"task.stdout"}
{"timestamp":"2026-02-12T00:23:10.815855Z","level":"info","event":"Fetching URL: https://thecourseforum.com/course/APMA/2130/All","logger":"task.stdout"}
{"timestamp":"2026-02-12T00:23:11.163429Z","level":"info","event":"Fetching URL: https://thecourseforum.com/course/APMA/2501/All","logger":"task.stdout"}
{"timestamp":"2026-02-12T00:23:11.333357Z","level":"info","event":"Fetching URL: https://thecourseforum.com/course/APMA/3080/All","logger":"task.stdout"}
{"timestamp":"2026-02-12T00:23:11.645165Z","level":"info","event":"Fetching URL: https://thecourseforum.com/course/APMA/3100/All","logger":"task.stdout"}
{"timestamp":"2026-02-12T00:23:12.001950Z","level":"info","event":"Fetching URL: https://thecourseforum.com/course/APMA/3110/All","logger":"task.stdout"}
{"timestamp":"2026-02-12T00:23:12.234017Z","level":"info","event":"Fetching URL: https://thecourseforum.com/course/APMA/3120/All","logger":"task.stdout"}
{"timestamp":"2026-02-12T00:23:12.395375Z","level":"info","event":"Fetching URL: https://thecourseforum.com/course/APMA/3140/All","logger":"task.stdout"}
{"timestamp":"2026-02-12T00:23:12.635255Z","level":"info","event":"Fetching URL: https://thecourseforum.com/course/ARH/1020/All","logger":"task.stdout"}
{"timestamp":"2026-02-12T00:23:12.880922Z","level":"info","event":"Fetching URL: https://thecourseforum.com/course/ARH/2702/All","logger":"task.stdout"}
{"timestamp":"2026-02-12T00:23:13.125452Z","level":"info","event":"Fetching URL: https://thecourseforum.com/course/ARH/3060/All","logger":"task.stdout"}
{"timestamp":"2026-02-12T00:23:13.284213Z","level":"info","event":"Fetching URL: https://thecourseforum.com/course/ARH/3403/All","logger":"task.stdout"}
{"timestamp":"2026-02-12T00:23:13.527007Z","level":"info","event":"Fetching URL: https://thecourseforum.com/course/ARH/3500/All","logger":"task.stdout"}
{"timestamp":"2026-02-12T00:23:13.759619Z","level":"info","event":"Fetching URL: https://thecourseforum.com/course/ARH/3604/All","logger":"task.stdout"}
{"timestamp":"2026-02-12T00:23:13.958584Z","level":"info","event":"Fetching URL: https://thecourseforum.com/course/ARH/4591/All","logger":"task.stdout"}
{"timestamp":"2026-02-12T00:23:14.135384Z","level":"info","event":"Fetching URL: https://thecourseforum.com/course/ARH/4993/All","logger":"task.stdout"}
{"timestamp":"2026-02-12T00:23:14.350661Z","level":"info","event":"Fetching URL: https://thecourseforum.com/course/ARH/4999/All","logger":"task.stdout"}
{"timestamp":"2026-02-12T00:23:14.534025Z","level":"info","event":"Fetching URL: https://thecourseforum.com/course/ASL/1020/All","logger":"task.stdout"}
{"timestamp":"2026-02-12T00:23:14.776808Z","level":"info","event":"Fetching URL: https://thecourseforum.com/course/ASL/2020/All","logger":"task.stdout"}
{"timestamp":"2026-02-12T00:23:14.946621Z","level":"info","event":"Fetching URL: https://thecourseforum.com/course/ASL/3015/All","logger":"task.stdout"}
{"timestamp":"2026-02-12T00:23:15.170216Z","level":"info","event":"Fetching URL: https://thecourseforum.com/course/ASL/3020/All","logger":"task.stdout"}
{"timestamp":"2026-02-12T00:23:15.323732Z","level":"info","event":"Fetching URL: https://thecourseforum.com/course/ASL/3460/All","logger":"task.stdout"}
{"timestamp":"2026-02-12T00:23:15.501628Z","level":"info","event":"Fetching URL: https://thecourseforum.com/course/ASL/3559/All","logger":"task.stdout"}
{"timestamp":"2026-02-12T00:23:15.665996Z","level":"info","event":"Fetching URL: https://thecourseforum.com/course/ASL/4450/All","logger":"task.stdout"}
{"timestamp":"2026-02-12T00:23:15.822458Z","level":"info","event":"Fetching URL: https://thecourseforum.com/course/ASL/4750/All","logger":"task.stdout"}
{"timestamp":"2026-02-12T00:23:15.974095Z","level":"info","event":"Fetching URL: https://thecourseforum.com/course/ASL/4993/All","logger":"task.stdout"}
{"timestamp":"2026-02-12T00:23:16.130720Z","level":"info","event":"Fetching URL: https://thecourseforum.com/course/ASTR/1210/All","logger":"task.stdout"}
{"timestamp":"2026-02-12T00:23:16.367031Z","level":"info","event":"Fetching URL: https://thecourseforum.com/course/ASTR/1220/All","logger":"task.stdout"}
{"timestamp":"2026-02-12T00:23:16.577801Z","level":"info","event":"Fetching URL: https://thecourseforum.com/course/ASTR/1250/All","logger":"task.stdout"}
{"timestamp":"2026-02-12T00:23:16.742466Z","level":"info","event":"Fetching URL: https://thecourseforum.com/course/ASTR/1290/All","logger":"task.stdout"}
{"timestamp":"2026-02-12T00:23:16.917391Z","level":"info","event":"Fetching URL: https://thecourseforum.com/course/ASTR/1610/All","logger":"task.stdout"}
{"timestamp":"2026-02-12T00:23:17.094581Z","level":"info","event":"Fetching URL: https://thecourseforum.com/course/ASTR/2120/All","logger":"task.stdout"}
{"timestamp":"2026-02-12T00:23:17.259078Z","level":"info","event":"Fetching URL: https://thecourseforum.com/course/ASTR/3130/All","logger":"task.stdout"}
{"timestamp":"2026-02-12T00:23:17.431963Z","level":"info","event":"Fetching URL: https://thecourseforum.com/course/ASTR/3420/All","logger":"task.stdout"}
{"timestamp":"2026-02-12T00:23:17.657905Z","level":"info","event":"Fetching URL: https://thecourseforum.com/course/ASTR/3450/All","logger":"task.stdout"}
{"timestamp":"2026-02-12T00:23:17.832673Z","level":"info","event":"Fetching URL: https://thecourseforum.com/course/ASTR/3490/All","logger":"task.stdout"}
{"timestamp":"2026-02-12T00:23:17.988875Z","level":"info","event":"Fetching URL: https://thecourseforum.com/course/ASTR/3880/All","logger":"task.stdout"}
{"timestamp":"2026-02-12T00:23:18.154068Z","level":"info","event":"Fetching URL: https://thecourseforum.com/course/ASTR/3881/All","logger":"task.stdout"}
{"timestamp":"2026-02-12T00:23:18.302853Z","level":"info","event":"Fetching URL: https://thecourseforum.com/course/ASTR/4140/All","logger":"task.stdout"}
{"timestamp":"2026-02-12T00:23:18.463612Z","level":"info","event":"Fetching URL: https://thecourseforum.com/course/ASTR/4470/All","logger":"task.stdout"}
{"timestamp":"2026-02-12T00:23:18.609043Z","level":"info","event":"Fetching URL: https://thecourseforum.com/course/ASTR/4993/All","logger":"task.stdout"}
{"timestamp":"2026-02-12T00:23:18.887520Z","level":"info","event":"Fetching URL: https://thecourseforum.com/course/ASTR/4998/All","logger":"task.stdout"}
{"timestamp":"2026-02-12T00:23:19.400031Z","level":"info","event":"Fetching URL: https://thecourseforum.com/course/BIOL/2200/All","logger":"task.stdout"}
{"timestamp":"2026-02-12T00:23:20.032867Z","level":"info","event":"Fetching URL: https://thecourseforum.com/course/BIOL/3000/All","logger":"task.stdout"}
{"timestamp":"2026-02-12T00:23:20.242004Z","level":"info","event":"Fetching URL: https://thecourseforum.com/course/BIOL/2100/All","logger":"task.stdout"}
{"timestamp":"2026-02-12T00:23:23.118867Z","level":"info","event":"Fetching URL: https://thecourseforum.com/course/BIOL/3040/All","logger":"task.stdout"}
{"timestamp":"2026-02-12T00:23:23.287668Z","level":"info","event":"Fetching URL: https://thecourseforum.com/course/BIOL/3180/All","logger":"task.stdout"}
{"timestamp":"2026-02-12T00:23:23.459014Z","level":"info","event":"Fetching URL: https://thecourseforum.com/course/BIOL/3240/All","logger":"task.stdout"}
{"timestamp":"2026-02-12T00:23:23.800926Z","level":"info","event":"Fetching URL: https://thecourseforum.com/course/BIOL/3260/All","logger":"task.stdout"}
{"timestamp":"2026-02-12T00:23:23.956064Z","level":"info","event":"Fetching URL: https://thecourseforum.com/course/BIOL/3270/All","logger":"task.stdout"}
{"timestamp":"2026-02-12T00:23:24.712159Z","level":"info","event":"Fetching URL: https://thecourseforum.com/course/BIOL/3420/All","logger":"task.stdout"}
{"timestamp":"2026-02-12T00:23:25.149541Z","level":"info","event":"Fetching URL: https://thecourseforum.com/course/BIOL/3430/All","logger":"task.stdout"}
{"timestamp":"2026-02-12T00:23:25.310140Z","level":"info","event":"Fetching URL: https://thecourseforum.com/course/BIOL/4012/All","logger":"task.stdout"}
{"timestamp":"2026-02-12T00:23:25.464979Z","level":"info","event":"Fetching URL: https://thecourseforum.com/course/BIOL/4014/All","logger":"task.stdout"}
{"timestamp":"2026-02-12T00:23:25.626079Z","level":"info","event":"Fetching URL: https://thecourseforum.com/course/BIOL/4017/All","logger":"task.stdout"}
{"timestamp":"2026-02-12T00:23:25.782337Z","level":"info","event":"Fetching URL: https://thecourseforum.com/course/BIOL/4030/All","logger":"task.stdout"}
{"timestamp":"2026-02-12T00:23:25.932421Z","level":"info","event":"Fetching URL: https://thecourseforum.com/course/BIOL/4070/All","logger":"task.stdout"}
{"timestamp":"2026-02-12T00:23:26.106889Z","level":"info","event":"Fetching URL: https://thecourseforum.com/course/BIOL/4260/All","logger":"task.stdout"}
{"timestamp":"2026-02-12T00:23:26.268591Z","level":"info","event":"Fetching URL: https://thecourseforum.com/course/BIOL/4310/All","logger":"task.stdout"}
{"timestamp":"2026-02-12T00:23:26.436009Z","level":"info","event":"Fetching URL: https://thecourseforum.com/course/BIOL/4330/All","logger":"task.stdout"}
{"timestamp":"2026-02-12T00:23:26.763542Z","level":"info","event":"Fetching URL: https://thecourseforum.com/course/BIOL/4559/All","logger":"task.stdout"}
{"timestamp":"2026-02-12T00:23:27.008625Z","level":"info","event":"Fetching URL: https://thecourseforum.com/course/BIOL/4660/All","logger":"task.stdout"}
{"timestamp":"2026-02-12T00:23:27.258905Z","level":"info","event":"Fetching URL: https://thecourseforum.com/course/BIOL/4770/All","logger":"task.stdout"}
{"timestamp":"2026-02-12T00:23:27.423843Z","level":"info","event":"Fetching URL: https://thecourseforum.com/course/BIOL/4820/All","logger":"task.stdout"}
{"timestamp":"2026-02-12T00:23:27.592401Z","level":"info","event":"Fetching URL: https://thecourseforum.com/course/BIOL/4900/All","logger":"task.stdout"}
{"timestamp":"2026-02-12T00:23:27.864914Z","level":"info","event":"Fetching URL: https://thecourseforum.com/course/BIOL/4910/All","logger":"task.stdout"}
{"timestamp":"2026-02-12T00:23:28.183262Z","level":"info","event":"Fetching URL: https://thecourseforum.com/course/BIOL/4920/All","logger":"task.stdout"}
{"timestamp":"2026-02-12T00:23:28.638198Z","level":"info","event":"Fetching URL: https://thecourseforum.com/course/BIOL/4930/All","logger":"task.stdout"}
{"timestamp":"2026-02-12T00:23:28.890160Z","level":"info","event":"Fetching URL: https://thecourseforum.com/course/BIOL/4940/All","logger":"task.stdout"}
{"timestamp":"2026-02-12T00:23:29.046619Z","level":"info","event":"Fetching URL: https://thecourseforum.com/course/BIOL/3010/All","logger":"task.stdout"}
{"timestamp":"2026-02-12T00:23:29.290478Z","level":"info","event":"Fetching URL: https://thecourseforum.com/course/BIOL/3030/All","logger":"task.stdout"}
{"timestamp":"2026-02-12T00:23:29.465779Z","level":"info","event":"Fetching URL: https://thecourseforum.com/course/CE/4995/All","logger":"task.stdout"}
{"timestamp":"2026-02-12T00:23:29.768162Z","level":"info","event":"Fetching URL: https://thecourseforum.com/course/CE/1501/All","logger":"task.stdout"}
{"timestamp":"2026-02-12T00:23:29.925108Z","level":"info","event":"Fetching URL: https://thecourseforum.com/course/CE/2001/All","logger":"task.stdout"}
{"timestamp":"2026-02-12T00:23:30.095041Z","level":"info","event":"Fetching URL: https://thecourseforum.com/course/CE/2020/All","logger":"task.stdout"}
{"timestamp":"2026-02-12T00:23:30.256175Z","level":"info","event":"Fetching URL: https://thecourseforum.com/course/CE/2030/All","logger":"task.stdout"}
{"timestamp":"2026-02-12T00:23:30.432678Z","level":"info","event":"Fetching URL: https://thecourseforum.com/course/CE/2100/All","logger":"task.stdout"}
{"timestamp":"2026-02-12T00:23:30.600042Z","level":"info","event":"Fetching URL: https://thecourseforum.com/course/CE/2110/All","logger":"task.stdout"}
{"timestamp":"2026-02-12T00:23:30.763578Z","level":"info","event":"Fetching URL: https://thecourseforum.com/course/CE/2300/All","logger":"task.stdout"}
{"timestamp":"2026-02-12T00:23:30.941392Z","level":"info","event":"Fetching URL: https://thecourseforum.com/course/CE/2310/All","logger":"task.stdout"}
{"timestamp":"2026-02-12T00:23:31.146972Z","level":"info","event":"Fetching URL: https://thecourseforum.com/course/CE/2720/All","logger":"task.stdout"}
{"timestamp":"2026-02-12T00:23:31.305022Z","level":"info","event":"Fetching URL: https://thecourseforum.com/course/CE/3050/All","logger":"task.stdout"}
{"timestamp":"2026-02-12T00:23:32.461926Z","level":"info","event":"Fetching URL: https://thecourseforum.com/course/CE/3220/All","logger":"task.stdout"}
{"timestamp":"2026-02-12T00:23:32.650349Z","level":"info","event":"Fetching URL: https://thecourseforum.com/course/CE/4050/All","logger":"task.stdout"}
{"timestamp":"2026-02-12T00:23:32.816764Z","level":"info","event":"Fetching URL: https://thecourseforum.com/course/CE/3222/All","logger":"task.stdout"}
{"timestamp":"2026-02-12T00:23:32.976063Z","level":"info","event":"Fetching URL: https://thecourseforum.com/course/CE/3330/All","logger":"task.stdout"}
{"timestamp":"2026-02-12T00:23:34.124007Z","level":"info","event":"Fetching URL: https://thecourseforum.com/course/CE/3400/All","logger":"task.stdout"}
{"timestamp":"2026-02-12T00:23:34.280230Z","level":"info","event":"Fetching URL: https://thecourseforum.com/course/CE/3402/All","logger":"task.stdout"}
{"timestamp":"2026-02-12T00:23:34.438046Z","level":"info","event":"Fetching URL: https://thecourseforum.com/course/CE/3720/All","logger":"task.stdout"}
{"timestamp":"2026-02-12T00:23:35.608481Z","level":"info","event":"Fetching URL: https://thecourseforum.com/course/CE/3800/All","logger":"task.stdout"}
{"timestamp":"2026-02-12T00:23:35.860288Z","level":"info","event":"Fetching URL: https://thecourseforum.com/course/CE/4025/All","logger":"task.stdout"}
{"timestamp":"2026-02-12T00:23:36.026478Z","level":"info","event":"Fetching URL: https://thecourseforum.com/course/CE/4040/All","logger":"task.stdout"}
{"timestamp":"2026-02-12T00:23:37.171830Z","level":"info","event":"Fetching URL: https://thecourseforum.com/course/CE/4110/All","logger":"task.stdout"}
{"timestamp":"2026-02-12T00:23:37.320867Z","level":"info","event":"Fetching URL: https://thecourseforum.com/course/CE/4500/All","logger":"task.stdout"}
{"timestamp":"2026-02-12T00:23:37.522270Z","level":"info","event":"Fetching URL: https://thecourseforum.com/course/CE/4600/All","logger":"task.stdout"}
{"timestamp":"2026-02-12T00:23:37.702057Z","level":"info","event":"Fetching URL: https://thecourseforum.com/course/CE/4990/All","logger":"task.stdout"}
{"timestamp":"2026-02-12T00:23:38.896449Z","level":"info","event":"Fetching URL: https://thecourseforum.com/course/CGBM/2110/All","logger":"task.stdout"}
{"timestamp":"2026-02-12T00:23:40.224579Z","level":"info","event":"Fetching URL: https://thecourseforum.com/course/CGBM/2210/All","logger":"task.stdout"}
{"timestamp":"2026-02-12T00:23:41.402617Z","level":"info","event":"Fetching URL: https://thecourseforum.com/course/CGBM/2310/All","logger":"task.stdout"}
{"timestamp":"2026-02-12T00:23:41.659957Z","level":"info","event":"Fetching URL: https://thecourseforum.com/course/CGBM/2710/All","logger":"task.stdout"}
{"timestamp":"2026-02-12T00:23:41.814959Z","level":"info","event":"Fetching URL: https://thecourseforum.com/course/CHE/1501/All","logger":"task.stdout"}
{"timestamp":"2026-02-12T00:23:41.906121Z","level":"info","event":"Fetching URL: https://thecourseforum.com/course/CHE/2216/All","logger":"task.stdout"}
{"timestamp":"2026-02-12T00:23:42.068178Z","level":"info","event":"Fetching URL: https://thecourseforum.com/course/CHE/2595/All","logger":"task.stdout"}
{"timestamp":"2026-02-12T00:23:42.224025Z","level":"info","event":"Fetching URL: https://thecourseforum.com/course/CHE/3318/All","logger":"task.stdout"}
{"timestamp":"2026-02-12T00:23:43.425922Z","level":"info","event":"Fetching URL: https://thecourseforum.com/course/CHE/3322/All","logger":"task.stdout"}
{"timestamp":"2026-02-12T00:23:43.667022Z","level":"info","event":"Fetching URL: https://thecourseforum.com/course/CHE/3347/All","logger":"task.stdout"}
{"timestamp":"2026-02-12T00:23:43.863651Z","level":"info","event":"Fetching URL: https://thecourseforum.com/course/CHE/3398/All","logger":"task.stdout"}
{"timestamp":"2026-02-12T00:23:44.083190Z","level":"info","event":"Fetching URL: https://thecourseforum.com/course/CHE/4417/All","logger":"task.stdout"}
{"timestamp":"2026-02-12T00:23:44.324988Z","level":"info","event":"Fetching URL: https://thecourseforum.com/course/CHE/4442/All","logger":"task.stdout"}
{"timestamp":"2026-02-12T00:23:44.474270Z","level":"info","event":"Fetching URL: https://thecourseforum.com/course/CHE/4445/All","logger":"task.stdout"}
{"timestamp":"2026-02-12T00:23:44.629524Z","level":"info","event":"Fetching URL: https://thecourseforum.com/course/CHE/4456/All","logger":"task.stdout"}
{"timestamp":"2026-02-12T00:23:44.782792Z","level":"info","event":"Fetching URL: https://thecourseforum.com/course/CHE/4476/All","logger":"task.stdout"}
{"timestamp":"2026-02-12T00:23:44.946739Z","level":"info","event":"Fetching URL: https://thecourseforum.com/course/CHE/4561/All","logger":"task.stdout"}
{"timestamp":"2026-02-12T00:23:45.231491Z","level":"info","event":"Fetching URL: https://thecourseforum.com/course/CHE/2202/All","logger":"task.stdout"}
{"timestamp":"2026-02-12T00:23:45.392942Z","level":"info","event":"Fetching URL: https://thecourseforum.com/course/CHE/4995/All","logger":"task.stdout"}
{"timestamp":"2026-02-12T00:23:45.614666Z","level":"info","event":"Fetching URL: https://thecourseforum.com/course/CHIN/2020/All","logger":"task.stdout"}
{"timestamp":"2026-02-12T00:23:45.812307Z","level":"info","event":"Fetching URL: https://thecourseforum.com/course/CHIN/2060/All","logger":"task.stdout"}
{"timestamp":"2026-02-12T00:23:45.978647Z","level":"info","event":"Fetching URL: https://thecourseforum.com/course/CHIN/3010/All","logger":"task.stdout"}
{"timestamp":"2026-02-12T00:23:46.164021Z","level":"info","event":"Fetching URL: https://thecourseforum.com/course/CHIN/3020/All","logger":"task.stdout"}
{"timestamp":"2026-02-12T00:23:46.336228Z","level":"info","event":"Fetching URL: https://thecourseforum.com/course/CHIN/3025/All","logger":"task.stdout"}
{"timestamp":"2026-02-12T00:23:46.497157Z","level":"info","event":"Fetching URL: https://thecourseforum.com/course/CHIN/4020/All","logger":"task.stdout"}
{"timestamp":"2026-02-12T00:23:46.686151Z","level":"info","event":"Fetching URL: https://thecourseforum.com/course/CHIN/4030/All","logger":"task.stdout"}
{"timestamp":"2026-02-12T00:23:46.849046Z","level":"info","event":"Fetching URL: https://thecourseforum.com/course/CHIN/4830/All","logger":"task.stdout"}
{"timestamp":"2026-02-12T00:23:48.031438Z","level":"info","event":"Fetching URL: https://thecourseforum.com/course/CHIN/4993/All","logger":"task.stdout"}
{"timestamp":"2026-02-12T00:23:48.225157Z","level":"info","event":"Fetching URL: https://thecourseforum.com/course/CHIN/1010/All","logger":"task.stdout"}
{"timestamp":"2026-02-12T00:23:48.429136Z","level":"info","event":"Fetching URL: https://thecourseforum.com/course/CHIN/1020/All","logger":"task.stdout"}
{"timestamp":"2026-02-12T00:23:48.630281Z","level":"info","event":"Fetching URL: https://thecourseforum.com/course/CHIN/2010/All","logger":"task.stdout"}
{"timestamp":"2026-02-12T00:23:48.824774Z","level":"info","event":"Fetching URL: https://thecourseforum.com/course/CHRK/1020/All","logger":"task.stdout"}
{"timestamp":"2026-02-12T00:23:48.914258Z","level":"info","event":"Fetching URL: https://thecourseforum.com/course/CHTR/2850/All","logger":"task.stdout"}
{"timestamp":"2026-02-12T00:23:49.063802Z","level":"info","event":"Fetching URL: https://thecourseforum.com/course/CHTR/3840/All","logger":"task.stdout"}
{"timestamp":"2026-02-12T00:23:49.215148Z","level":"info","event":"Fetching URL: https://thecourseforum.com/course/CHTR/4991/All","logger":"task.stdout"}
{"timestamp":"2026-02-12T00:23:50.375368Z","level":"info","event":"Fetching URL: https://thecourseforum.com/course/CLAS/2020/All","logger":"task.stdout"}
{"timestamp":"2026-02-12T00:23:50.572792Z","level":"info","event":"Fetching URL: https://thecourseforum.com/course/CLAS/2040/All","logger":"task.stdout"}
{"timestamp":"2026-02-12T00:23:50.778332Z","level":"info","event":"Fetching URL: https://thecourseforum.com/course/CLAS/2559/All","logger":"task.stdout"}
{"timestamp":"2026-02-12T00:23:51.950041Z","level":"info","event":"Fetching URL: https://thecourseforum.com/course/CLAS/3160/All","logger":"task.stdout"}
{"timestamp":"2026-02-12T00:23:52.107620Z","level":"info","event":"Fetching URL: https://thecourseforum.com/course/CLAS/3220/All","logger":"task.stdout"}
{"timestamp":"2026-02-12T00:23:52.270188Z","level":"info","event":"Fetching URL: https://thecourseforum.com/course/CLAS/3350/All","logger":"task.stdout"}
{"timestamp":"2026-02-12T00:23:53.454962Z","level":"info","event":"Fetching URL: https://thecourseforum.com/course/COMM/2006/All","logger":"task.stdout"}
{"timestamp":"2026-02-12T00:23:53.789529Z","level":"info","event":"Fetching URL: https://thecourseforum.com/course/COMM/4350/All","logger":"task.stdout"}
{"timestamp":"2026-02-12T00:23:53.935988Z","level":"info","event":"Fetching URL: https://thecourseforum.com/course/COMM/4370/All","logger":"task.stdout"}
{"timestamp":"2026-02-12T00:23:54.092104Z","level":"info","event":"Fetching URL: https://thecourseforum.com/course/COMM/4371/All","logger":"task.stdout"}
{"timestamp":"2026-02-12T00:23:54.255169Z","level":"info","event":"Fetching URL: https://thecourseforum.com/course/COMM/4380/All","logger":"task.stdout"}
{"timestamp":"2026-02-12T00:23:54.420261Z","level":"info","event":"Fetching URL: https://thecourseforum.com/course/COMM/4522/All","logger":"task.stdout"}
{"timestamp":"2026-02-12T00:23:54.584978Z","level":"info","event":"Fetching URL: https://thecourseforum.com/course/COMM/4559/All","logger":"task.stdout"}
{"timestamp":"2026-02-12T00:23:55.806270Z","level":"info","event":"Fetching URL: https://thecourseforum.com/course/COMM/4569/All","logger":"task.stdout"}
{"timestamp":"2026-02-12T00:23:56.958909Z","level":"info","event":"Fetching URL: https://thecourseforum.com/course/COMM/4620/All","logger":"task.stdout"}
{"timestamp":"2026-02-12T00:23:57.114151Z","level":"info","event":"Fetching URL: https://thecourseforum.com/course/COMM/4621/All","logger":"task.stdout"}
{"timestamp":"2026-02-12T00:23:57.292178Z","level":"info","event":"Fetching URL: https://thecourseforum.com/course/COMM/4660/All","logger":"task.stdout"}
{"timestamp":"2026-02-12T00:23:57.455526Z","level":"info","event":"Fetching URL: https://thecourseforum.com/course/COMM/4680/All","logger":"task.stdout"}
{"timestamp":"2026-02-12T00:23:57.616748Z","level":"info","event":"Fetching URL: https://thecourseforum.com/course/COMM/4681/All","logger":"task.stdout"}
{"timestamp":"2026-02-12T00:23:57.774330Z","level":"info","event":"Fetching URL: https://thecourseforum.com/course/COMM/4710/All","logger":"task.stdout"}
{"timestamp":"2026-02-12T00:23:58.939716Z","level":"info","event":"Fetching URL: https://thecourseforum.com/course/COMM/4722/All","logger":"task.stdout"}
{"timestamp":"2026-02-12T00:23:59.338182Z","level":"info","event":"Fetching URL: https://thecourseforum.com/course/COMM/4730/All","logger":"task.stdout"}
{"timestamp":"2026-02-12T00:23:59.493000Z","level":"info","event":"Fetching URL: https://thecourseforum.com/course/COMM/4733/All","logger":"task.stdout"}
{"timestamp":"2026-02-12T00:24:00.662076Z","level":"info","event":"Fetching URL: https://thecourseforum.com/course/COMM/4791/All","logger":"task.stdout"}
{"timestamp":"2026-02-12T00:24:01.887018Z","level":"info","event":"Fetching URL: https://thecourseforum.com/course/COMM/4792/All","logger":"task.stdout"}
{"timestamp":"2026-02-12T00:24:03.085036Z","level":"info","event":"Fetching URL: https://thecourseforum.com/course/COMM/4821/All","logger":"task.stdout"}
{"timestamp":"2026-02-12T00:24:04.346473Z","level":"info","event":"Fetching URL: https://thecourseforum.com/course/COMM/4899/All","logger":"task.stdout"}
{"timestamp":"2026-02-12T00:24:05.625179Z","level":"info","event":"Fetching URL: https://thecourseforum.com/course/COMM/1800/All","logger":"task.stdout"}
{"timestamp":"2026-02-12T00:24:06.967592Z","level":"info","event":"Fetching URL: https://thecourseforum.com/course/COMM/2000/All","logger":"task.stdout"}
{"timestamp":"2026-02-12T00:24:07.123496Z","level":"info","event":"Fetching URL: https://thecourseforum.com/course/COMM/2002/All","logger":"task.stdout"}
{"timestamp":"2026-02-12T00:24:07.285804Z","level":"info","event":"Fetching URL: https://thecourseforum.com/course/COMM/2003/All","logger":"task.stdout"}
{"timestamp":"2026-02-12T00:24:07.442267Z","level":"info","event":"Fetching URL: https://thecourseforum.com/course/COMM/2004/All","logger":"task.stdout"}
{"timestamp":"2026-02-12T00:24:08.624151Z","level":"info","event":"Fetching URL: https://thecourseforum.com/course/COMM/2005/All","logger":"task.stdout"}
{"timestamp":"2026-02-12T00:24:08.783923Z","level":"info","event":"Fetching URL: https://thecourseforum.com/course/COMM/2600/All","logger":"task.stdout"}
{"timestamp":"2026-02-12T00:24:09.941306Z","level":"info","event":"Fetching URL: https://thecourseforum.com/course/COMM/2700/All","logger":"task.stdout"}
{"timestamp":"2026-02-12T00:24:10.093712Z","level":"info","event":"Fetching URL: https://thecourseforum.com/course/COMM/2730/All","logger":"task.stdout"}
{"timestamp":"2026-02-12T00:24:10.255140Z","level":"info","event":"Fetching URL: https://thecourseforum.com/course/COMM/3040/All","logger":"task.stdout"}
{"timestamp":"2026-02-12T00:24:10.508375Z","level":"info","event":"Fetching URL: https://thecourseforum.com/course/COMM/3120/All","logger":"task.stdout"}
{"timestamp":"2026-02-12T00:24:10.665381Z","level":"info","event":"Fetching URL: https://thecourseforum.com/course/COMM/3200/All","logger":"task.stdout"}
{"timestamp":"2026-02-12T00:24:10.834336Z","level":"info","event":"Fetching URL: https://thecourseforum.com/course/COMM/3220/All","logger":"task.stdout"}
{"timestamp":"2026-02-12T00:24:11.082079Z","level":"info","event":"Fetching URL: https://thecourseforum.com/course/COMM/3230/All","logger":"task.stdout"}
{"timestamp":"2026-02-12T00:24:12.228993Z","level":"info","event":"Fetching URL: https://thecourseforum.com/course/COMM/3330/All","logger":"task.stdout"}
{"timestamp":"2026-02-12T00:24:13.434767Z","level":"info","event":"Fetching URL: https://thecourseforum.com/course/COMM/3410/All","logger":"task.stdout"}
{"timestamp":"2026-02-12T00:24:13.977312Z","level":"info","event":"Fetching URL: https://thecourseforum.com/course/COMM/3420/All","logger":"task.stdout"}
{"timestamp":"2026-02-12T00:24:14.210380Z","level":"info","event":"Fetching URL: https://thecourseforum.com/course/COMM/3559/All","logger":"task.stdout"}
{"timestamp":"2026-02-12T00:24:14.367379Z","level":"info","event":"Fetching URL: https://thecourseforum.com/course/COMM/3720/All","logger":"task.stdout"}
{"timestamp":"2026-02-12T00:24:15.551463Z","level":"info","event":"Fetching URL: https://thecourseforum.com/course/COMM/4150/All","logger":"task.stdout"}
{"timestamp":"2026-02-12T00:24:16.709599Z","level":"info","event":"Fetching URL: https://thecourseforum.com/course/COMM/4210/All","logger":"task.stdout"}
{"timestamp":"2026-02-12T00:24:16.855500Z","level":"info","event":"Fetching URL: https://thecourseforum.com/course/COMM/4221/All","logger":"task.stdout"}
{"timestamp":"2026-02-12T00:24:17.001450Z","level":"info","event":"Fetching URL: https://thecourseforum.com/course/COMM/4230/All","logger":"task.stdout"}
{"timestamp":"2026-02-12T00:24:17.162662Z","level":"info","event":"Fetching URL: https://thecourseforum.com/course/COMM/4252/All","logger":"task.stdout"}
{"timestamp":"2026-02-12T00:24:17.340284Z","level":"info","event":"Fetching URL: https://thecourseforum.com/course/COMM/4822/All","logger":"task.stdout"}
{"timestamp":"2026-02-12T00:24:18.497819Z","level":"info","event":"Fetching URL: https://thecourseforum.com/course/COMM/4831/All","logger":"task.stdout"}
{"timestamp":"2026-02-12T00:24:19.661447Z","level":"info","event":"Fetching URL: https://thecourseforum.com/course/COMM/4839/All","logger":"task.stdout"}
{"timestamp":"2026-02-12T00:24:20.826092Z","level":"info","event":"Fetching URL: https://thecourseforum.com/course/COMM/4841/All","logger":"task.stdout"}
{"timestamp":"2026-02-12T00:24:21.987458Z","level":"info","event":"Fetching URL: https://thecourseforum.com/course/COMM/4881/All","logger":"task.stdout"}
{"timestamp":"2026-02-12T00:24:23.150950Z","level":"info","event":"Fetching URL: https://thecourseforum.com/course/COMM/4993/All","logger":"task.stdout"}
{"timestamp":"2026-02-12T00:24:23.364823Z","level":"info","event":"Fetching URL: https://thecourseforum.com/course/COMM/3050/All","logger":"task.stdout"}
{"timestamp":"2026-02-12T00:24:23.564634Z","level":"info","event":"Fetching URL: https://thecourseforum.com/course/CS/4980/All","logger":"task.stdout"}
{"timestamp":"2026-02-12T00:24:25.338926Z","level":"info","event":"Fetching URL: https://thecourseforum.com/course/CS/4991/All","logger":"task.stdout"}
{"timestamp":"2026-02-12T00:24:25.496744Z","level":"info","event":"Fetching URL: https://thecourseforum.com/course/CS/2100/All","logger":"task.stdout"}
{"timestamp":"2026-02-12T00:24:25.700385Z","level":"info","event":"Fetching URL: https://thecourseforum.com/course/CS/2120/All","logger":"task.stdout"}
{"timestamp":"2026-02-12T00:24:26.892258Z","level":"info","event":"Fetching URL: https://thecourseforum.com/course/CS/2130/All","logger":"task.stdout"}
{"timestamp":"2026-02-12T00:24:27.094075Z","level":"info","event":"Fetching URL: https://thecourseforum.com/course/CS/2501/All","logger":"task.stdout"}
{"timestamp":"2026-02-12T00:24:27.316555Z","level":"info","event":"Fetching URL: https://thecourseforum.com/course/CS/2910/All","logger":"task.stdout"}
{"timestamp":"2026-02-12T00:24:27.515442Z","level":"info","event":"Fetching URL: https://thecourseforum.com/course/CS/2993/All","logger":"task.stdout"}
{"timestamp":"2026-02-12T00:24:27.731030Z","level":"info","event":"Fetching URL: https://thecourseforum.com/course/CS/3100/All","logger":"task.stdout"}
{"timestamp":"2026-02-12T00:24:27.911417Z","level":"info","event":"Fetching URL: https://thecourseforum.com/course/CS/3120/All","logger":"task.stdout"}
{"timestamp":"2026-02-12T00:24:28.080316Z","level":"info","event":"Fetching URL: https://thecourseforum.com/course/CS/3130/All","logger":"task.stdout"}
{"timestamp":"2026-02-12T00:24:28.261997Z","level":"info","event":"Fetching URL: https://thecourseforum.com/course/CS/3140/All","logger":"task.stdout"}
{"timestamp":"2026-02-12T00:24:28.423655Z","level":"info","event":"Fetching URL: https://thecourseforum.com/course/CS/3205/All","logger":"task.stdout"}
{"timestamp":"2026-02-12T00:24:28.744655Z","level":"info","event":"Fetching URL: https://thecourseforum.com/course/CS/3240/All","logger":"task.stdout"}
{"timestamp":"2026-02-12T00:24:29.094800Z","level":"info","event":"Fetching URL: https://thecourseforum.com/course/CS/3250/All","logger":"task.stdout"}
{"timestamp":"2026-02-12T00:24:29.378265Z","level":"info","event":"Fetching URL: https://thecourseforum.com/course/CS/3501/All","logger":"task.stdout"}
{"timestamp":"2026-02-12T00:24:29.598588Z","level":"info","event":"Fetching URL: https://thecourseforum.com/course/CS/3710/All","logger":"task.stdout"}
{"timestamp":"2026-02-12T00:24:29.844868Z","level":"info","event":"Fetching URL: https://thecourseforum.com/course/CS/4330/All","logger":"task.stdout"}
{"timestamp":"2026-02-12T00:24:30.009633Z","level":"info","event":"Fetching URL: https://thecourseforum.com/course/CS/4457/All","logger":"task.stdout"}
{"timestamp":"2026-02-12T00:24:30.212049Z","level":"info","event":"Fetching URL: https://thecourseforum.com/course/CS/4501/All","logger":"task.stdout"}
{"timestamp":"2026-02-12T00:24:30.514141Z","level":"info","event":"Fetching URL: https://thecourseforum.com/course/CS/4630/All","logger":"task.stdout"}
{"timestamp":"2026-02-12T00:24:30.707415Z","level":"info","event":"Fetching URL: https://thecourseforum.com/course/CS/4710/All","logger":"task.stdout"}
{"timestamp":"2026-02-12T00:24:31.089296Z","level":"info","event":"Fetching URL: https://thecourseforum.com/course/CS/4720/All","logger":"task.stdout"}
{"timestamp":"2026-02-12T00:24:31.284241Z","level":"info","event":"Fetching URL: https://thecourseforum.com/course/CS/4730/All","logger":"task.stdout"}
{"timestamp":"2026-02-12T00:24:31.492021Z","level":"info","event":"Fetching URL: https://thecourseforum.com/course/CS/4740/All","logger":"task.stdout"}
{"timestamp":"2026-02-12T00:24:31.657656Z","level":"info","event":"Fetching URL: https://thecourseforum.com/course/CS/4750/All","logger":"task.stdout"}
{"timestamp":"2026-02-12T00:24:31.853510Z","level":"info","event":"Fetching URL: https://thecourseforum.com/course/CS/4770/All","logger":"task.stdout"}
{"timestamp":"2026-02-12T00:24:31.998311Z","level":"info","event":"Fetching URL: https://thecourseforum.com/course/CS/4771/All","logger":"task.stdout"}
{"timestamp":"2026-02-12T00:24:32.154844Z","level":"info","event":"Fetching URL: https://thecourseforum.com/course/CS/4774/All","logger":"task.stdout"}
{"timestamp":"2026-02-12T00:24:32.309018Z","level":"info","event":"Fetching URL: https://thecourseforum.com/course/CS/4790/All","logger":"task.stdout"}
{"timestamp":"2026-02-12T00:24:32.465377Z","level":"info","event":"Fetching URL: https://thecourseforum.com/course/CS/4971/All","logger":"task.stdout"}
{"timestamp":"2026-02-12T00:24:32.633544Z","level":"info","event":"Fetching URL: https://thecourseforum.com/course/CS/4993/All","logger":"task.stdout"}
{"timestamp":"2026-02-12T00:24:33.445085Z","level":"info","event":"Fetching URL: https://thecourseforum.com/course/CS/4998/All","logger":"task.stdout"}
{"timestamp":"2026-02-12T00:24:33.873813Z","level":"info","event":"Fetching URL: https://thecourseforum.com/course/CS/1110/All","logger":"task.stdout"}
{"timestamp":"2026-02-12T00:24:34.674550Z","level":"info","event":"Fetching URL: https://thecourseforum.com/course/CS/1112/All","logger":"task.stdout"}
{"timestamp":"2026-02-12T00:24:34.844889Z","level":"info","event":"Fetching URL: https://thecourseforum.com/course/CS/1501/All","logger":"task.stdout"}
{"timestamp":"2026-02-12T00:24:35.023262Z","level":"info","event":"Fetching URL: https://thecourseforum.com/course/DANC/2430/All","logger":"task.stdout"}
{"timestamp":"2026-02-12T00:24:35.192889Z","level":"info","event":"Fetching URL: https://thecourseforum.com/course/DANC/3300/All","logger":"task.stdout"}
{"timestamp":"2026-02-12T00:24:35.347061Z","level":"info","event":"Fetching URL: https://thecourseforum.com/course/DANC/3400/All","logger":"task.stdout"}
{"timestamp":"2026-02-12T00:24:35.566032Z","level":"info","event":"Fetching URL: https://thecourseforum.com/course/DANC/3610/All","logger":"task.stdout"}
{"timestamp":"2026-02-12T00:24:35.720461Z","level":"info","event":"Fetching URL: https://thecourseforum.com/course/DANC/4993/All","logger":"task.stdout"}
{"timestamp":"2026-02-12T00:24:35.882001Z","level":"info","event":"Fetching URL: https://thecourseforum.com/course/DANC/2210/All","logger":"task.stdout"}
{"timestamp":"2026-02-12T00:24:36.039488Z","level":"info","event":"Fetching URL: https://thecourseforum.com/course/DANC/3230/All","logger":"task.stdout"}
{"timestamp":"2026-02-12T00:24:36.267691Z","level":"info","event":"Fetching URL: https://thecourseforum.com/course/DRAM/1010/All","logger":"task.stdout"}
{"timestamp":"2026-02-12T00:24:36.430906Z","level":"info","event":"Fetching URL: https://thecourseforum.com/course/DRAM/1020/All","logger":"task.stdout"}
{"timestamp":"2026-02-12T00:24:36.635976Z","level":"info","event":"Fetching URL: https://thecourseforum.com/course/DRAM/1220/All","logger":"task.stdout"}
{"timestamp":"2026-02-12T00:24:36.797878Z","level":"info","event":"Fetching URL: https://thecourseforum.com/course/DRAM/2010/All","logger":"task.stdout"}
{"timestamp":"2026-02-12T00:24:36.961675Z","level":"info","event":"Fetching URL: https://thecourseforum.com/course/DRAM/2020/All","logger":"task.stdout"}
{"timestamp":"2026-02-12T00:24:37.214902Z","level":"info","event":"Fetching URL: https://thecourseforum.com/course/DRAM/2060/All","logger":"task.stdout"}
{"timestamp":"2026-02-12T00:24:37.374256Z","level":"info","event":"Fetching URL: https://thecourseforum.com/course/DRAM/2130/All","logger":"task.stdout"}
{"timestamp":"2026-02-12T00:24:37.532908Z","level":"info","event":"Fetching URL: https://thecourseforum.com/course/DRAM/2211/All","logger":"task.stdout"}
{"timestamp":"2026-02-12T00:24:37.700189Z","level":"info","event":"Fetching URL: https://thecourseforum.com/course/DRAM/2310/All","logger":"task.stdout"}
{"timestamp":"2026-02-12T00:24:37.861821Z","level":"info","event":"Fetching URL: https://thecourseforum.com/course/DRAM/2430/All","logger":"task.stdout"}
{"timestamp":"2026-02-12T00:24:38.029091Z","level":"info","event":"Fetching URL: https://thecourseforum.com/course/DRAM/2559/All","logger":"task.stdout"}
{"timestamp":"2026-02-12T00:24:38.204041Z","level":"info","event":"Fetching URL: https://thecourseforum.com/course/DRAM/2620/All","logger":"task.stdout"}
{"timestamp":"2026-02-12T00:24:38.367350Z","level":"info","event":"Fetching URL: https://thecourseforum.com/course/DRAM/3410/All","logger":"task.stdout"}
{"timestamp":"2026-02-12T00:24:38.526951Z","level":"info","event":"Fetching URL: https://thecourseforum.com/course/DRAM/2630/All","logger":"task.stdout"}
{"timestamp":"2026-02-12T00:24:38.686426Z","level":"info","event":"Fetching URL: https://thecourseforum.com/course/DRAM/3030/All","logger":"task.stdout"}
{"timestamp":"2026-02-12T00:24:38.848957Z","level":"info","event":"Fetching URL: https://thecourseforum.com/course/DRAM/3050/All","logger":"task.stdout"}
{"timestamp":"2026-02-12T00:24:39.021801Z","level":"info","event":"Fetching URL: https://thecourseforum.com/course/DRAM/3070/All","logger":"task.stdout"}
{"timestamp":"2026-02-12T00:24:39.175969Z","level":"info","event":"Fetching URL: https://thecourseforum.com/course/DRAM/3210/All","logger":"task.stdout"}
{"timestamp":"2026-02-12T00:24:39.344407Z","level":"info","event":"Fetching URL: https://thecourseforum.com/course/DRAM/3559/All","logger":"task.stdout"}
{"timestamp":"2026-02-12T00:24:39.504111Z","level":"info","event":"Fetching URL: https://thecourseforum.com/course/DRAM/3652/All","logger":"task.stdout"}
{"timestamp":"2026-02-12T00:24:39.665777Z","level":"info","event":"Fetching URL: https://thecourseforum.com/course/DRAM/3654/All","logger":"task.stdout"}
{"timestamp":"2026-02-12T00:24:39.822699Z","level":"info","event":"Fetching URL: https://thecourseforum.com/course/DRAM/3730/All","logger":"task.stdout"}
{"timestamp":"2026-02-12T00:24:40.056757Z","level":"info","event":"Fetching URL: https://thecourseforum.com/course/DRAM/3820/All","logger":"task.stdout"}
{"timestamp":"2026-02-12T00:24:40.234594Z","level":"info","event":"Fetching URL: https://thecourseforum.com/course/DRAM/4040/All","logger":"task.stdout"}
{"timestamp":"2026-02-12T00:24:40.397896Z","level":"info","event":"Fetching URL: https://thecourseforum.com/course/DRAM/4384/All","logger":"task.stdout"}
{"timestamp":"2026-02-12T00:24:40.556842Z","level":"info","event":"Fetching URL: https://thecourseforum.com/course/DRAM/4593/All","logger":"task.stdout"}
{"timestamp":"2026-02-12T00:24:40.830781Z","level":"info","event":"Fetching URL: https://thecourseforum.com/course/DRAM/4599/All","logger":"task.stdout"}
{"timestamp":"2026-02-12T00:24:40.988782Z","level":"info","event":"Fetching URL: https://thecourseforum.com/course/DRAM/4730/All","logger":"task.stdout"}
{"timestamp":"2026-02-12T00:24:41.145559Z","level":"info","event":"Fetching URL: https://thecourseforum.com/course/DRAM/4993/All","logger":"task.stdout"}
{"timestamp":"2026-02-12T00:24:41.322392Z","level":"info","event":"Fetching URL: https://thecourseforum.com/course/DS/2024/All","logger":"task.stdout"}
{"timestamp":"2026-02-12T00:24:41.478813Z","level":"info","event":"Fetching URL: https://thecourseforum.com/course/DS/3001/All","logger":"task.stdout"}
{"timestamp":"2026-02-12T00:24:41.661769Z","level":"info","event":"Fetching URL: https://thecourseforum.com/course/DS/3021/All","logger":"task.stdout"}
{"timestamp":"2026-02-12T00:24:41.812021Z","level":"info","event":"Fetching URL: https://thecourseforum.com/course/DS/1001/All","logger":"task.stdout"}
{"timestamp":"2026-02-12T00:24:41.981403Z","level":"info","event":"Fetching URL: https://thecourseforum.com/course/DS/1002/All","logger":"task.stdout"}
{"timestamp":"2026-02-12T00:24:42.168428Z","level":"info","event":"Fetching URL: https://thecourseforum.com/course/DS/2002/All","logger":"task.stdout"}
{"timestamp":"2026-02-12T00:24:42.430734Z","level":"info","event":"Fetching URL: https://thecourseforum.com/course/DS/2003/All","logger":"task.stdout"}
{"timestamp":"2026-02-12T00:24:42.595412Z","level":"info","event":"Fetching URL: https://thecourseforum.com/course/DS/2004/All","logger":"task.stdout"}
{"timestamp":"2026-02-12T00:24:42.804954Z","level":"info","event":"Fetching URL: https://thecourseforum.com/course/DS/3025/All","logger":"task.stdout"}
{"timestamp":"2026-02-12T00:24:43.055125Z","level":"info","event":"Fetching URL: https://thecourseforum.com/course/DS/3026/All","logger":"task.stdout"}
{"timestamp":"2026-02-12T00:24:43.254238Z","level":"info","event":"Fetching URL: https://thecourseforum.com/course/DS/4002/All","logger":"task.stdout"}
{"timestamp":"2026-02-12T00:24:43.463663Z","level":"info","event":"Fetching URL: https://thecourseforum.com/course/DS/4023/All","logger":"task.stdout"}
{"timestamp":"2026-02-12T00:24:43.743876Z","level":"info","event":"Fetching URL: https://thecourseforum.com/course/DS/4024/All","logger":"task.stdout"}
{"timestamp":"2026-02-12T00:24:43.927388Z","level":"info","event":"Fetching URL: https://thecourseforum.com/course/DS/4125/All","logger":"task.stdout"}
{"timestamp":"2026-02-12T00:24:44.089834Z","level":"info","event":"Fetching URL: https://thecourseforum.com/course/DS/4320/All","logger":"task.stdout"}
{"timestamp":"2026-02-12T00:24:44.234640Z","level":"info","event":"Fetching URL: https://thecourseforum.com/course/DS/4993/All","logger":"task.stdout"}
{"timestamp":"2026-02-12T00:24:44.390454Z","level":"info","event":"Fetching URL: https://thecourseforum.com/course/ECON/2010/All","logger":"task.stdout"}
{"timestamp":"2026-02-12T00:24:45.572990Z","level":"info","event":"Fetching URL: https://thecourseforum.com/course/ECON/4993/All","logger":"task.stdout"}
{"timestamp":"2026-02-12T00:24:46.044805Z","level":"info","event":"Fetching URL: https://thecourseforum.com/course/ECON/4999/All","logger":"task.stdout"}
{"timestamp":"2026-02-12T00:24:46.387749Z","level":"info","event":"Fetching URL: https://thecourseforum.com/course/ECON/1100/All","logger":"task.stdout"}
{"timestamp":"2026-02-12T00:24:46.530550Z","level":"info","event":"Fetching URL: https://thecourseforum.com/course/ECON/2020/All","logger":"task.stdout"}
{"timestamp":"2026-02-12T00:24:47.620767Z","level":"info","event":"Fetching URL: https://thecourseforum.com/course/ECON/3010/All","logger":"task.stdout"}
{"timestamp":"2026-02-12T00:24:47.953590Z","level":"info","event":"Fetching URL: https://thecourseforum.com/course/ECON/3020/All","logger":"task.stdout"}
{"timestamp":"2026-02-12T00:24:48.257882Z","level":"info","event":"Fetching URL: https://thecourseforum.com/course/ECON/3030/All","logger":"task.stdout"}
{"timestamp":"2026-02-12T00:24:48.505716Z","level":"info","event":"Fetching URL: https://thecourseforum.com/course/ECON/3600/All","logger":"task.stdout"}
{"timestamp":"2026-02-12T00:24:49.685140Z","level":"info","event":"Fetching URL: https://thecourseforum.com/course/ECON/3640/All","logger":"task.stdout"}
{"timestamp":"2026-02-12T00:24:49.844544Z","level":"info","event":"Fetching URL: https://thecourseforum.com/course/ECON/3650/All","logger":"task.stdout"}
{"timestamp":"2026-02-12T00:24:50.004073Z","level":"info","event":"Fetching URL: https://thecourseforum.com/course/ECON/3720/All","logger":"task.stdout"}
{"timestamp":"2026-02-12T00:24:50.352973Z","level":"info","event":"Fetching URL: https://thecourseforum.com/course/ECON/3820/All","logger":"task.stdout"}
{"timestamp":"2026-02-12T00:24:51.510210Z","level":"info","event":"Fetching URL: https://thecourseforum.com/course/ECON/4080/All","logger":"task.stdout"}
{"timestamp":"2026-02-12T00:24:51.694099Z","level":"info","event":"Fetching URL: https://thecourseforum.com/course/ECON/4110/All","logger":"task.stdout"}
{"timestamp":"2026-02-12T00:24:51.851475Z","level":"info","event":"Fetching URL: https://thecourseforum.com/course/ECON/4150/All","logger":"task.stdout"}
{"timestamp":"2026-02-12T00:24:52.028020Z","level":"info","event":"Fetching URL: https://thecourseforum.com/course/ECON/4170/All","logger":"task.stdout"}
{"timestamp":"2026-02-12T00:24:53.200118Z","level":"info","event":"Fetching URL: https://thecourseforum.com/course/ECON/4210/All","logger":"task.stdout"}
{"timestamp":"2026-02-12T00:24:53.401837Z","level":"info","event":"Fetching URL: https://thecourseforum.com/course/ECON/4220/All","logger":"task.stdout"}
{"timestamp":"2026-02-12T00:24:53.571281Z","level":"info","event":"Fetching URL: https://thecourseforum.com/course/ECON/4240/All","logger":"task.stdout"}
{"timestamp":"2026-02-12T00:24:54.748354Z","level":"info","event":"Fetching URL: https://thecourseforum.com/course/ECON/4350/All","logger":"task.stdout"}
{"timestamp":"2026-02-12T00:24:54.921162Z","level":"info","event":"Fetching URL: https://thecourseforum.com/course/ECON/4360/All","logger":"task.stdout"}
{"timestamp":"2026-02-12T00:24:55.080061Z","level":"info","event":"Fetching URL: https://thecourseforum.com/course/ECON/4370/All","logger":"task.stdout"}
{"timestamp":"2026-02-12T00:24:55.261664Z","level":"info","event":"Fetching URL: https://thecourseforum.com/course/ECON/4420/All","logger":"task.stdout"}
{"timestamp":"2026-02-12T00:24:55.423674Z","level":"info","event":"Fetching URL: https://thecourseforum.com/course/ECON/4430/All","logger":"task.stdout"}
{"timestamp":"2026-02-12T00:24:55.631603Z","level":"info","event":"Fetching URL: https://thecourseforum.com/course/ECON/4444/All","logger":"task.stdout"}
{"timestamp":"2026-02-12T00:24:55.904208Z","level":"info","event":"Fetching URL: https://thecourseforum.com/course/ECON/4720/All","logger":"task.stdout"}
{"timestamp":"2026-02-12T00:24:56.088576Z","level":"info","event":"Fetching URL: https://thecourseforum.com/course/ECON/4820/All","logger":"task.stdout"}
{"timestamp":"2026-02-12T00:24:56.238312Z","level":"info","event":"Fetching URL: https://thecourseforum.com/course/ECON/4880/All","logger":"task.stdout"}
{"timestamp":"2026-02-12T00:24:56.414301Z","level":"info","event":"Fetching URL: https://thecourseforum.com/course/EDHS/1120/All","logger":"task.stdout"}
{"timestamp":"2026-02-12T00:24:56.588979Z","level":"info","event":"Fetching URL: https://thecourseforum.com/course/EDHS/2230/All","logger":"task.stdout"}
{"timestamp":"2026-02-12T00:24:57.841228Z","level":"info","event":"Fetching URL: https://thecourseforum.com/course/EDHS/2240/All","logger":"task.stdout"}
{"timestamp":"2026-02-12T00:24:58.217147Z","level":"info","event":"Fetching URL: https://thecourseforum.com/course/EDHS/2250/All","logger":"task.stdout"}
{"timestamp":"2026-02-12T00:24:58.385218Z","level":"info","event":"Fetching URL: https://thecourseforum.com/course/EDHS/2900/All","logger":"task.stdout"}
{"timestamp":"2026-02-12T00:24:59.556967Z","level":"info","event":"Fetching URL: https://thecourseforum.com/course/EDHS/3055/All","logger":"task.stdout"}
{"timestamp":"2026-02-12T00:25:00.720797Z","level":"info","event":"Fetching URL: https://thecourseforum.com/course/EDHS/3110/All","logger":"task.stdout"}
{"timestamp":"2026-02-12T00:25:00.886628Z","level":"info","event":"Fetching URL: https://thecourseforum.com/course/EDHS/3120/All","logger":"task.stdout"}
{"timestamp":"2026-02-12T00:25:02.135821Z","level":"info","event":"Fetching URL: https://thecourseforum.com/course/EDHS/3130/All","logger":"task.stdout"}
{"timestamp":"2026-02-12T00:25:02.341057Z","level":"info","event":"Fetching URL: https://thecourseforum.com/course/EDHS/3250/All","logger":"task.stdout"}
{"timestamp":"2026-02-12T00:25:02.543457Z","level":"info","event":"Fetching URL: https://thecourseforum.com/course/EDHS/3850/All","logger":"task.stdout"}
{"timestamp":"2026-02-12T00:25:03.717331Z","level":"info","event":"Fetching URL: https://thecourseforum.com/course/EDHS/3895/All","logger":"task.stdout"}
{"timestamp":"2026-02-12T00:25:03.878199Z","level":"info","event":"Fetching URL: https://thecourseforum.com/course/EDHS/3985/All","logger":"task.stdout"}
{"timestamp":"2026-02-12T00:25:04.049836Z","level":"info","event":"Fetching URL: https://thecourseforum.com/course/EDHS/4030/All","logger":"task.stdout"}
{"timestamp":"2026-02-12T00:25:04.213608Z","level":"info","event":"Fetching URL: https://thecourseforum.com/course/EDHS/4040/All","logger":"task.stdout"}
{"timestamp":"2026-02-12T00:25:04.362644Z","level":"info","event":"Fetching URL: https://thecourseforum.com/course/EDHS/4150/All","logger":"task.stdout"}
{"timestamp":"2026-02-12T00:25:04.519819Z","level":"info","event":"Fetching URL: https://thecourseforum.com/course/EDHS/4210/All","logger":"task.stdout"}
{"timestamp":"2026-02-12T00:25:04.690871Z","level":"info","event":"Fetching URL: https://thecourseforum.com/course/EDHS/4400/All","logger":"task.stdout"}
{"timestamp":"2026-02-12T00:25:04.912750Z","level":"info","event":"Fetching URL: https://thecourseforum.com/course/EDHS/4810/All","logger":"task.stdout"}
{"timestamp":"2026-02-12T00:25:05.109027Z","level":"info","event":"Fetching URL: https://thecourseforum.com/course/EDHS/4993/All","logger":"task.stdout"}
{"timestamp":"2026-02-12T00:25:06.316369Z","level":"info","event":"Fetching URL: https://thecourseforum.com/course/EDHS/4995/All","logger":"task.stdout"}
{"timestamp":"2026-02-12T00:25:06.500163Z","level":"info","event":"Fetching URL: https://thecourseforum.com/course/EDHS/2450/All","logger":"task.stdout"}
{"timestamp":"2026-02-12T00:25:06.659079Z","level":"info","event":"Fetching URL: https://thecourseforum.com/course/EDHS/2460/All","logger":"task.stdout"}
{"timestamp":"2026-02-12T00:25:07.862580Z","level":"info","event":"Fetching URL: https://thecourseforum.com/course/EDHS/2895/All","logger":"task.stdout"}
{"timestamp":"2026-02-12T00:25:08.136257Z","level":"info","event":"Fetching URL: https://thecourseforum.com/course/EDIS/3060/All","logger":"task.stdout"}
{"timestamp":"2026-02-12T00:25:08.306439Z","level":"info","event":"Fetching URL: https://thecourseforum.com/course/EDIS/3460/All","logger":"task.stdout"}
{"timestamp":"2026-02-12T00:25:09.472663Z","level":"info","event":"Fetching URL: https://thecourseforum.com/course/EDIS/3881/All","logger":"task.stdout"}
{"timestamp":"2026-02-12T00:25:09.680848Z","level":"info","event":"Fetching URL: https://thecourseforum.com/course/EDIS/4060/All","logger":"task.stdout"}
{"timestamp":"2026-02-12T00:25:09.840986Z","level":"info","event":"Fetching URL: https://thecourseforum.com/course/EDIS/4100/All","logger":"task.stdout"}
{"timestamp":"2026-02-12T00:25:10.194737Z","level":"info","event":"Fetching URL: https://thecourseforum.com/course/EDIS/4110/All","logger":"task.stdout"}
{"timestamp":"2026-02-12T00:25:11.359395Z","level":"info","event":"Fetching URL: https://thecourseforum.com/course/EDIS/4120/All","logger":"task.stdout"}
{"timestamp":"2026-02-12T00:25:11.530151Z","level":"info","event":"Fetching URL: https://thecourseforum.com/course/EDIS/4210/All","logger":"task.stdout"}
{"timestamp":"2026-02-12T00:25:12.757582Z","level":"info","event":"Fetching URL: https://thecourseforum.com/course/EDIS/4230/All","logger":"task.stdout"}
{"timestamp":"2026-02-12T00:25:12.983191Z","level":"info","event":"Fetching URL: https://thecourseforum.com/course/EDIS/4310/All","logger":"task.stdout"}
{"timestamp":"2026-02-12T00:25:14.148176Z","level":"info","event":"Fetching URL: https://thecourseforum.com/course/EDIS/4320/All","logger":"task.stdout"}
{"timestamp":"2026-02-12T00:25:14.428603Z","level":"info","event":"Fetching URL: https://thecourseforum.com/course/EDIS/4340/All","logger":"task.stdout"}
{"timestamp":"2026-02-12T00:25:15.589293Z","level":"info","event":"Fetching URL: https://thecourseforum.com/course/EDIS/4350/All","logger":"task.stdout"}
{"timestamp":"2026-02-12T00:25:15.758174Z","level":"info","event":"Fetching URL: https://thecourseforum.com/course/EDIS/4871/All","logger":"task.stdout"}
{"timestamp":"2026-02-12T00:25:16.916215Z","level":"info","event":"Fetching URL: https://thecourseforum.com/course/EDIS/4877/All","logger":"task.stdout"}
{"timestamp":"2026-02-12T00:25:17.092566Z","level":"info","event":"Fetching URL: https://thecourseforum.com/course/EDIS/4881/All","logger":"task.stdout"}
{"timestamp":"2026-02-12T00:25:18.276796Z","level":"info","event":"Fetching URL: https://thecourseforum.com/course/EDIS/4887/All","logger":"task.stdout"}
{"timestamp":"2026-02-12T00:25:19.446645Z","level":"info","event":"Fetching URL: https://thecourseforum.com/course/EDIS/4993/All","logger":"task.stdout"}
{"timestamp":"2026-02-12T00:25:19.616117Z","level":"info","event":"Fetching URL: https://thecourseforum.com/course/EDIS/4995/All","logger":"task.stdout"}
{"timestamp":"2026-02-12T00:25:19.807925Z","level":"info","event":"Fetching URL: https://thecourseforum.com/course/EDIS/2010/All","logger":"task.stdout"}
{"timestamp":"2026-02-12T00:25:21.018493Z","level":"info","event":"Fetching URL: https://thecourseforum.com/course/EDIS/2020/All","logger":"task.stdout"}
{"timestamp":"2026-02-12T00:25:22.219375Z","level":"info","event":"Fetching URL: https://thecourseforum.com/course/EDIS/2022/All","logger":"task.stdout"}
{"timestamp":"2026-02-12T00:25:22.379444Z","level":"info","event":"Fetching URL: https://thecourseforum.com/course/EDIS/2200/All","logger":"task.stdout"}
{"timestamp":"2026-02-12T00:25:22.530878Z","level":"info","event":"Fetching URL: https://thecourseforum.com/course/EDIS/2600/All","logger":"task.stdout"}
{"timestamp":"2026-02-12T00:25:22.696627Z","level":"info","event":"Fetching URL: https://thecourseforum.com/course/EDIS/2650/All","logger":"task.stdout"}
{"timestamp":"2026-02-12T00:25:22.848274Z","level":"info","event":"Fetching URL: https://thecourseforum.com/course/EDIS/2920/All","logger":"task.stdout"}
{"timestamp":"2026-02-12T00:25:24.006207Z","level":"info","event":"Fetching URL: https://thecourseforum.com/course/EDIS/3012/All","logger":"task.stdout"}
{"timestamp":"2026-02-12T00:25:25.168955Z","level":"info","event":"Fetching URL: https://thecourseforum.com/course/EDIS/3013/All","logger":"task.stdout"}
{"timestamp":"2026-02-12T00:25:25.333050Z","level":"info","event":"Fetching URL: https://thecourseforum.com/course/EDIS/3020/All","logger":"task.stdout"}
{"timestamp":"2026-02-12T00:25:25.532630Z","level":"info","event":"Fetching URL: https://thecourseforum.com/course/EDIS/3040/All","logger":"task.stdout"}
{"timestamp":"2026-02-12T00:25:26.705436Z","level":"info","event":"Fetching URL: https://thecourseforum.com/course/EDIS/3045/All","logger":"task.stdout"}
{"timestamp":"2026-02-12T00:25:27.937280Z","level":"info","event":"Fetching URL: https://thecourseforum.com/course/EDIS/3050/All","logger":"task.stdout"}
{"timestamp":"2026-02-12T00:25:28.099608Z","level":"info","event":"Fetching URL: https://thecourseforum.com/course/EGMT/1510/All","logger":"task.stdout"}
{"timestamp":"2026-02-12T00:25:29.568785Z","level":"info","event":"Fetching URL: https://thecourseforum.com/course/EGMT/1530/All","logger":"task.stdout"}
{"timestamp":"2026-02-12T00:25:31.317090Z","level":"info","event":"Fetching URL: https://thecourseforum.com/course/EGMT/1520/All","logger":"task.stdout"}
{"timestamp":"2026-02-12T00:25:31.933902Z","level":"info","event":"Fetching URL: https://thecourseforum.com/course/EGMT/1540/All","logger":"task.stdout"}
{"timestamp":"2026-02-12T00:25:32.545708Z","level":"info","event":"Fetching URL: https://thecourseforum.com/course/EGMT/2500/All","logger":"task.stdout"}
{"timestamp":"2026-02-12T00:25:32.869127Z","level":"info","event":"Fetching URL: https://thecourseforum.com/course/ENCW/4830/All","logger":"task.stdout"}
{"timestamp":"2026-02-12T00:25:33.047321Z","level":"info","event":"Fetching URL: https://thecourseforum.com/course/ENCW/4920/All","logger":"task.stdout"}
{"timestamp":"2026-02-12T00:25:33.199728Z","level":"info","event":"Fetching URL: https://thecourseforum.com/course/ENCW/4993/All","logger":"task.stdout"}
{"timestamp":"2026-02-12T00:25:34.367152Z","level":"info","event":"Fetching URL: https://thecourseforum.com/course/ENCW/2100/All","logger":"task.stdout"}
{"timestamp":"2026-02-12T00:25:34.522810Z","level":"info","event":"Fetching URL: https://thecourseforum.com/course/ENCW/2300/All","logger":"task.stdout"}
{"timestamp":"2026-02-12T00:25:34.736754Z","level":"info","event":"Fetching URL: https://thecourseforum.com/course/ENCW/2559/All","logger":"task.stdout"}
{"timestamp":"2026-02-12T00:25:35.900234Z","level":"info","event":"Fetching URL: https://thecourseforum.com/course/ENCW/2600/All","logger":"task.stdout"}
{"timestamp":"2026-02-12T00:25:36.128646Z","level":"info","event":"Fetching URL: https://thecourseforum.com/course/ENCW/3310/All","logger":"task.stdout"}
{"timestamp":"2026-02-12T00:25:36.300358Z","level":"info","event":"Fetching URL: https://thecourseforum.com/course/ENCW/3500/All","logger":"task.stdout"}
{"timestamp":"2026-02-12T00:25:36.447359Z","level":"info","event":"Fetching URL: https://thecourseforum.com/course/ENCW/3610/All","logger":"task.stdout"}
{"timestamp":"2026-02-12T00:25:36.639329Z","level":"info","event":"Fetching URL: https://thecourseforum.com/course/ENCW/4350/All","logger":"task.stdout"}
{"timestamp":"2026-02-12T00:25:37.805930Z","level":"info","event":"Fetching URL: https://thecourseforum.com/course/ENCW/4550/All","logger":"task.stdout"}
{"timestamp":"2026-02-12T00:25:38.977138Z","level":"info","event":"Fetching URL: https://thecourseforum.com/course/ENCW/4720/All","logger":"task.stdout"}
{"timestamp":"2026-02-12T00:25:40.158070Z","level":"info","event":"Fetching URL: https://thecourseforum.com/course/ENCW/4820/All","logger":"task.stdout"}
{"timestamp":"2026-02-12T00:25:40.326755Z","level":"info","event":"Fetching URL: https://thecourseforum.com/course/ENGL/1590/All","logger":"task.stdout"}
{"timestamp":"2026-02-12T00:25:40.562768Z","level":"info","event":"Fetching URL: https://thecourseforum.com/course/ENGL/2502/All","logger":"task.stdout"}
{"timestamp":"2026-02-12T00:25:40.723124Z","level":"info","event":"Fetching URL: https://thecourseforum.com/course/ENGL/2506/All","logger":"task.stdout"}
{"timestamp":"2026-02-12T00:25:40.919266Z","level":"info","event":"Fetching URL: https://thecourseforum.com/course/ENGL/2507/All","logger":"task.stdout"}
{"timestamp":"2026-02-12T00:25:41.087863Z","level":"info","event":"Fetching URL: https://thecourseforum.com/course/ENGL/2508/All","logger":"task.stdout"}
{"timestamp":"2026-02-12T00:25:41.272885Z","level":"info","event":"Fetching URL: https://thecourseforum.com/course/ENGL/3002/All","logger":"task.stdout"}
{"timestamp":"2026-02-12T00:25:42.479459Z","level":"info","event":"Fetching URL: https://thecourseforum.com/course/ENGL/3010/All","logger":"task.stdout"}
{"timestamp":"2026-02-12T00:25:42.732660Z","level":"info","event":"Fetching URL: https://thecourseforum.com/course/ENGL/3162/All","logger":"task.stdout"}
{"timestamp":"2026-02-12T00:25:42.891982Z","level":"info","event":"Fetching URL: https://thecourseforum.com/course/ENGL/3260/All","logger":"task.stdout"}
{"timestamp":"2026-02-12T00:25:44.075959Z","level":"info","event":"Fetching URL: https://thecourseforum.com/course/ENGL/3273/All","logger":"task.stdout"}
{"timestamp":"2026-02-12T00:25:44.275643Z","level":"info","event":"Fetching URL: https://thecourseforum.com/course/ENGL/3370/All","logger":"task.stdout"}
{"timestamp":"2026-02-12T00:25:44.427839Z","level":"info","event":"Fetching URL: https://thecourseforum.com/course/ENGL/3500/All","logger":"task.stdout"}
{"timestamp":"2026-02-12T00:25:44.599960Z","level":"info","event":"Fetching URL: https://thecourseforum.com/course/ENGL/3540/All","logger":"task.stdout"}
{"timestamp":"2026-02-12T00:25:44.759274Z","level":"info","event":"Fetching URL: https://thecourseforum.com/course/ENGL/3560/All","logger":"task.stdout"}
{"timestamp":"2026-02-12T00:25:44.933219Z","level":"info","event":"Fetching URL: https://thecourseforum.com/course/ENGL/3611/All","logger":"task.stdout"}
{"timestamp":"2026-02-12T00:25:45.167158Z","level":"info","event":"Fetching URL: https://thecourseforum.com/course/ENGL/3740/All","logger":"task.stdout"}
{"timestamp":"2026-02-12T00:25:45.398265Z","level":"info","event":"Fetching URL: https://thecourseforum.com/course/ENGL/3750/All","logger":"task.stdout"}
{"timestamp":"2026-02-12T00:25:45.546081Z","level":"info","event":"Fetching URL: https://thecourseforum.com/course/ENGL/3790/All","logger":"task.stdout"}
{"timestamp":"2026-02-12T00:25:45.920306Z","level":"info","event":"Fetching URL: https://thecourseforum.com/course/ENGL/3825/All","logger":"task.stdout"}
{"timestamp":"2026-02-12T00:25:46.087411Z","level":"info","event":"Fetching URL: https://thecourseforum.com/course/ENGL/3910/All","logger":"task.stdout"}
{"timestamp":"2026-02-12T00:25:46.242484Z","level":"info","event":"Fetching URL: https://thecourseforum.com/course/ENGL/3924/All","logger":"task.stdout"}
{"timestamp":"2026-02-12T00:25:46.395397Z","level":"info","event":"Fetching URL: https://thecourseforum.com/course/ENGL/4500/All","logger":"task.stdout"}
{"timestamp":"2026-02-12T00:25:46.552238Z","level":"info","event":"Fetching URL: https://thecourseforum.com/course/ENGL/4510/All","logger":"task.stdout"}
{"timestamp":"2026-02-12T00:25:46.703182Z","level":"info","event":"Fetching URL: https://thecourseforum.com/course/ENGL/4520/All","logger":"task.stdout"}
{"timestamp":"2026-02-12T00:25:46.862295Z","level":"info","event":"Fetching URL: https://thecourseforum.com/course/ENGL/4540/All","logger":"task.stdout"}
{"timestamp":"2026-02-12T00:25:47.023383Z","level":"info","event":"Fetching URL: https://thecourseforum.com/course/ENGL/4559/All","logger":"task.stdout"}
{"timestamp":"2026-02-12T00:25:47.173125Z","level":"info","event":"Fetching URL: https://thecourseforum.com/course/ENGL/4560/All","logger":"task.stdout"}
{"timestamp":"2026-02-12T00:25:47.418794Z","level":"info","event":"Fetching URL: https://thecourseforum.com/course/ENGL/4570/All","logger":"task.stdout"}
{"timestamp":"2026-02-12T00:25:47.575234Z","level":"info","event":"Fetching URL: https://thecourseforum.com/course/ENGL/4902/All","logger":"task.stdout"}
{"timestamp":"2026-02-12T00:25:47.724992Z","level":"info","event":"Fetching URL: https://thecourseforum.com/course/ENGL/4999/All","logger":"task.stdout"}
{"timestamp":"2026-02-12T00:25:47.880473Z","level":"info","event":"Fetching URL: https://thecourseforum.com/course/ENGL/2527/All","logger":"task.stdout"}
{"timestamp":"2026-02-12T00:25:48.038976Z","level":"info","event":"Fetching URL: https://thecourseforum.com/course/ENGL/2572/All","logger":"task.stdout"}
{"timestamp":"2026-02-12T00:25:48.186672Z","level":"info","event":"Fetching URL: https://thecourseforum.com/course/ENGL/2599/All","logger":"task.stdout"}
{"timestamp":"2026-02-12T00:25:48.392396Z","level":"info","event":"Fetching URL: https://thecourseforum.com/course/ENWR/1510/All","logger":"task.stdout"}
{"timestamp":"2026-02-12T00:25:49.485078Z","level":"info","event":"Fetching URL: https://thecourseforum.com/course/ENWR/1506/All","logger":"task.stdout"}
{"timestamp":"2026-02-12T00:25:49.665082Z","level":"info","event":"Fetching URL: https://thecourseforum.com/course/ENWR/1520/All","logger":"task.stdout"}
{"timestamp":"2026-02-12T00:25:49.817438Z","level":"info","event":"Fetching URL: https://thecourseforum.com/course/ENWR/2510/All","logger":"task.stdout"}
{"timestamp":"2026-02-12T00:25:49.988909Z","level":"info","event":"Fetching URL: https://thecourseforum.com/course/ENWR/2520/All","logger":"task.stdout"}
{"timestamp":"2026-02-12T00:25:50.210940Z","level":"info","event":"Fetching URL: https://thecourseforum.com/course/ENWR/2700/All","logger":"task.stdout"}
{"timestamp":"2026-02-12T00:25:50.398337Z","level":"info","event":"Fetching URL: https://thecourseforum.com/course/ENWR/2800/All","logger":"task.stdout"}
{"timestamp":"2026-02-12T00:25:50.565526Z","level":"info","event":"Fetching URL: https://thecourseforum.com/course/ENWR/3500/All","logger":"task.stdout"}
{"timestamp":"2026-02-12T00:25:50.829071Z","level":"info","event":"Fetching URL: https://thecourseforum.com/course/ENWR/3550/All","logger":"task.stdout"}
{"timestamp":"2026-02-12T00:25:50.981468Z","level":"info","event":"Fetching URL: https://thecourseforum.com/course/ENWR/3559/All","logger":"task.stdout"}
{"timestamp":"2026-02-12T00:25:51.143464Z","level":"info","event":"Fetching URL: https://thecourseforum.com/course/ENWR/3640/All","logger":"task.stdout"}
{"timestamp":"2026-02-12T00:25:51.298884Z","level":"info","event":"Fetching URL: https://thecourseforum.com/course/ENWR/3660/All","logger":"task.stdout"}
{"timestamp":"2026-02-12T00:25:51.451643Z","level":"info","event":"Fetching URL: https://thecourseforum.com/course/ENWR/3760/All","logger":"task.stdout"}
{"timestamp":"2026-02-12T00:25:51.616406Z","level":"info","event":"Fetching URL: https://thecourseforum.com/course/ENWR/3900/All","logger":"task.stdout"}
{"timestamp":"2026-02-12T00:25:51.797111Z","level":"info","event":"Fetching URL: https://thecourseforum.com/course/EVSC/3200/All","logger":"task.stdout"}
{"timestamp":"2026-02-12T00:25:51.973445Z","level":"info","event":"Fetching URL: https://thecourseforum.com/course/EVSC/3201/All","logger":"task.stdout"}
{"timestamp":"2026-02-12T00:25:52.220197Z","level":"info","event":"Fetching URL: https://thecourseforum.com/course/EVSC/3300/All","logger":"task.stdout"}
{"timestamp":"2026-02-12T00:25:52.384648Z","level":"info","event":"Fetching URL: https://thecourseforum.com/course/EVSC/3301/All","logger":"task.stdout"}
{"timestamp":"2026-02-12T00:25:52.573906Z","level":"info","event":"Fetching URL: https://thecourseforum.com/course/EVSC/3559/All","logger":"task.stdout"}
{"timestamp":"2026-02-12T00:25:52.729507Z","level":"info","event":"Fetching URL: https://thecourseforum.com/course/EVSC/3600/All","logger":"task.stdout"}
{"timestamp":"2026-02-12T00:25:52.892417Z","level":"info","event":"Fetching URL: https://thecourseforum.com/course/EVSC/3601/All","logger":"task.stdout"}
{"timestamp":"2026-02-12T00:25:53.112714Z","level":"info","event":"Fetching URL: https://thecourseforum.com/course/EVSC/4002/All","logger":"task.stdout"}
{"timestamp":"2026-02-12T00:25:53.318663Z","level":"info","event":"Fetching URL: https://thecourseforum.com/course/EVSC/4020/All","logger":"task.stdout"}
{"timestamp":"2026-02-12T00:25:53.473135Z","level":"info","event":"Fetching URL: https://thecourseforum.com/course/EVSC/4070/All","logger":"task.stdout"}
{"timestamp":"2026-02-12T00:25:53.624803Z","level":"info","event":"Fetching URL: https://thecourseforum.com/course/EVSC/4140/All","logger":"task.stdout"}
{"timestamp":"2026-02-12T00:25:53.785446Z","level":"info","event":"Fetching URL: https://thecourseforum.com/course/EVSC/4370/All","logger":"task.stdout"}
{"timestamp":"2026-02-12T00:25:53.941842Z","level":"info","event":"Fetching URL: https://thecourseforum.com/course/EVSC/4542/All","logger":"task.stdout"}
{"timestamp":"2026-02-12T00:25:54.124550Z","level":"info","event":"Fetching URL: https://thecourseforum.com/course/EVSC/4559/All","logger":"task.stdout"}
{"timestamp":"2026-02-12T00:25:54.373784Z","level":"info","event":"Fetching URL: https://thecourseforum.com/course/EVSC/4630/All","logger":"task.stdout"}
{"timestamp":"2026-02-12T00:25:54.534057Z","level":"info","event":"Fetching URL: https://thecourseforum.com/course/EVSC/4640/All","logger":"task.stdout"}
{"timestamp":"2026-02-12T00:25:54.697002Z","level":"info","event":"Fetching URL: https://thecourseforum.com/course/EVSC/4710/All","logger":"task.stdout"}
{"timestamp":"2026-02-12T00:25:54.856059Z","level":"info","event":"Fetching URL: https://thecourseforum.com/course/EVSC/4890/All","logger":"task.stdout"}
{"timestamp":"2026-02-12T00:25:55.013399Z","level":"info","event":"Fetching URL: https://thecourseforum.com/course/EVSC/4891/All","logger":"task.stdout"}
{"timestamp":"2026-02-12T00:25:55.194631Z","level":"info","event":"Fetching URL: https://thecourseforum.com/course/EVSC/4991/All","logger":"task.stdout"}
{"timestamp":"2026-02-12T00:25:55.357687Z","level":"info","event":"Fetching URL: https://thecourseforum.com/course/EVSC/4993/All","logger":"task.stdout"}
{"timestamp":"2026-02-12T00:25:55.876128Z","level":"info","event":"Fetching URL: https://thecourseforum.com/course/EVSC/1010/All","logger":"task.stdout"}
{"timestamp":"2026-02-12T00:25:56.093199Z","level":"info","event":"Fetching URL: https://thecourseforum.com/course/EVSC/1300/All","logger":"task.stdout"}
{"timestamp":"2026-02-12T00:25:56.266539Z","level":"info","event":"Fetching URL: https://thecourseforum.com/course/EVSC/2220/All","logger":"task.stdout"}
{"timestamp":"2026-02-12T00:25:56.428221Z","level":"info","event":"Fetching URL: https://thecourseforum.com/course/EVSC/2800/All","logger":"task.stdout"}
{"timestamp":"2026-02-12T00:25:56.614917Z","level":"info","event":"Fetching URL: https://thecourseforum.com/course/EVSC/2801/All","logger":"task.stdout"}
{"timestamp":"2026-02-12T00:25:56.826005Z","level":"info","event":"Fetching URL: https://thecourseforum.com/course/EVSC/3020/All","logger":"task.stdout"}
{"timestamp":"2026-02-12T00:25:57.003359Z","level":"info","event":"Fetching URL: https://thecourseforum.com/course/EVSC/4995/All","logger":"task.stdout"}
{"timestamp":"2026-02-12T00:25:57.621544Z","level":"info","event":"Fetching URL: https://thecourseforum.com/course/EVSC/4999/All","logger":"task.stdout"}
{"timestamp":"2026-02-12T00:25:58.297670Z","level":"info","event":"Fetching URL: https://thecourseforum.com/course/EVSC/4080/All","logger":"task.stdout"}
{"timestamp":"2026-02-12T00:25:58.454601Z","level":"info","event":"Fetching URL: https://thecourseforum.com/course/FREN/2020/All","logger":"task.stdout"}
{"timestamp":"2026-02-12T00:25:58.728148Z","level":"info","event":"Fetching URL: https://thecourseforum.com/course/FREN/3029/All","logger":"task.stdout"}
{"timestamp":"2026-02-12T00:25:58.897667Z","level":"info","event":"Fetching URL: https://thecourseforum.com/course/FREN/1000/All","logger":"task.stdout"}
{"timestamp":"2026-02-12T00:25:59.061462Z","level":"info","event":"Fetching URL: https://thecourseforum.com/course/FREN/1010/All","logger":"task.stdout"}
{"timestamp":"2026-02-12T00:25:59.319609Z","level":"info","event":"Fetching URL: https://thecourseforum.com/course/FREN/1020/All","logger":"task.stdout"}
{"timestamp":"2026-02-12T00:25:59.536660Z","level":"info","event":"Fetching URL: https://thecourseforum.com/course/FREN/1050/All","logger":"task.stdout"}
{"timestamp":"2026-02-12T00:25:59.734178Z","level":"info","event":"Fetching URL: https://thecourseforum.com/course/FREN/2010/All","logger":"task.stdout"}
{"timestamp":"2026-02-12T00:25:59.969867Z","level":"info","event":"Fetching URL: https://thecourseforum.com/course/FREN/3030/All","logger":"task.stdout"}
{"timestamp":"2026-02-12T00:26:00.205084Z","level":"info","event":"Fetching URL: https://thecourseforum.com/course/FREN/3031/All","logger":"task.stdout"}
{"timestamp":"2026-02-12T00:26:00.518859Z","level":"info","event":"Fetching URL: https://thecourseforum.com/course/FREN/3036/All","logger":"task.stdout"}
{"timestamp":"2026-02-12T00:26:00.683072Z","level":"info","event":"Fetching URL: https://thecourseforum.com/course/FREN/3040/All","logger":"task.stdout"}
{"timestamp":"2026-02-12T00:26:00.844170Z","level":"info","event":"Fetching URL: https://thecourseforum.com/course/FREN/3043/All","logger":"task.stdout"}
{"timestamp":"2026-02-12T00:26:01.003162Z","level":"info","event":"Fetching URL: https://thecourseforum.com/course/FREN/3061/All","logger":"task.stdout"}
{"timestamp":"2026-02-12T00:26:01.150041Z","level":"info","event":"Fetching URL: https://thecourseforum.com/course/FREN/3882/All","logger":"task.stdout"}
{"timestamp":"2026-02-12T00:26:01.378271Z","level":"info","event":"Fetching URL: https://thecourseforum.com/course/FREN/4064/All","logger":"task.stdout"}
{"timestamp":"2026-02-12T00:26:01.557171Z","level":"info","event":"Fetching URL: https://thecourseforum.com/course/FREN/4123/All","logger":"task.stdout"}
{"timestamp":"2026-02-12T00:26:01.749325Z","level":"info","event":"Fetching URL: https://thecourseforum.com/course/FREN/4744/All","logger":"task.stdout"}
{"timestamp":"2026-02-12T00:26:01.980334Z","level":"info","event":"Fetching URL: https://thecourseforum.com/course/FREN/4838/All","logger":"task.stdout"}
{"timestamp":"2026-02-12T00:26:02.163323Z","level":"info","event":"Fetching URL: https://thecourseforum.com/course/FREN/4999/All","logger":"task.stdout"}
{"timestamp":"2026-02-12T00:26:02.415272Z","level":"info","event":"Fetching URL: https://thecourseforum.com/course/GETR/3590/All","logger":"task.stdout"}
{"timestamp":"2026-02-12T00:26:02.877001Z","level":"info","event":"Fetching URL: https://thecourseforum.com/course/GETR/3360/All","logger":"task.stdout"}
{"timestamp":"2026-02-12T00:26:02.998205Z","level":"info","event":"Fetching URL: https://thecourseforum.com/course/GETR/3372/All","logger":"task.stdout"}
{"timestamp":"2026-02-12T00:26:03.174177Z","level":"info","event":"Fetching URL: https://thecourseforum.com/course/GETR/3464/All","logger":"task.stdout"}
{"timestamp":"2026-02-12T00:26:03.353190Z","level":"info","event":"Fetching URL: https://thecourseforum.com/course/GETR/3470/All","logger":"task.stdout"}
{"timestamp":"2026-02-12T00:26:03.509123Z","level":"info","event":"Fetching URL: https://thecourseforum.com/course/GETR/3505/All","logger":"task.stdout"}
{"timestamp":"2026-02-12T00:26:03.668851Z","level":"info","event":"Fetching URL: https://thecourseforum.com/course/GREE/1020/All","logger":"task.stdout"}
{"timestamp":"2026-02-12T00:26:04.871744Z","level":"info","event":"Fetching URL: https://thecourseforum.com/course/GREE/2240/All","logger":"task.stdout"}
{"timestamp":"2026-02-12T00:26:05.027006Z","level":"info","event":"Fetching URL: https://thecourseforum.com/course/GREE/3040/All","logger":"task.stdout"}
{"timestamp":"2026-02-12T00:26:05.190023Z","level":"info","event":"Fetching URL: https://thecourseforum.com/course/GREE/4999/All","logger":"task.stdout"}
{"timestamp":"2026-02-12T00:26:05.350407Z","level":"info","event":"Fetching URL: https://thecourseforum.com/course/HIEA/1501/All","logger":"task.stdout"}
{"timestamp":"2026-02-12T00:26:05.518868Z","level":"info","event":"Fetching URL: https://thecourseforum.com/course/HIEA/2101/All","logger":"task.stdout"}
{"timestamp":"2026-02-12T00:26:05.689636Z","level":"info","event":"Fetching URL: https://thecourseforum.com/course/HIEA/3171/All","logger":"task.stdout"}
{"timestamp":"2026-02-12T00:26:05.837571Z","level":"info","event":"Fetching URL: https://thecourseforum.com/course/HIEA/3559/All","logger":"task.stdout"}
{"timestamp":"2026-02-12T00:26:07.060879Z","level":"info","event":"Fetching URL: https://thecourseforum.com/course/HIEA/4501/All","logger":"task.stdout"}
{"timestamp":"2026-02-12T00:26:07.227426Z","level":"info","event":"Fetching URL: https://thecourseforum.com/course/HIEU/1501/All","logger":"task.stdout"}
{"timestamp":"2026-02-12T00:26:07.390193Z","level":"info","event":"Fetching URL: https://thecourseforum.com/course/HIEU/2041/All","logger":"task.stdout"}
{"timestamp":"2026-02-12T00:26:07.573788Z","level":"info","event":"Fetching URL: https://thecourseforum.com/course/HIEU/2072/All","logger":"task.stdout"}
{"timestamp":"2026-02-12T00:26:08.740033Z","level":"info","event":"Fetching URL: https://thecourseforum.com/course/HIEU/2102/All","logger":"task.stdout"}
{"timestamp":"2026-02-12T00:26:08.904292Z","level":"info","event":"Fetching URL: https://thecourseforum.com/course/HIEU/2112/All","logger":"task.stdout"}
{"timestamp":"2026-02-12T00:26:09.064265Z","level":"info","event":"Fetching URL: https://thecourseforum.com/course/HIEU/2721/All","logger":"task.stdout"}
{"timestamp":"2026-02-12T00:26:09.236465Z","level":"info","event":"Fetching URL: https://thecourseforum.com/course/HIEU/3141/All","logger":"task.stdout"}
{"timestamp":"2026-02-12T00:26:09.417414Z","level":"info","event":"Fetching URL: https://thecourseforum.com/course/HIEU/3501/All","logger":"task.stdout"}
{"timestamp":"2026-02-12T00:26:09.577824Z","level":"info","event":"Fetching URL: https://thecourseforum.com/course/HIEU/3505/All","logger":"task.stdout"}
{"timestamp":"2026-02-12T00:26:09.727674Z","level":"info","event":"Fetching URL: https://thecourseforum.com/course/HIEU/4502/All","logger":"task.stdout"}
{"timestamp":"2026-02-12T00:26:09.907789Z","level":"info","event":"Fetching URL: https://thecourseforum.com/course/HIEU/4511/All","logger":"task.stdout"}
{"timestamp":"2026-02-12T00:26:10.083728Z","level":"info","event":"Fetching URL: https://thecourseforum.com/course/HILA/3021/All","logger":"task.stdout"}
{"timestamp":"2026-02-12T00:26:10.241673Z","level":"info","event":"Fetching URL: https://thecourseforum.com/course/HILA/3501/All","logger":"task.stdout"}
{"timestamp":"2026-02-12T00:26:11.390647Z","level":"info","event":"Fetching URL: https://thecourseforum.com/course/HIME/1501/All","logger":"task.stdout"}
{"timestamp":"2026-02-12T00:26:11.544932Z","level":"info","event":"Fetching URL: https://thecourseforum.com/course/HIME/2001/All","logger":"task.stdout"}
{"timestamp":"2026-02-12T00:26:11.726690Z","level":"info","event":"Fetching URL: https://thecourseforum.com/course/HIME/2010/All","logger":"task.stdout"}
{"timestamp":"2026-02-12T00:26:11.908200Z","level":"info","event":"Fetching URL: https://thecourseforum.com/course/HIUS/3131/All","logger":"task.stdout"}
{"timestamp":"2026-02-12T00:26:12.073817Z","level":"info","event":"Fetching URL: https://thecourseforum.com/course/HIUS/3411/All","logger":"task.stdout"}
{"timestamp":"2026-02-12T00:26:12.289355Z","level":"info","event":"Fetching URL: https://thecourseforum.com/course/HIUS/3501/All","logger":"task.stdout"}
{"timestamp":"2026-02-12T00:26:12.458099Z","level":"info","event":"Fetching URL: https://thecourseforum.com/course/HIUS/3612/All","logger":"task.stdout"}
{"timestamp":"2026-02-12T00:26:13.731084Z","level":"info","event":"Fetching URL: https://thecourseforum.com/course/HIUS/3620/All","logger":"task.stdout"}
{"timestamp":"2026-02-12T00:26:14.886390Z","level":"info","event":"Fetching URL: https://thecourseforum.com/course/HIUS/4501/All","logger":"task.stdout"}
{"timestamp":"2026-02-12T00:26:15.211901Z","level":"info","event":"Fetching URL: https://thecourseforum.com/course/HIUS/1501/All","logger":"task.stdout"}
{"timestamp":"2026-02-12T00:26:15.412345Z","level":"info","event":"Fetching URL: https://thecourseforum.com/course/HIUS/2001/All","logger":"task.stdout"}
{"timestamp":"2026-02-12T00:26:15.614407Z","level":"info","event":"Fetching URL: https://thecourseforum.com/course/HIUS/2002/All","logger":"task.stdout"}
{"timestamp":"2026-02-12T00:26:16.795336Z","level":"info","event":"Fetching URL: https://thecourseforum.com/course/HIUS/2051/All","logger":"task.stdout"}
{"timestamp":"2026-02-12T00:26:16.990507Z","level":"info","event":"Fetching URL: https://thecourseforum.com/course/HIUS/2053/All","logger":"task.stdout"}
{"timestamp":"2026-02-12T00:26:17.170857Z","level":"info","event":"Fetching URL: https://thecourseforum.com/course/HIUS/2168/All","logger":"task.stdout"}
{"timestamp":"2026-02-12T00:26:18.322546Z","level":"info","event":"Fetching URL: https://thecourseforum.com/course/HIUS/2559/All","logger":"task.stdout"}
{"timestamp":"2026-02-12T00:26:18.494013Z","level":"info","event":"Fetching URL: https://thecourseforum.com/course/HIUS/3011/All","logger":"task.stdout"}
{"timestamp":"2026-02-12T00:26:19.671394Z","level":"info","event":"Fetching URL: https://thecourseforum.com/course/HIUS/3051/All","logger":"task.stdout"}
{"timestamp":"2026-02-12T00:26:20.860515Z","level":"info","event":"Fetching URL: https://thecourseforum.com/course/HSCI/1011/All","logger":"task.stdout"}
{"timestamp":"2026-02-12T00:26:21.040120Z","level":"info","event":"Fetching URL: https://thecourseforum.com/course/IMP/4600/All","logger":"task.stdout"}
{"timestamp":"2026-02-12T00:26:21.201456Z","level":"info","event":"Fetching URL: https://thecourseforum.com/course/IMP/4971/All","logger":"task.stdout"}
{"timestamp":"2026-02-12T00:26:21.443860Z","level":"info","event":"Fetching URL: https://thecourseforum.com/course/INST/1550/All","logger":"task.stdout"}
{"timestamp":"2026-02-12T00:26:21.971572Z","level":"info","event":"Fetching URL: https://thecourseforum.com/course/INST/2550/All","logger":"task.stdout"}
{"timestamp":"2026-02-12T00:26:22.160280Z","level":"info","event":"Fetching URL: https://thecourseforum.com/course/INST/2570/All","logger":"task.stdout"}
{"timestamp":"2026-02-12T00:26:23.360025Z","level":"info","event":"Fetching URL: https://thecourseforum.com/course/INST/3600/All","logger":"task.stdout"}
{"timestamp":"2026-02-12T00:26:23.531324Z","level":"info","event":"Fetching URL: https://thecourseforum.com/course/INST/4200/All","logger":"task.stdout"}
{"timestamp":"2026-02-12T00:26:24.711473Z","level":"info","event":"Fetching URL: https://thecourseforum.com/course/INST/4983/All","logger":"task.stdout"}
{"timestamp":"2026-02-12T00:26:24.882249Z","level":"info","event":"Fetching URL: https://thecourseforum.com/course/ISBU/3410/All","logger":"task.stdout"}
{"timestamp":"2026-02-12T00:26:25.053909Z","level":"info","event":"Fetching URL: https://thecourseforum.com/course/ISBU/3710/All","logger":"task.stdout"}
{"timestamp":"2026-02-12T00:26:25.212507Z","level":"info","event":"Fetching URL: https://thecourseforum.com/course/ISBU/3760/All","logger":"task.stdout"}
{"timestamp":"2026-02-12T00:26:25.373640Z","level":"info","event":"Fetching URL: https://thecourseforum.com/course/ISBU/3888/All","logger":"task.stdout"}
{"timestamp":"2026-02-12T00:26:25.534920Z","level":"info","event":"Fetching URL: https://thecourseforum.com/course/ISHU/3170/All","logger":"task.stdout"}
{"timestamp":"2026-02-12T00:26:25.709862Z","level":"info","event":"Fetching URL: https://thecourseforum.com/course/ISHU/3501/All","logger":"task.stdout"}
{"timestamp":"2026-02-12T00:26:25.924616Z","level":"info","event":"Fetching URL: https://thecourseforum.com/course/ISHU/4020/All","logger":"task.stdout"}
{"timestamp":"2026-02-12T00:26:27.092993Z","level":"info","event":"Fetching URL: https://thecourseforum.com/course/ISHU/4190/All","logger":"task.stdout"}
{"timestamp":"2026-02-12T00:26:27.252988Z","level":"info","event":"Fetching URL: https://thecourseforum.com/course/ISIN/4510/All","logger":"task.stdout"}
{"timestamp":"2026-02-12T00:26:27.437288Z","level":"info","event":"Fetching URL: https://thecourseforum.com/course/ISIN/4520/All","logger":"task.stdout"}
{"timestamp":"2026-02-12T00:26:27.604657Z","level":"info","event":"Fetching URL: https://thecourseforum.com/course/IT/3240/All","logger":"task.stdout"}
{"timestamp":"2026-02-12T00:26:28.777053Z","level":"info","event":"Fetching URL: https://thecourseforum.com/course/IT/3400/All","logger":"task.stdout"}
{"timestamp":"2026-02-12T00:26:28.933457Z","level":"info","event":"Fetching URL: https://thecourseforum.com/course/IT/3410/All","logger":"task.stdout"}
{"timestamp":"2026-02-12T00:26:29.094795Z","level":"info","event":"Fetching URL: https://thecourseforum.com/course/IT/3000/All","logger":"task.stdout"}
{"timestamp":"2026-02-12T00:26:30.252399Z","level":"info","event":"Fetching URL: https://thecourseforum.com/course/IT/3100/All","logger":"task.stdout"}
{"timestamp":"2026-02-12T00:26:31.426894Z","level":"info","event":"Fetching URL: https://thecourseforum.com/course/IT/3120/All","logger":"task.stdout"}
{"timestamp":"2026-02-12T00:26:32.588059Z","level":"info","event":"Fetching URL: https://thecourseforum.com/course/IT/3220/All","logger":"task.stdout"}
{"timestamp":"2026-02-12T00:26:33.752772Z","level":"info","event":"Fetching URL: https://thecourseforum.com/course/ITAL/1020/All","logger":"task.stdout"}
{"timestamp":"2026-02-12T00:26:33.934183Z","level":"info","event":"Fetching URL: https://thecourseforum.com/course/ITAL/2020/All","logger":"task.stdout"}
{"timestamp":"2026-02-12T00:26:34.116545Z","level":"info","event":"Fetching URL: https://thecourseforum.com/course/ITAL/2030/All","logger":"task.stdout"}
{"timestamp":"2026-02-12T00:26:34.279456Z","level":"info","event":"Fetching URL: https://thecourseforum.com/course/ITAL/3020/All","logger":"task.stdout"}
{"timestamp":"2026-02-12T00:26:34.445098Z","level":"info","event":"Fetching URL: https://thecourseforum.com/course/ITAL/3559/All","logger":"task.stdout"}
{"timestamp":"2026-02-12T00:26:35.631989Z","level":"info","event":"Fetching URL: https://thecourseforum.com/course/ITAL/4993/All","logger":"task.stdout"}
{"timestamp":"2026-02-12T00:26:36.797588Z","level":"info","event":"Fetching URL: https://thecourseforum.com/course/ITTR/3760/All","logger":"task.stdout"}
{"timestamp":"2026-02-12T00:26:36.944630Z","level":"info","event":"Fetching URL: https://thecourseforum.com/course/JAPN/1000/All","logger":"task.stdout"}
{"timestamp":"2026-02-12T00:26:38.265301Z","level":"info","event":"Fetching URL: https://thecourseforum.com/course/JAPN/1010/All","logger":"task.stdout"}
{"timestamp":"2026-02-12T00:26:38.445330Z","level":"info","event":"Fetching URL: https://thecourseforum.com/course/JAPN/1020/All","logger":"task.stdout"}
{"timestamp":"2026-02-12T00:26:38.983938Z","level":"info","event":"Fetching URL: https://thecourseforum.com/course/JAPN/1559/All","logger":"task.stdout"}
{"timestamp":"2026-02-12T00:26:39.136244Z","level":"info","event":"Fetching URL: https://thecourseforum.com/course/JAPN/2020/All","logger":"task.stdout"}
{"timestamp":"2026-02-12T00:26:39.299830Z","level":"info","event":"Fetching URL: https://thecourseforum.com/course/JAPN/3020/All","logger":"task.stdout"}
{"timestamp":"2026-02-12T00:26:39.464267Z","level":"info","event":"Fetching URL: https://thecourseforum.com/course/JAPN/3025/All","logger":"task.stdout"}
{"timestamp":"2026-02-12T00:26:39.649834Z","level":"info","event":"Fetching URL: https://thecourseforum.com/course/JAPN/3559/All","logger":"task.stdout"}
{"timestamp":"2026-02-12T00:26:40.920426Z","level":"info","event":"Fetching URL: https://thecourseforum.com/course/JAPN/4710/All","logger":"task.stdout"}
{"timestamp":"2026-02-12T00:26:42.088184Z","level":"info","event":"Fetching URL: https://thecourseforum.com/course/JAPN/4801/All","logger":"task.stdout"}
{"timestamp":"2026-02-12T00:26:43.332610Z","level":"info","event":"Fetching URL: https://thecourseforum.com/course/JPTR/3020/All","logger":"task.stdout"}
{"timestamp":"2026-02-12T00:26:43.631948Z","level":"info","event":"Fetching URL: https://thecourseforum.com/course/JPTR/3310/All","logger":"task.stdout"}
{"timestamp":"2026-02-12T00:26:44.786783Z","level":"info","event":"Fetching URL: https://thecourseforum.com/course/JPTR/3391/All","logger":"task.stdout"}
{"timestamp":"2026-02-12T00:26:45.945892Z","level":"info","event":"Fetching URL: https://thecourseforum.com/course/JPTR/4991/All","logger":"task.stdout"}
{"timestamp":"2026-02-12T00:26:46.111801Z","level":"info","event":"Fetching URL: https://thecourseforum.com/course/JWST/4980/All","logger":"task.stdout"}
{"timestamp":"2026-02-12T00:26:47.297324Z","level":"info","event":"Fetching URL: https://thecourseforum.com/course/KICH/1020/All","logger":"task.stdout"}
{"timestamp":"2026-02-12T00:26:47.460947Z","level":"info","event":"Fetching URL: https://thecourseforum.com/course/KICH/2020/All","logger":"task.stdout"}
{"timestamp":"2026-02-12T00:26:47.636070Z","level":"info","event":"Fetching URL: https://thecourseforum.com/course/KINE/2200/All","logger":"task.stdout"}
{"timestamp":"2026-02-12T00:26:47.789340Z","level":"info","event":"Fetching URL: https://thecourseforum.com/course/KINE/2420/All","logger":"task.stdout"}
{"timestamp":"2026-02-12T00:26:47.942086Z","level":"info","event":"Fetching URL: https://thecourseforum.com/course/KINE/2850/All","logger":"task.stdout"}
{"timestamp":"2026-02-12T00:26:48.111175Z","level":"info","event":"Fetching URL: https://thecourseforum.com/course/KINE/3400/All","logger":"task.stdout"}
{"timestamp":"2026-02-12T00:26:48.276393Z","level":"info","event":"Fetching URL: https://thecourseforum.com/course/KINE/3410/All","logger":"task.stdout"}
{"timestamp":"2026-02-12T00:26:49.432812Z","level":"info","event":"Fetching URL: https://thecourseforum.com/course/KINE/3420/All","logger":"task.stdout"}
{"timestamp":"2026-02-12T00:26:49.684097Z","level":"info","event":"Fetching URL: https://thecourseforum.com/course/KINE/3430/All","logger":"task.stdout"}
{"timestamp":"2026-02-12T00:26:49.932271Z","level":"info","event":"Fetching URL: https://thecourseforum.com/course/KINE/3440/All","logger":"task.stdout"}
{"timestamp":"2026-02-12T00:26:51.105565Z","level":"info","event":"Fetching URL: https://thecourseforum.com/course/KINE/3450/All","logger":"task.stdout"}
{"timestamp":"2026-02-12T00:26:51.270204Z","level":"info","event":"Fetching URL: https://thecourseforum.com/course/KINE/3600/All","logger":"task.stdout"}
{"timestamp":"2026-02-12T00:26:51.438363Z","level":"info","event":"Fetching URL: https://thecourseforum.com/course/KINE/3615/All","logger":"task.stdout"}
{"timestamp":"2026-02-12T00:26:52.598987Z","level":"info","event":"Fetching URL: https://thecourseforum.com/course/KINE/3617/All","logger":"task.stdout"}
{"timestamp":"2026-02-12T00:26:52.754517Z","level":"info","event":"Fetching URL: https://thecourseforum.com/course/KINE/3620/All","logger":"task.stdout"}
{"timestamp":"2026-02-12T00:26:53.912199Z","level":"info","event":"Fetching URL: https://thecourseforum.com/course/KINE/3630/All","logger":"task.stdout"}
{"timestamp":"2026-02-12T00:26:54.090817Z","level":"info","event":"Fetching URL: https://thecourseforum.com/course/KINE/3660/All","logger":"task.stdout"}
{"timestamp":"2026-02-12T00:26:55.251538Z","level":"info","event":"Fetching URL: https://thecourseforum.com/course/KINE/4000/All","logger":"task.stdout"}
{"timestamp":"2026-02-12T00:26:56.431403Z","level":"info","event":"Fetching URL: https://thecourseforum.com/course/KINE/4400/All","logger":"task.stdout"}
{"timestamp":"2026-02-12T00:26:56.591021Z","level":"info","event":"Fetching URL: https://thecourseforum.com/course/KINE/4420/All","logger":"task.stdout"}
{"timestamp":"2026-02-12T00:26:56.761906Z","level":"info","event":"Fetching URL: https://thecourseforum.com/course/KINE/4600/All","logger":"task.stdout"}
{"timestamp":"2026-02-12T00:26:58.029863Z","level":"info","event":"Fetching URL: https://thecourseforum.com/course/KINE/4601/All","logger":"task.stdout"}
{"timestamp":"2026-02-12T00:26:59.195958Z","level":"info","event":"Fetching URL: https://thecourseforum.com/course/KINE/4802/All","logger":"task.stdout"}
{"timestamp":"2026-02-12T00:26:59.353335Z","level":"info","event":"Fetching URL: https://thecourseforum.com/course/KINE/4993/All","logger":"task.stdout"}
{"timestamp":"2026-02-12T00:26:59.556734Z","level":"info","event":"Fetching URL: https://thecourseforum.com/course/KOR/2020/All","logger":"task.stdout"}
{"timestamp":"2026-02-12T00:27:00.728837Z","level":"info","event":"Fetching URL: https://thecourseforum.com/course/KOR/2060/All","logger":"task.stdout"}
{"timestamp":"2026-02-12T00:27:01.904558Z","level":"info","event":"Fetching URL: https://thecourseforum.com/course/KOR/2559/All","logger":"task.stdout"}
{"timestamp":"2026-02-12T00:27:02.104085Z","level":"info","event":"Fetching URL: https://thecourseforum.com/course/KOR/3015/All","logger":"task.stdout"}
{"timestamp":"2026-02-12T00:27:02.271111Z","level":"info","event":"Fetching URL: https://thecourseforum.com/course/KOR/3020/All","logger":"task.stdout"}
{"timestamp":"2026-02-12T00:27:02.451249Z","level":"info","event":"Fetching URL: https://thecourseforum.com/course/KOR/3559/All","logger":"task.stdout"}
{"timestamp":"2026-02-12T00:27:02.617453Z","level":"info","event":"Fetching URL: https://thecourseforum.com/course/KOR/1020/All","logger":"task.stdout"}
{"timestamp":"2026-02-12T00:27:02.786235Z","level":"info","event":"Fetching URL: https://thecourseforum.com/course/LASE/2400/All","logger":"task.stdout"}
{"timestamp":"2026-02-12T00:27:02.936180Z","level":"info","event":"Fetching URL: https://thecourseforum.com/course/LASE/2515/All","logger":"task.stdout"}
{"timestamp":"2026-02-12T00:27:03.165343Z","level":"info","event":"Fetching URL: https://thecourseforum.com/course/LASE/3510/All","logger":"task.stdout"}
{"timestamp":"2026-02-12T00:27:03.331995Z","level":"info","event":"Fetching URL: https://thecourseforum.com/course/LASE/3559/All","logger":"task.stdout"}
{"timestamp":"2026-02-12T00:27:03.567848Z","level":"info","event":"Fetching URL: https://thecourseforum.com/course/LASE/3601/All","logger":"task.stdout"}
{"timestamp":"2026-02-12T00:27:03.758191Z","level":"info","event":"Fetching URL: https://thecourseforum.com/course/LASE/3602/All","logger":"task.stdout"}
{"timestamp":"2026-02-12T00:27:03.912249Z","level":"info","event":"Fetching URL: https://thecourseforum.com/course/LAST/2050/All","logger":"task.stdout"}
{"timestamp":"2026-02-12T00:27:04.089187Z","level":"info","event":"Fetching URL: https://thecourseforum.com/course/LAST/4999/All","logger":"task.stdout"}
{"timestamp":"2026-02-12T00:27:04.261812Z","level":"info","event":"Fetching URL: https://thecourseforum.com/course/LATI/1020/All","logger":"task.stdout"}
{"timestamp":"2026-02-12T00:27:04.464135Z","level":"info","event":"Fetching URL: https://thecourseforum.com/course/LATI/2010/All","logger":"task.stdout"}
{"timestamp":"2026-02-12T00:27:04.713664Z","level":"info","event":"Fetching URL: https://thecourseforum.com/course/LATI/2020/All","logger":"task.stdout"}
{"timestamp":"2026-02-12T00:27:04.913520Z","level":"info","event":"Fetching URL: https://thecourseforum.com/course/LATI/3160/All","logger":"task.stdout"}
{"timestamp":"2026-02-12T00:27:05.068682Z","level":"info","event":"Fetching URL: https://thecourseforum.com/course/LATI/4559/All","logger":"task.stdout"}
{"timestamp":"2026-02-12T00:27:05.241559Z","level":"info","event":"Fetching URL: https://thecourseforum.com/course/LATI/4999/All","logger":"task.stdout"}
{"timestamp":"2026-02-12T00:27:05.404240Z","level":"info","event":"Fetching URL: https://thecourseforum.com/course/LATI/3030/All","logger":"task.stdout"}
{"timestamp":"2026-02-12T00:27:05.601615Z","level":"info","event":"Fetching URL: https://thecourseforum.com/course/LING/2430/All","logger":"task.stdout"}
{"timestamp":"2026-02-12T00:27:05.762319Z","level":"info","event":"Fetching URL: https://thecourseforum.com/course/LING/3090/All","logger":"task.stdout"}
{"timestamp":"2026-02-12T00:27:05.919345Z","level":"info","event":"Fetching URL: https://thecourseforum.com/course/LING/3101/All","logger":"task.stdout"}
{"timestamp":"2026-02-12T00:27:06.074253Z","level":"info","event":"Fetching URL: https://thecourseforum.com/course/LING/3102/All","logger":"task.stdout"}
{"timestamp":"2026-02-12T00:27:06.230406Z","level":"info","event":"Fetching URL: https://thecourseforum.com/course/LING/3103/All","logger":"task.stdout"}
{"timestamp":"2026-02-12T00:27:06.388252Z","level":"info","event":"Fetching URL: https://thecourseforum.com/course/LING/4650/All","logger":"task.stdout"}
{"timestamp":"2026-02-12T00:27:06.629965Z","level":"info","event":"Fetching URL: https://thecourseforum.com/course/LING/4993/All","logger":"task.stdout"}
{"timestamp":"2026-02-12T00:27:06.802757Z","level":"info","event":"Fetching URL: https://thecourseforum.com/course/LING/4999/All","logger":"task.stdout"}
{"timestamp":"2026-02-12T00:27:06.976783Z","level":"info","event":"Fetching URL: https://thecourseforum.com/course/LNGS/2240/All","logger":"task.stdout"}
{"timestamp":"2026-02-12T00:27:07.143782Z","level":"info","event":"Fetching URL: https://thecourseforum.com/course/LNGS/3260/All","logger":"task.stdout"}
{"timestamp":"2026-02-12T00:27:07.316604Z","level":"info","event":"Fetching URL: https://thecourseforum.com/course/LPPA/3650/All","logger":"task.stdout"}
{"timestamp":"2026-02-12T00:27:07.498119Z","level":"info","event":"Fetching URL: https://thecourseforum.com/course/LPPS/3050/All","logger":"task.stdout"}
{"timestamp":"2026-02-12T00:27:07.750086Z","level":"info","event":"Fetching URL: https://thecourseforum.com/course/LPPS/3150/All","logger":"task.stdout"}
{"timestamp":"2026-02-12T00:27:07.924618Z","level":"info","event":"Fetching URL: https://thecourseforum.com/course/LPPS/3240/All","logger":"task.stdout"}
{"timestamp":"2026-02-12T00:27:08.188003Z","level":"info","event":"Fetching URL: https://thecourseforum.com/course/LPPS/3040/All","logger":"task.stdout"}
{"timestamp":"2026-02-12T00:27:08.332348Z","level":"info","event":"Fetching URL: https://thecourseforum.com/course/LPPS/3280/All","logger":"task.stdout"}
{"timestamp":"2026-02-12T00:27:08.506661Z","level":"info","event":"Fetching URL: https://thecourseforum.com/course/LPPS/3350/All","logger":"task.stdout"}
{"timestamp":"2026-02-12T00:27:08.653194Z","level":"info","event":"Fetching URL: https://thecourseforum.com/course/LPPS/3390/All","logger":"task.stdout"}
{"timestamp":"2026-02-12T00:27:08.801073Z","level":"info","event":"Fetching URL: https://thecourseforum.com/course/LPPS/3440/All","logger":"task.stdout"}
{"timestamp":"2026-02-12T00:27:08.948452Z","level":"info","event":"Fetching URL: https://thecourseforum.com/course/LPPS/4260/All","logger":"task.stdout"}
{"timestamp":"2026-02-12T00:27:09.104158Z","level":"info","event":"Fetching URL: https://thecourseforum.com/course/LPPS/4270/All","logger":"task.stdout"}
{"timestamp":"2026-02-12T00:27:09.252595Z","level":"info","event":"Fetching URL: https://thecourseforum.com/course/LPPS/4320/All","logger":"task.stdout"}
{"timestamp":"2026-02-12T00:27:09.398398Z","level":"info","event":"Fetching URL: https://thecourseforum.com/course/LPPS/4620/All","logger":"task.stdout"}
{"timestamp":"2026-02-12T00:27:09.492178Z","level":"info","event":"Fetching URL: https://thecourseforum.com/course/LPPS/4730/All","logger":"task.stdout"}
{"timestamp":"2026-02-12T00:27:09.651313Z","level":"info","event":"Fetching URL: https://thecourseforum.com/course/MATH/4993/All","logger":"task.stdout"}
{"timestamp":"2026-02-12T00:27:09.877061Z","level":"info","event":"Fetching URL: https://thecourseforum.com/course/MATH/1310/All","logger":"task.stdout"}
{"timestamp":"2026-02-12T00:27:10.345297Z","level":"info","event":"Fetching URL: https://thecourseforum.com/course/MATH/1320/All","logger":"task.stdout"}
{"timestamp":"2026-02-12T00:27:10.647344Z","level":"info","event":"Fetching URL: https://thecourseforum.com/course/MATH/2310/All","logger":"task.stdout"}
{"timestamp":"2026-02-12T00:27:10.975245Z","level":"info","event":"Fetching URL: https://thecourseforum.com/course/MATH/3000/All","logger":"task.stdout"}
{"timestamp":"2026-02-12T00:27:11.185831Z","level":"info","event":"Fetching URL: https://thecourseforum.com/course/MATH/3100/All","logger":"task.stdout"}
{"timestamp":"2026-02-12T00:27:11.409764Z","level":"info","event":"Fetching URL: https://thecourseforum.com/course/MATH/3250/All","logger":"task.stdout"}
{"timestamp":"2026-02-12T00:27:11.693574Z","level":"info","event":"Fetching URL: https://thecourseforum.com/course/MATH/3310/All","logger":"task.stdout"}
{"timestamp":"2026-02-12T00:27:11.901112Z","level":"info","event":"Fetching URL: https://thecourseforum.com/course/MATH/3315/All","logger":"task.stdout"}
{"timestamp":"2026-02-12T00:27:12.078381Z","level":"info","event":"Fetching URL: https://thecourseforum.com/course/MATH/3340/All","logger":"task.stdout"}
{"timestamp":"2026-02-12T00:27:12.253487Z","level":"info","event":"Fetching URL: https://thecourseforum.com/course/MATH/3350/All","logger":"task.stdout"}
{"timestamp":"2026-02-12T00:27:12.484789Z","level":"info","event":"Fetching URL: https://thecourseforum.com/course/MATH/3351/All","logger":"task.stdout"}
{"timestamp":"2026-02-12T00:27:12.794214Z","level":"info","event":"Fetching URL: https://thecourseforum.com/course/MATH/3354/All","logger":"task.stdout"}
{"timestamp":"2026-02-12T00:27:13.111471Z","level":"info","event":"Fetching URL: https://thecourseforum.com/course/MATH/4110/All","logger":"task.stdout"}
{"timestamp":"2026-02-12T00:27:13.339942Z","level":"info","event":"Fetching URL: https://thecourseforum.com/course/MATH/4140/All","logger":"task.stdout"}
{"timestamp":"2026-02-12T00:27:13.529697Z","level":"info","event":"Fetching URL: https://thecourseforum.com/course/MATH/4250/All","logger":"task.stdout"}
{"timestamp":"2026-02-12T00:27:13.690556Z","level":"info","event":"Fetching URL: https://thecourseforum.com/course/MATH/4330/All","logger":"task.stdout"}
{"timestamp":"2026-02-12T00:27:13.931032Z","level":"info","event":"Fetching URL: https://thecourseforum.com/course/MATH/4651/All","logger":"task.stdout"}
{"timestamp":"2026-02-12T00:27:14.109379Z","level":"info","event":"Fetching URL: https://thecourseforum.com/course/MATH/4652/All","logger":"task.stdout"}
{"timestamp":"2026-02-12T00:27:14.285182Z","level":"info","event":"Fetching URL: https://thecourseforum.com/course/MATH/4840/All","logger":"task.stdout"}
{"timestamp":"2026-02-12T00:27:14.453240Z","level":"info","event":"Fetching URL: https://thecourseforum.com/course/MATH/1110/All","logger":"task.stdout"}
{"timestamp":"2026-02-12T00:27:14.635021Z","level":"info","event":"Fetching URL: https://thecourseforum.com/course/MATH/1140/All","logger":"task.stdout"}
{"timestamp":"2026-02-12T00:27:14.915887Z","level":"info","event":"Fetching URL: https://thecourseforum.com/course/MATH/1160/All","logger":"task.stdout"}
{"timestamp":"2026-02-12T00:27:16.397135Z","level":"info","event":"Fetching URL: https://thecourseforum.com/course/MATH/1190/All","logger":"task.stdout"}
{"timestamp":"2026-02-12T00:27:16.694193Z","level":"info","event":"Fetching URL: https://thecourseforum.com/course/MATH/1210/All","logger":"task.stdout"}
{"timestamp":"2026-02-12T00:27:17.065357Z","level":"info","event":"Fetching URL: https://thecourseforum.com/course/MATH/4901/All","logger":"task.stdout"}
{"timestamp":"2026-02-12T00:27:17.236218Z","level":"info","event":"Fetching URL: https://thecourseforum.com/course/MATH/1220/All","logger":"task.stdout"}
{"timestamp":"2026-02-12T00:27:17.551010Z","level":"info","event":"Fetching URL: https://thecourseforum.com/course/MDST/4510/All","logger":"task.stdout"}
{"timestamp":"2026-02-12T00:27:17.749099Z","level":"info","event":"Fetching URL: https://thecourseforum.com/course/MDST/4960/All","logger":"task.stdout"}
{"timestamp":"2026-02-12T00:27:17.983015Z","level":"info","event":"Fetching URL: https://thecourseforum.com/course/MDST/4980/All","logger":"task.stdout"}
{"timestamp":"2026-02-12T00:27:18.176948Z","level":"info","event":"Fetching URL: https://thecourseforum.com/course/MDST/2000/All","logger":"task.stdout"}
{"timestamp":"2026-02-12T00:27:18.428921Z","level":"info","event":"Fetching URL: https://thecourseforum.com/course/MDST/2305/All","logger":"task.stdout"}
{"timestamp":"2026-02-12T00:27:18.580641Z","level":"info","event":"Fetching URL: https://thecourseforum.com/course/MDST/2508/All","logger":"task.stdout"}
{"timestamp":"2026-02-12T00:27:18.738918Z","level":"info","event":"Fetching URL: https://thecourseforum.com/course/MDST/2690/All","logger":"task.stdout"}
{"timestamp":"2026-02-12T00:27:18.902798Z","level":"info","event":"Fetching URL: https://thecourseforum.com/course/MDST/2700/All","logger":"task.stdout"}
{"timestamp":"2026-02-12T00:27:19.062786Z","level":"info","event":"Fetching URL: https://thecourseforum.com/course/MDST/2727/All","logger":"task.stdout"}
{"timestamp":"2026-02-12T00:27:19.329124Z","level":"info","event":"Fetching URL: https://thecourseforum.com/course/MDST/2810/All","logger":"task.stdout"}
{"timestamp":"2026-02-12T00:27:19.507389Z","level":"info","event":"Fetching URL: https://thecourseforum.com/course/MDST/3050/All","logger":"task.stdout"}
{"timestamp":"2026-02-12T00:27:19.690197Z","level":"info","event":"Fetching URL: https://thecourseforum.com/course/MDST/3113/All","logger":"task.stdout"}
{"timestamp":"2026-02-12T00:27:19.841212Z","level":"info","event":"Fetching URL: https://thecourseforum.com/course/MDST/3154/All","logger":"task.stdout"}
{"timestamp":"2026-02-12T00:27:19.989164Z","level":"info","event":"Fetching URL: https://thecourseforum.com/course/MDST/3404/All","logger":"task.stdout"}
{"timestamp":"2026-02-12T00:27:20.146316Z","level":"info","event":"Fetching URL: https://thecourseforum.com/course/MDST/3490/All","logger":"task.stdout"}
{"timestamp":"2026-02-12T00:27:20.312416Z","level":"info","event":"Fetching URL: https://thecourseforum.com/course/MDST/3504/All","logger":"task.stdout"}
{"timestamp":"2026-02-12T00:27:20.480191Z","level":"info","event":"Fetching URL: https://thecourseforum.com/course/MDST/3508/All","logger":"task.stdout"}
{"timestamp":"2026-02-12T00:27:20.659261Z","level":"info","event":"Fetching URL: https://thecourseforum.com/course/MDST/3510/All","logger":"task.stdout"}
{"timestamp":"2026-02-12T00:27:20.836616Z","level":"info","event":"Fetching URL: https://thecourseforum.com/course/MDST/3559/All","logger":"task.stdout"}
{"timestamp":"2026-02-12T00:27:21.124352Z","level":"info","event":"Fetching URL: https://thecourseforum.com/course/MDST/3712/All","logger":"task.stdout"}
{"timestamp":"2026-02-12T00:27:21.278000Z","level":"info","event":"Fetching URL: https://thecourseforum.com/course/MDST/3760/All","logger":"task.stdout"}
{"timestamp":"2026-02-12T00:27:21.454515Z","level":"info","event":"Fetching URL: https://thecourseforum.com/course/MDST/3800/All","logger":"task.stdout"}
{"timestamp":"2026-02-12T00:27:21.653389Z","level":"info","event":"Fetching URL: https://thecourseforum.com/course/MDST/3811/All","logger":"task.stdout"}
{"timestamp":"2026-02-12T00:27:21.817652Z","level":"info","event":"Fetching URL: https://thecourseforum.com/course/MDST/3900/All","logger":"task.stdout"}
{"timestamp":"2026-02-12T00:27:21.975728Z","level":"info","event":"Fetching URL: https://thecourseforum.com/course/MDST/4000/All","logger":"task.stdout"}
{"timestamp":"2026-02-12T00:27:22.146186Z","level":"info","event":"Fetching URL: https://thecourseforum.com/course/MDST/4106/All","logger":"task.stdout"}
{"timestamp":"2026-02-12T00:27:22.296428Z","level":"info","event":"Fetching URL: https://thecourseforum.com/course/MESA/2430/All","logger":"task.stdout"}
{"timestamp":"2026-02-12T00:27:22.445820Z","level":"info","event":"Fetching URL: https://thecourseforum.com/course/MESA/3270/All","logger":"task.stdout"}
{"timestamp":"2026-02-12T00:27:22.601535Z","level":"info","event":"Fetching URL: https://thecourseforum.com/course/MESA/3640/All","logger":"task.stdout"}
{"timestamp":"2026-02-12T00:27:23.762136Z","level":"info","event":"Fetching URL: https://thecourseforum.com/course/MESA/4991/All","logger":"task.stdout"}
{"timestamp":"2026-02-12T00:27:24.913964Z","level":"info","event":"Fetching URL: https://thecourseforum.com/course/MESA/4993/All","logger":"task.stdout"}
{"timestamp":"2026-02-12T00:27:25.080992Z","level":"info","event":"Fetching URL: https://thecourseforum.com/course/MESA/4999/All","logger":"task.stdout"}
{"timestamp":"2026-02-12T00:27:25.256806Z","level":"info","event":"Fetching URL: https://thecourseforum.com/course/MUPF/2120/All","logger":"task.stdout"}
{"timestamp":"2026-02-12T00:27:26.456667Z","level":"info","event":"Fetching URL: https://thecourseforum.com/course/MUPF/2121/All","logger":"task.stdout"}
{"timestamp":"2026-02-12T00:27:26.661238Z","level":"info","event":"Fetching URL: https://thecourseforum.com/course/MUPF/2130/All","logger":"task.stdout"}
{"timestamp":"2026-02-12T00:27:26.815698Z","level":"info","event":"Fetching URL: https://thecourseforum.com/course/MUPF/2131/All","logger":"task.stdout"}
{"timestamp":"2026-02-12T00:27:27.992423Z","level":"info","event":"Fetching URL: https://thecourseforum.com/course/MUPF/2140/All","logger":"task.stdout"}
{"timestamp":"2026-02-12T00:27:28.158805Z","level":"info","event":"Fetching URL: https://thecourseforum.com/course/MUPF/3960/All","logger":"task.stdout"}
{"timestamp":"2026-02-12T00:27:28.324703Z","level":"info","event":"Fetching URL: https://thecourseforum.com/course/MUPF/4940/All","logger":"task.stdout"}
{"timestamp":"2026-02-12T00:27:28.499609Z","level":"info","event":"Fetching URL: https://thecourseforum.com/course/MUPF/4960/All","logger":"task.stdout"}
{"timestamp":"2026-02-12T00:27:28.662107Z","level":"info","event":"Fetching URL: https://thecourseforum.com/course/MUPF/2141/All","logger":"task.stdout"}
{"timestamp":"2026-02-12T00:27:28.851850Z","level":"info","event":"Fetching URL: https://thecourseforum.com/course/MUPF/2150/All","logger":"task.stdout"}
{"timestamp":"2026-02-12T00:27:29.030423Z","level":"info","event":"Fetching URL: https://thecourseforum.com/course/MUPF/2151/All","logger":"task.stdout"}
{"timestamp":"2026-02-12T00:27:30.225943Z","level":"info","event":"Fetching URL: https://thecourseforum.com/course/MUPF/2160/All","logger":"task.stdout"}
{"timestamp":"2026-02-12T00:27:30.393455Z","level":"info","event":"Fetching URL: https://thecourseforum.com/course/MUPF/2161/All","logger":"task.stdout"}
{"timestamp":"2026-02-12T00:27:30.564300Z","level":"info","event":"Fetching URL: https://thecourseforum.com/course/MUPF/2170/All","logger":"task.stdout"}
{"timestamp":"2026-02-12T00:27:30.721447Z","level":"info","event":"Fetching URL: https://thecourseforum.com/course/MUPF/2171/All","logger":"task.stdout"}
{"timestamp":"2026-02-12T00:27:31.912513Z","level":"info","event":"Fetching URL: https://thecourseforum.com/course/MUPF/2180/All","logger":"task.stdout"}
{"timestamp":"2026-02-12T00:27:32.095566Z","level":"info","event":"Fetching URL: https://thecourseforum.com/course/MUPF/2181/All","logger":"task.stdout"}
{"timestamp":"2026-02-12T00:27:32.248951Z","level":"info","event":"Fetching URL: https://thecourseforum.com/course/MUPF/2210/All","logger":"task.stdout"}
{"timestamp":"2026-02-12T00:27:32.398471Z","level":"info","event":"Fetching URL: https://thecourseforum.com/course/MUPF/2211/All","logger":"task.stdout"}
{"timestamp":"2026-02-12T00:27:32.543326Z","level":"info","event":"Fetching URL: https://thecourseforum.com/course/MUPF/3110/All","logger":"task.stdout"}
{"timestamp":"2026-02-12T00:27:32.733901Z","level":"info","event":"Fetching URL: https://thecourseforum.com/course/MUPF/3120/All","logger":"task.stdout"}
{"timestamp":"2026-02-12T00:27:32.950659Z","level":"info","event":"Fetching URL: https://thecourseforum.com/course/MUPF/3140/All","logger":"task.stdout"}
{"timestamp":"2026-02-12T00:27:33.116037Z","level":"info","event":"Fetching URL: https://thecourseforum.com/course/MUPF/3150/All","logger":"task.stdout"}
{"timestamp":"2026-02-12T00:27:33.289889Z","level":"info","event":"Fetching URL: https://thecourseforum.com/course/MUPF/3160/All","logger":"task.stdout"}
{"timestamp":"2026-02-12T00:27:33.480619Z","level":"info","event":"Fetching URL: https://thecourseforum.com/course/MUPF/3170/All","logger":"task.stdout"}
{"timestamp":"2026-02-12T00:27:33.641377Z","level":"info","event":"Fetching URL: https://thecourseforum.com/course/MUPF/3180/All","logger":"task.stdout"}
{"timestamp":"2026-02-12T00:27:33.799825Z","level":"info","event":"Fetching URL: https://thecourseforum.com/course/MUPF/2110/All","logger":"task.stdout"}
{"timestamp":"2026-02-12T00:27:33.969821Z","level":"info","event":"Fetching URL: https://thecourseforum.com/course/MUPF/2111/All","logger":"task.stdout"}
{"timestamp":"2026-02-12T00:27:34.142944Z","level":"info","event":"Fetching URL: https://thecourseforum.com/course/MUSI/1310/All","logger":"task.stdout"}
{"timestamp":"2026-02-12T00:27:34.342035Z","level":"info","event":"Fetching URL: https://thecourseforum.com/course/MUSI/1620/All","logger":"task.stdout"}
{"timestamp":"2026-02-12T00:27:34.490754Z","level":"info","event":"Fetching URL: https://thecourseforum.com/course/MUSI/2021/All","logger":"task.stdout"}
{"timestamp":"2026-02-12T00:27:34.648149Z","level":"info","event":"Fetching URL: https://thecourseforum.com/course/MUSI/2070/All","logger":"task.stdout"}
{"timestamp":"2026-02-12T00:27:34.862527Z","level":"info","event":"Fetching URL: https://thecourseforum.com/course/MUSI/2072/All","logger":"task.stdout"}
{"timestamp":"2026-02-12T00:27:35.013564Z","level":"info","event":"Fetching URL: https://thecourseforum.com/course/MUSI/2110/All","logger":"task.stdout"}
{"timestamp":"2026-02-12T00:27:36.195772Z","level":"info","event":"Fetching URL: https://thecourseforum.com/course/MUSI/2150/All","logger":"task.stdout"}
{"timestamp":"2026-02-12T00:27:36.354277Z","level":"info","event":"Fetching URL: https://thecourseforum.com/course/MUSI/2302/All","logger":"task.stdout"}
{"timestamp":"2026-02-12T00:27:36.526048Z","level":"info","event":"Fetching URL: https://thecourseforum.com/course/MUSI/2304/All","logger":"task.stdout"}
{"timestamp":"2026-02-12T00:27:36.678870Z","level":"info","event":"Fetching URL: https://thecourseforum.com/course/MUSI/2307/All","logger":"task.stdout"}
{"timestamp":"2026-02-12T00:27:36.833358Z","level":"info","event":"Fetching URL: https://thecourseforum.com/course/MUSI/2311/All","logger":"task.stdout"}
{"timestamp":"2026-02-12T00:27:37.011333Z","level":"info","event":"Fetching URL: https://thecourseforum.com/course/MUSI/2340/All","logger":"task.stdout"}
{"timestamp":"2026-02-12T00:27:37.177707Z","level":"info","event":"Fetching URL: https://thecourseforum.com/course/MUSI/2342/All","logger":"task.stdout"}
{"timestamp":"2026-02-12T00:27:37.326495Z","level":"info","event":"Fetching URL: https://thecourseforum.com/course/MUSI/3332/All","logger":"task.stdout"}
{"timestamp":"2026-02-12T00:27:38.503335Z","level":"info","event":"Fetching URL: https://thecourseforum.com/course/MUSI/3334/All","logger":"task.stdout"}
{"timestamp":"2026-02-12T00:27:39.685656Z","level":"info","event":"Fetching URL: https://thecourseforum.com/course/MUSI/3374/All","logger":"task.stdout"}
{"timestamp":"2026-02-12T00:27:39.852918Z","level":"info","event":"Fetching URL: https://thecourseforum.com/course/MUSI/3380/All","logger":"task.stdout"}
{"timestamp":"2026-02-12T00:27:40.077077Z","level":"info","event":"Fetching URL: https://thecourseforum.com/course/MUSI/3400/All","logger":"task.stdout"}
{"timestamp":"2026-02-12T00:27:40.285424Z","level":"info","event":"Fetching URL: https://thecourseforum.com/course/MUSI/3559/All","logger":"task.stdout"}
{"timestamp":"2026-02-12T00:27:41.466266Z","level":"info","event":"Fetching URL: https://thecourseforum.com/course/MUSI/3993/All","logger":"task.stdout"}
{"timestamp":"2026-02-12T00:27:41.716719Z","level":"info","event":"Fetching URL: https://thecourseforum.com/course/MUSI/4090/All","logger":"task.stdout"}
{"timestamp":"2026-02-12T00:27:41.881761Z","level":"info","event":"Fetching URL: https://thecourseforum.com/course/MUSI/4410/All","logger":"task.stdout"}
{"timestamp":"2026-02-12T00:27:42.156343Z","level":"info","event":"Fetching URL: https://thecourseforum.com/course/MUSI/4559/All","logger":"task.stdout"}
{"timestamp":"2026-02-12T00:27:42.410335Z","level":"info","event":"Fetching URL: https://thecourseforum.com/course/MUSI/4582/All","logger":"task.stdout"}
{"timestamp":"2026-02-12T00:27:42.637705Z","level":"info","event":"Fetching URL: https://thecourseforum.com/course/MUSI/4610/All","logger":"task.stdout"}
{"timestamp":"2026-02-12T00:27:42.830276Z","level":"info","event":"Fetching URL: https://thecourseforum.com/course/MUSI/4760/All","logger":"task.stdout"}
{"timestamp":"2026-02-12T00:27:43.029356Z","level":"info","event":"Fetching URL: https://thecourseforum.com/course/MUSI/4950/All","logger":"task.stdout"}
{"timestamp":"2026-02-12T00:27:43.181759Z","level":"info","event":"Fetching URL: https://thecourseforum.com/course/MUSI/4993/All","logger":"task.stdout"}
{"timestamp":"2026-02-12T00:27:43.611977Z","level":"info","event":"Fetching URL: https://thecourseforum.com/course/MUSI/2600/All","logger":"task.stdout"}
{"timestamp":"2026-02-12T00:27:43.831549Z","level":"info","event":"Fetching URL: https://thecourseforum.com/course/MUSI/2993/All","logger":"task.stdout"}
{"timestamp":"2026-02-12T00:27:44.164660Z","level":"info","event":"Fetching URL: https://thecourseforum.com/course/MUSI/3050/All","logger":"task.stdout"}
{"timestamp":"2026-02-12T00:27:45.419545Z","level":"info","event":"Fetching URL: https://thecourseforum.com/course/MUSI/3065/All","logger":"task.stdout"}
{"timestamp":"2026-02-12T00:27:46.587699Z","level":"info","event":"Fetching URL: https://thecourseforum.com/course/MUSI/3307/All","logger":"task.stdout"}
{"timestamp":"2026-02-12T00:27:46.735308Z","level":"info","event":"Fetching URL: https://thecourseforum.com/course/MUSI/3310/All","logger":"task.stdout"}
{"timestamp":"2026-02-12T00:27:46.930292Z","level":"info","event":"Fetching URL: https://thecourseforum.com/course/MUSI/3320/All","logger":"task.stdout"}
{"timestamp":"2026-02-12T00:27:47.094402Z","level":"info","event":"Fetching URL: https://thecourseforum.com/course/NESC/4980/All","logger":"task.stdout"}
{"timestamp":"2026-02-12T00:27:47.336754Z","level":"info","event":"Fetching URL: https://thecourseforum.com/course/NESC/3960/All","logger":"task.stdout"}
{"timestamp":"2026-02-12T00:27:47.646861Z","level":"info","event":"Fetching URL: https://thecourseforum.com/course/NESC/3985/All","logger":"task.stdout"}
{"timestamp":"2026-02-12T00:27:48.807937Z","level":"info","event":"Fetching URL: https://thecourseforum.com/course/NESC/3995/All","logger":"task.stdout"}
{"timestamp":"2026-02-12T00:27:49.028855Z","level":"info","event":"Fetching URL: https://thecourseforum.com/course/NESC/4030/All","logger":"task.stdout"}
{"timestamp":"2026-02-12T00:27:49.171247Z","level":"info","event":"Fetching URL: https://thecourseforum.com/course/NESC/4046/All","logger":"task.stdout"}
{"timestamp":"2026-02-12T00:27:49.323040Z","level":"info","event":"Fetching URL: https://thecourseforum.com/course/NUCO/2220/All","logger":"task.stdout"}
{"timestamp":"2026-02-12T00:27:49.489963Z","level":"info","event":"Fetching URL: https://thecourseforum.com/course/NUCO/2440/All","logger":"task.stdout"}
{"timestamp":"2026-02-12T00:27:49.719690Z","level":"info","event":"Fetching URL: https://thecourseforum.com/course/NUCO/3310/All","logger":"task.stdout"}
{"timestamp":"2026-02-12T00:27:49.913785Z","level":"info","event":"Fetching URL: https://thecourseforum.com/course/NUCO/3610/All","logger":"task.stdout"}
{"timestamp":"2026-02-12T00:27:50.104230Z","level":"info","event":"Fetching URL: https://thecourseforum.com/course/NUCO/4056/All","logger":"task.stdout"}
{"timestamp":"2026-02-12T00:27:50.265161Z","level":"info","event":"Fetching URL: https://thecourseforum.com/course/NUCO/4210/All","logger":"task.stdout"}
{"timestamp":"2026-02-12T00:27:51.624286Z","level":"info","event":"Fetching URL: https://thecourseforum.com/course/NUCO/4310/All","logger":"task.stdout"}
{"timestamp":"2026-02-12T00:27:52.829591Z","level":"info","event":"Fetching URL: https://thecourseforum.com/course/NUCO/4440/All","logger":"task.stdout"}
{"timestamp":"2026-02-12T00:27:52.994974Z","level":"info","event":"Fetching URL: https://thecourseforum.com/course/NUCO/4450/All","logger":"task.stdout"}
{"timestamp":"2026-02-12T00:27:53.285092Z","level":"info","event":"Fetching URL: https://thecourseforum.com/course/NUCO/4559/All","logger":"task.stdout"}
{"timestamp":"2026-02-12T00:27:54.464471Z","level":"info","event":"Fetching URL: https://thecourseforum.com/course/NUCO/4710/All","logger":"task.stdout"}
{"timestamp":"2026-02-12T00:27:54.851977Z","level":"info","event":"Fetching URL: https://thecourseforum.com/course/NUCO/4720/All","logger":"task.stdout"}
{"timestamp":"2026-02-12T00:27:56.121488Z","level":"info","event":"Fetching URL: https://thecourseforum.com/course/NUCO/4730/All","logger":"task.stdout"}
{"timestamp":"2026-02-12T00:27:56.459565Z","level":"info","event":"Fetching URL: https://thecourseforum.com/course/NURS/4006/All","logger":"task.stdout"}
{"timestamp":"2026-02-12T00:27:56.610251Z","level":"info","event":"Fetching URL: https://thecourseforum.com/course/NURS/4951/All","logger":"task.stdout"}
{"timestamp":"2026-02-12T00:27:56.765327Z","level":"info","event":"Fetching URL: https://thecourseforum.com/course/NURS/4993/All","logger":"task.stdout"}
{"timestamp":"2026-02-12T00:27:56.956364Z","level":"info","event":"Fetching URL: https://thecourseforum.com/course/NURS/3003/All","logger":"task.stdout"}
{"timestamp":"2026-02-12T00:27:57.207882Z","level":"info","event":"Fetching URL: https://thecourseforum.com/course/NURS/3005/All","logger":"task.stdout"}
{"timestamp":"2026-02-12T00:27:57.369848Z","level":"info","event":"Fetching URL: https://thecourseforum.com/course/NURS/3006/All","logger":"task.stdout"}
{"timestamp":"2026-02-12T00:27:57.537181Z","level":"info","event":"Fetching URL: https://thecourseforum.com/course/PERS/1020/All","logger":"task.stdout"}
{"timestamp":"2026-02-12T00:27:58.714018Z","level":"info","event":"Fetching URL: https://thecourseforum.com/course/PERS/2020/All","logger":"task.stdout"}
{"timestamp":"2026-02-12T00:27:59.880862Z","level":"info","event":"Fetching URL: https://thecourseforum.com/course/PERS/3020/All","logger":"task.stdout"}
{"timestamp":"2026-02-12T00:28:00.034289Z","level":"info","event":"Fetching URL: https://thecourseforum.com/course/PERS/4993/All","logger":"task.stdout"}
{"timestamp":"2026-02-12T00:28:00.226115Z","level":"info","event":"Fetching URL: https://thecourseforum.com/course/PETR/3131/All","logger":"task.stdout"}
{"timestamp":"2026-02-12T00:28:00.410862Z","level":"info","event":"Fetching URL: https://thecourseforum.com/course/PETR/3380/All","logger":"task.stdout"}
{"timestamp":"2026-02-12T00:28:01.722325Z","level":"info","event":"Fetching URL: https://thecourseforum.com/course/PHYS/3995/All","logger":"task.stdout"}
{"timestamp":"2026-02-12T00:28:02.349230Z","level":"info","event":"Fetching URL: https://thecourseforum.com/course/PHYS/1010/All","logger":"task.stdout"}
{"timestamp":"2026-02-12T00:28:02.589560Z","level":"info","event":"Fetching URL: https://thecourseforum.com/course/PHYS/1060/All","logger":"task.stdout"}
{"timestamp":"2026-02-12T00:28:02.783882Z","level":"info","event":"Fetching URL: https://thecourseforum.com/course/PHYS/1420/All","logger":"task.stdout"}
{"timestamp":"2026-02-12T00:28:02.949718Z","level":"info","event":"Fetching URL: https://thecourseforum.com/course/PHYS/1425/All","logger":"task.stdout"}
{"timestamp":"2026-02-12T00:28:03.200682Z","level":"info","event":"Fetching URL: https://thecourseforum.com/course/PHYS/1429/All","logger":"task.stdout"}
{"timestamp":"2026-02-12T00:28:04.720363Z","level":"info","event":"Fetching URL: https://thecourseforum.com/course/PHYS/1655/All","logger":"task.stdout"}
{"timestamp":"2026-02-12T00:28:05.082292Z","level":"info","event":"Fetching URL: https://thecourseforum.com/course/PHYS/1660/All","logger":"task.stdout"}
{"timestamp":"2026-02-12T00:28:05.240928Z","level":"info","event":"Fetching URL: https://thecourseforum.com/course/PHYS/2020/All","logger":"task.stdout"}
{"timestamp":"2026-02-12T00:28:05.536738Z","level":"info","event":"Fetching URL: https://thecourseforum.com/course/PHYS/2040/All","logger":"task.stdout"}
{"timestamp":"2026-02-12T00:28:05.938331Z","level":"info","event":"Fetching URL: https://thecourseforum.com/course/PHYS/2415/All","logger":"task.stdout"}
{"timestamp":"2026-02-12T00:28:06.178337Z","level":"info","event":"Fetching URL: https://thecourseforum.com/course/PHYS/2419/All","logger":"task.stdout"}
{"timestamp":"2026-02-12T00:28:07.619639Z","level":"info","event":"Fetching URL: https://thecourseforum.com/course/PHYS/2620/All","logger":"task.stdout"}
{"timestamp":"2026-02-12T00:28:08.819833Z","level":"info","event":"Fetching URL: https://thecourseforum.com/course/PHYS/2720/All","logger":"task.stdout"}
{"timestamp":"2026-02-12T00:28:08.976712Z","level":"info","event":"Fetching URL: https://thecourseforum.com/course/PHYS/3040/All","logger":"task.stdout"}
{"timestamp":"2026-02-12T00:28:10.150874Z","level":"info","event":"Fetching URL: https://thecourseforum.com/course/PHYS/3120/All","logger":"task.stdout"}
{"timestamp":"2026-02-12T00:28:10.324676Z","level":"info","event":"Fetching URL: https://thecourseforum.com/course/PHYS/3140/All","logger":"task.stdout"}
{"timestamp":"2026-02-12T00:28:10.513367Z","level":"info","event":"Fetching URL: https://thecourseforum.com/course/PHYS/3180/All","logger":"task.stdout"}
{"timestamp":"2026-02-12T00:28:10.697154Z","level":"info","event":"Fetching URL: https://thecourseforum.com/course/PHYS/3250/All","logger":"task.stdout"}
{"timestamp":"2026-02-12T00:28:10.870556Z","level":"info","event":"Fetching URL: https://thecourseforum.com/course/PHYS/3340/All","logger":"task.stdout"}
{"timestamp":"2026-02-12T00:28:11.025010Z","level":"info","event":"Fetching URL: https://thecourseforum.com/course/PHYS/3420/All","logger":"task.stdout"}
{"timestamp":"2026-02-12T00:28:11.180522Z","level":"info","event":"Fetching URL: https://thecourseforum.com/course/PHYS/3620/All","logger":"task.stdout"}
{"timestamp":"2026-02-12T00:28:12.351745Z","level":"info","event":"Fetching URL: https://thecourseforum.com/course/PHYS/3660/All","logger":"task.stdout"}
{"timestamp":"2026-02-12T00:28:13.535763Z","level":"info","event":"Fetching URL: https://thecourseforum.com/course/PHYS/3993/All","logger":"task.stdout"}
{"timestamp":"2026-02-12T00:28:14.120774Z","level":"info","event":"Fetching URL: https://thecourseforum.com/course/PLAC/4993/All","logger":"task.stdout"}
{"timestamp":"2026-02-12T00:28:14.288466Z","level":"info","event":"Fetching URL: https://thecourseforum.com/course/PLAD/4430/All","logger":"task.stdout"}
{"timestamp":"2026-02-12T00:28:14.443975Z","level":"info","event":"Fetching URL: https://thecourseforum.com/course/PLAD/4500/All","logger":"task.stdout"}
{"timestamp":"2026-02-12T00:28:14.613725Z","level":"info","event":"Fetching URL: https://thecourseforum.com/course/PLAD/4961/All","logger":"task.stdout"}
{"timestamp":"2026-02-12T00:28:14.785771Z","level":"info","event":"Fetching URL: https://thecourseforum.com/course/PLAD/4999/All","logger":"task.stdout"}
{"timestamp":"2026-02-12T00:28:15.957979Z","level":"info","event":"Fetching URL: https://thecourseforum.com/course/PLAN/2020/All","logger":"task.stdout"}
{"timestamp":"2026-02-12T00:28:16.117196Z","level":"info","event":"Fetching URL: https://thecourseforum.com/course/PLAN/3030/All","logger":"task.stdout"}
{"timestamp":"2026-02-12T00:28:16.280158Z","level":"info","event":"Fetching URL: https://thecourseforum.com/course/PLAN/3040/All","logger":"task.stdout"}
{"timestamp":"2026-02-12T00:28:16.434792Z","level":"info","event":"Fetching URL: https://thecourseforum.com/course/PLAN/3050/All","logger":"task.stdout"}
{"timestamp":"2026-02-12T00:28:17.602023Z","level":"info","event":"Fetching URL: https://thecourseforum.com/course/PLAN/3500/All","logger":"task.stdout"}
{"timestamp":"2026-02-12T00:28:17.851726Z","level":"info","event":"Fetching URL: https://thecourseforum.com/course/PLAN/3860/All","logger":"task.stdout"}
{"timestamp":"2026-02-12T00:28:18.105025Z","level":"info","event":"Fetching URL: https://thecourseforum.com/course/PLAN/4800/All","logger":"task.stdout"}
{"timestamp":"2026-02-12T00:28:18.258977Z","level":"info","event":"Fetching URL: https://thecourseforum.com/course/PLAN/4902/All","logger":"task.stdout"}
{"timestamp":"2026-02-12T00:28:18.433418Z","level":"info","event":"Fetching URL: https://thecourseforum.com/course/PLAN/4993/All","logger":"task.stdout"}
{"timestamp":"2026-02-12T00:28:19.670970Z","level":"info","event":"Fetching URL: https://thecourseforum.com/course/PLAP/2030/All","logger":"task.stdout"}
{"timestamp":"2026-02-12T00:28:19.862400Z","level":"info","event":"Fetching URL: https://thecourseforum.com/course/PLAP/3270/All","logger":"task.stdout"}
{"timestamp":"2026-02-12T00:28:20.158479Z","level":"info","event":"Fetching URL: https://thecourseforum.com/course/PLAP/3370/All","logger":"task.stdout"}
{"timestamp":"2026-02-12T00:28:20.326005Z","level":"info","event":"Fetching URL: https://thecourseforum.com/course/PLAP/3400/All","logger":"task.stdout"}
{"timestamp":"2026-02-12T00:28:20.497574Z","level":"info","event":"Fetching URL: https://thecourseforum.com/course/PLAP/4150/All","logger":"task.stdout"}
{"timestamp":"2026-02-12T00:28:20.653825Z","level":"info","event":"Fetching URL: https://thecourseforum.com/course/PLAP/4210/All","logger":"task.stdout"}
{"timestamp":"2026-02-12T00:28:20.808517Z","level":"info","event":"Fetching URL: https://thecourseforum.com/course/PLAP/4500/All","logger":"task.stdout"}
{"timestamp":"2026-02-12T00:28:21.018398Z","level":"info","event":"Fetching URL: https://thecourseforum.com/course/PLAP/4990/All","logger":"task.stdout"}
{"timestamp":"2026-02-12T00:28:21.176904Z","level":"info","event":"Fetching URL: https://thecourseforum.com/course/PLPT/3020/All","logger":"task.stdout"}
{"timestamp":"2026-02-12T00:28:21.394382Z","level":"info","event":"Fetching URL: https://thecourseforum.com/course/PLPT/3050/All","logger":"task.stdout"}
{"timestamp":"2026-02-12T00:28:21.565384Z","level":"info","event":"Fetching URL: https://thecourseforum.com/course/PLPT/3220/All","logger":"task.stdout"}
{"timestamp":"2026-02-12T00:28:21.722117Z","level":"info","event":"Fetching URL: https://thecourseforum.com/course/PLPT/3500/All","logger":"task.stdout"}
{"timestamp":"2026-02-12T00:28:21.895687Z","level":"info","event":"Fetching URL: https://thecourseforum.com/course/PLPT/4110/All","logger":"task.stdout"}
{"timestamp":"2026-02-12T00:28:22.042681Z","level":"info","event":"Fetching URL: https://thecourseforum.com/course/PLPT/4500/All","logger":"task.stdout"}
{"timestamp":"2026-02-12T00:28:22.235778Z","level":"info","event":"Fetching URL: https://thecourseforum.com/course/PLPT/1010/All","logger":"task.stdout"}
{"timestamp":"2026-02-12T00:28:22.370182Z","level":"info","event":"Fetching URL: https://thecourseforum.com/course/PSYC/4500/All","logger":"task.stdout"}
{"timestamp":"2026-02-12T00:28:22.619194Z","level":"info","event":"Fetching URL: https://thecourseforum.com/course/PSYC/4580/All","logger":"task.stdout"}
{"timestamp":"2026-02-12T00:28:22.997416Z","level":"info","event":"Fetching URL: https://thecourseforum.com/course/PSYC/4640/All","logger":"task.stdout"}
{"timestamp":"2026-02-12T00:28:23.144905Z","level":"info","event":"Fetching URL: https://thecourseforum.com/course/PSYC/4645/All","logger":"task.stdout"}
{"timestamp":"2026-02-12T00:28:23.308573Z","level":"info","event":"Fetching URL: https://thecourseforum.com/course/PSYC/4980/All","logger":"task.stdout"}
{"timestamp":"2026-02-12T00:28:23.533647Z","level":"info","event":"Fetching URL: https://thecourseforum.com/course/PSYC/1020/All","logger":"task.stdout"}
{"timestamp":"2026-02-12T00:28:23.687792Z","level":"info","event":"Fetching URL: https://thecourseforum.com/course/PSYC/2005/All","logger":"task.stdout"}
{"timestamp":"2026-02-12T00:28:23.881801Z","level":"info","event":"Fetching URL: https://thecourseforum.com/course/PSYC/2150/All","logger":"task.stdout"}
{"timestamp":"2026-02-12T00:28:24.155948Z","level":"info","event":"Fetching URL: https://thecourseforum.com/course/PSYC/2200/All","logger":"task.stdout"}
{"timestamp":"2026-02-12T00:28:24.373988Z","level":"info","event":"Fetching URL: https://thecourseforum.com/course/PSYC/2410/All","logger":"task.stdout"}
{"timestamp":"2026-02-12T00:28:24.552747Z","level":"info","event":"Fetching URL: https://thecourseforum.com/course/PSYC/2600/All","logger":"task.stdout"}
{"timestamp":"2026-02-12T00:28:24.775756Z","level":"info","event":"Fetching URL: https://thecourseforum.com/course/PSYC/2700/All","logger":"task.stdout"}
{"timestamp":"2026-02-12T00:28:24.960385Z","level":"info","event":"Fetching URL: https://thecourseforum.com/course/PSYC/3160/All","logger":"task.stdout"}
{"timestamp":"2026-02-12T00:28:25.123871Z","level":"info","event":"Fetching URL: https://thecourseforum.com/course/PSYC/3200/All","logger":"task.stdout"}
{"timestamp":"2026-02-12T00:28:25.276338Z","level":"info","event":"Fetching URL: https://thecourseforum.com/course/PSYC/3310/All","logger":"task.stdout"}
{"timestamp":"2026-02-12T00:28:25.441821Z","level":"info","event":"Fetching URL: https://thecourseforum.com/course/PSYC/3415/All","logger":"task.stdout"}
{"timestamp":"2026-02-12T00:28:25.604007Z","level":"info","event":"Fetching URL: https://thecourseforum.com/course/PSYC/3420/All","logger":"task.stdout"}
{"timestamp":"2026-02-12T00:28:25.759241Z","level":"info","event":"Fetching URL: https://thecourseforum.com/course/PSYC/3440/All","logger":"task.stdout"}
{"timestamp":"2026-02-12T00:28:25.922211Z","level":"info","event":"Fetching URL: https://thecourseforum.com/course/PSYC/3445/All","logger":"task.stdout"}
{"timestamp":"2026-02-12T00:28:26.085918Z","level":"info","event":"Fetching URL: https://thecourseforum.com/course/PSYC/3490/All","logger":"task.stdout"}
{"timestamp":"2026-02-12T00:28:26.240683Z","level":"info","event":"Fetching URL: https://thecourseforum.com/course/PSYC/3500/All","logger":"task.stdout"}
{"timestamp":"2026-02-12T00:28:26.413976Z","level":"info","event":"Fetching URL: https://thecourseforum.com/course/PSYC/3560/All","logger":"task.stdout"}
{"timestamp":"2026-02-12T00:28:26.565250Z","level":"info","event":"Fetching URL: https://thecourseforum.com/course/PSYC/3006/All","logger":"task.stdout"}
{"timestamp":"2026-02-12T00:28:26.851588Z","level":"info","event":"Fetching URL: https://thecourseforum.com/course/PSYC/3590/All","logger":"task.stdout"}
{"timestamp":"2026-02-12T00:28:27.965777Z","level":"info","event":"Fetching URL: https://thecourseforum.com/course/PSYC/3990/All","logger":"task.stdout"}
{"timestamp":"2026-02-12T00:28:28.116950Z","level":"info","event":"Fetching URL: https://thecourseforum.com/course/PSYC/3991/All","logger":"task.stdout"}
{"timestamp":"2026-02-12T00:28:28.268586Z","level":"info","event":"Fetching URL: https://thecourseforum.com/course/PSYC/4100/All","logger":"task.stdout"}
{"timestamp":"2026-02-12T00:28:28.426811Z","level":"info","event":"Fetching URL: https://thecourseforum.com/course/PSYC/4110/All","logger":"task.stdout"}
{"timestamp":"2026-02-12T00:28:28.598690Z","level":"info","event":"Fetching URL: https://thecourseforum.com/course/PSYC/4200/All","logger":"task.stdout"}
{"timestamp":"2026-02-12T00:28:28.789671Z","level":"info","event":"Fetching URL: https://thecourseforum.com/course/PSYC/4310/All","logger":"task.stdout"}
{"timestamp":"2026-02-12T00:28:28.951487Z","level":"info","event":"Fetching URL: https://thecourseforum.com/course/RELA/2800/All","logger":"task.stdout"}
{"timestamp":"2026-02-12T00:28:29.106463Z","level":"info","event":"Fetching URL: https://thecourseforum.com/course/RELB/2067/All","logger":"task.stdout"}
{"timestamp":"2026-02-12T00:28:29.272962Z","level":"info","event":"Fetching URL: https://thecourseforum.com/course/RELB/2100/All","logger":"task.stdout"}
{"timestamp":"2026-02-12T00:28:29.473972Z","level":"info","event":"Fetching URL: https://thecourseforum.com/course/RELB/2559/All","logger":"task.stdout"}
{"timestamp":"2026-02-12T00:28:29.636272Z","level":"info","event":"Fetching URL: https://thecourseforum.com/course/RELB/2900/All","logger":"task.stdout"}
{"timestamp":"2026-02-12T00:28:29.806374Z","level":"info","event":"Fetching URL: https://thecourseforum.com/course/RELB/3180/All","logger":"task.stdout"}
{"timestamp":"2026-02-12T00:28:29.958693Z","level":"info","event":"Fetching URL: https://thecourseforum.com/course/RELB/3559/All","logger":"task.stdout"}
{"timestamp":"2026-02-12T00:28:30.174431Z","level":"info","event":"Fetching URL: https://thecourseforum.com/course/RELC/1210/All","logger":"task.stdout"}
{"timestamp":"2026-02-12T00:28:30.771144Z","level":"info","event":"Fetching URL: https://thecourseforum.com/course/RELC/2215/All","logger":"task.stdout"}
{"timestamp":"2026-02-12T00:28:30.951933Z","level":"info","event":"Fetching URL: https://thecourseforum.com/course/RELC/2360/All","logger":"task.stdout"}
{"timestamp":"2026-02-12T00:28:31.192755Z","level":"info","event":"Fetching URL: https://thecourseforum.com/course/RELC/2401/All","logger":"task.stdout"}
{"timestamp":"2026-02-12T00:28:31.473861Z","level":"info","event":"Fetching URL: https://thecourseforum.com/course/RELC/3030/All","logger":"task.stdout"}
{"timestamp":"2026-02-12T00:28:31.661555Z","level":"info","event":"Fetching URL: https://thecourseforum.com/course/RELC/3447/All","logger":"task.stdout"}
{"timestamp":"2026-02-12T00:28:31.820479Z","level":"info","event":"Fetching URL: https://thecourseforum.com/course/SOC/2280/All","logger":"task.stdout"}
{"timestamp":"2026-02-12T00:28:32.008654Z","level":"info","event":"Fetching URL: https://thecourseforum.com/course/SOC/2320/All","logger":"task.stdout"}
{"timestamp":"2026-02-12T00:28:32.205994Z","level":"info","event":"Fetching URL: https://thecourseforum.com/course/SOC/2442/All","logger":"task.stdout"}
{"timestamp":"2026-02-12T00:28:32.393726Z","level":"info","event":"Fetching URL: https://thecourseforum.com/course/SOC/2595/All","logger":"task.stdout"}
{"timestamp":"2026-02-12T00:28:32.578422Z","level":"info","event":"Fetching URL: https://thecourseforum.com/course/SOC/2900/All","logger":"task.stdout"}
{"timestamp":"2026-02-12T00:28:32.777282Z","level":"info","event":"Fetching URL: https://thecourseforum.com/course/SOC/3020/All","logger":"task.stdout"}
{"timestamp":"2026-02-12T00:28:32.996699Z","level":"info","event":"Fetching URL: https://thecourseforum.com/course/SOC/3130/All","logger":"task.stdout"}
{"timestamp":"2026-02-12T00:28:33.208516Z","level":"info","event":"Fetching URL: https://thecourseforum.com/course/SOC/3290/All","logger":"task.stdout"}
{"timestamp":"2026-02-12T00:28:33.381597Z","level":"info","event":"Fetching URL: https://thecourseforum.com/course/SOC/3320/All","logger":"task.stdout"}
{"timestamp":"2026-02-12T00:28:33.536004Z","level":"info","event":"Fetching URL: https://thecourseforum.com/course/SOC/3410/All","logger":"task.stdout"}
{"timestamp":"2026-02-12T00:28:33.746333Z","level":"info","event":"Fetching URL: https://thecourseforum.com/course/SOC/3490/All","logger":"task.stdout"}
{"timestamp":"2026-02-12T00:28:33.905566Z","level":"info","event":"Fetching URL: https://thecourseforum.com/course/SOC/3559/All","logger":"task.stdout"}
{"timestamp":"2026-02-12T00:28:34.087562Z","level":"info","event":"Fetching URL: https://thecourseforum.com/course/SOC/3820/All","logger":"task.stdout"}
{"timestamp":"2026-02-12T00:28:34.247861Z","level":"info","event":"Fetching URL: https://thecourseforum.com/course/SOC/4100/All","logger":"task.stdout"}
{"timestamp":"2026-02-12T00:28:34.410084Z","level":"info","event":"Fetching URL: https://thecourseforum.com/course/SOC/4400/All","logger":"task.stdout"}
{"timestamp":"2026-02-12T00:28:34.562621Z","level":"info","event":"Fetching URL: https://thecourseforum.com/course/SOC/4520/All","logger":"task.stdout"}
{"timestamp":"2026-02-12T00:28:34.727565Z","level":"info","event":"Fetching URL: https://thecourseforum.com/course/SOC/4530/All","logger":"task.stdout"}
{"timestamp":"2026-02-12T00:28:34.903140Z","level":"info","event":"Fetching URL: https://thecourseforum.com/course/SOC/4550/All","logger":"task.stdout"}
{"timestamp":"2026-02-12T00:28:35.086670Z","level":"info","event":"Fetching URL: https://thecourseforum.com/course/SOC/4559/All","logger":"task.stdout"}
{"timestamp":"2026-02-12T00:28:35.270052Z","level":"info","event":"Fetching URL: https://thecourseforum.com/course/SOC/4560/All","logger":"task.stdout"}
{"timestamp":"2026-02-12T00:28:35.422688Z","level":"info","event":"Fetching URL: https://thecourseforum.com/course/SOC/4970/All","logger":"task.stdout"}
{"timestamp":"2026-02-12T00:28:35.614247Z","level":"info","event":"Fetching URL: https://thecourseforum.com/course/SOC/4981/All","logger":"task.stdout"}
{"timestamp":"2026-02-12T00:28:35.816095Z","level":"info","event":"Fetching URL: https://thecourseforum.com/course/SOC/3056/All","logger":"task.stdout"}
{"timestamp":"2026-02-12T00:28:35.982593Z","level":"info","event":"Fetching URL: https://thecourseforum.com/course/SOC/1010/All","logger":"task.stdout"}
{"timestamp":"2026-02-12T00:28:36.247090Z","level":"info","event":"Fetching URL: https://thecourseforum.com/course/SOC/1220/All","logger":"task.stdout"}
{"timestamp":"2026-02-12T00:28:36.409114Z","level":"info","event":"Fetching URL: https://thecourseforum.com/course/SOC/2010/All","logger":"task.stdout"}
{"timestamp":"2026-02-12T00:28:36.568262Z","level":"info","event":"Fetching URL: https://thecourseforum.com/course/SOC/2052/All","logger":"task.stdout"}
{"timestamp":"2026-02-12T00:28:36.810123Z","level":"info","event":"Fetching URL: https://thecourseforum.com/course/SPAN/2020/All","logger":"task.stdout"}
{"timestamp":"2026-02-12T00:28:37.260328Z","level":"info","event":"Fetching URL: https://thecourseforum.com/course/SPAN/3000/All","logger":"task.stdout"}
{"timestamp":"2026-02-12T00:28:37.550331Z","level":"info","event":"Fetching URL: https://thecourseforum.com/course/SPAN/1020/All","logger":"task.stdout"}
{"timestamp":"2026-02-12T00:28:37.740015Z","level":"info","event":"Fetching URL: https://thecourseforum.com/course/SPAN/1060/All","logger":"task.stdout"}
{"timestamp":"2026-02-12T00:28:38.021933Z","level":"info","event":"Fetching URL: https://thecourseforum.com/course/SPAN/2010/All","logger":"task.stdout"}
{"timestamp":"2026-02-12T00:28:38.401195Z","level":"info","event":"Fetching URL: https://thecourseforum.com/course/SPAN/4040/All","logger":"task.stdout"}
{"timestamp":"2026-02-12T00:28:38.598137Z","level":"info","event":"Fetching URL: https://thecourseforum.com/course/SPAN/4202/All","logger":"task.stdout"}
{"timestamp":"2026-02-12T00:28:38.745596Z","level":"info","event":"Fetching URL: https://thecourseforum.com/course/SPAN/4203/All","logger":"task.stdout"}
{"timestamp":"2026-02-12T00:28:38.906264Z","level":"info","event":"Fetching URL: https://thecourseforum.com/course/SPAN/4210/All","logger":"task.stdout"}
{"timestamp":"2026-02-12T00:28:40.072974Z","level":"info","event":"Fetching URL: https://thecourseforum.com/course/SPAN/4520/All","logger":"task.stdout"}
{"timestamp":"2026-02-12T00:28:40.242723Z","level":"info","event":"Fetching URL: https://thecourseforum.com/course/SPAN/4530/All","logger":"task.stdout"}
{"timestamp":"2026-02-12T00:28:40.415025Z","level":"info","event":"Fetching URL: https://thecourseforum.com/course/SPAN/4559/All","logger":"task.stdout"}
{"timestamp":"2026-02-12T00:28:40.573824Z","level":"info","event":"Fetching URL: https://thecourseforum.com/course/SPAN/4710/All","logger":"task.stdout"}
{"timestamp":"2026-02-12T00:28:40.736283Z","level":"info","event":"Fetching URL: https://thecourseforum.com/course/SPAN/4800/All","logger":"task.stdout"}
{"timestamp":"2026-02-12T00:28:40.902412Z","level":"info","event":"Fetching URL: https://thecourseforum.com/course/SPAN/4989/All","logger":"task.stdout"}
{"timestamp":"2026-02-12T00:28:41.069709Z","level":"info","event":"Fetching URL: https://thecourseforum.com/course/SPAN/3010/All","logger":"task.stdout"}
{"timestamp":"2026-02-12T00:28:41.326257Z","level":"info","event":"Fetching URL: https://thecourseforum.com/course/SPAN/3015/All","logger":"task.stdout"}
{"timestamp":"2026-02-12T00:28:41.474451Z","level":"info","event":"Fetching URL: https://thecourseforum.com/course/SPAN/3030/All","logger":"task.stdout"}
{"timestamp":"2026-02-12T00:28:42.767398Z","level":"info","event":"Fetching URL: https://thecourseforum.com/course/SPAN/3040/All","logger":"task.stdout"}
{"timestamp":"2026-02-12T00:28:43.002565Z","level":"info","event":"Fetching URL: https://thecourseforum.com/course/SPAN/3050/All","logger":"task.stdout"}
{"timestamp":"2026-02-12T00:28:43.251273Z","level":"info","event":"Fetching URL: https://thecourseforum.com/course/SPAN/3070/All","logger":"task.stdout"}
{"timestamp":"2026-02-12T00:28:44.404352Z","level":"info","event":"Fetching URL: https://thecourseforum.com/course/SPAN/3200/All","logger":"task.stdout"}
{"timestamp":"2026-02-12T00:28:44.559005Z","level":"info","event":"Fetching URL: https://thecourseforum.com/course/SPAN/3300/All","logger":"task.stdout"}
{"timestamp":"2026-02-12T00:28:44.811883Z","level":"info","event":"Fetching URL: https://thecourseforum.com/course/SPAN/3400/All","logger":"task.stdout"}
{"timestamp":"2026-02-12T00:28:44.974764Z","level":"info","event":"Fetching URL: https://thecourseforum.com/course/SPAN/3410/All","logger":"task.stdout"}
{"timestamp":"2026-02-12T00:28:45.236469Z","level":"info","event":"Fetching URL: https://thecourseforum.com/course/SPAN/3420/All","logger":"task.stdout"}
{"timestamp":"2026-02-12T00:28:45.448370Z","level":"info","event":"Fetching URL: https://thecourseforum.com/course/SPAN/3430/All","logger":"task.stdout"}
{"timestamp":"2026-02-12T00:28:45.627327Z","level":"info","event":"Fetching URL: https://thecourseforum.com/course/STAT/4996/All","logger":"task.stdout"}
{"timestamp":"2026-02-12T00:28:45.790169Z","level":"info","event":"Fetching URL: https://thecourseforum.com/course/STAT/1100/All","logger":"task.stdout"}
{"timestamp":"2026-02-12T00:28:45.984748Z","level":"info","event":"Fetching URL: https://thecourseforum.com/course/STAT/1601/All","logger":"task.stdout"}
{"timestamp":"2026-02-12T00:28:46.152204Z","level":"info","event":"Fetching URL: https://thecourseforum.com/course/STAT/1602/All","logger":"task.stdout"}
{"timestamp":"2026-02-12T00:28:46.391268Z","level":"info","event":"Fetching URL: https://thecourseforum.com/course/STAT/2020/All","logger":"task.stdout"}
{"timestamp":"2026-02-12T00:28:46.779544Z","level":"info","event":"Fetching URL: https://thecourseforum.com/course/STAT/2120/All","logger":"task.stdout"}
{"timestamp":"2026-02-12T00:28:47.431184Z","level":"info","event":"Fetching URL: https://thecourseforum.com/course/STAT/3080/All","logger":"task.stdout"}
{"timestamp":"2026-02-12T00:28:48.661607Z","level":"info","event":"Fetching URL: https://thecourseforum.com/course/STAT/3110/All","logger":"task.stdout"}
{"timestamp":"2026-02-12T00:28:49.033111Z","level":"info","event":"Fetching URL: https://thecourseforum.com/course/STAT/3120/All","logger":"task.stdout"}
{"timestamp":"2026-02-12T00:28:49.438612Z","level":"info","event":"Fetching URL: https://thecourseforum.com/course/STAT/3220/All","logger":"task.stdout"}
{"timestamp":"2026-02-12T00:28:49.656168Z","level":"info","event":"Fetching URL: https://thecourseforum.com/course/STAT/3250/All","logger":"task.stdout"}
{"timestamp":"2026-02-12T00:28:49.981901Z","level":"info","event":"Fetching URL: https://thecourseforum.com/course/STAT/3280/All","logger":"task.stdout"}
{"timestamp":"2026-02-12T00:28:50.157360Z","level":"info","event":"Fetching URL: https://thecourseforum.com/course/STAT/3480/All","logger":"task.stdout"}
{"timestamp":"2026-02-12T00:28:50.329787Z","level":"info","event":"Fetching URL: https://thecourseforum.com/course/STAT/3559/All","logger":"task.stdout"}
{"timestamp":"2026-02-12T00:28:51.500377Z","level":"info","event":"Fetching URL: https://thecourseforum.com/course/STAT/4120/All","logger":"task.stdout"}
{"timestamp":"2026-02-12T00:28:51.658130Z","level":"info","event":"Fetching URL: https://thecourseforum.com/course/STAT/4160/All","logger":"task.stdout"}
{"timestamp":"2026-02-12T00:28:51.855471Z","level":"info","event":"Fetching URL: https://thecourseforum.com/course/STAT/4220/All","logger":"task.stdout"}
{"timestamp":"2026-02-12T00:28:52.027010Z","level":"info","event":"Fetching URL: https://thecourseforum.com/course/STAT/4993/All","logger":"task.stdout"}
{"timestamp":"2026-02-12T00:28:52.260464Z","level":"info","event":"Fetching URL: https://thecourseforum.com/course/STS/2050/All","logger":"task.stdout"}
{"timestamp":"2026-02-12T00:28:53.457535Z","level":"info","event":"Fetching URL: https://thecourseforum.com/course/STS/2600/All","logger":"task.stdout"}
{"timestamp":"2026-02-12T00:28:53.641449Z","level":"info","event":"Fetching URL: https://thecourseforum.com/course/STS/2620/All","logger":"task.stdout"}
{"timestamp":"2026-02-12T00:28:53.793420Z","level":"info","event":"Fetching URL: https://thecourseforum.com/course/STS/3020/All","logger":"task.stdout"}
{"timestamp":"2026-02-12T00:28:53.943579Z","level":"info","event":"Fetching URL: https://thecourseforum.com/course/STS/3300/All","logger":"task.stdout"}
{"timestamp":"2026-02-12T00:28:54.106768Z","level":"info","event":"Fetching URL: https://thecourseforum.com/course/STS/4500/All","logger":"task.stdout"}
{"timestamp":"2026-02-12T00:28:54.338679Z","level":"info","event":"Fetching URL: https://thecourseforum.com/course/STS/4600/All","logger":"task.stdout"}
{"timestamp":"2026-02-12T00:28:55.573390Z","level":"info","event":"Fetching URL: https://thecourseforum.com/course/SYS/4582/All","logger":"task.stdout"}
{"timestamp":"2026-02-12T00:28:55.839446Z","level":"info","event":"Fetching URL: https://thecourseforum.com/course/SYS/4995/All","logger":"task.stdout"}
{"timestamp":"2026-02-12T00:28:56.182735Z","level":"info","event":"Fetching URL: https://thecourseforum.com/course/SYS/3060/All","logger":"task.stdout"}
{"timestamp":"2026-02-12T00:28:57.403295Z","level":"info","event":"Fetching URL: https://thecourseforum.com/course/SYS/3062/All","logger":"task.stdout"}
{"timestamp":"2026-02-12T00:28:57.591605Z","level":"info","event":"Fetching URL: https://thecourseforum.com/course/SYS/2001/All","logger":"task.stdout"}
{"timestamp":"2026-02-12T00:28:57.808097Z","level":"info","event":"Fetching URL: https://thecourseforum.com/course/SYS/2202/All","logger":"task.stdout"}
{"timestamp":"2026-02-12T00:28:58.961415Z","level":"info","event":"Fetching URL: https://thecourseforum.com/course/SYS/2620/All","logger":"task.stdout"}
{"timestamp":"2026-02-12T00:28:59.129714Z","level":"info","event":"Fetching URL: https://thecourseforum.com/course/SYS/3034/All","logger":"task.stdout"}
{"timestamp":"2026-02-12T00:29:00.317661Z","level":"info","event":"Fetching URL: https://thecourseforum.com/course/SYS/4050/All","logger":"task.stdout"}
{"timestamp":"2026-02-12T00:29:00.483618Z","level":"info","event":"Fetching URL: https://thecourseforum.com/course/SYS/4053/All","logger":"task.stdout"}
{"timestamp":"2026-02-12T00:29:00.936460Z","level":"info","event":"Fetching URL: https://thecourseforum.com/course/SYS/4054/All","logger":"task.stdout"}
{"timestamp":"2026-02-12T00:29:02.573647Z","level":"info","event":"Fetching URL: https://thecourseforum.com/course/TURK/2020/All","logger":"task.stdout"}
{"timestamp":"2026-02-12T00:29:03.756704Z","level":"info","event":"Fetching URL: https://thecourseforum.com/course/TURK/3020/All","logger":"task.stdout"}
{"timestamp":"2026-02-12T00:29:03.921763Z","level":"info","event":"Fetching URL: https://thecourseforum.com/course/UNST/1220/All","logger":"task.stdout"}
{"timestamp":"2026-02-12T00:29:05.135458Z","level":"info","event":"Fetching URL: https://thecourseforum.com/course/UNST/1410/All","logger":"task.stdout"}
{"timestamp":"2026-02-12T00:29:05.306360Z","level":"info","event":"Fetching URL: https://thecourseforum.com/course/UNST/2811/All","logger":"task.stdout"}
{"timestamp":"2026-02-12T00:29:05.483081Z","level":"info","event":"Fetching URL: https://thecourseforum.com/course/UNST/3910/All","logger":"task.stdout"}
{"timestamp":"2026-02-12T00:29:05.696254Z","level":"info","event":"Fetching URL: https://thecourseforum.com/course/UNST/3920/All","logger":"task.stdout"}
{"timestamp":"2026-02-12T00:29:06.878276Z","level":"info","event":"Fetching URL: https://thecourseforum.com/course/URDU/2020/All","logger":"task.stdout"}
{"timestamp":"2026-02-12T00:29:08.047913Z","level":"info","event":"Fetching URL: https://thecourseforum.com/course/URDU/3050/All","logger":"task.stdout"}
{"timestamp":"2026-02-12T00:29:09.225093Z","level":"info","event":"Fetching URL: https://thecourseforum.com/course/URDU/4993/All","logger":"task.stdout"}
{"timestamp":"2026-02-12T00:29:09.382620Z","level":"info","event":"Fetching URL: https://thecourseforum.com/course/USEM/1570/All","logger":"task.stdout"}
{"timestamp":"2026-02-12T00:29:09.627584Z","level":"info","event":"Fetching URL: https://thecourseforum.com/course/USEM/2570/All","logger":"task.stdout"}
{"timestamp":"2026-02-12T00:29:09.787345Z","level":"info","event":"Fetching URL: https://thecourseforum.com/course/WGS/2100/All","logger":"task.stdout"}
{"timestamp":"2026-02-12T00:29:10.012849Z","level":"info","event":"Fetching URL: https://thecourseforum.com/course/WGS/3993/All","logger":"task.stdout"}
{"timestamp":"2026-02-12T00:29:10.193087Z","level":"info","event":"Fetching URL: https://thecourseforum.com/course/WGS/2559/All","logger":"task.stdout"}
{"timestamp":"2026-02-12T00:29:10.371968Z","level":"info","event":"Fetching URL: https://thecourseforum.com/course/WGS/2600/All","logger":"task.stdout"}
{"timestamp":"2026-02-12T00:29:10.534669Z","level":"info","event":"Fetching URL: https://thecourseforum.com/course/WGS/2700/All","logger":"task.stdout"}
{"timestamp":"2026-02-12T00:29:11.710510Z","level":"info","event":"Fetching URL: https://thecourseforum.com/course/WGS/3100/All","logger":"task.stdout"}
{"timestamp":"2026-02-12T00:29:11.872683Z","level":"info","event":"Fetching URL: https://thecourseforum.com/course/WGS/3125/All","logger":"task.stdout"}
{"timestamp":"2026-02-12T00:29:13.288519Z","level":"info","event":"Fetching URL: https://thecourseforum.com/course/WGS/3150/All","logger":"task.stdout"}
{"timestamp":"2026-02-12T00:29:13.528305Z","level":"info","event":"Fetching URL: https://thecourseforum.com/course/WGS/3230/All","logger":"task.stdout"}
{"timestamp":"2026-02-12T00:29:14.706460Z","level":"info","event":"Fetching URL: https://thecourseforum.com/course/WGS/3500/All","logger":"task.stdout"}
{"timestamp":"2026-02-12T00:29:14.892324Z","level":"info","event":"Fetching URL: https://thecourseforum.com/course/WGS/3600/All","logger":"task.stdout"}
{"timestamp":"2026-02-12T00:29:15.074827Z","level":"info","event":"Fetching URL: https://thecourseforum.com/course/WGS/3612/All","logger":"task.stdout"}
{"timestamp":"2026-02-12T00:29:15.257852Z","level":"info","event":"Fetching URL: https://thecourseforum.com/course/WGS/3896/All","logger":"task.stdout"}
{"timestamp":"2026-02-12T00:29:15.337779Z","level":"info","event":"Fetching URL: https://thecourseforum.com/course/WGS/4500/All","logger":"task.stdout"}
{"timestamp":"2026-02-12T00:29:16.506076Z","level":"info","event":"Fetching URL: https://thecourseforum.com/course/WGS/4800/All","logger":"task.stdout"}
{"timestamp":"2026-02-12T00:29:16.665198Z","level":"info","event":"Fetching URL: https://thecourseforum.com/course/WGS/4820/All","logger":"task.stdout"}
{"timestamp":"2026-02-12T00:29:17.818815Z","level":"info","event":"Fetching URL: https://thecourseforum.com/course/WGS/4999/All","logger":"task.stdout"}
{"timestamp":"2026-02-12T00:29:18.987501Z","level":"info","event":"Fetching URL: https://thecourseforum.com/course/AMST/2421/All","logger":"task.stdout"}
{"timestamp":"2026-02-12T00:29:19.145107Z","level":"info","event":"Fetching URL: https://thecourseforum.com/course/AMST/2500/All","logger":"task.stdout"}
{"timestamp":"2026-02-12T00:29:20.330448Z","level":"info","event":"Fetching URL: https://thecourseforum.com/course/AMST/2559/All","logger":"task.stdout"}
{"timestamp":"2026-02-12T00:29:20.510744Z","level":"info","event":"Fetching URL: https://thecourseforum.com/course/AMST/3001/All","logger":"task.stdout"}
{"timestamp":"2026-02-12T00:29:20.695267Z","level":"info","event":"Fetching URL: https://thecourseforum.com/course/AMST/3180/All","logger":"task.stdout"}
{"timestamp":"2026-02-12T00:29:20.877620Z","level":"info","event":"Fetching URL: https://thecourseforum.com/course/AMST/3280/All","logger":"task.stdout"}
{"timestamp":"2026-02-12T00:29:21.034767Z","level":"info","event":"Fetching URL: https://thecourseforum.com/course/AMST/3326/All","logger":"task.stdout"}
{"timestamp":"2026-02-12T00:29:22.215120Z","level":"info","event":"Fetching URL: https://thecourseforum.com/course/AMST/3428/All","logger":"task.stdout"}
{"timestamp":"2026-02-12T00:29:23.371317Z","level":"info","event":"Fetching URL: https://thecourseforum.com/course/AMST/3481/All","logger":"task.stdout"}
{"timestamp":"2026-02-12T00:29:23.527448Z","level":"info","event":"Fetching URL: https://thecourseforum.com/course/AMST/3500/All","logger":"task.stdout"}
{"timestamp":"2026-02-12T00:29:23.698602Z","level":"info","event":"Fetching URL: https://thecourseforum.com/course/AMST/3559/All","logger":"task.stdout"}
{"timestamp":"2026-02-12T00:29:23.910291Z","level":"info","event":"Fetching URL: https://thecourseforum.com/course/AMST/3630/All","logger":"task.stdout"}
{"timestamp":"2026-02-12T00:29:24.077967Z","level":"info","event":"Fetching URL: https://thecourseforum.com/course/AMST/3740/All","logger":"task.stdout"}
{"timestamp":"2026-02-12T00:29:24.244872Z","level":"info","event":"Fetching URL: https://thecourseforum.com/course/AMST/3750/All","logger":"task.stdout"}
{"timestamp":"2026-02-12T00:29:24.390159Z","level":"info","event":"Fetching URL: https://thecourseforum.com/course/AMST/3790/All","logger":"task.stdout"}
{"timestamp":"2026-02-12T00:29:24.544983Z","level":"info","event":"Fetching URL: https://thecourseforum.com/course/AMST/4500/All","logger":"task.stdout"}
{"timestamp":"2026-02-12T00:29:25.778534Z","level":"info","event":"Fetching URL: https://thecourseforum.com/course/AMST/4559/All","logger":"task.stdout"}
{"timestamp":"2026-02-12T00:29:25.950392Z","level":"info","event":"Fetching URL: https://thecourseforum.com/course/AMST/4893/All","logger":"task.stdout"}
{"timestamp":"2026-02-12T00:29:27.120789Z","level":"info","event":"Fetching URL: https://thecourseforum.com/course/AMST/4993/All","logger":"task.stdout"}
{"timestamp":"2026-02-12T00:29:28.361380Z","level":"info","event":"Fetching URL: https://thecourseforum.com/course/AMST/4999/All","logger":"task.stdout"}
{"timestamp":"2026-02-12T00:29:28.544990Z","level":"info","event":"Fetching URL: https://thecourseforum.com/course/GDS/3113/All","logger":"task.stdout"}
{"timestamp":"2026-02-12T00:29:28.730092Z","level":"info","event":"Fetching URL: https://thecourseforum.com/course/GDS/3010/All","logger":"task.stdout"}
{"timestamp":"2026-02-12T00:29:28.930067Z","level":"info","event":"Fetching URL: https://thecourseforum.com/course/GDS/3114/All","logger":"task.stdout"}
{"timestamp":"2026-02-12T00:29:29.090912Z","level":"info","event":"Fetching URL: https://thecourseforum.com/course/GDS/4952/All","logger":"task.stdout"}
{"timestamp":"2026-02-12T00:29:29.252707Z","level":"info","event":"Fetching URL: https://thecourseforum.com/course/GDS/4991/All","logger":"task.stdout"}
{"timestamp":"2026-02-12T00:29:30.462971Z","level":"info","event":"Fetching URL: https://thecourseforum.com/course/GDS/4993/All","logger":"task.stdout"}
{"timestamp":"2026-02-12T00:29:30.657338Z","level":"info","event":"Fetching URL: https://thecourseforum.com/course/AAS/1020/All","logger":"task.stdout"}
{"timestamp":"2026-02-12T00:29:30.876597Z","level":"info","event":"Fetching URL: https://thecourseforum.com/course/AAS/2500/All","logger":"task.stdout"}
{"timestamp":"2026-02-12T00:29:31.137968Z","level":"info","event":"Fetching URL: https://thecourseforum.com/course/AAS/2710/All","logger":"task.stdout"}
{"timestamp":"2026-02-12T00:29:31.297317Z","level":"info","event":"Fetching URL: https://thecourseforum.com/course/AAS/3113/All","logger":"task.stdout"}
{"timestamp":"2026-02-12T00:29:31.444934Z","level":"info","event":"Fetching URL: https://thecourseforum.com/course/AAS/3157/All","logger":"task.stdout"}
{"timestamp":"2026-02-12T00:29:31.771247Z","level":"info","event":"Fetching URL: https://thecourseforum.com/course/AAS/3160/All","logger":"task.stdout"}
{"timestamp":"2026-02-12T00:29:31.966063Z","level":"info","event":"Fetching URL: https://thecourseforum.com/course/AAS/3500/All","logger":"task.stdout"}
{"timestamp":"2026-02-12T00:29:32.286925Z","level":"info","event":"Fetching URL: https://thecourseforum.com/course/AAS/3760/All","logger":"task.stdout"}
{"timestamp":"2026-02-12T00:29:32.455845Z","level":"info","event":"Fetching URL: https://thecourseforum.com/course/AAS/4080/All","logger":"task.stdout"}
{"timestamp":"2026-02-12T00:29:32.686410Z","level":"info","event":"Fetching URL: https://thecourseforum.com/course/AAS/4570/All","logger":"task.stdout"}
{"timestamp":"2026-02-12T00:29:32.892574Z","level":"info","event":"Fetching URL: https://thecourseforum.com/course/AAS/4993/All","logger":"task.stdout"}
{"timestamp":"2026-02-12T00:29:33.110419Z","level":"info","event":"Fetching URL: https://thecourseforum.com/course/ACCT/3010/All","logger":"task.stdout"}
{"timestamp":"2026-02-12T00:29:33.310399Z","level":"info","event":"Fetching URL: https://thecourseforum.com/course/AIRS/100/All","logger":"task.stdout"}
{"timestamp":"2026-02-12T00:29:33.488482Z","level":"info","event":"Fetching URL: https://thecourseforum.com/course/AIRS/1200/All","logger":"task.stdout"}
{"timestamp":"2026-02-12T00:29:33.658657Z","level":"info","event":"Fetching URL: https://thecourseforum.com/course/AIRS/2200/All","logger":"task.stdout"}
{"timestamp":"2026-02-12T00:29:33.865244Z","level":"info","event":"Fetching URL: https://thecourseforum.com/course/AIRS/3200/All","logger":"task.stdout"}
{"timestamp":"2026-02-12T00:29:34.055446Z","level":"info","event":"Fetching URL: https://thecourseforum.com/course/AIRS/4200/All","logger":"task.stdout"}
{"timestamp":"2026-02-12T00:29:34.227166Z","level":"info","event":"Fetching URL: https://thecourseforum.com/course/ANTH/2280/All","logger":"task.stdout"}
{"timestamp":"2026-02-12T00:29:34.452723Z","level":"info","event":"Fetching URL: https://thecourseforum.com/course/ANTH/2325/All","logger":"task.stdout"}
{"timestamp":"2026-02-12T00:29:34.616844Z","level":"info","event":"Fetching URL: https://thecourseforum.com/course/ANTH/2440/All","logger":"task.stdout"}
{"timestamp":"2026-02-12T00:29:35.825156Z","level":"info","event":"Fetching URL: https://thecourseforum.com/course/ANTH/2450/All","logger":"task.stdout"}
{"timestamp":"2026-02-12T00:29:37.005788Z","level":"info","event":"Fetching URL: https://thecourseforum.com/course/ANTH/2650/All","logger":"task.stdout"}
{"timestamp":"2026-02-12T00:29:37.180272Z","level":"info","event":"Fetching URL: https://thecourseforum.com/course/ANTH/2820/All","logger":"task.stdout"}
{"timestamp":"2026-02-12T00:29:37.420733Z","level":"info","event":"Fetching URL: https://thecourseforum.com/course/ANTH/3020/All","logger":"task.stdout"}
{"timestamp":"2026-02-12T00:29:37.591755Z","level":"info","event":"Fetching URL: https://thecourseforum.com/course/ANTH/3275/All","logger":"task.stdout"}
{"timestamp":"2026-02-12T00:29:37.756722Z","level":"info","event":"Fetching URL: https://thecourseforum.com/course/ANTH/3280/All","logger":"task.stdout"}
{"timestamp":"2026-02-12T00:29:37.917429Z","level":"info","event":"Fetching URL: https://thecourseforum.com/course/ANTH/3330/All","logger":"task.stdout"}
{"timestamp":"2026-02-12T00:29:38.153394Z","level":"info","event":"Fetching URL: https://thecourseforum.com/course/ANTH/3360/All","logger":"task.stdout"}
{"timestamp":"2026-02-12T00:29:38.367549Z","level":"info","event":"Fetching URL: https://thecourseforum.com/course/ANTH/3541/All","logger":"task.stdout"}
{"timestamp":"2026-02-12T00:29:38.606360Z","level":"info","event":"Fetching URL: https://thecourseforum.com/course/ANTH/3559/All","logger":"task.stdout"}
{"timestamp":"2026-02-12T00:29:38.810800Z","level":"info","event":"Fetching URL: https://thecourseforum.com/course/ANTH/3590/All","logger":"task.stdout"}
{"timestamp":"2026-02-12T00:29:39.015760Z","level":"info","event":"Fetching URL: https://thecourseforum.com/course/ANTH/3885/All","logger":"task.stdout"}
{"timestamp":"2026-02-12T00:29:39.168003Z","level":"info","event":"Fetching URL: https://thecourseforum.com/course/ANTH/3915/All","logger":"task.stdout"}
{"timestamp":"2026-02-12T00:29:39.316543Z","level":"info","event":"Fetching URL: https://thecourseforum.com/course/ANTH/4591/All","logger":"task.stdout"}
{"timestamp":"2026-02-12T00:29:39.508605Z","level":"info","event":"Fetching URL: https://thecourseforum.com/course/ANTH/4993/All","logger":"task.stdout"}
{"timestamp":"2026-02-12T00:29:39.929597Z","level":"info","event":"Fetching URL: https://thecourseforum.com/course/ANTH/4999/All","logger":"task.stdout"}
{"timestamp":"2026-02-12T00:29:40.294518Z","level":"info","event":"Fetching URL: https://thecourseforum.com/course/ANTH/1010/All","logger":"task.stdout"}
{"timestamp":"2026-02-12T00:29:40.614152Z","level":"info","event":"Fetching URL: https://thecourseforum.com/course/ANTH/2120/All","logger":"task.stdout"}
{"timestamp":"2026-02-12T00:29:40.794691Z","level":"info","event":"Fetching URL: https://thecourseforum.com/course/ARAB/1020/All","logger":"task.stdout"}
{"timestamp":"2026-02-12T00:29:40.989378Z","level":"info","event":"Fetching URL: https://thecourseforum.com/course/ARAB/2020/All","logger":"task.stdout"}
{"timestamp":"2026-02-12T00:29:41.195000Z","level":"info","event":"Fetching URL: https://thecourseforum.com/course/ARAB/2060/All","logger":"task.stdout"}
{"timestamp":"2026-02-12T00:29:41.351480Z","level":"info","event":"Fetching URL: https://thecourseforum.com/course/ARAB/2250/All","logger":"task.stdout"}
{"timestamp":"2026-02-12T00:29:41.501431Z","level":"info","event":"Fetching URL: https://thecourseforum.com/course/ARAB/3020/All","logger":"task.stdout"}
{"timestamp":"2026-02-12T00:29:41.651137Z","level":"info","event":"Fetching URL: https://thecourseforum.com/course/ARAB/3259/All","logger":"task.stdout"}
{"timestamp":"2026-02-12T00:29:41.805478Z","level":"info","event":"Fetching URL: https://thecourseforum.com/course/ARAB/4020/All","logger":"task.stdout"}
{"timestamp":"2026-02-12T00:29:41.978948Z","level":"info","event":"Fetching URL: https://thecourseforum.com/course/ARAB/4120/All","logger":"task.stdout"}
{"timestamp":"2026-02-12T00:29:42.158832Z","level":"info","event":"Fetching URL: https://thecourseforum.com/course/ARAD/3550/All","logger":"task.stdout"}
{"timestamp":"2026-02-12T00:29:42.318718Z","level":"info","event":"Fetching URL: https://thecourseforum.com/course/ARAD/4559/All","logger":"task.stdout"}
{"timestamp":"2026-02-12T00:29:42.480701Z","level":"info","event":"Fetching URL: https://thecourseforum.com/course/ARCH/1030/All","logger":"task.stdout"}
{"timestamp":"2026-02-12T00:29:42.745559Z","level":"info","event":"Fetching URL: https://thecourseforum.com/course/ARCH/2020/All","logger":"task.stdout"}
{"timestamp":"2026-02-12T00:29:43.205977Z","level":"info","event":"Fetching URL: https://thecourseforum.com/course/ARCH/2070/All","logger":"task.stdout"}
{"timestamp":"2026-02-12T00:29:43.486718Z","level":"info","event":"Fetching URL: https://thecourseforum.com/course/ARCH/2114/All","logger":"task.stdout"}
{"timestamp":"2026-02-12T00:29:43.690487Z","level":"info","event":"Fetching URL: https://thecourseforum.com/course/ARCH/2715/All","logger":"task.stdout"}
{"timestamp":"2026-02-12T00:29:43.932630Z","level":"info","event":"Fetching URL: https://thecourseforum.com/course/ARCH/3020/All","logger":"task.stdout"}
{"timestamp":"2026-02-12T00:29:44.202490Z","level":"info","event":"Fetching URL: https://thecourseforum.com/course/ARCH/3260/All","logger":"task.stdout"}
{"timestamp":"2026-02-12T00:29:44.362634Z","level":"info","event":"Fetching URL: https://thecourseforum.com/course/ARCH/4020/All","logger":"task.stdout"}
{"timestamp":"2026-02-12T00:29:44.564587Z","level":"info","event":"Fetching URL: https://thecourseforum.com/course/ARCH/4500/All","logger":"task.stdout"}
{"timestamp":"2026-02-12T00:29:44.724924Z","level":"info","event":"Fetching URL: https://thecourseforum.com/course/ARCH/4993/All","logger":"task.stdout"}
{"timestamp":"2026-02-12T00:29:44.953201Z","level":"info","event":"Fetching URL: https://thecourseforum.com/course/ARCH/4995/All","logger":"task.stdout"}
{"timestamp":"2026-02-12T00:29:45.235458Z","level":"info","event":"Fetching URL: https://thecourseforum.com/course/ARCY/3993/All","logger":"task.stdout"}
{"timestamp":"2026-02-12T00:29:45.500460Z","level":"info","event":"Fetching URL: https://thecourseforum.com/course/ARCY/4999/All","logger":"task.stdout"}
{"timestamp":"2026-02-12T00:29:45.668323Z","level":"info","event":"Fetching URL: https://thecourseforum.com/course/ARTH/4591/All","logger":"task.stdout"}
{"timestamp":"2026-02-12T00:29:45.901988Z","level":"info","event":"Fetching URL: https://thecourseforum.com/course/ARTH/4952/All","logger":"task.stdout"}
{"timestamp":"2026-02-12T00:29:46.074534Z","level":"info","event":"Fetching URL: https://thecourseforum.com/course/ARTH/4999/All","logger":"task.stdout"}
{"timestamp":"2026-02-12T00:29:46.302553Z","level":"info","event":"Fetching URL: https://thecourseforum.com/course/ARTH/1153/All","logger":"task.stdout"}
{"timestamp":"2026-02-12T00:29:46.784377Z","level":"info","event":"Fetching URL: https://thecourseforum.com/course/ARTH/1500/All","logger":"task.stdout"}
{"timestamp":"2026-02-12T00:29:46.997461Z","level":"info","event":"Fetching URL: https://thecourseforum.com/course/ARTH/1861/All","logger":"task.stdout"}
{"timestamp":"2026-02-12T00:29:47.159307Z","level":"info","event":"Fetching URL: https://thecourseforum.com/course/ARTH/2054/All","logger":"task.stdout"}
{"timestamp":"2026-02-12T00:29:47.329760Z","level":"info","event":"Fetching URL: https://thecourseforum.com/course/ARTH/2055/All","logger":"task.stdout"}
{"timestamp":"2026-02-12T00:29:47.520075Z","level":"info","event":"Fetching URL: https://thecourseforum.com/course/ARTH/2056/All","logger":"task.stdout"}
{"timestamp":"2026-02-12T00:29:47.719875Z","level":"info","event":"Fetching URL: https://thecourseforum.com/course/ARTH/2151/All","logger":"task.stdout"}
{"timestamp":"2026-02-12T00:29:47.920208Z","level":"info","event":"Fetching URL: https://thecourseforum.com/course/ARTH/2745/All","logger":"task.stdout"}
{"timestamp":"2026-02-12T00:29:48.093255Z","level":"info","event":"Fetching URL: https://thecourseforum.com/course/ARTH/2961/All","logger":"task.stdout"}
{"timestamp":"2026-02-12T00:29:48.266670Z","level":"info","event":"Fetching URL: https://thecourseforum.com/course/ARTH/3591/All","logger":"task.stdout"}
{"timestamp":"2026-02-12T00:29:48.507339Z","level":"info","event":"Fetching URL: https://thecourseforum.com/course/ARTH/3595/All","logger":"task.stdout"}
{"timestamp":"2026-02-12T00:29:48.665241Z","level":"info","event":"Fetching URL: https://thecourseforum.com/course/ARTS/2000/All","logger":"task.stdout"}
{"timestamp":"2026-02-12T00:29:48.885627Z","level":"info","event":"Fetching URL: https://thecourseforum.com/course/ARTS/2112/All","logger":"task.stdout"}
{"timestamp":"2026-02-12T00:29:49.084771Z","level":"info","event":"Fetching URL: https://thecourseforum.com/course/ARTS/2220/All","logger":"task.stdout"}
{"timestamp":"2026-02-12T00:29:49.245793Z","level":"info","event":"Fetching URL: https://thecourseforum.com/course/ARTS/2222/All","logger":"task.stdout"}
{"timestamp":"2026-02-12T00:29:49.435798Z","level":"info","event":"Fetching URL: https://thecourseforum.com/course/ARTS/2372/All","logger":"task.stdout"}
{"timestamp":"2026-02-12T00:29:49.589699Z","level":"info","event":"Fetching URL: https://thecourseforum.com/course/ARTS/2559/All","logger":"task.stdout"}
{"timestamp":"2026-02-12T00:29:49.746115Z","level":"info","event":"Fetching URL: https://thecourseforum.com/course/ARTS/2610/All","logger":"task.stdout"}
{"timestamp":"2026-02-12T00:29:49.930102Z","level":"info","event":"Fetching URL: https://thecourseforum.com/course/ARTS/2632/All","logger":"task.stdout"}
{"timestamp":"2026-02-12T00:29:50.111751Z","level":"info","event":"Fetching URL: https://thecourseforum.com/course/ARTS/2670/All","logger":"task.stdout"}
{"timestamp":"2026-02-12T00:29:50.272178Z","level":"info","event":"Fetching URL: https://thecourseforum.com/course/ARTS/2672/All","logger":"task.stdout"}
{"timestamp":"2026-02-12T00:29:50.432790Z","level":"info","event":"Fetching URL: https://thecourseforum.com/course/ARTS/2710/All","logger":"task.stdout"}
{"timestamp":"2026-02-12T00:29:50.592928Z","level":"info","event":"Fetching URL: https://thecourseforum.com/course/ARTS/2712/All","logger":"task.stdout"}
{"timestamp":"2026-02-12T00:29:50.762125Z","level":"info","event":"Fetching URL: https://thecourseforum.com/course/ARTS/2810/All","logger":"task.stdout"}
{"timestamp":"2026-02-12T00:29:50.939280Z","level":"info","event":"Fetching URL: https://thecourseforum.com/course/ARTS/2812/All","logger":"task.stdout"}
{"timestamp":"2026-02-12T00:29:51.138625Z","level":"info","event":"Fetching URL: https://thecourseforum.com/course/ARTS/3112/All","logger":"task.stdout"}
{"timestamp":"2026-02-12T00:29:51.297313Z","level":"info","event":"Fetching URL: https://thecourseforum.com/course/ARTS/3372/All","logger":"task.stdout"}
{"timestamp":"2026-02-12T00:29:51.516411Z","level":"info","event":"Fetching URL: https://thecourseforum.com/course/ARTS/3672/All","logger":"task.stdout"}
{"timestamp":"2026-02-12T00:29:51.671051Z","level":"info","event":"Fetching URL: https://thecourseforum.com/course/ARTS/3712/All","logger":"task.stdout"}
{"timestamp":"2026-02-12T00:29:51.843970Z","level":"info","event":"Fetching URL: https://thecourseforum.com/course/ARTS/4112/All","logger":"task.stdout"}
{"timestamp":"2026-02-12T00:29:52.009358Z","level":"info","event":"Fetching URL: https://thecourseforum.com/course/ARTS/4222/All","logger":"task.stdout"}
{"timestamp":"2026-02-12T00:29:52.172049Z","level":"info","event":"Fetching URL: https://thecourseforum.com/course/ARTS/4372/All","logger":"task.stdout"}
{"timestamp":"2026-02-12T00:29:52.333792Z","level":"info","event":"Fetching URL: https://thecourseforum.com/course/ARTS/4452/All","logger":"task.stdout"}
{"timestamp":"2026-02-12T00:29:52.495501Z","level":"info","event":"Fetching URL: https://thecourseforum.com/course/ARTS/4672/All","logger":"task.stdout"}
{"timestamp":"2026-02-12T00:29:52.649234Z","level":"info","event":"Fetching URL: https://thecourseforum.com/course/ARTS/4712/All","logger":"task.stdout"}
{"timestamp":"2026-02-12T00:29:52.813902Z","level":"info","event":"Fetching URL: https://thecourseforum.com/course/ARTS/4900/All","logger":"task.stdout"}
{"timestamp":"2026-02-12T00:29:53.039964Z","level":"info","event":"Fetching URL: https://thecourseforum.com/course/BME/2000/All","logger":"task.stdout"}
{"timestamp":"2026-02-12T00:29:53.236785Z","level":"info","event":"Fetching URL: https://thecourseforum.com/course/BME/2101/All","logger":"task.stdout"}
{"timestamp":"2026-02-12T00:29:53.419628Z","level":"info","event":"Fetching URL: https://thecourseforum.com/course/BME/2102/All","logger":"task.stdout"}
{"timestamp":"2026-02-12T00:29:53.577724Z","level":"info","event":"Fetching URL: https://thecourseforum.com/course/BME/2104/All","logger":"task.stdout"}
{"timestamp":"2026-02-12T00:29:54.068689Z","level":"info","event":"Fetching URL: https://thecourseforum.com/course/BME/2220/All","logger":"task.stdout"}
{"timestamp":"2026-02-12T00:29:54.241151Z","level":"info","event":"Fetching URL: https://thecourseforum.com/course/BME/3240/All","logger":"task.stdout"}
{"timestamp":"2026-02-12T00:29:54.408186Z","level":"info","event":"Fetching URL: https://thecourseforum.com/course/BME/4995/All","logger":"task.stdout"}
{"timestamp":"2026-02-12T00:29:54.846463Z","level":"info","event":"Fetching URL: https://thecourseforum.com/course/BME/2315/All","logger":"task.stdout"}
{"timestamp":"2026-02-12T00:29:55.012264Z","level":"info","event":"Fetching URL: https://thecourseforum.com/course/BME/3040/All","logger":"task.stdout"}
{"timestamp":"2026-02-12T00:29:55.182360Z","level":"info","event":"Fetching URL: https://thecourseforum.com/course/BME/3090/All","logger":"task.stdout"}
{"timestamp":"2026-02-12T00:29:55.382399Z","level":"info","event":"Fetching URL: https://thecourseforum.com/course/BME/3310/All","logger":"task.stdout"}
{"timestamp":"2026-02-12T00:29:55.529454Z","level":"info","event":"Fetching URL: https://thecourseforum.com/course/BME/4064/All","logger":"task.stdout"}
{"timestamp":"2026-02-12T00:29:55.696246Z","level":"info","event":"Fetching URL: https://thecourseforum.com/course/BME/4280/All","logger":"task.stdout"}
{"timestamp":"2026-02-12T00:29:55.860076Z","level":"info","event":"Fetching URL: https://thecourseforum.com/course/BME/4315/All","logger":"task.stdout"}
{"timestamp":"2026-02-12T00:29:57.039213Z","level":"info","event":"Fetching URL: https://thecourseforum.com/course/BME/4350/All","logger":"task.stdout"}
{"timestamp":"2026-02-12T00:29:57.202559Z","level":"info","event":"Fetching URL: https://thecourseforum.com/course/BME/4370/All","logger":"task.stdout"}
{"timestamp":"2026-02-12T00:29:57.353379Z","level":"info","event":"Fetching URL: https://thecourseforum.com/course/BME/4380/All","logger":"task.stdout"}
{"timestamp":"2026-02-12T00:29:57.605928Z","level":"info","event":"Fetching URL: https://thecourseforum.com/course/BME/4417/All","logger":"task.stdout"}
{"timestamp":"2026-02-12T00:29:57.756420Z","level":"info","event":"Fetching URL: https://thecourseforum.com/course/BME/4550/All","logger":"task.stdout"}
{"timestamp":"2026-02-12T00:29:58.105184Z","level":"info","event":"Fetching URL: https://thecourseforum.com/course/BME/4890/All","logger":"task.stdout"}
{"timestamp":"2026-02-12T00:29:58.262807Z","level":"info","event":"Fetching URL: https://thecourseforum.com/course/BME/4993/All","logger":"task.stdout"}
{"timestamp":"2026-02-12T00:29:58.453815Z","level":"info","event":"Fetching URL: https://thecourseforum.com/course/CASS/1011/All","logger":"task.stdout"}
{"timestamp":"2026-02-12T00:29:58.606174Z","level":"info","event":"Fetching URL: https://thecourseforum.com/course/CHEM/1420/All","logger":"task.stdout"}
{"timestamp":"2026-02-12T00:29:59.085417Z","level":"info","event":"Fetching URL: https://thecourseforum.com/course/CHEM/1421/All","logger":"task.stdout"}
{"timestamp":"2026-02-12T00:30:00.723742Z","level":"info","event":"Fetching URL: https://thecourseforum.com/course/CHEM/1500/All","logger":"task.stdout"}
{"timestamp":"2026-02-12T00:30:00.900957Z","level":"info","event":"Fetching URL: https://thecourseforum.com/course/CHEM/1820/All","logger":"task.stdout"}
{"timestamp":"2026-02-12T00:30:01.105146Z","level":"info","event":"Fetching URL: https://thecourseforum.com/course/CHEM/1821/All","logger":"task.stdout"}
{"timestamp":"2026-02-12T00:30:01.662440Z","level":"info","event":"Fetching URL: https://thecourseforum.com/course/CHEM/2120/All","logger":"task.stdout"}
{"timestamp":"2026-02-12T00:30:02.040621Z","level":"info","event":"Fetching URL: https://thecourseforum.com/course/CHEM/2321/All","logger":"task.stdout"}
{"timestamp":"2026-02-12T00:30:02.655141Z","level":"info","event":"Fetching URL: https://thecourseforum.com/course/CHEM/2410/All","logger":"task.stdout"}
{"timestamp":"2026-02-12T00:30:03.169476Z","level":"info","event":"Fetching URL: https://thecourseforum.com/course/CHEM/2420/All","logger":"task.stdout"}
{"timestamp":"2026-02-12T00:30:04.418780Z","level":"info","event":"Fetching URL: https://thecourseforum.com/course/CHEM/2421/All","logger":"task.stdout"}
{"timestamp":"2026-02-12T00:30:04.672888Z","level":"info","event":"Fetching URL: https://thecourseforum.com/course/CHEM/2820/All","logger":"task.stdout"}
{"timestamp":"2026-02-12T00:30:04.858980Z","level":"info","event":"Fetching URL: https://thecourseforum.com/course/CHEM/3121/All","logger":"task.stdout"}
{"timestamp":"2026-02-12T00:30:05.017350Z","level":"info","event":"Fetching URL: https://thecourseforum.com/course/CHEM/3420/All","logger":"task.stdout"}
{"timestamp":"2026-02-12T00:30:05.209253Z","level":"info","event":"Fetching URL: https://thecourseforum.com/course/CHEM/3559/All","logger":"task.stdout"}
{"timestamp":"2026-02-12T00:30:05.374102Z","level":"info","event":"Fetching URL: https://thecourseforum.com/course/CHEM/3821/All","logger":"task.stdout"}
{"timestamp":"2026-02-12T00:30:05.577489Z","level":"info","event":"Fetching URL: https://thecourseforum.com/course/CHEM/3951/All","logger":"task.stdout"}
{"timestamp":"2026-02-12T00:30:05.767432Z","level":"info","event":"Fetching URL: https://thecourseforum.com/course/CHEM/3961/All","logger":"task.stdout"}
{"timestamp":"2026-02-12T00:30:05.948807Z","level":"info","event":"Fetching URL: https://thecourseforum.com/course/CHEM/4420/All","logger":"task.stdout"}
{"timestamp":"2026-02-12T00:30:06.162267Z","level":"info","event":"Fetching URL: https://thecourseforum.com/course/CHEM/4421/All","logger":"task.stdout"}
{"timestamp":"2026-02-12T00:30:06.343385Z","level":"info","event":"Fetching URL: https://thecourseforum.com/course/CHEM/4951/All","logger":"task.stdout"}
{"timestamp":"2026-02-12T00:30:06.535304Z","level":"info","event":"Fetching URL: https://thecourseforum.com/course/CHEM/4961/All","logger":"task.stdout"}
{"timestamp":"2026-02-12T00:30:06.719523Z","level":"info","event":"Fetching URL: https://thecourseforum.com/course/COGS/3960/All","logger":"task.stdout"}
{"timestamp":"2026-02-12T00:30:07.236461Z","level":"info","event":"Fetching URL: https://thecourseforum.com/course/COGS/4980/All","logger":"task.stdout"}
{"timestamp":"2026-02-12T00:30:07.434531Z","level":"info","event":"Fetching URL: https://thecourseforum.com/course/ECE/3251/All","logger":"task.stdout"}
{"timestamp":"2026-02-12T00:30:07.595253Z","level":"info","event":"Fetching URL: https://thecourseforum.com/course/ECE/3430/All","logger":"task.stdout"}
{"timestamp":"2026-02-12T00:30:08.804609Z","level":"info","event":"Fetching URL: https://thecourseforum.com/course/ECE/3502/All","logger":"task.stdout"}
{"timestamp":"2026-02-12T00:30:09.019898Z","level":"info","event":"Fetching URL: https://thecourseforum.com/course/ECE/3780/All","logger":"task.stdout"}
{"timestamp":"2026-02-12T00:30:10.207949Z","level":"info","event":"Fetching URL: https://thecourseforum.com/course/ECE/4103/All","logger":"task.stdout"}
{"timestamp":"2026-02-12T00:30:10.438747Z","level":"info","event":"Fetching URL: https://thecourseforum.com/course/ECE/4130/All","logger":"task.stdout"}
{"timestamp":"2026-02-12T00:30:11.599414Z","level":"info","event":"Fetching URL: https://thecourseforum.com/course/ECE/4265/All","logger":"task.stdout"}
{"timestamp":"2026-02-12T00:30:11.793747Z","level":"info","event":"Fetching URL: https://thecourseforum.com/course/ECE/4332/All","logger":"task.stdout"}
{"timestamp":"2026-02-12T00:30:11.991858Z","level":"info","event":"Fetching URL: https://thecourseforum.com/course/ECE/4430/All","logger":"task.stdout"}
{"timestamp":"2026-02-12T00:30:13.186570Z","level":"info","event":"Fetching URL: https://thecourseforum.com/course/ECE/4435/All","logger":"task.stdout"}
{"timestamp":"2026-02-12T00:30:13.513462Z","level":"info","event":"Fetching URL: https://thecourseforum.com/course/ECE/4440/All","logger":"task.stdout"}
{"timestamp":"2026-02-12T00:30:13.759451Z","level":"info","event":"Fetching URL: https://thecourseforum.com/course/ECE/4457/All","logger":"task.stdout"}
{"timestamp":"2026-02-12T00:30:14.939412Z","level":"info","event":"Fetching URL: https://thecourseforum.com/course/ECE/4501/All","logger":"task.stdout"}
{"timestamp":"2026-02-12T00:30:15.289893Z","level":"info","event":"Fetching URL: https://thecourseforum.com/course/ECE/4502/All","logger":"task.stdout"}
{"timestamp":"2026-02-12T00:30:15.502265Z","level":"info","event":"Fetching URL: https://thecourseforum.com/course/ECE/4660/All","logger":"task.stdout"}
{"timestamp":"2026-02-12T00:30:16.676653Z","level":"info","event":"Fetching URL: https://thecourseforum.com/course/ECE/4784/All","logger":"task.stdout"}
{"timestamp":"2026-02-12T00:30:16.831938Z","level":"info","event":"Fetching URL: https://thecourseforum.com/course/ECE/4907/All","logger":"task.stdout"}
{"timestamp":"2026-02-12T00:30:17.067950Z","level":"info","event":"Fetching URL: https://thecourseforum.com/course/ECE/4908/All","logger":"task.stdout"}
{"timestamp":"2026-02-12T00:30:17.323396Z","level":"info","event":"Fetching URL: https://thecourseforum.com/course/ECE/4991/All","logger":"task.stdout"}
{"timestamp":"2026-02-12T00:30:17.486013Z","level":"info","event":"Fetching URL: https://thecourseforum.com/course/ECE/2200/All","logger":"task.stdout"}
{"timestamp":"2026-02-12T00:30:18.664468Z","level":"info","event":"Fetching URL: https://thecourseforum.com/course/ECE/2300/All","logger":"task.stdout"}
{"timestamp":"2026-02-12T00:30:18.819023Z","level":"info","event":"Fetching URL: https://thecourseforum.com/course/ECE/2330/All","logger":"task.stdout"}
{"timestamp":"2026-02-12T00:30:19.355347Z","level":"info","event":"Fetching URL: https://thecourseforum.com/course/ECE/2410/All","logger":"task.stdout"}
{"timestamp":"2026-02-12T00:30:19.555297Z","level":"info","event":"Fetching URL: https://thecourseforum.com/course/ECE/2501/All","logger":"task.stdout"}
{"timestamp":"2026-02-12T00:30:19.721235Z","level":"info","event":"Fetching URL: https://thecourseforum.com/course/ECE/2502/All","logger":"task.stdout"}
{"timestamp":"2026-02-12T00:30:20.880238Z","level":"info","event":"Fetching URL: https://thecourseforum.com/course/ECE/2600/All","logger":"task.stdout"}
{"timestamp":"2026-02-12T00:30:22.027470Z","level":"info","event":"Fetching URL: https://thecourseforum.com/course/ECE/2700/All","logger":"task.stdout"}
{"timestamp":"2026-02-12T00:30:22.183238Z","level":"info","event":"Fetching URL: https://thecourseforum.com/course/ECE/3103/All","logger":"task.stdout"}
{"timestamp":"2026-02-12T00:30:22.412421Z","level":"info","event":"Fetching URL: https://thecourseforum.com/course/ECE/3250/All","logger":"task.stdout"}
{"timestamp":"2026-02-12T00:30:22.571610Z","level":"info","event":"Fetching URL: https://thecourseforum.com/course/EDLF/2050/All","logger":"task.stdout"}
{"timestamp":"2026-02-12T00:30:22.733055Z","level":"info","event":"Fetching URL: https://thecourseforum.com/course/EDLF/2080/All","logger":"task.stdout"}
{"timestamp":"2026-02-12T00:30:22.888129Z","level":"info","event":"Fetching URL: https://thecourseforum.com/course/EDLF/3000/All","logger":"task.stdout"}
{"timestamp":"2026-02-12T00:30:23.058814Z","level":"info","event":"Fetching URL: https://thecourseforum.com/course/EDLF/3010/All","logger":"task.stdout"}
{"timestamp":"2026-02-12T00:30:23.211142Z","level":"info","event":"Fetching URL: https://thecourseforum.com/course/EDLF/3150/All","logger":"task.stdout"}
{"timestamp":"2026-02-12T00:30:24.378967Z","level":"info","event":"Fetching URL: https://thecourseforum.com/course/EDLF/3170/All","logger":"task.stdout"}
{"timestamp":"2026-02-12T00:30:24.542716Z","level":"info","event":"Fetching URL: https://thecourseforum.com/course/EDLF/3180/All","logger":"task.stdout"}
{"timestamp":"2026-02-12T00:30:25.712707Z","level":"info","event":"Fetching URL: https://thecourseforum.com/course/EDLF/3200/All","logger":"task.stdout"}
{"timestamp":"2026-02-12T00:30:26.886033Z","level":"info","event":"Fetching URL: https://thecourseforum.com/course/EDLF/3240/All","logger":"task.stdout"}
{"timestamp":"2026-02-12T00:30:28.107560Z","level":"info","event":"Fetching URL: https://thecourseforum.com/course/EDLF/3420/All","logger":"task.stdout"}
{"timestamp":"2026-02-12T00:30:29.288794Z","level":"info","event":"Fetching URL: https://thecourseforum.com/course/EDLF/3491/All","logger":"task.stdout"}
{"timestamp":"2026-02-12T00:30:29.456321Z","level":"info","event":"Fetching URL: https://thecourseforum.com/course/EDLF/3620/All","logger":"task.stdout"}
{"timestamp":"2026-02-12T00:30:29.609681Z","level":"info","event":"Fetching URL: https://thecourseforum.com/course/EDLF/3701/All","logger":"task.stdout"}
{"timestamp":"2026-02-12T00:30:29.759111Z","level":"info","event":"Fetching URL: https://thecourseforum.com/course/EDLF/3896/All","logger":"task.stdout"}
{"timestamp":"2026-02-12T00:30:29.908859Z","level":"info","event":"Fetching URL: https://thecourseforum.com/course/EDLF/4080/All","logger":"task.stdout"}
{"timestamp":"2026-02-12T00:30:30.084352Z","level":"info","event":"Fetching URL: https://thecourseforum.com/course/EDLF/4085/All","logger":"task.stdout"}
{"timestamp":"2026-02-12T00:30:30.302767Z","level":"info","event":"Fetching URL: https://thecourseforum.com/course/EDLF/4561/All","logger":"task.stdout"}
{"timestamp":"2026-02-12T00:30:30.447827Z","level":"info","event":"Fetching URL: https://thecourseforum.com/course/EDLF/4993/All","logger":"task.stdout"}
{"timestamp":"2026-02-12T00:30:31.671613Z","level":"info","event":"Fetching URL: https://thecourseforum.com/course/EDLF/4995/All","logger":"task.stdout"}
{"timestamp":"2026-02-12T00:30:31.852812Z","level":"info","event":"Fetching URL: https://thecourseforum.com/course/EDNC/3986/All","logger":"task.stdout"}
{"timestamp":"2026-02-12T00:30:32.010938Z","level":"info","event":"Fetching URL: https://thecourseforum.com/course/ENTP/1501/All","logger":"task.stdout"}
{"timestamp":"2026-02-12T00:30:33.217585Z","level":"info","event":"Fetching URL: https://thecourseforum.com/course/ENTP/1010/All","logger":"task.stdout"}
{"timestamp":"2026-02-12T00:30:34.399706Z","level":"info","event":"Fetching URL: https://thecourseforum.com/course/ETP/2030/All","logger":"task.stdout"}
{"timestamp":"2026-02-12T00:30:35.597663Z","level":"info","event":"Fetching URL: https://thecourseforum.com/course/ETP/3500/All","logger":"task.stdout"}
{"timestamp":"2026-02-12T00:30:36.853889Z","level":"info","event":"Fetching URL: https://thecourseforum.com/course/ETP/4010/All","logger":"task.stdout"}
{"timestamp":"2026-02-12T00:30:38.040403Z","level":"info","event":"Fetching URL: https://thecourseforum.com/course/ETP/4995/All","logger":"task.stdout"}
{"timestamp":"2026-02-12T00:30:38.216935Z","level":"info","event":"Fetching URL: https://thecourseforum.com/course/GSGS/2000/All","logger":"task.stdout"}
{"timestamp":"2026-02-12T00:30:38.378280Z","level":"info","event":"Fetching URL: https://thecourseforum.com/course/GSGS/3330/All","logger":"task.stdout"}
{"timestamp":"2026-02-12T00:30:38.533038Z","level":"info","event":"Fetching URL: https://thecourseforum.com/course/GSGS/3550/All","logger":"task.stdout"}
{"timestamp":"2026-02-12T00:30:39.752613Z","level":"info","event":"Fetching URL: https://thecourseforum.com/course/GSGS/3559/All","logger":"task.stdout"}
{"timestamp":"2026-02-12T00:30:40.044869Z","level":"info","event":"Fetching URL: https://thecourseforum.com/course/GSGS/4200/All","logger":"task.stdout"}
{"timestamp":"2026-02-12T00:30:41.233606Z","level":"info","event":"Fetching URL: https://thecourseforum.com/course/GSGS/4510/All","logger":"task.stdout"}
{"timestamp":"2026-02-12T00:30:41.472082Z","level":"info","event":"Fetching URL: https://thecourseforum.com/course/GSGS/4520/All","logger":"task.stdout"}
{"timestamp":"2026-02-12T00:30:42.702590Z","level":"info","event":"Fetching URL: https://thecourseforum.com/course/GSGS/4550/All","logger":"task.stdout"}
{"timestamp":"2026-02-12T00:30:42.891125Z","level":"info","event":"Fetching URL: https://thecourseforum.com/course/GSGS/4610/All","logger":"task.stdout"}
{"timestamp":"2026-02-12T00:30:43.081464Z","level":"info","event":"Fetching URL: https://thecourseforum.com/course/GSGS/4993/All","logger":"task.stdout"}
{"timestamp":"2026-02-12T00:30:43.281232Z","level":"info","event":"Fetching URL: https://thecourseforum.com/course/GSSJ/4991/All","logger":"task.stdout"}
{"timestamp":"2026-02-12T00:30:43.534656Z","level":"info","event":"Fetching URL: https://thecourseforum.com/course/GSSJ/4993/All","logger":"task.stdout"}
{"timestamp":"2026-02-12T00:30:43.729672Z","level":"info","event":"Fetching URL: https://thecourseforum.com/course/GSVS/2050/All","logger":"task.stdout"}
{"timestamp":"2026-02-12T00:30:43.953088Z","level":"info","event":"Fetching URL: https://thecourseforum.com/course/GSVS/3150/All","logger":"task.stdout"}
{"timestamp":"2026-02-12T00:30:45.176320Z","level":"info","event":"Fetching URL: https://thecourseforum.com/course/GSVS/4991/All","logger":"task.stdout"}
{"timestamp":"2026-02-12T00:30:46.415716Z","level":"info","event":"Fetching URL: https://thecourseforum.com/course/GSVS/4993/All","logger":"task.stdout"}
{"timestamp":"2026-02-12T00:30:46.631686Z","level":"info","event":"Fetching URL: https://thecourseforum.com/course/HBIO/4820/All","logger":"task.stdout"}
{"timestamp":"2026-02-12T00:30:46.804365Z","level":"info","event":"Fetching URL: https://thecourseforum.com/course/HBIO/4960/All","logger":"task.stdout"}
{"timestamp":"2026-02-12T00:30:47.966301Z","level":"info","event":"Fetching URL: https://thecourseforum.com/course/HBIO/4999/All","logger":"task.stdout"}
{"timestamp":"2026-02-12T00:30:48.125154Z","level":"info","event":"Fetching URL: https://thecourseforum.com/course/HEBR/1020/All","logger":"task.stdout"}
{"timestamp":"2026-02-12T00:30:49.288921Z","level":"info","event":"Fetching URL: https://thecourseforum.com/course/HEBR/2020/All","logger":"task.stdout"}
{"timestamp":"2026-02-12T00:30:49.454799Z","level":"info","event":"Fetching URL: https://thecourseforum.com/course/HEBR/2420/All","logger":"task.stdout"}
{"timestamp":"2026-02-12T00:30:49.621110Z","level":"info","event":"Fetching URL: https://thecourseforum.com/course/HEBR/4993/All","logger":"task.stdout"}
{"timestamp":"2026-02-12T00:30:49.779103Z","level":"info","event":"Fetching URL: https://thecourseforum.com/course/HIAF/1559/All","logger":"task.stdout"}
{"timestamp":"2026-02-12T00:30:49.929845Z","level":"info","event":"Fetching URL: https://thecourseforum.com/course/HIAF/3051/All","logger":"task.stdout"}
{"timestamp":"2026-02-12T00:30:50.135994Z","level":"info","event":"Fetching URL: https://thecourseforum.com/course/HIAF/4260/All","logger":"task.stdout"}
{"timestamp":"2026-02-12T00:30:51.289208Z","level":"info","event":"Fetching URL: https://thecourseforum.com/course/HISA/1501/All","logger":"task.stdout"}
{"timestamp":"2026-02-12T00:30:51.460885Z","level":"info","event":"Fetching URL: https://thecourseforum.com/course/HISA/3003/All","logger":"task.stdout"}
{"timestamp":"2026-02-12T00:30:52.614708Z","level":"info","event":"Fetching URL: https://thecourseforum.com/course/HIST/1501/All","logger":"task.stdout"}
{"timestamp":"2026-02-12T00:30:52.804283Z","level":"info","event":"Fetching URL: https://thecourseforum.com/course/HIST/2014/All","logger":"task.stdout"}
{"timestamp":"2026-02-12T00:30:53.983775Z","level":"info","event":"Fetching URL: https://thecourseforum.com/course/HIST/2213/All","logger":"task.stdout"}
{"timestamp":"2026-02-12T00:30:54.154087Z","level":"info","event":"Fetching URL: https://thecourseforum.com/course/HIST/2214/All","logger":"task.stdout"}
{"timestamp":"2026-02-12T00:30:54.335500Z","level":"info","event":"Fetching URL: https://thecourseforum.com/course/HIST/2354/All","logger":"task.stdout"}
{"timestamp":"2026-02-12T00:30:54.485991Z","level":"info","event":"Fetching URL: https://thecourseforum.com/course/HIST/2559/All","logger":"task.stdout"}
{"timestamp":"2026-02-12T00:30:55.692698Z","level":"info","event":"Fetching URL: https://thecourseforum.com/course/HIST/3352/All","logger":"task.stdout"}
{"timestamp":"2026-02-12T00:30:56.864420Z","level":"info","event":"Fetching URL: https://thecourseforum.com/course/HIST/3501/All","logger":"task.stdout"}
{"timestamp":"2026-02-12T00:30:57.060823Z","level":"info","event":"Fetching URL: https://thecourseforum.com/course/HIST/3861/All","logger":"task.stdout"}
{"timestamp":"2026-02-12T00:30:57.211652Z","level":"info","event":"Fetching URL: https://thecourseforum.com/course/HIST/3910/All","logger":"task.stdout"}
{"timestamp":"2026-02-12T00:30:57.363079Z","level":"info","event":"Fetching URL: https://thecourseforum.com/course/HIST/4501/All","logger":"task.stdout"}
{"timestamp":"2026-02-12T00:30:57.576700Z","level":"info","event":"Fetching URL: https://thecourseforum.com/course/HIST/4991/All","logger":"task.stdout"}
{"timestamp":"2026-02-12T00:30:58.754003Z","level":"info","event":"Fetching URL: https://thecourseforum.com/course/HIST/4993/All","logger":"task.stdout"}
{"timestamp":"2026-02-12T00:30:59.963488Z","level":"info","event":"Fetching URL: https://thecourseforum.com/course/ISLS/3000/All","logger":"task.stdout"}
{"timestamp":"2026-02-12T00:31:00.240928Z","level":"info","event":"Fetching URL: https://thecourseforum.com/course/ISLS/3010/All","logger":"task.stdout"}
{"timestamp":"2026-02-12T00:31:00.393425Z","level":"info","event":"Fetching URL: https://thecourseforum.com/course/ISLS/3780/All","logger":"task.stdout"}
{"timestamp":"2026-02-12T00:31:00.557242Z","level":"info","event":"Fetching URL: https://thecourseforum.com/course/ISSS/3015/All","logger":"task.stdout"}
{"timestamp":"2026-02-12T00:31:00.705204Z","level":"info","event":"Fetching URL: https://thecourseforum.com/course/ISSS/3070/All","logger":"task.stdout"}
{"timestamp":"2026-02-12T00:31:00.860880Z","level":"info","event":"Fetching URL: https://thecourseforum.com/course/ISSS/3190/All","logger":"task.stdout"}
{"timestamp":"2026-02-12T00:31:01.018254Z","level":"info","event":"Fetching URL: https://thecourseforum.com/course/ISSS/3270/All","logger":"task.stdout"}
{"timestamp":"2026-02-12T00:31:01.123875Z","level":"info","event":"Fetching URL: https://thecourseforum.com/course/ISSS/3416/All","logger":"task.stdout"}
{"timestamp":"2026-02-12T00:31:01.374704Z","level":"info","event":"Fetching URL: https://thecourseforum.com/course/ISSS/3501/All","logger":"task.stdout"}
{"timestamp":"2026-02-12T00:31:01.705437Z","level":"info","event":"Fetching URL: https://thecourseforum.com/course/ISSS/3760/All","logger":"task.stdout"}
{"timestamp":"2026-02-12T00:31:01.933716Z","level":"info","event":"Fetching URL: https://thecourseforum.com/course/ISSS/3888/All","logger":"task.stdout"}
{"timestamp":"2026-02-12T00:31:02.167322Z","level":"info","event":"Fetching URL: https://thecourseforum.com/course/ISSS/4063/All","logger":"task.stdout"}
{"timestamp":"2026-02-12T00:31:02.354511Z","level":"info","event":"Fetching URL: https://thecourseforum.com/course/ISSS/4064/All","logger":"task.stdout"}
{"timestamp":"2026-02-12T00:31:02.563418Z","level":"info","event":"Fetching URL: https://thecourseforum.com/course/ISSS/4314/All","logger":"task.stdout"}
{"timestamp":"2026-02-12T00:31:03.391755Z","level":"info","event":"Fetching URL: https://thecourseforum.com/course/KLPA/1000/All","logger":"task.stdout"}
{"timestamp":"2026-02-12T00:31:03.548329Z","level":"info","event":"Fetching URL: https://thecourseforum.com/course/KLPA/1010/All","logger":"task.stdout"}
{"timestamp":"2026-02-12T00:31:03.729199Z","level":"info","event":"Fetching URL: https://thecourseforum.com/course/KLPA/1045/All","logger":"task.stdout"}
{"timestamp":"2026-02-12T00:31:04.891823Z","level":"info","event":"Fetching URL: https://thecourseforum.com/course/KLPA/1055/All","logger":"task.stdout"}
{"timestamp":"2026-02-12T00:31:05.076341Z","level":"info","event":"Fetching URL: https://thecourseforum.com/course/KLPA/1060/All","logger":"task.stdout"}
{"timestamp":"2026-02-12T00:31:05.249729Z","level":"info","event":"Fetching URL: https://thecourseforum.com/course/KLPA/1070/All","logger":"task.stdout"}
{"timestamp":"2026-02-12T00:31:06.417055Z","level":"info","event":"Fetching URL: https://thecourseforum.com/course/KLPA/1105/All","logger":"task.stdout"}
{"timestamp":"2026-02-12T00:31:06.566815Z","level":"info","event":"Fetching URL: https://thecourseforum.com/course/KLPA/1115/All","logger":"task.stdout"}
{"timestamp":"2026-02-12T00:31:06.715915Z","level":"info","event":"Fetching URL: https://thecourseforum.com/course/KLPA/1120/All","logger":"task.stdout"}
{"timestamp":"2026-02-12T00:31:06.892810Z","level":"info","event":"Fetching URL: https://thecourseforum.com/course/KLPA/1130/All","logger":"task.stdout"}
{"timestamp":"2026-02-12T00:31:07.056250Z","level":"info","event":"Fetching URL: https://thecourseforum.com/course/KLPA/1150/All","logger":"task.stdout"}
{"timestamp":"2026-02-12T00:31:07.241935Z","level":"info","event":"Fetching URL: https://thecourseforum.com/course/KLPA/1155/All","logger":"task.stdout"}
{"timestamp":"2026-02-12T00:31:07.413881Z","level":"info","event":"Fetching URL: https://thecourseforum.com/course/KLPA/1170/All","logger":"task.stdout"}
{"timestamp":"2026-02-12T00:31:07.576315Z","level":"info","event":"Fetching URL: https://thecourseforum.com/course/KLPA/1200/All","logger":"task.stdout"}
{"timestamp":"2026-02-12T00:31:07.779371Z","level":"info","event":"Fetching URL: https://thecourseforum.com/course/KLPA/1300/All","logger":"task.stdout"}
{"timestamp":"2026-02-12T00:31:07.999960Z","level":"info","event":"Fetching URL: https://thecourseforum.com/course/KLPA/1310/All","logger":"task.stdout"}
{"timestamp":"2026-02-12T00:31:08.166319Z","level":"info","event":"Fetching URL: https://thecourseforum.com/course/KLPA/1320/All","logger":"task.stdout"}
{"timestamp":"2026-02-12T00:31:09.319404Z","level":"info","event":"Fetching URL: https://thecourseforum.com/course/KLPA/1325/All","logger":"task.stdout"}
{"timestamp":"2026-02-12T00:31:09.495227Z","level":"info","event":"Fetching URL: https://thecourseforum.com/course/KLPA/1400/All","logger":"task.stdout"}
{"timestamp":"2026-02-12T00:31:09.649023Z","level":"info","event":"Fetching URL: https://thecourseforum.com/course/KLPA/1410/All","logger":"task.stdout"}
{"timestamp":"2026-02-12T00:31:09.814534Z","level":"info","event":"Fetching URL: https://thecourseforum.com/course/KLPA/1425/All","logger":"task.stdout"}
{"timestamp":"2026-02-12T00:31:10.971081Z","level":"info","event":"Fetching URL: https://thecourseforum.com/course/KLPA/1430/All","logger":"task.stdout"}
{"timestamp":"2026-02-12T00:31:11.127315Z","level":"info","event":"Fetching URL: https://thecourseforum.com/course/KLPA/1440/All","logger":"task.stdout"}
{"timestamp":"2026-02-12T00:31:11.297962Z","level":"info","event":"Fetching URL: https://thecourseforum.com/course/KLPA/1445/All","logger":"task.stdout"}
{"timestamp":"2026-02-12T00:31:11.463614Z","level":"info","event":"Fetching URL: https://thecourseforum.com/course/KLPA/1720/All","logger":"task.stdout"}
{"timestamp":"2026-02-12T00:31:11.635431Z","level":"info","event":"Fetching URL: https://thecourseforum.com/course/KLPA/1725/All","logger":"task.stdout"}
{"timestamp":"2026-02-12T00:31:12.800354Z","level":"info","event":"Fetching URL: https://thecourseforum.com/course/KLPA/1730/All","logger":"task.stdout"}
{"timestamp":"2026-02-12T00:31:13.034093Z","level":"info","event":"Fetching URL: https://thecourseforum.com/course/KLPA/1735/All","logger":"task.stdout"}
{"timestamp":"2026-02-12T00:31:13.196408Z","level":"info","event":"Fetching URL: https://thecourseforum.com/course/LPPL/2100/All","logger":"task.stdout"}
{"timestamp":"2026-02-12T00:31:14.433623Z","level":"info","event":"Fetching URL: https://thecourseforum.com/course/LPPL/2750/All","logger":"task.stdout"}
{"timestamp":"2026-02-12T00:31:14.628764Z","level":"info","event":"Fetching URL: https://thecourseforum.com/course/LPPL/3210/All","logger":"task.stdout"}
{"timestamp":"2026-02-12T00:31:14.787024Z","level":"info","event":"Fetching URL: https://thecourseforum.com/course/LPPL/3450/All","logger":"task.stdout"}
{"timestamp":"2026-02-12T00:31:14.947372Z","level":"info","event":"Fetching URL: https://thecourseforum.com/course/LPPL/4225/All","logger":"task.stdout"}
{"timestamp":"2026-02-12T00:31:15.236671Z","level":"info","event":"Fetching URL: https://thecourseforum.com/course/LPPL/4680/All","logger":"task.stdout"}
{"timestamp":"2026-02-12T00:31:15.390897Z","level":"info","event":"Fetching URL: https://thecourseforum.com/course/LPPP/2050/All","logger":"task.stdout"}
{"timestamp":"2026-02-12T00:31:15.554861Z","level":"info","event":"Fetching URL: https://thecourseforum.com/course/LPPP/2200/All","logger":"task.stdout"}
{"timestamp":"2026-02-12T00:31:15.736824Z","level":"info","event":"Fetching URL: https://thecourseforum.com/course/LPPP/3230/All","logger":"task.stdout"}
{"timestamp":"2026-02-12T00:31:16.931004Z","level":"info","event":"Fetching URL: https://thecourseforum.com/course/LPPP/3250/All","logger":"task.stdout"}
{"timestamp":"2026-02-12T00:31:17.088515Z","level":"info","event":"Fetching URL: https://thecourseforum.com/course/LPPP/3559/All","logger":"task.stdout"}
{"timestamp":"2026-02-12T00:31:17.272947Z","level":"info","event":"Fetching URL: https://thecourseforum.com/course/LPPP/4991/All","logger":"task.stdout"}
{"timestamp":"2026-02-12T00:31:17.446252Z","level":"info","event":"Fetching URL: https://thecourseforum.com/course/MAE/2330/All","logger":"task.stdout"}
{"timestamp":"2026-02-12T00:31:17.610974Z","level":"info","event":"Fetching URL: https://thecourseforum.com/course/MAE/3010/All","logger":"task.stdout"}
{"timestamp":"2026-02-12T00:31:17.774829Z","level":"info","event":"Fetching URL: https://thecourseforum.com/course/MAE/3140/All","logger":"task.stdout"}
{"timestamp":"2026-02-12T00:31:17.935512Z","level":"info","event":"Fetching URL: https://thecourseforum.com/course/MAE/3220/All","logger":"task.stdout"}
{"timestamp":"2026-02-12T00:31:18.101498Z","level":"info","event":"Fetching URL: https://thecourseforum.com/course/MAE/3420/All","logger":"task.stdout"}
{"timestamp":"2026-02-12T00:31:18.272900Z","level":"info","event":"Fetching URL: https://thecourseforum.com/course/MAE/3620/All","logger":"task.stdout"}
{"timestamp":"2026-02-12T00:31:18.435974Z","level":"info","event":"Fetching URL: https://thecourseforum.com/course/MAE/3730/All","logger":"task.stdout"}
{"timestamp":"2026-02-12T00:31:18.606610Z","level":"info","event":"Fetching URL: https://thecourseforum.com/course/MAE/3820/All","logger":"task.stdout"}
{"timestamp":"2026-02-12T00:31:18.776133Z","level":"info","event":"Fetching URL: https://thecourseforum.com/course/MAE/3840/All","logger":"task.stdout"}
{"timestamp":"2026-02-12T00:31:18.942055Z","level":"info","event":"Fetching URL: https://thecourseforum.com/course/MAE/4501/All","logger":"task.stdout"}
{"timestamp":"2026-02-12T00:31:19.134567Z","level":"info","event":"Fetching URL: https://thecourseforum.com/course/MAE/4502/All","logger":"task.stdout"}
{"timestamp":"2026-02-12T00:31:20.314242Z","level":"info","event":"Fetching URL: https://thecourseforum.com/course/MAE/4504/All","logger":"task.stdout"}
{"timestamp":"2026-02-12T00:31:20.469301Z","level":"info","event":"Fetching URL: https://thecourseforum.com/course/MAE/4512/All","logger":"task.stdout"}
{"timestamp":"2026-02-12T00:31:20.653064Z","level":"info","event":"Fetching URL: https://thecourseforum.com/course/MAE/4514/All","logger":"task.stdout"}
{"timestamp":"2026-02-12T00:31:20.830583Z","level":"info","event":"Fetching URL: https://thecourseforum.com/course/MAE/4620/All","logger":"task.stdout"}
{"timestamp":"2026-02-12T00:31:20.996986Z","level":"info","event":"Fetching URL: https://thecourseforum.com/course/MAE/4710/All","logger":"task.stdout"}
{"timestamp":"2026-02-12T00:31:21.175150Z","level":"info","event":"Fetching URL: https://thecourseforum.com/course/MAE/4730/All","logger":"task.stdout"}
{"timestamp":"2026-02-12T00:31:21.335966Z","level":"info","event":"Fetching URL: https://thecourseforum.com/course/MAE/4800/All","logger":"task.stdout"}
{"timestamp":"2026-02-12T00:31:21.494055Z","level":"info","event":"Fetching URL: https://thecourseforum.com/course/MAE/1501/All","logger":"task.stdout"}
{"timestamp":"2026-02-12T00:31:21.652572Z","level":"info","event":"Fetching URL: https://thecourseforum.com/course/MAE/2040/All","logger":"task.stdout"}
{"timestamp":"2026-02-12T00:31:21.808949Z","level":"info","event":"Fetching URL: https://thecourseforum.com/course/MAE/2100/All","logger":"task.stdout"}
{"timestamp":"2026-02-12T00:31:21.980935Z","level":"info","event":"Fetching URL: https://thecourseforum.com/course/MAE/2300/All","logger":"task.stdout"}
{"timestamp":"2026-02-12T00:31:23.169240Z","level":"info","event":"Fetching URL: https://thecourseforum.com/course/MAE/2310/All","logger":"task.stdout"}
{"timestamp":"2026-02-12T00:31:23.346907Z","level":"info","event":"Fetching URL: https://thecourseforum.com/course/MAE/2320/All","logger":"task.stdout"}
{"timestamp":"2026-02-12T00:31:24.514737Z","level":"info","event":"Fetching URL: https://thecourseforum.com/course/MSE/3101/All","logger":"task.stdout"}
{"timestamp":"2026-02-12T00:31:24.682245Z","level":"info","event":"Fetching URL: https://thecourseforum.com/course/MSE/4210/All","logger":"task.stdout"}
{"timestamp":"2026-02-12T00:31:24.842282Z","level":"info","event":"Fetching URL: https://thecourseforum.com/course/MSE/4320/All","logger":"task.stdout"}
{"timestamp":"2026-02-12T00:31:25.094365Z","level":"info","event":"Fetching URL: https://thecourseforum.com/course/MSE/4592/All","logger":"task.stdout"}
{"timestamp":"2026-02-12T00:31:25.370662Z","level":"info","event":"Fetching URL: https://thecourseforum.com/course/MSE/4960/All","logger":"task.stdout"}
{"timestamp":"2026-02-12T00:31:25.821736Z","level":"info","event":"Fetching URL: https://thecourseforum.com/course/MSE/2090/All","logger":"task.stdout"}
{"timestamp":"2026-02-12T00:31:26.023278Z","level":"info","event":"Fetching URL: https://thecourseforum.com/course/MSE/2200/All","logger":"task.stdout"}
{"timestamp":"2026-02-12T00:31:26.180884Z","level":"info","event":"Fetching URL: https://thecourseforum.com/course/MSE/2500/All","logger":"task.stdout"}
{"timestamp":"2026-02-12T00:31:26.341148Z","level":"info","event":"Fetching URL: https://thecourseforum.com/course/MSE/3070/All","logger":"task.stdout"}
{"timestamp":"2026-02-12T00:31:27.498582Z","level":"info","event":"Fetching URL: https://thecourseforum.com/course/MSP/3501/All","logger":"task.stdout"}
{"timestamp":"2026-02-12T00:31:27.653881Z","level":"info","event":"Fetching URL: https://thecourseforum.com/course/MUBD/2601/All","logger":"task.stdout"}
{"timestamp":"2026-02-12T00:31:27.848634Z","level":"info","event":"Fetching URL: https://thecourseforum.com/course/MUEN/2600/All","logger":"task.stdout"}
{"timestamp":"2026-02-12T00:31:27.998158Z","level":"info","event":"Fetching URL: https://thecourseforum.com/course/MUEN/2690/All","logger":"task.stdout"}
{"timestamp":"2026-02-12T00:31:28.168476Z","level":"info","event":"Fetching URL: https://thecourseforum.com/course/MUEN/3600/All","logger":"task.stdout"}
{"timestamp":"2026-02-12T00:31:28.423024Z","level":"info","event":"Fetching URL: https://thecourseforum.com/course/MUEN/3610/All","logger":"task.stdout"}
{"timestamp":"2026-02-12T00:31:28.631332Z","level":"info","event":"Fetching URL: https://thecourseforum.com/course/MUEN/3620/All","logger":"task.stdout"}
{"timestamp":"2026-02-12T00:31:28.783770Z","level":"info","event":"Fetching URL: https://thecourseforum.com/course/MUEN/3630/All","logger":"task.stdout"}
{"timestamp":"2026-02-12T00:31:30.007962Z","level":"info","event":"Fetching URL: https://thecourseforum.com/course/MUEN/3631/All","logger":"task.stdout"}
{"timestamp":"2026-02-12T00:31:31.163181Z","level":"info","event":"Fetching URL: https://thecourseforum.com/course/MUEN/3645/All","logger":"task.stdout"}
{"timestamp":"2026-02-12T00:31:32.401342Z","level":"info","event":"Fetching URL: https://thecourseforum.com/course/MUEN/3646/All","logger":"task.stdout"}
{"timestamp":"2026-02-12T00:31:32.556081Z","level":"info","event":"Fetching URL: https://thecourseforum.com/course/MUEN/3650/All","logger":"task.stdout"}
{"timestamp":"2026-02-12T00:31:32.715885Z","level":"info","event":"Fetching URL: https://thecourseforum.com/course/MUEN/3651/All","logger":"task.stdout"}
{"timestamp":"2026-02-12T00:31:32.873187Z","level":"info","event":"Fetching URL: https://thecourseforum.com/course/MUEN/3670/All","logger":"task.stdout"}
{"timestamp":"2026-02-12T00:31:33.026600Z","level":"info","event":"Fetching URL: https://thecourseforum.com/course/MUEN/3660/All","logger":"task.stdout"}
{"timestamp":"2026-02-12T00:31:34.189808Z","level":"info","event":"Fetching URL: https://thecourseforum.com/course/MUEN/3690/All","logger":"task.stdout"}
{"timestamp":"2026-02-12T00:31:34.436514Z","level":"info","event":"Fetching URL: https://thecourseforum.com/course/MUEN/4690/All","logger":"task.stdout"}
{"timestamp":"2026-02-12T00:31:34.590668Z","level":"info","event":"Fetching URL: https://thecourseforum.com/course/NASC/1100/All","logger":"task.stdout"}
{"timestamp":"2026-02-12T00:31:34.746315Z","level":"info","event":"Fetching URL: https://thecourseforum.com/course/NASC/2200/All","logger":"task.stdout"}
{"timestamp":"2026-02-12T00:31:35.922457Z","level":"info","event":"Fetching URL: https://thecourseforum.com/course/NASC/3200/All","logger":"task.stdout"}
{"timestamp":"2026-02-12T00:31:36.084043Z","level":"info","event":"Fetching URL: https://thecourseforum.com/course/NASC/3630/All","logger":"task.stdout"}
{"timestamp":"2026-02-12T00:31:37.240043Z","level":"info","event":"Fetching URL: https://thecourseforum.com/course/NASC/4000/All","logger":"task.stdout"}
{"timestamp":"2026-02-12T00:31:37.414316Z","level":"info","event":"Fetching URL: https://thecourseforum.com/course/NASC/4200/All","logger":"task.stdout"}
{"timestamp":"2026-02-12T00:31:38.587611Z","level":"info","event":"Fetching URL: https://thecourseforum.com/course/NUIP/2070/All","logger":"task.stdout"}
{"timestamp":"2026-02-12T00:31:38.909265Z","level":"info","event":"Fetching URL: https://thecourseforum.com/course/NUIP/2080/All","logger":"task.stdout"}
{"timestamp":"2026-02-12T00:31:40.153530Z","level":"info","event":"Fetching URL: https://thecourseforum.com/course/NUIP/2250/All","logger":"task.stdout"}
{"timestamp":"2026-02-12T00:31:40.351988Z","level":"info","event":"Fetching URL: https://thecourseforum.com/course/NUIP/2311/All","logger":"task.stdout"}
{"timestamp":"2026-02-12T00:31:40.578454Z","level":"info","event":"Fetching URL: https://thecourseforum.com/course/NUIP/2430/All","logger":"task.stdout"}
{"timestamp":"2026-02-12T00:31:41.734024Z","level":"info","event":"Fetching URL: https://thecourseforum.com/course/NUIP/3230/All","logger":"task.stdout"}
{"timestamp":"2026-02-12T00:31:41.881281Z","level":"info","event":"Fetching URL: https://thecourseforum.com/course/NUIP/3311/All","logger":"task.stdout"}
{"timestamp":"2026-02-12T00:31:42.358978Z","level":"info","event":"Fetching URL: https://thecourseforum.com/course/NUIP/3420/All","logger":"task.stdout"}
{"timestamp":"2026-02-12T00:31:43.570704Z","level":"info","event":"Fetching URL: https://thecourseforum.com/course/NUIP/3430/All","logger":"task.stdout"}
{"timestamp":"2026-02-12T00:31:43.771648Z","level":"info","event":"Fetching URL: https://thecourseforum.com/course/NUIP/4006/All","logger":"task.stdout"}
{"timestamp":"2026-02-12T00:31:44.025982Z","level":"info","event":"Fetching URL: https://thecourseforum.com/course/NUIP/4430/All","logger":"task.stdout"}
{"timestamp":"2026-02-12T00:31:44.209381Z","level":"info","event":"Fetching URL: https://thecourseforum.com/course/NUIP/4420/All","logger":"task.stdout"}
{"timestamp":"2026-02-12T00:31:45.402877Z","level":"info","event":"Fetching URL: https://thecourseforum.com/course/PHIL/3330/All","logger":"task.stdout"}
{"timestamp":"2026-02-12T00:31:46.592693Z","level":"info","event":"Fetching URL: https://thecourseforum.com/course/PHIL/3500/All","logger":"task.stdout"}
{"timestamp":"2026-02-12T00:31:46.766155Z","level":"info","event":"Fetching URL: https://thecourseforum.com/course/PHIL/3520/All","logger":"task.stdout"}
{"timestamp":"2026-02-12T00:31:46.920540Z","level":"info","event":"Fetching URL: https://thecourseforum.com/course/PHIL/3640/All","logger":"task.stdout"}
{"timestamp":"2026-02-12T00:31:47.074892Z","level":"info","event":"Fetching URL: https://thecourseforum.com/course/PHIL/3720/All","logger":"task.stdout"}
{"timestamp":"2026-02-12T00:31:47.384081Z","level":"info","event":"Fetching URL: https://thecourseforum.com/course/PHIL/4993/All","logger":"task.stdout"}
{"timestamp":"2026-02-12T00:31:47.577946Z","level":"info","event":"Fetching URL: https://thecourseforum.com/course/PHIL/4995/All","logger":"task.stdout"}
{"timestamp":"2026-02-12T00:31:47.772813Z","level":"info","event":"Fetching URL: https://thecourseforum.com/course/PHIL/4999/All","logger":"task.stdout"}
{"timestamp":"2026-02-12T00:31:48.962437Z","level":"info","event":"Fetching URL: https://thecourseforum.com/course/PHIL/1410/All","logger":"task.stdout"}
{"timestamp":"2026-02-12T00:31:50.153074Z","level":"info","event":"Fetching URL: https://thecourseforum.com/course/PHIL/1510/All","logger":"task.stdout"}
{"timestamp":"2026-02-12T00:31:50.449703Z","level":"info","event":"Fetching URL: https://thecourseforum.com/course/PHIL/1730/All","logger":"task.stdout"}
{"timestamp":"2026-02-12T00:31:50.664592Z","level":"info","event":"Fetching URL: https://thecourseforum.com/course/PHIL/2060/All","logger":"task.stdout"}
{"timestamp":"2026-02-12T00:31:51.030817Z","level":"info","event":"Fetching URL: https://thecourseforum.com/course/PHIL/2120/All","logger":"task.stdout"}
{"timestamp":"2026-02-12T00:31:52.311656Z","level":"info","event":"Fetching URL: https://thecourseforum.com/course/PHIL/2350/All","logger":"task.stdout"}
{"timestamp":"2026-02-12T00:31:52.489604Z","level":"info","event":"Fetching URL: https://thecourseforum.com/course/PHIL/2500/All","logger":"task.stdout"}
{"timestamp":"2026-02-12T00:31:53.756683Z","level":"info","event":"Fetching URL: https://thecourseforum.com/course/PHIL/2510/All","logger":"task.stdout"}
{"timestamp":"2026-02-12T00:31:54.932563Z","level":"info","event":"Fetching URL: https://thecourseforum.com/course/PHIL/2660/All","logger":"task.stdout"}
{"timestamp":"2026-02-12T00:31:55.204908Z","level":"info","event":"Fetching URL: https://thecourseforum.com/course/PHIL/3160/All","logger":"task.stdout"}
{"timestamp":"2026-02-12T00:31:55.368961Z","level":"info","event":"Fetching URL: https://thecourseforum.com/course/PHIL/3310/All","logger":"task.stdout"}
{"timestamp":"2026-02-12T00:31:55.538691Z","level":"info","event":"Fetching URL: https://thecourseforum.com/course/PHS/3050/All","logger":"task.stdout"}
{"timestamp":"2026-02-12T00:31:55.703998Z","level":"info","event":"Fetching URL: https://thecourseforum.com/course/PHS/3102/All","logger":"task.stdout"}
{"timestamp":"2026-02-12T00:31:57.544527Z","level":"info","event":"Fetching URL: https://thecourseforum.com/course/PHS/3104/All","logger":"task.stdout"}
{"timestamp":"2026-02-12T00:31:59.070728Z","level":"info","event":"Fetching URL: https://thecourseforum.com/course/PHS/3825/All","logger":"task.stdout"}
{"timestamp":"2026-02-12T00:32:00.649730Z","level":"info","event":"Fetching URL: https://thecourseforum.com/course/PHS/4050/All","logger":"task.stdout"}
{"timestamp":"2026-02-12T00:32:01.183682Z","level":"info","event":"Fetching URL: https://thecourseforum.com/course/PHS/4991/All","logger":"task.stdout"}
{"timestamp":"2026-02-12T00:32:02.503405Z","level":"info","event":"Fetching URL: https://thecourseforum.com/course/PLCP/3500/All","logger":"task.stdout"}
{"timestamp":"2026-02-12T00:32:02.779186Z","level":"info","event":"Fetching URL: https://thecourseforum.com/course/PLCP/4150/All","logger":"task.stdout"}
{"timestamp":"2026-02-12T00:32:03.944533Z","level":"info","event":"Fetching URL: https://thecourseforum.com/course/PLCP/4201/All","logger":"task.stdout"}
{"timestamp":"2026-02-12T00:32:04.190115Z","level":"info","event":"Fetching URL: https://thecourseforum.com/course/PLCP/4270/All","logger":"task.stdout"}
{"timestamp":"2026-02-12T00:32:04.360421Z","level":"info","event":"Fetching URL: https://thecourseforum.com/course/PLCP/4280/All","logger":"task.stdout"}
{"timestamp":"2026-02-12T00:32:04.637139Z","level":"info","event":"Fetching URL: https://thecourseforum.com/course/PLCP/4500/All","logger":"task.stdout"}
{"timestamp":"2026-02-12T00:32:05.872727Z","level":"info","event":"Fetching URL: https://thecourseforum.com/course/PLCP/3150/All","logger":"task.stdout"}
{"timestamp":"2026-02-12T00:32:06.210102Z","level":"info","event":"Fetching URL: https://thecourseforum.com/course/PLIR/2020/All","logger":"task.stdout"}
{"timestamp":"2026-02-12T00:32:07.520582Z","level":"info","event":"Fetching URL: https://thecourseforum.com/course/PLIR/2030/All","logger":"task.stdout"}
{"timestamp":"2026-02-12T00:32:08.010252Z","level":"info","event":"Fetching URL: https://thecourseforum.com/course/PLIR/3080/All","logger":"task.stdout"}
{"timestamp":"2026-02-12T00:32:08.270847Z","level":"info","event":"Fetching URL: https://thecourseforum.com/course/PLIR/3500/All","logger":"task.stdout"}
{"timestamp":"2026-02-12T00:32:08.472333Z","level":"info","event":"Fetching URL: https://thecourseforum.com/course/PLIR/4150/All","logger":"task.stdout"}
{"timestamp":"2026-02-12T00:32:08.642924Z","level":"info","event":"Fetching URL: https://thecourseforum.com/course/PLIR/4380/All","logger":"task.stdout"}
{"timestamp":"2026-02-12T00:32:09.892509Z","level":"info","event":"Fetching URL: https://thecourseforum.com/course/PLIR/4410/All","logger":"task.stdout"}
{"timestamp":"2026-02-12T00:32:10.064833Z","level":"info","event":"Fetching URL: https://thecourseforum.com/course/PLIR/4431/All","logger":"task.stdout"}
{"timestamp":"2026-02-12T00:32:10.217918Z","level":"info","event":"Fetching URL: https://thecourseforum.com/course/PLIR/4500/All","logger":"task.stdout"}
{"timestamp":"2026-02-12T00:32:10.418299Z","level":"info","event":"Fetching URL: https://thecourseforum.com/course/PLIR/4990/All","logger":"task.stdout"}
{"timestamp":"2026-02-12T00:32:10.583435Z","level":"info","event":"Fetching URL: https://thecourseforum.com/course/POL/1220/All","logger":"task.stdout"}
{"timestamp":"2026-02-12T00:32:11.757452Z","level":"info","event":"Fetching URL: https://thecourseforum.com/course/POL/2220/All","logger":"task.stdout"}
{"timestamp":"2026-02-12T00:32:11.980856Z","level":"info","event":"Fetching URL: https://thecourseforum.com/course/PORT/2050/All","logger":"task.stdout"}
{"timestamp":"2026-02-12T00:32:12.148487Z","level":"info","event":"Fetching URL: https://thecourseforum.com/course/PORT/2120/All","logger":"task.stdout"}
{"timestamp":"2026-02-12T00:32:12.301292Z","level":"info","event":"Fetching URL: https://thecourseforum.com/course/PORT/4920/All","logger":"task.stdout"}
{"timestamp":"2026-02-12T00:32:12.503802Z","level":"info","event":"Fetching URL: https://thecourseforum.com/course/POTR/4240/All","logger":"task.stdout"}
{"timestamp":"2026-02-12T00:32:13.748513Z","level":"info","event":"Fetching URL: https://thecourseforum.com/course/PPL/4010/All","logger":"task.stdout"}
{"timestamp":"2026-02-12T00:32:14.083852Z","level":"info","event":"Fetching URL: https://thecourseforum.com/course/PSHM/3080/All","logger":"task.stdout"}
{"timestamp":"2026-02-12T00:32:14.350458Z","level":"info","event":"Fetching URL: https://thecourseforum.com/course/PSHM/3805/All","logger":"task.stdout"}
{"timestamp":"2026-02-12T00:32:14.623268Z","level":"info","event":"Fetching URL: https://thecourseforum.com/course/PSHM/4650/All","logger":"task.stdout"}
{"timestamp":"2026-02-12T00:32:14.804500Z","level":"info","event":"Fetching URL: https://thecourseforum.com/course/PSHM/4700/All","logger":"task.stdout"}
{"timestamp":"2026-02-12T00:32:15.986332Z","level":"info","event":"Fetching URL: https://thecourseforum.com/course/PSHM/4750/All","logger":"task.stdout"}
{"timestamp":"2026-02-12T00:32:17.240322Z","level":"info","event":"Fetching URL: https://thecourseforum.com/course/PST/4870/All","logger":"task.stdout"}
{"timestamp":"2026-02-12T00:32:17.430029Z","level":"info","event":"Fetching URL: https://thecourseforum.com/course/PST/4989/All","logger":"task.stdout"}
{"timestamp":"2026-02-12T00:32:17.711858Z","level":"info","event":"Fetching URL: https://thecourseforum.com/course/PST/4993/All","logger":"task.stdout"}
{"timestamp":"2026-02-12T00:32:18.942304Z","level":"info","event":"Fetching URL: https://thecourseforum.com/course/PST/4999/All","logger":"task.stdout"}
{"timestamp":"2026-02-12T00:32:19.142223Z","level":"info","event":"Fetching URL: https://thecourseforum.com/course/RELG/4900/All","logger":"task.stdout"}
{"timestamp":"2026-02-12T00:32:19.347393Z","level":"info","event":"Fetching URL: https://thecourseforum.com/course/RELG/1000/All","logger":"task.stdout"}
{"timestamp":"2026-02-12T00:32:19.529326Z","level":"info","event":"Fetching URL: https://thecourseforum.com/course/RELG/1040/All","logger":"task.stdout"}
{"timestamp":"2026-02-12T00:32:19.865537Z","level":"info","event":"Fetching URL: https://thecourseforum.com/course/RELG/1200/All","logger":"task.stdout"}
{"timestamp":"2026-02-12T00:32:21.042069Z","level":"info","event":"Fetching URL: https://thecourseforum.com/course/RELG/2210/All","logger":"task.stdout"}
{"timestamp":"2026-02-12T00:32:21.232731Z","level":"info","event":"Fetching URL: https://thecourseforum.com/course/RELG/2266/All","logger":"task.stdout"}
{"timestamp":"2026-02-12T00:32:21.420420Z","level":"info","event":"Fetching URL: https://thecourseforum.com/course/RELG/2300/All","logger":"task.stdout"}
{"timestamp":"2026-02-12T00:32:21.639974Z","level":"info","event":"Fetching URL: https://thecourseforum.com/course/RELG/2464/All","logger":"task.stdout"}
{"timestamp":"2026-02-12T00:32:21.809995Z","level":"info","event":"Fetching URL: https://thecourseforum.com/course/RELG/2495/All","logger":"task.stdout"}
{"timestamp":"2026-02-12T00:32:22.061894Z","level":"info","event":"Fetching URL: https://thecourseforum.com/course/RELG/2660/All","logger":"task.stdout"}
{"timestamp":"2026-02-12T00:32:22.285104Z","level":"info","event":"Fetching URL: https://thecourseforum.com/course/RELG/3559/All","logger":"task.stdout"}
{"timestamp":"2026-02-12T00:32:22.493293Z","level":"info","event":"Fetching URL: https://thecourseforum.com/course/RELG/3713/All","logger":"task.stdout"}
{"timestamp":"2026-02-12T00:32:22.660889Z","level":"info","event":"Fetching URL: https://thecourseforum.com/course/RELG/3730/All","logger":"task.stdout"}
{"timestamp":"2026-02-12T00:32:22.821082Z","level":"info","event":"Fetching URL: https://thecourseforum.com/course/RELG/4500/All","logger":"task.stdout"}
{"timestamp":"2026-02-12T00:32:23.020331Z","level":"info","event":"Fetching URL: https://thecourseforum.com/course/RELH/2090/All","logger":"task.stdout"}
{"timestamp":"2026-02-12T00:32:23.246251Z","level":"info","event":"Fetching URL: https://thecourseforum.com/course/RELH/3180/All","logger":"task.stdout"}
{"timestamp":"2026-02-12T00:32:24.505578Z","level":"info","event":"Fetching URL: https://thecourseforum.com/course/RELI/2085/All","logger":"task.stdout"}
{"timestamp":"2026-02-12T00:32:24.696431Z","level":"info","event":"Fetching URL: https://thecourseforum.com/course/RELI/3110/All","logger":"task.stdout"}
{"timestamp":"2026-02-12T00:32:24.860392Z","level":"info","event":"Fetching URL: https://thecourseforum.com/course/RELI/3200/All","logger":"task.stdout"}
{"timestamp":"2026-02-12T00:32:25.056303Z","level":"info","event":"Fetching URL: https://thecourseforum.com/course/RELJ/1210/All","logger":"task.stdout"}
{"timestamp":"2026-02-12T00:32:25.259832Z","level":"info","event":"Fetching URL: https://thecourseforum.com/course/RELJ/2040/All","logger":"task.stdout"}
{"timestamp":"2026-02-12T00:32:25.411023Z","level":"info","event":"Fetching URL: https://thecourseforum.com/course/RELJ/2420/All","logger":"task.stdout"}
{"timestamp":"2026-02-12T00:32:25.580428Z","level":"info","event":"Fetching URL: https://thecourseforum.com/course/RELJ/3052/All","logger":"task.stdout"}
{"timestamp":"2026-02-12T00:32:25.732827Z","level":"info","event":"Fetching URL: https://thecourseforum.com/course/RELJ/3310/All","logger":"task.stdout"}
{"timestamp":"2026-02-12T00:32:25.892979Z","level":"info","event":"Fetching URL: https://thecourseforum.com/course/RELJ/3708/All","logger":"task.stdout"}
{"timestamp":"2026-02-12T00:32:27.055950Z","level":"info","event":"Fetching URL: https://thecourseforum.com/course/RELS/4995/All","logger":"task.stdout"}
{"timestamp":"2026-02-12T00:32:27.509179Z","level":"info","event":"Fetching URL: https://thecourseforum.com/course/RUSS/1020/All","logger":"task.stdout"}
{"timestamp":"2026-02-12T00:32:27.739804Z","level":"info","event":"Fetching URL: https://thecourseforum.com/course/RUSS/2020/All","logger":"task.stdout"}
{"timestamp":"2026-02-12T00:32:27.926599Z","level":"info","event":"Fetching URL: https://thecourseforum.com/course/RUSS/3000/All","logger":"task.stdout"}
{"timestamp":"2026-02-12T00:32:28.107400Z","level":"info","event":"Fetching URL: https://thecourseforum.com/course/RUSS/3020/All","logger":"task.stdout"}
{"timestamp":"2026-02-12T00:32:28.417207Z","level":"info","event":"Fetching URL: https://thecourseforum.com/course/RUSS/3030/All","logger":"task.stdout"}
{"timestamp":"2026-02-12T00:32:28.575099Z","level":"info","event":"Fetching URL: https://thecourseforum.com/course/RUSS/4020/All","logger":"task.stdout"}
{"timestamp":"2026-02-12T00:32:28.729667Z","level":"info","event":"Fetching URL: https://thecourseforum.com/course/RUTR/2470/All","logger":"task.stdout"}
{"timestamp":"2026-02-12T00:32:28.891955Z","level":"info","event":"Fetching URL: https://thecourseforum.com/course/RUTR/2730/All","logger":"task.stdout"}
{"timestamp":"2026-02-12T00:32:29.064017Z","level":"info","event":"Fetching URL: https://thecourseforum.com/course/RUTR/3360/All","logger":"task.stdout"}
{"timestamp":"2026-02-12T00:32:29.235631Z","level":"info","event":"Fetching URL: https://thecourseforum.com/course/RUTR/3500/All","logger":"task.stdout"}
{"timestamp":"2026-02-12T00:32:29.509480Z","level":"info","event":"Fetching URL: https://thecourseforum.com/course/SANS/1020/All","logger":"task.stdout"}
{"timestamp":"2026-02-12T00:32:29.668372Z","level":"info","event":"Fetching URL: https://thecourseforum.com/course/SANS/3024/All","logger":"task.stdout"}
{"timestamp":"2026-02-12T00:32:30.032275Z","level":"info","event":"Fetching URL: https://thecourseforum.com/course/SANS/4993/All","logger":"task.stdout"}
{"timestamp":"2026-02-12T00:32:30.282471Z","level":"info","event":"Fetching URL: https://thecourseforum.com/course/SATR/2110/All","logger":"task.stdout"}
{"timestamp":"2026-02-12T00:32:30.678014Z","level":"info","event":"Fetching URL: https://thecourseforum.com/course/SATR/3000/All","logger":"task.stdout"}
{"timestamp":"2026-02-12T00:32:31.916563Z","level":"info","event":"Fetching URL: https://thecourseforum.com/course/SEC/3010/All","logger":"task.stdout"}
{"timestamp":"2026-02-12T00:32:32.102191Z","level":"info","event":"Fetching URL: https://thecourseforum.com/course/SEC/3040/All","logger":"task.stdout"}
{"timestamp":"2026-02-12T00:32:32.266035Z","level":"info","event":"Fetching URL: https://thecourseforum.com/course/SLAV/2360/All","logger":"task.stdout"}
{"timestamp":"2026-02-12T00:32:32.532346Z","level":"info","event":"Fetching URL: https://thecourseforum.com/course/SLAV/3993/All","logger":"task.stdout"}
{"timestamp":"2026-02-12T00:32:32.643261Z","level":"info","event":"Fetching URL: https://thecourseforum.com/course/SLFK/2120/All","logger":"task.stdout"}
{"timestamp":"2026-02-12T00:32:33.826814Z","level":"info","event":"Fetching URL: https://thecourseforum.com/course/SLTR/3200/All","logger":"task.stdout"}
{"timestamp":"2026-02-12T00:32:33.997234Z","level":"info","event":"Fetching URL: https://thecourseforum.com/course/SWAH/1020/All","logger":"task.stdout"}
{"timestamp":"2026-02-12T00:32:34.175101Z","level":"info","event":"Fetching URL: https://thecourseforum.com/course/SWAH/2020/All","logger":"task.stdout"}
{"timestamp":"2026-02-12T00:32:34.328973Z","level":"info","event":"Fetching URL: https://thecourseforum.com/course/CREO/1020/All","logger":"task.stdout"}
{"timestamp":"2026-02-12T00:32:34.527779Z","level":"info","event":"Fetching URL: https://thecourseforum.com/course/CREO/2020/All","logger":"task.stdout"}
{"timestamp":"2026-02-12T00:32:34.701093Z","level":"info","event":"Fetching URL: https://thecourseforum.com/course/EALC/4999/All","logger":"task.stdout"}
{"timestamp":"2026-02-12T00:32:35.872698Z","level":"info","event":"Fetching URL: https://thecourseforum.com/course/EAST/1010/All","logger":"task.stdout"}
{"timestamp":"2026-02-12T00:32:36.067766Z","level":"info","event":"Fetching URL: https://thecourseforum.com/course/EAST/1200/All","logger":"task.stdout"}
{"timestamp":"2026-02-12T00:32:36.224936Z","level":"info","event":"Fetching URL: https://thecourseforum.com/course/EAST/4991/All","logger":"task.stdout"}
{"timestamp":"2026-02-12T00:32:36.389776Z","level":"info","event":"Fetching URL: https://thecourseforum.com/course/EAST/4999/All","logger":"task.stdout"}
{"timestamp":"2026-02-12T00:32:36.861050Z","level":"info","event":"Fetching URL: https://thecourseforum.com/course/EBUS/1800/All","logger":"task.stdout"}
{"timestamp":"2026-02-12T00:32:37.007722Z","level":"info","event":"Fetching URL: https://thecourseforum.com/course/EBUS/2730/All","logger":"task.stdout"}
{"timestamp":"2026-02-12T00:32:38.172074Z","level":"info","event":"Fetching URL: https://thecourseforum.com/course/EBUS/2830/All","logger":"task.stdout"}
{"timestamp":"2026-02-12T00:32:38.333514Z","level":"info","event":"Fetching URL: https://thecourseforum.com/course/EBUS/2850/All","logger":"task.stdout"}
{"timestamp":"2026-02-12T00:32:38.498929Z","level":"info","event":"Fetching URL: https://thecourseforum.com/course/EBUS/4700/All","logger":"task.stdout"}
{"timestamp":"2026-02-12T00:32:39.767737Z","level":"info","event":"Fetching URL: https://thecourseforum.com/course/EBUS/4810/All","logger":"task.stdout"}
{"timestamp":"2026-02-12T00:32:39.941257Z","level":"info","event":"Fetching URL: https://thecourseforum.com/course/ENGR/1020/All","logger":"task.stdout"}
{"timestamp":"2026-02-12T00:32:40.115116Z","level":"info","event":"Fetching URL: https://thecourseforum.com/course/ENGR/1420/All","logger":"task.stdout"}
{"timestamp":"2026-02-12T00:32:40.270280Z","level":"info","event":"Fetching URL: https://thecourseforum.com/course/ENGR/1501/All","logger":"task.stdout"}
{"timestamp":"2026-02-12T00:32:40.432006Z","level":"info","event":"Fetching URL: https://thecourseforum.com/course/ENGR/2500/All","logger":"task.stdout"}
{"timestamp":"2026-02-12T00:32:40.603644Z","level":"info","event":"Fetching URL: https://thecourseforum.com/course/ENGR/2595/All","logger":"task.stdout"}
{"timestamp":"2026-02-12T00:32:41.869319Z","level":"info","event":"Fetching URL: https://thecourseforum.com/course/ENGR/2993/All","logger":"task.stdout"}
{"timestamp":"2026-02-12T00:32:42.041359Z","level":"info","event":"Fetching URL: https://thecourseforum.com/course/ENGR/2995/All","logger":"task.stdout"}
{"timestamp":"2026-02-12T00:32:42.202694Z","level":"info","event":"Fetching URL: https://thecourseforum.com/course/ENGR/3580/All","logger":"task.stdout"}
{"timestamp":"2026-02-12T00:32:43.595460Z","level":"info","event":"Fetching URL: https://thecourseforum.com/course/ENGR/4595/All","logger":"task.stdout"}
{"timestamp":"2026-02-12T00:32:44.267640Z","level":"info","event":"Fetching URL: https://thecourseforum.com/course/ENGR/4880/All","logger":"task.stdout"}
{"timestamp":"2026-02-12T00:32:44.567446Z","level":"info","event":"Fetching URL: https://thecourseforum.com/course/GCCS/4991/All","logger":"task.stdout"}
{"timestamp":"2026-02-12T00:32:44.742460Z","level":"info","event":"Fetching URL: https://thecourseforum.com/course/GERM/1010/All","logger":"task.stdout"}
{"timestamp":"2026-02-12T00:32:44.971473Z","level":"info","event":"Fetching URL: https://thecourseforum.com/course/GERM/1020/All","logger":"task.stdout"}
{"timestamp":"2026-02-12T00:32:45.248564Z","level":"info","event":"Fetching URL: https://thecourseforum.com/course/GERM/2010/All","logger":"task.stdout"}
{"timestamp":"2026-02-12T00:32:46.450858Z","level":"info","event":"Fetching URL: https://thecourseforum.com/course/GERM/2020/All","logger":"task.stdout"}
{"timestamp":"2026-02-12T00:32:46.745071Z","level":"info","event":"Fetching URL: https://thecourseforum.com/course/GERM/3000/All","logger":"task.stdout"}
{"timestamp":"2026-02-12T00:32:47.970570Z","level":"info","event":"Fetching URL: https://thecourseforum.com/course/GERM/3230/All","logger":"task.stdout"}
{"timestamp":"2026-02-12T00:32:48.151308Z","level":"info","event":"Fetching URL: https://thecourseforum.com/course/GERM/3300/All","logger":"task.stdout"}
{"timestamp":"2026-02-12T00:32:48.313482Z","level":"info","event":"Fetching URL: https://thecourseforum.com/course/GERM/4600/All","logger":"task.stdout"}
{"timestamp":"2026-02-12T00:32:48.470856Z","level":"info","event":"Fetching URL: https://thecourseforum.com/course/GERM/4993/All","logger":"task.stdout"}
{"timestamp":"2026-02-12T00:32:48.657829Z","level":"info","event":"Fetching URL: https://thecourseforum.com/course/GERM/4999/All","logger":"task.stdout"}
{"timestamp":"2026-02-12T00:32:48.846610Z","level":"info","event":"Fetching URL: https://thecourseforum.com/course/HIND/1020/All","logger":"task.stdout"}
{"timestamp":"2026-02-12T00:32:49.009165Z","level":"info","event":"Fetching URL: https://thecourseforum.com/course/HIND/1310/All","logger":"task.stdout"}
{"timestamp":"2026-02-12T00:32:49.223803Z","level":"info","event":"Fetching URL: https://thecourseforum.com/course/HIND/2020/All","logger":"task.stdout"}
{"timestamp":"2026-02-12T00:32:49.398570Z","level":"info","event":"Fetching URL: https://thecourseforum.com/course/HIND/3012/All","logger":"task.stdout"}
{"timestamp":"2026-02-12T00:32:49.562261Z","level":"info","event":"Fetching URL: https://thecourseforum.com/course/HIND/4993/All","logger":"task.stdout"}
{"timestamp":"2026-02-12T00:32:49.722409Z","level":"info","event":"Fetching URL: https://thecourseforum.com/course/MEST/2270/All","logger":"task.stdout"}
{"timestamp":"2026-02-12T00:32:49.875528Z","level":"info","event":"Fetching URL: https://thecourseforum.com/course/MEST/3232/All","logger":"task.stdout"}
{"timestamp":"2026-02-12T00:32:50.036437Z","level":"info","event":"Fetching URL: https://thecourseforum.com/course/MEST/3282/All","logger":"task.stdout"}
{"timestamp":"2026-02-12T00:32:50.188506Z","level":"info","event":"Fetching URL: https://thecourseforum.com/course/MEST/3491/All","logger":"task.stdout"}
{"timestamp":"2026-02-12T00:32:50.352722Z","level":"info","event":"Fetching URL: https://thecourseforum.com/course/MISC/1020/All","logger":"task.stdout"}
{"timestamp":"2026-02-12T00:32:50.523740Z","level":"info","event":"Fetching URL: https://thecourseforum.com/course/MISC/1025/All","logger":"task.stdout"}
{"timestamp":"2026-02-12T00:32:50.769846Z","level":"info","event":"Fetching URL: https://thecourseforum.com/course/MISC/2020/All","logger":"task.stdout"}
{"timestamp":"2026-02-12T00:32:50.949436Z","level":"info","event":"Fetching URL: https://thecourseforum.com/course/MISC/2025/All","logger":"task.stdout"}
{"timestamp":"2026-02-12T00:32:52.121899Z","level":"info","event":"Fetching URL: https://thecourseforum.com/course/MISC/3020/All","logger":"task.stdout"}
{"timestamp":"2026-02-12T00:32:52.311334Z","level":"info","event":"Fetching URL: https://thecourseforum.com/course/MISC/3025/All","logger":"task.stdout"}
{"timestamp":"2026-02-12T00:32:52.470976Z","level":"info","event":"Fetching URL: https://thecourseforum.com/course/MISC/4020/All","logger":"task.stdout"}
{"timestamp":"2026-02-12T00:32:53.750090Z","level":"info","event":"Fetching URL: https://thecourseforum.com/course/MISC/4025/All","logger":"task.stdout"}
{"timestamp":"2026-02-12T00:32:53.919624Z","level":"info","event":"Fetching URL: https://thecourseforum.com/course/MISC/4993/All","logger":"task.stdout"}
{"timestamp":"2026-02-12T00:32:55.229333Z","level":"error","event":"Task failed with exception","logger":"task","filename":"task_runner.py","lineno":1142,"error_detail":[{"exc_type":"IntegrityError","exc_value":"(psycopg2.errors.UniqueViolation) duplicate key value violates unique constraint \"professor_rating_raw_html_pkey\"\nDETAIL:  Key (subject, catalog_nbr, course_id)=(APMA, 3150, 44104) already exists.\n\n[SQL: INSERT INTO professor_rating_raw_html (term, subject, catalog_nbr, course_id, url, raw_html, fetched_at) VALUES (%(term)s, %(subject)s, %(catalog_nbr)s, %(course_id)s, %(url)s, %(raw_html)s, %(fetched_at)s)]\n[parameters: [{'term': '1262', 'subject': 'APMA', 'catalog_nbr': 3150, 'course_id': 44104, 'url': 'https://thecourseforum.com/course/APMA/3150/All', 'raw_html': '\\n<!DOCTYPE html>\\n<html lang=\"en\">\\n<head>\\n    <meta charset=\"utf-8\">\\n    <meta http-equiv=\"X-UA-Compatible\" content=\"IE=edge\">\\n    <meta name=\"v ... (221129 characters truncated) ... mitButton.disabled = false;\\n            }\\n        });\\n    </script>\\n    <div id=\"modal-target-course-page\">\\n\\n    </div>\\n\\n</body>\\n\\n</html>\\n', 'fetched_at': datetime.datetime(2026, 2, 12, 0, 23, 9, 66571, tzinfo=datetime.timezone.utc)}, {'term': '1262', 'subject': 'APMA', 'catalog_nbr': 3501, 'course_id': 40943, 'url': 'https://thecourseforum.com/course/APMA/3501/All', 'raw_html': '\\n<!DOCTYPE html>\\n<html lang=\"en\">\\n<head>\\n    <meta charset=\"utf-8\">\\n    <meta http-equiv=\"X-UA-Compatible\" content=\"IE=edge\">\\n    <meta name=\"v ... (250459 characters truncated) ... mitButton.disabled = false;\\n            }\\n        });\\n    </script>\\n    <div id=\"modal-target-course-page\">\\n\\n    </div>\\n\\n</body>\\n\\n</html>\\n', 'fetched_at': datetime.datetime(2026, 2, 12, 0, 23, 9, 593042, tzinfo=datetime.timezone.utc)}, {'term': '1262', 'subject': 'APMA', 'catalog_nbr': 4993, 'course_id': 1173, 'url': 'https://thecourseforum.com/course/APMA/4993/All', 'raw_html': '\\n<!DOCTYPE html>\\n<html lang=\"en\">\\n<head>\\n    <meta charset=\"utf-8\">\\n    <meta http-equiv=\"X-UA-Compatible\" content=\"IE=edge\">\\n    <meta name=\"v ... (218676 characters truncated) ... mitButton.disabled = false;\\n            }\\n        });\\n    </script>\\n    <div id=\"modal-target-course-page\">\\n\\n    </div>\\n\\n</body>\\n\\n</html>\\n', 'fetched_at': datetime.datetime(2026, 2, 12, 0, 23, 9, 810112, tzinfo=datetime.timezone.utc)}, {'term': '1262', 'subject': 'APMA', 'catalog_nbr': 1090, 'course_id': 1138, 'url': 'https://thecourseforum.com/course/APMA/1090/All', 'raw_html': '\\n<!DOCTYPE html>\\n<html lang=\"en\">\\n<head>\\n    <meta charset=\"utf-8\">\\n    <meta http-equiv=\"X-UA-Compatible\" content=\"IE=edge\">\\n    <meta name=\"v ... (247986 characters truncated) ... mitButton.disabled = false;\\n            }\\n        });\\n    </script>\\n    <div id=\"modal-target-course-page\">\\n\\n    </div>\\n\\n</body>\\n\\n</html>\\n', 'fetched_at': datetime.datetime(2026, 2, 12, 0, 23, 9, 971399, tzinfo=datetime.timezone.utc)}, {'term': '1262', 'subject': 'APMA', 'catalog_nbr': 1110, 'course_id': 1140, 'url': 'https://thecourseforum.com/course/APMA/1110/All', 'raw_html': '\\n<!DOCTYPE html>\\n<html lang=\"en\">\\n<head>\\n    <meta charset=\"utf-8\">\\n    <meta http-equiv=\"X-UA-Compatible\" content=\"IE=edge\">\\n    <meta name=\"v ... (250601 characters truncated) ... mitButton.disabled = false;\\n            }\\n        });\\n    </script>\\n    <div id=\"modal-target-course-page\">\\n\\n    </div>\\n\\n</body>\\n\\n</html>\\n', 'fetched_at': datetime.datetime(2026, 2, 12, 0, 23, 10, 190767, tzinfo=datetime.timezone.utc)}, {'term': '1262', 'subject': 'APMA', 'catalog_nbr': 2120, 'course_id': 1144, 'url': 'https://thecourseforum.com/course/APMA/2120/All', 'raw_html': '\\n<!DOCTYPE html>\\n<html lang=\"en\">\\n<head>\\n    <meta charset=\"utf-8\">\\n    <meta http-equiv=\"X-UA-Compatible\" content=\"IE=edge\">\\n    <meta name=\"v ... (282671 characters truncated) ... mitButton.disabled = false;\\n            }\\n        });\\n    </script>\\n    <div id=\"modal-target-course-page\">\\n\\n    </div>\\n\\n</body>\\n\\n</html>\\n', 'fetched_at': datetime.datetime(2026, 2, 12, 0, 23, 10, 473263, tzinfo=datetime.timezone.utc)}, {'term': '1262', 'subject': 'APMA', 'catalog_nbr': 2130, 'course_id': 1145, 'url': 'https://thecourseforum.com/course/APMA/2130/All', 'raw_html': '\\n<!DOCTYPE html>\\n<html lang=\"en\">\\n<head>\\n    <meta charset=\"utf-8\">\\n    <meta http-equiv=\"X-UA-Compatible\" content=\"IE=edge\">\\n    <meta name=\"v ... (277788 characters truncated) ... mitButton.disabled = false;\\n            }\\n        });\\n    </script>\\n    <div id=\"modal-target-course-page\">\\n\\n    </div>\\n\\n</body>\\n\\n</html>\\n', 'fetched_at': datetime.datetime(2026, 2, 12, 0, 23, 10, 815710, tzinfo=datetime.timezone.utc)}, {'term': '1262', 'subject': 'APMA', 'catalog_nbr': 2501, 'course_id': 44139, 'url': 'https://thecourseforum.com/course/APMA/2501/All', 'raw_html': '\\n<!DOCTYPE html>\\n<html lang=\"en\">\\n<head>\\n    <meta charset=\"utf-8\">\\n    <meta http-equiv=\"X-UA-Compatible\" content=\"IE=edge\">\\n    <meta name=\"v ... (233087 characters truncated) ... mitButton.disabled = false;\\n            }\\n        });\\n    </script>\\n    <div id=\"modal-target-course-page\">\\n\\n    </div>\\n\\n</body>\\n\\n</html>\\n', 'fetched_at': datetime.datetime(2026, 2, 12, 0, 23, 11, 163449, tzinfo=datetime.timezone.utc)}  ... displaying 10 of 1562 total bound parameter sets ...  {'term': '1262', 'subject': 'MISC', 'catalog_nbr': 4025, 'course_id': 37902, 'url': 'https://thecourseforum.com/course/MISC/4025/All', 'raw_html': '\\n<!DOCTYPE html>\\n<html lang=\"en\">\\n<head>\\n    <meta charset=\"utf-8\">\\n    <meta http-equiv=\"X-UA-Compatible\" content=\"IE=edge\">\\n    <meta name=\"v ... (255515 characters truncated) ... mitButton.disabled = false;\\n            }\\n        });\\n    </script>\\n    <div id=\"modal-target-course-page\">\\n\\n    </div>\\n\\n</body>\\n\\n</html>\\n', 'fetched_at': datetime.datetime(2026, 2, 12, 0, 32, 53, 750506, tzinfo=datetime.timezone.utc)}, {'term': '1262', 'subject': 'MISC', 'catalog_nbr': 4993, 'course_id': 24264, 'url': 'https://thecourseforum.com/course/MISC/4993/All', 'raw_html': '\\n<!DOCTYPE html>\\n<html lang=\"en\">\\n<head>\\n    <meta charset=\"utf-8\">\\n    <meta http-equiv=\"X-UA-Compatible\" content=\"IE=edge\">\\n    <meta name=\"v ... (253148 characters truncated) ... mitButton.disabled = false;\\n            }\\n        });\\n    </script>\\n    <div id=\"modal-target-course-page\">\\n\\n    </div>\\n\\n</body>\\n\\n</html>\\n', 'fetched_at': datetime.datetime(2026, 2, 12, 0, 32, 53, 919536, tzinfo=datetime.timezone.utc)}]]\n(Background on this error at: https://sqlalche.me/e/20/gkpj)","exc_notes":[],"syntax_error":null,"is_cause":false,"frames":[{"filename":"/home/airflow/.local/lib/python3.12/site-packages/airflow/sdk/execution_time/task_runner.py","lineno":1068,"name":"run"},{"filename":"/home/airflow/.local/lib/python3.12/site-packages/airflow/sdk/execution_time/task_runner.py","lineno":1477,"name":"_execute_task"},{"filename":"/home/airflow/.local/lib/python3.12/site-packages/airflow/sdk/bases/operator.py","lineno":417,"name":"wrapper"},{"filename":"/home/airflow/.local/lib/python3.12/site-packages/airflow/providers/standard/operators/python.py","lineno":228,"name":"execute"},{"filename":"/home/airflow/.local/lib/python3.12/site-packages/airflow/providers/standard/operators/python.py","lineno":251,"name":"execute_callable"},{"filename":"/home/airflow/.local/lib/python3.12/site-packages/airflow/sdk/execution_time/callback_runner.py","lineno":82,"name":"run"},{"filename":"/opt/airflow/dags/professor_rating_dag.py","lineno":54,"name":"pull_professor_rating_raw_html"},{"filename":"/home/airflow/.local/lib/python3.12/site-packages/sqlalchemy/engine/base.py","lineno":1419,"name":"execute"},{"filename":"/home/airflow/.local/lib/python3.12/site-packages/sqlalchemy/sql/elements.py","lineno":527,"name":"_execute_on_connection"},{"filename":"/home/airflow/.local/lib/python3.12/site-packages/sqlalchemy/engine/base.py","lineno":1641,"name":"_execute_clauseelement"},{"filename":"/home/airflow/.local/lib/python3.12/site-packages/sqlalchemy/engine/base.py","lineno":1846,"name":"_execute_context"},{"filename":"/home/airflow/.local/lib/python3.12/site-packages/sqlalchemy/engine/base.py","lineno":1986,"name":"_exec_single_context"},{"filename":"/home/airflow/.local/lib/python3.12/site-packages/sqlalchemy/engine/base.py","lineno":2363,"name":"_handle_dbapi_exception"},{"filename":"/home/airflow/.local/lib/python3.12/site-packages/sqlalchemy/engine/base.py","lineno":1936,"name":"_exec_single_context"},{"filename":"/home/airflow/.local/lib/python3.12/site-packages/sqlalchemy/dialects/postgresql/psycopg2.py","lineno":800,"name":"do_executemany"}],"is_group":false,"exceptions":[]},{"exc_type":"UniqueViolation","exc_value":"duplicate key value violates unique constraint \"professor_rating_raw_html_pkey\"\nDETAIL:  Key (subject, catalog_nbr, course_id)=(APMA, 3150, 44104) already exists.\n","exc_notes":[],"syntax_error":null,"is_cause":true,"frames":[{"filename":"/home/airflow/.local/lib/python3.12/site-packages/sqlalchemy/engine/base.py","lineno":1936,"name":"_exec_single_context"},{"filename":"/home/airflow/.local/lib/python3.12/site-packages/sqlalchemy/dialects/postgresql/psycopg2.py","lineno":800,"name":"do_executemany"}],"is_group":false,"exceptions":[]}]}
