{"timestamp":"2026-02-11T21:42:02.841456Z","level":"info","event":"DAG bundles loaded: dags-folder","logger":"airflow.dag_processing.bundles.manager.DagBundlesManager","filename":"manager.py","lineno":179}
{"timestamp":"2026-02-11T21:42:02.842155Z","level":"info","event":"Filling up the DagBag from /opt/airflow/dags/professor_rating_dag.py","logger":"airflow.models.dagbag.BundleDagBag","filename":"dagbag.py","lineno":593}
{"timestamp":"2026-02-11T21:42:02.961584Z","level":"info","event":"Fetching URL: https://thecourseforum.com/course/AMST/2421/All","logger":"task.stdout"}
{"timestamp":"2026-02-11T21:42:23.169174Z","level":"info","event":"Fetching URL: https://thecourseforum.com/course/AMST/2500/All","logger":"task.stdout"}
{"timestamp":"2026-02-11T21:42:43.253042Z","level":"info","event":"Fetching URL: https://thecourseforum.com/course/AMST/2559/All","logger":"task.stdout"}
{"timestamp":"2026-02-11T21:43:03.307759Z","level":"info","event":"Fetching URL: https://thecourseforum.com/course/AMST/3001/All","logger":"task.stdout"}
{"timestamp":"2026-02-11T21:43:23.458219Z","level":"info","event":"Fetching URL: https://thecourseforum.com/course/AMST/3180/All","logger":"task.stdout"}
{"timestamp":"2026-02-11T21:43:43.498740Z","level":"info","event":"Fetching URL: https://thecourseforum.com/course/AMST/3280/All","logger":"task.stdout"}
{"timestamp":"2026-02-11T21:43:57.993009Z","level":"info","event":"Fetching URL: https://thecourseforum.com/course/AMST/3326/All","logger":"task.stdout"}
{"timestamp":"2026-02-11T21:43:59.274945Z","level":"info","event":"Fetching URL: https://thecourseforum.com/course/AMST/3428/All","logger":"task.stdout"}
{"timestamp":"2026-02-11T21:44:00.080901Z","level":"info","event":"Fetching URL: https://thecourseforum.com/course/AMST/3481/All","logger":"task.stdout"}
{"timestamp":"2026-02-11T21:44:00.315975Z","level":"info","event":"Fetching URL: https://thecourseforum.com/course/AMST/3500/All","logger":"task.stdout"}
{"timestamp":"2026-02-11T21:44:00.380793Z","level":"info","event":"Fetching URL: https://thecourseforum.com/course/AMST/3559/All","logger":"task.stdout"}
{"timestamp":"2026-02-11T21:44:00.583127Z","level":"info","event":"Fetching URL: https://thecourseforum.com/course/AMST/3630/All","logger":"task.stdout"}
{"timestamp":"2026-02-11T21:44:00.855025Z","level":"info","event":"Fetching URL: https://thecourseforum.com/course/AMST/3740/All","logger":"task.stdout"}
{"timestamp":"2026-02-11T21:44:00.926383Z","level":"info","event":"Fetching URL: https://thecourseforum.com/course/AMST/3750/All","logger":"task.stdout"}
{"timestamp":"2026-02-11T21:44:01.138448Z","level":"info","event":"Fetching URL: https://thecourseforum.com/course/AMST/3790/All","logger":"task.stdout"}
{"timestamp":"2026-02-11T21:44:01.342181Z","level":"info","event":"Fetching URL: https://thecourseforum.com/course/AMST/4500/All","logger":"task.stdout"}
{"timestamp":"2026-02-11T21:44:01.406692Z","level":"info","event":"Fetching URL: https://thecourseforum.com/course/AMST/4559/All","logger":"task.stdout"}
{"timestamp":"2026-02-11T21:44:01.608861Z","level":"info","event":"Fetching URL: https://thecourseforum.com/course/AMST/4893/All","logger":"task.stdout"}
{"timestamp":"2026-02-11T21:44:01.828132Z","level":"info","event":"Fetching URL: https://thecourseforum.com/course/AMST/4993/All","logger":"task.stdout"}
{"timestamp":"2026-02-11T21:44:02.199550Z","level":"info","event":"Fetching URL: https://thecourseforum.com/course/AMST/4999/All","logger":"task.stdout"}
{"timestamp":"2026-02-11T21:44:02.272795Z","level":"info","event":"Fetching URL: https://thecourseforum.com/course/GDS/3113/All","logger":"task.stdout"}
{"timestamp":"2026-02-11T21:44:02.340607Z","level":"info","event":"Fetching URL: https://thecourseforum.com/course/GDS/3010/All","logger":"task.stdout"}
{"timestamp":"2026-02-11T21:44:02.718922Z","level":"info","event":"Fetching URL: https://thecourseforum.com/course/GDS/3114/All","logger":"task.stdout"}
{"timestamp":"2026-02-11T21:44:02.781663Z","level":"info","event":"Fetching URL: https://thecourseforum.com/course/GDS/4952/All","logger":"task.stdout"}
{"timestamp":"2026-02-11T21:44:03.001478Z","level":"info","event":"Fetching URL: https://thecourseforum.com/course/GDS/4991/All","logger":"task.stdout"}
{"timestamp":"2026-02-11T21:44:03.354610Z","level":"info","event":"Fetching URL: https://thecourseforum.com/course/GDS/4993/All","logger":"task.stdout"}
{"timestamp":"2026-02-11T21:44:03.431897Z","level":"info","event":"Fetching URL: https://thecourseforum.com/course/AAS/1020/All","logger":"task.stdout"}
{"timestamp":"2026-02-11T21:44:03.504445Z","level":"info","event":"Fetching URL: https://thecourseforum.com/course/AAS/2500/All","logger":"task.stdout"}
{"timestamp":"2026-02-11T21:44:03.760332Z","level":"info","event":"Fetching URL: https://thecourseforum.com/course/AAS/2710/All","logger":"task.stdout"}
{"timestamp":"2026-02-11T21:44:03.829418Z","level":"info","event":"Fetching URL: https://thecourseforum.com/course/AAS/3113/All","logger":"task.stdout"}
{"timestamp":"2026-02-11T21:44:03.993514Z","level":"info","event":"Fetching URL: https://thecourseforum.com/course/AAS/3157/All","logger":"task.stdout"}
{"timestamp":"2026-02-11T21:44:04.050023Z","level":"info","event":"Fetching URL: https://thecourseforum.com/course/AAS/3160/All","logger":"task.stdout"}
{"timestamp":"2026-02-11T21:44:04.359985Z","level":"info","event":"Fetching URL: https://thecourseforum.com/course/AAS/3500/All","logger":"task.stdout"}
{"timestamp":"2026-02-11T21:44:04.422307Z","level":"info","event":"Fetching URL: https://thecourseforum.com/course/AAS/3760/All","logger":"task.stdout"}
{"timestamp":"2026-02-11T21:44:04.755023Z","level":"info","event":"Fetching URL: https://thecourseforum.com/course/AAS/4080/All","logger":"task.stdout"}
{"timestamp":"2026-02-11T21:44:04.968345Z","level":"info","event":"Fetching URL: https://thecourseforum.com/course/AAS/4570/All","logger":"task.stdout"}
{"timestamp":"2026-02-11T21:44:05.342934Z","level":"info","event":"Fetching URL: https://thecourseforum.com/course/AAS/4993/All","logger":"task.stdout"}
{"timestamp":"2026-02-11T21:44:05.408223Z","level":"info","event":"Fetching URL: https://thecourseforum.com/course/ACCT/3010/All","logger":"task.stdout"}
{"timestamp":"2026-02-11T21:44:05.589994Z","level":"info","event":"Fetching URL: https://thecourseforum.com/course/AIRS/100/All","logger":"task.stdout"}
{"timestamp":"2026-02-11T21:44:05.649885Z","level":"info","event":"Fetching URL: https://thecourseforum.com/course/AIRS/1200/All","logger":"task.stdout"}
{"timestamp":"2026-02-11T21:44:05.854691Z","level":"info","event":"Fetching URL: https://thecourseforum.com/course/AIRS/2200/All","logger":"task.stdout"}
{"timestamp":"2026-02-11T21:44:05.918929Z","level":"info","event":"Fetching URL: https://thecourseforum.com/course/AIRS/3200/All","logger":"task.stdout"}
{"timestamp":"2026-02-11T21:44:06.381350Z","level":"info","event":"Fetching URL: https://thecourseforum.com/course/AIRS/4200/All","logger":"task.stdout"}
{"timestamp":"2026-02-11T21:44:06.603356Z","level":"info","event":"Fetching URL: https://thecourseforum.com/course/ANTH/2280/All","logger":"task.stdout"}
{"timestamp":"2026-02-11T21:44:06.658897Z","level":"info","event":"Fetching URL: https://thecourseforum.com/course/ANTH/2325/All","logger":"task.stdout"}
{"timestamp":"2026-02-11T21:44:06.858499Z","level":"info","event":"Fetching URL: https://thecourseforum.com/course/ANTH/2440/All","logger":"task.stdout"}
{"timestamp":"2026-02-11T21:44:07.055718Z","level":"info","event":"Fetching URL: https://thecourseforum.com/course/ANTH/2450/All","logger":"task.stdout"}
{"timestamp":"2026-02-11T21:44:07.222871Z","level":"info","event":"Fetching URL: https://thecourseforum.com/course/ANTH/2650/All","logger":"task.stdout"}
{"timestamp":"2026-02-11T21:44:07.428985Z","level":"info","event":"Fetching URL: https://thecourseforum.com/course/ANTH/2820/All","logger":"task.stdout"}
{"timestamp":"2026-02-11T21:44:07.628804Z","level":"info","event":"Fetching URL: https://thecourseforum.com/course/ANTH/3020/All","logger":"task.stdout"}
{"timestamp":"2026-02-11T21:44:07.692384Z","level":"info","event":"Fetching URL: https://thecourseforum.com/course/ANTH/3275/All","logger":"task.stdout"}
{"timestamp":"2026-02-11T21:44:07.954181Z","level":"info","event":"Fetching URL: https://thecourseforum.com/course/ANTH/3280/All","logger":"task.stdout"}
{"timestamp":"2026-02-11T21:44:08.126087Z","level":"info","event":"Fetching URL: https://thecourseforum.com/course/ANTH/3330/All","logger":"task.stdout"}
{"timestamp":"2026-02-11T21:44:08.189317Z","level":"info","event":"Fetching URL: https://thecourseforum.com/course/ANTH/3360/All","logger":"task.stdout"}
{"timestamp":"2026-02-11T21:44:08.257895Z","level":"info","event":"Fetching URL: https://thecourseforum.com/course/ANTH/3541/All","logger":"task.stdout"}
{"timestamp":"2026-02-11T21:44:08.467548Z","level":"info","event":"Fetching URL: https://thecourseforum.com/course/ANTH/3559/All","logger":"task.stdout"}
{"timestamp":"2026-02-11T21:44:08.678290Z","level":"info","event":"Fetching URL: https://thecourseforum.com/course/ANTH/3590/All","logger":"task.stdout"}
{"timestamp":"2026-02-11T21:44:08.739227Z","level":"info","event":"Fetching URL: https://thecourseforum.com/course/ANTH/3885/All","logger":"task.stdout"}
{"timestamp":"2026-02-11T21:44:08.997117Z","level":"info","event":"Fetching URL: https://thecourseforum.com/course/ANTH/3915/All","logger":"task.stdout"}
{"timestamp":"2026-02-11T21:44:09.057784Z","level":"info","event":"Fetching URL: https://thecourseforum.com/course/ANTH/4591/All","logger":"task.stdout"}
{"timestamp":"2026-02-11T21:44:09.545207Z","level":"info","event":"Fetching URL: https://thecourseforum.com/course/ANTH/4993/All","logger":"task.stdout"}
{"timestamp":"2026-02-11T21:44:10.059686Z","level":"info","event":"Fetching URL: https://thecourseforum.com/course/ANTH/4999/All","logger":"task.stdout"}
{"timestamp":"2026-02-11T21:44:10.121598Z","level":"info","event":"Fetching URL: https://thecourseforum.com/course/ANTH/1010/All","logger":"task.stdout"}
{"timestamp":"2026-02-11T21:44:10.177475Z","level":"info","event":"Fetching URL: https://thecourseforum.com/course/ANTH/2120/All","logger":"task.stdout"}
{"timestamp":"2026-02-11T21:44:10.367404Z","level":"info","event":"Fetching URL: https://thecourseforum.com/course/APMA/1090/All","logger":"task.stdout"}
{"timestamp":"2026-02-11T21:44:10.574313Z","level":"info","event":"Fetching URL: https://thecourseforum.com/course/APMA/1110/All","logger":"task.stdout"}
{"timestamp":"2026-02-11T21:44:10.632709Z","level":"info","event":"Fetching URL: https://thecourseforum.com/course/APMA/2120/All","logger":"task.stdout"}
{"timestamp":"2026-02-11T21:44:11.049012Z","level":"info","event":"Fetching URL: https://thecourseforum.com/course/APMA/3140/All","logger":"task.stdout"}
{"timestamp":"2026-02-11T21:44:11.243779Z","level":"info","event":"Fetching URL: https://thecourseforum.com/course/APMA/3150/All","logger":"task.stdout"}
{"timestamp":"2026-02-11T21:44:11.310523Z","level":"info","event":"Fetching URL: https://thecourseforum.com/course/APMA/2130/All","logger":"task.stdout"}
{"timestamp":"2026-02-11T21:44:11.771326Z","level":"info","event":"Fetching URL: https://thecourseforum.com/course/APMA/2501/All","logger":"task.stdout"}
{"timestamp":"2026-02-11T21:44:12.298235Z","level":"info","event":"Fetching URL: https://thecourseforum.com/course/APMA/3080/All","logger":"task.stdout"}
{"timestamp":"2026-02-11T21:44:13.715206Z","level":"info","event":"Fetching URL: https://thecourseforum.com/course/APMA/3100/All","logger":"task.stdout"}
{"timestamp":"2026-02-11T21:44:14.250037Z","level":"info","event":"Fetching URL: https://thecourseforum.com/course/APMA/3110/All","logger":"task.stdout"}
{"timestamp":"2026-02-11T21:44:14.491398Z","level":"info","event":"Fetching URL: https://thecourseforum.com/course/APMA/3120/All","logger":"task.stdout"}
{"timestamp":"2026-02-11T21:44:14.771258Z","level":"info","event":"Fetching URL: https://thecourseforum.com/course/APMA/3501/All","logger":"task.stdout"}
{"timestamp":"2026-02-11T21:44:14.994041Z","level":"info","event":"Fetching URL: https://thecourseforum.com/course/APMA/4993/All","logger":"task.stdout"}
{"timestamp":"2026-02-11T21:44:15.294969Z","level":"info","event":"Fetching URL: https://thecourseforum.com/course/ARAB/1020/All","logger":"task.stdout"}
{"timestamp":"2026-02-11T21:44:15.502868Z","level":"info","event":"Fetching URL: https://thecourseforum.com/course/ARAB/2020/All","logger":"task.stdout"}
{"timestamp":"2026-02-11T21:44:15.815386Z","level":"info","event":"Fetching URL: https://thecourseforum.com/course/ARAB/2060/All","logger":"task.stdout"}
{"timestamp":"2026-02-11T21:44:15.986878Z","level":"info","event":"Fetching URL: https://thecourseforum.com/course/ARAB/2250/All","logger":"task.stdout"}
{"timestamp":"2026-02-11T21:44:16.304159Z","level":"info","event":"Fetching URL: https://thecourseforum.com/course/ARAB/3020/All","logger":"task.stdout"}
{"timestamp":"2026-02-11T21:44:16.829405Z","level":"info","event":"Fetching URL: https://thecourseforum.com/course/ARAB/3259/All","logger":"task.stdout"}
{"timestamp":"2026-02-11T21:44:17.003610Z","level":"info","event":"Fetching URL: https://thecourseforum.com/course/ARAB/4020/All","logger":"task.stdout"}
{"timestamp":"2026-02-11T21:44:17.179368Z","level":"info","event":"Fetching URL: https://thecourseforum.com/course/ARAB/4120/All","logger":"task.stdout"}
{"timestamp":"2026-02-11T21:44:17.500921Z","level":"info","event":"Fetching URL: https://thecourseforum.com/course/ARAD/3550/All","logger":"task.stdout"}
{"timestamp":"2026-02-11T21:44:17.874605Z","level":"info","event":"Fetching URL: https://thecourseforum.com/course/ARAD/4559/All","logger":"task.stdout"}
{"timestamp":"2026-02-11T21:44:18.086684Z","level":"info","event":"Fetching URL: https://thecourseforum.com/course/ARCH/1030/All","logger":"task.stdout"}
{"timestamp":"2026-02-11T21:44:18.453803Z","level":"info","event":"Fetching URL: https://thecourseforum.com/course/ARCH/2020/All","logger":"task.stdout"}
{"timestamp":"2026-02-11T21:44:18.672749Z","level":"info","event":"Fetching URL: https://thecourseforum.com/course/ARCH/2070/All","logger":"task.stdout"}
{"timestamp":"2026-02-11T21:44:18.958081Z","level":"info","event":"Fetching URL: https://thecourseforum.com/course/ARCH/2114/All","logger":"task.stdout"}
{"timestamp":"2026-02-11T21:44:19.121714Z","level":"info","event":"Fetching URL: https://thecourseforum.com/course/ARCH/2715/All","logger":"task.stdout"}
{"timestamp":"2026-02-11T21:44:19.269265Z","level":"info","event":"Fetching URL: https://thecourseforum.com/course/ARCH/3020/All","logger":"task.stdout"}
{"timestamp":"2026-02-11T21:44:19.644109Z","level":"info","event":"Fetching URL: https://thecourseforum.com/course/ARCH/3260/All","logger":"task.stdout"}
{"timestamp":"2026-02-11T21:44:20.818220Z","level":"info","event":"Fetching URL: https://thecourseforum.com/course/ARCH/4020/All","logger":"task.stdout"}
{"timestamp":"2026-02-11T21:44:21.198031Z","level":"info","event":"Fetching URL: https://thecourseforum.com/course/ARCH/4500/All","logger":"task.stdout"}
{"timestamp":"2026-02-11T21:44:21.376010Z","level":"info","event":"Fetching URL: https://thecourseforum.com/course/ARCH/4993/All","logger":"task.stdout"}
{"timestamp":"2026-02-11T21:44:21.789793Z","level":"info","event":"Fetching URL: https://thecourseforum.com/course/ARCH/4995/All","logger":"task.stdout"}
{"timestamp":"2026-02-11T21:44:22.123774Z","level":"info","event":"Fetching URL: https://thecourseforum.com/course/ARCY/3993/All","logger":"task.stdout"}
{"timestamp":"2026-02-11T21:44:22.344366Z","level":"info","event":"Fetching URL: https://thecourseforum.com/course/ARCY/4999/All","logger":"task.stdout"}
{"timestamp":"2026-02-11T21:44:22.641475Z","level":"info","event":"Fetching URL: https://thecourseforum.com/course/ARTH/4591/All","logger":"task.stdout"}
{"timestamp":"2026-02-11T21:44:22.888226Z","level":"info","event":"Fetching URL: https://thecourseforum.com/course/ARTH/4952/All","logger":"task.stdout"}
{"timestamp":"2026-02-11T21:44:24.199421Z","level":"info","event":"Fetching URL: https://thecourseforum.com/course/ARTH/4999/All","logger":"task.stdout"}
{"timestamp":"2026-02-11T21:44:24.424110Z","level":"info","event":"Fetching URL: https://thecourseforum.com/course/ARTH/1153/All","logger":"task.stdout"}
{"timestamp":"2026-02-11T21:44:24.731213Z","level":"info","event":"Fetching URL: https://thecourseforum.com/course/ARTH/1500/All","logger":"task.stdout"}
{"timestamp":"2026-02-11T21:44:24.914831Z","level":"info","event":"Fetching URL: https://thecourseforum.com/course/ARTH/1861/All","logger":"task.stdout"}
{"timestamp":"2026-02-11T21:44:25.220649Z","level":"info","event":"Fetching URL: https://thecourseforum.com/course/ARTH/2054/All","logger":"task.stdout"}
{"timestamp":"2026-02-11T21:44:25.392818Z","level":"info","event":"Fetching URL: https://thecourseforum.com/course/ARTH/2055/All","logger":"task.stdout"}
{"timestamp":"2026-02-11T21:44:25.568956Z","level":"info","event":"Fetching URL: https://thecourseforum.com/course/ARTH/2056/All","logger":"task.stdout"}
{"timestamp":"2026-02-11T21:44:25.897605Z","level":"info","event":"Fetching URL: https://thecourseforum.com/course/ARTH/2151/All","logger":"task.stdout"}
{"timestamp":"2026-02-11T21:44:26.046796Z","level":"info","event":"Fetching URL: https://thecourseforum.com/course/ARTH/2745/All","logger":"task.stdout"}
{"timestamp":"2026-02-11T21:44:27.348759Z","level":"info","event":"Fetching URL: https://thecourseforum.com/course/ARTH/2961/All","logger":"task.stdout"}
{"timestamp":"2026-02-11T21:44:27.518764Z","level":"info","event":"Fetching URL: https://thecourseforum.com/course/ARTH/3591/All","logger":"task.stdout"}
{"timestamp":"2026-02-11T21:44:27.876078Z","level":"info","event":"Fetching URL: https://thecourseforum.com/course/ARTH/3595/All","logger":"task.stdout"}
{"timestamp":"2026-02-11T21:44:28.049538Z","level":"info","event":"Fetching URL: https://thecourseforum.com/course/ARTS/2000/All","logger":"task.stdout"}
{"timestamp":"2026-02-11T21:44:28.423750Z","level":"info","event":"Fetching URL: https://thecourseforum.com/course/ARTS/2112/All","logger":"task.stdout"}
{"timestamp":"2026-02-11T21:44:28.602421Z","level":"info","event":"Fetching URL: https://thecourseforum.com/course/ARTS/2220/All","logger":"task.stdout"}
{"timestamp":"2026-02-11T21:44:28.950140Z","level":"info","event":"Fetching URL: https://thecourseforum.com/course/ARTS/2222/All","logger":"task.stdout"}
{"timestamp":"2026-02-11T21:44:29.131546Z","level":"info","event":"Fetching URL: https://thecourseforum.com/course/ARTS/2372/All","logger":"task.stdout"}
{"timestamp":"2026-02-11T21:44:29.460578Z","level":"info","event":"Fetching URL: https://thecourseforum.com/course/ARTS/2559/All","logger":"task.stdout"}
{"timestamp":"2026-02-11T21:44:29.646027Z","level":"info","event":"Fetching URL: https://thecourseforum.com/course/ARTS/2610/All","logger":"task.stdout"}
{"timestamp":"2026-02-11T21:44:30.061531Z","level":"info","event":"Fetching URL: https://thecourseforum.com/course/ARTS/2632/All","logger":"task.stdout"}
{"timestamp":"2026-02-11T21:44:31.248109Z","level":"info","event":"Fetching URL: https://thecourseforum.com/course/ARTS/2670/All","logger":"task.stdout"}
{"timestamp":"2026-02-11T21:44:31.557156Z","level":"info","event":"Fetching URL: https://thecourseforum.com/course/ARTS/2672/All","logger":"task.stdout"}
{"timestamp":"2026-02-11T21:44:32.736068Z","level":"info","event":"Fetching URL: https://thecourseforum.com/course/ARTS/2710/All","logger":"task.stdout"}
{"timestamp":"2026-02-11T21:44:32.907279Z","level":"info","event":"Fetching URL: https://thecourseforum.com/course/ARTS/2712/All","logger":"task.stdout"}
{"timestamp":"2026-02-11T21:44:33.253090Z","level":"info","event":"Fetching URL: https://thecourseforum.com/course/ARTS/2810/All","logger":"task.stdout"}
{"timestamp":"2026-02-11T21:44:34.435578Z","level":"info","event":"Fetching URL: https://thecourseforum.com/course/ARTS/2812/All","logger":"task.stdout"}
{"timestamp":"2026-02-11T21:44:34.700690Z","level":"info","event":"Fetching URL: https://thecourseforum.com/course/ARTS/3112/All","logger":"task.stdout"}
{"timestamp":"2026-02-11T21:44:34.878111Z","level":"info","event":"Fetching URL: https://thecourseforum.com/course/ARTS/3372/All","logger":"task.stdout"}
{"timestamp":"2026-02-11T21:44:35.195294Z","level":"info","event":"Fetching URL: https://thecourseforum.com/course/ARTS/3672/All","logger":"task.stdout"}
{"timestamp":"2026-02-11T21:44:35.362569Z","level":"info","event":"Fetching URL: https://thecourseforum.com/course/ARTS/3712/All","logger":"task.stdout"}
{"timestamp":"2026-02-11T21:44:35.754286Z","level":"info","event":"Fetching URL: https://thecourseforum.com/course/ARTS/4112/All","logger":"task.stdout"}
{"timestamp":"2026-02-11T21:44:35.917132Z","level":"info","event":"Fetching URL: https://thecourseforum.com/course/ARTS/4222/All","logger":"task.stdout"}
{"timestamp":"2026-02-11T21:44:36.223648Z","level":"info","event":"Fetching URL: https://thecourseforum.com/course/ARTS/4372/All","logger":"task.stdout"}
{"timestamp":"2026-02-11T21:44:36.399177Z","level":"info","event":"Fetching URL: https://thecourseforum.com/course/ARTS/4452/All","logger":"task.stdout"}
{"timestamp":"2026-02-11T21:44:36.575955Z","level":"info","event":"Fetching URL: https://thecourseforum.com/course/ARTS/4672/All","logger":"task.stdout"}
{"timestamp":"2026-02-11T21:44:36.918005Z","level":"info","event":"Fetching URL: https://thecourseforum.com/course/ARTS/4712/All","logger":"task.stdout"}
{"timestamp":"2026-02-11T21:44:37.089044Z","level":"info","event":"Fetching URL: https://thecourseforum.com/course/ARTS/4900/All","logger":"task.stdout"}
{"timestamp":"2026-02-11T21:44:37.856277Z","level":"info","event":"Fetching URL: https://thecourseforum.com/course/ASTR/4993/All","logger":"task.stdout"}
{"timestamp":"2026-02-11T21:44:38.356472Z","level":"info","event":"Fetching URL: https://thecourseforum.com/course/ASTR/4998/All","logger":"task.stdout"}
{"timestamp":"2026-02-11T21:44:38.661302Z","level":"info","event":"Fetching URL: https://thecourseforum.com/course/ASTR/1210/All","logger":"task.stdout"}
{"timestamp":"2026-02-11T21:44:39.078127Z","level":"info","event":"Fetching URL: https://thecourseforum.com/course/ASTR/1220/All","logger":"task.stdout"}
{"timestamp":"2026-02-11T21:44:39.429713Z","level":"info","event":"Fetching URL: https://thecourseforum.com/course/ASTR/1250/All","logger":"task.stdout"}
{"timestamp":"2026-02-11T21:44:39.608174Z","level":"info","event":"Fetching URL: https://thecourseforum.com/course/ASTR/1290/All","logger":"task.stdout"}
{"timestamp":"2026-02-11T21:44:39.939786Z","level":"info","event":"Fetching URL: https://thecourseforum.com/course/ASTR/1610/All","logger":"task.stdout"}
{"timestamp":"2026-02-11T21:44:40.189379Z","level":"info","event":"Fetching URL: https://thecourseforum.com/course/ASTR/2120/All","logger":"task.stdout"}
{"timestamp":"2026-02-11T21:44:40.465083Z","level":"info","event":"Fetching URL: https://thecourseforum.com/course/ASTR/3130/All","logger":"task.stdout"}
{"timestamp":"2026-02-11T21:44:40.772709Z","level":"info","event":"Fetching URL: https://thecourseforum.com/course/ASTR/3420/All","logger":"task.stdout"}
{"timestamp":"2026-02-11T21:44:41.122722Z","level":"info","event":"Fetching URL: https://thecourseforum.com/course/ASTR/3450/All","logger":"task.stdout"}
{"timestamp":"2026-02-11T21:44:41.308434Z","level":"info","event":"Fetching URL: https://thecourseforum.com/course/ASTR/3490/All","logger":"task.stdout"}
{"timestamp":"2026-02-11T21:44:41.641408Z","level":"info","event":"Fetching URL: https://thecourseforum.com/course/ASTR/3880/All","logger":"task.stdout"}
{"timestamp":"2026-02-11T21:44:41.808139Z","level":"info","event":"Fetching URL: https://thecourseforum.com/course/ASTR/3881/All","logger":"task.stdout"}
{"timestamp":"2026-02-11T21:44:42.120500Z","level":"info","event":"Fetching URL: https://thecourseforum.com/course/ASTR/4140/All","logger":"task.stdout"}
{"timestamp":"2026-02-11T21:44:42.290123Z","level":"info","event":"Fetching URL: https://thecourseforum.com/course/ASTR/4470/All","logger":"task.stdout"}
{"timestamp":"2026-02-11T21:44:42.558773Z","level":"info","event":"Fetching URL: https://thecourseforum.com/course/BIOL/2100/All","logger":"task.stdout"}
{"timestamp":"2026-02-11T21:44:46.844745Z","level":"info","event":"Fetching URL: https://thecourseforum.com/course/BIOL/3040/All","logger":"task.stdout"}
{"timestamp":"2026-02-11T21:44:48.028139Z","level":"info","event":"Fetching URL: https://thecourseforum.com/course/BIOL/3180/All","logger":"task.stdout"}
{"timestamp":"2026-02-11T21:44:48.333397Z","level":"info","event":"Fetching URL: https://thecourseforum.com/course/BIOL/3240/All","logger":"task.stdout"}
{"timestamp":"2026-02-11T21:44:48.589822Z","level":"info","event":"Fetching URL: https://thecourseforum.com/course/BIOL/3260/All","logger":"task.stdout"}
{"timestamp":"2026-02-11T21:44:48.863804Z","level":"info","event":"Fetching URL: https://thecourseforum.com/course/BIOL/3270/All","logger":"task.stdout"}
{"timestamp":"2026-02-11T21:44:49.626046Z","level":"info","event":"Fetching URL: https://thecourseforum.com/course/BIOL/3420/All","logger":"task.stdout"}
{"timestamp":"2026-02-11T21:44:49.959515Z","level":"info","event":"Fetching URL: https://thecourseforum.com/course/BIOL/3430/All","logger":"task.stdout"}
{"timestamp":"2026-02-11T21:44:50.393910Z","level":"info","event":"Fetching URL: https://thecourseforum.com/course/BIOL/4012/All","logger":"task.stdout"}
{"timestamp":"2026-02-11T21:44:50.552745Z","level":"info","event":"Fetching URL: https://thecourseforum.com/course/BIOL/4014/All","logger":"task.stdout"}
{"timestamp":"2026-02-11T21:44:50.723979Z","level":"info","event":"Fetching URL: https://thecourseforum.com/course/BIOL/4017/All","logger":"task.stdout"}
{"timestamp":"2026-02-11T21:44:51.995048Z","level":"info","event":"Fetching URL: https://thecourseforum.com/course/BIOL/4030/All","logger":"task.stdout"}
{"timestamp":"2026-02-11T21:44:52.156824Z","level":"info","event":"Fetching URL: https://thecourseforum.com/course/BIOL/4070/All","logger":"task.stdout"}
{"timestamp":"2026-02-11T21:44:52.497628Z","level":"info","event":"Fetching URL: https://thecourseforum.com/course/BIOL/4260/All","logger":"task.stdout"}
{"timestamp":"2026-02-11T21:44:52.765983Z","level":"info","event":"Fetching URL: https://thecourseforum.com/course/BIOL/4310/All","logger":"task.stdout"}
{"timestamp":"2026-02-11T21:44:54.096035Z","level":"info","event":"Fetching URL: https://thecourseforum.com/course/BIOL/4330/All","logger":"task.stdout"}
{"timestamp":"2026-02-11T21:44:55.264963Z","level":"info","event":"Fetching URL: https://thecourseforum.com/course/BIOL/4559/All","logger":"task.stdout"}
{"timestamp":"2026-02-11T21:44:55.626768Z","level":"info","event":"Fetching URL: https://thecourseforum.com/course/BIOL/4660/All","logger":"task.stdout"}
{"timestamp":"2026-02-11T21:44:55.849458Z","level":"info","event":"Fetching URL: https://thecourseforum.com/course/BIOL/4770/All","logger":"task.stdout"}
{"timestamp":"2026-02-11T21:44:56.163698Z","level":"info","event":"Fetching URL: https://thecourseforum.com/course/BIOL/4820/All","logger":"task.stdout"}
{"timestamp":"2026-02-11T21:44:56.342086Z","level":"info","event":"Fetching URL: https://thecourseforum.com/course/BIOL/4900/All","logger":"task.stdout"}
{"timestamp":"2026-02-11T21:44:56.725788Z","level":"info","event":"Fetching URL: https://thecourseforum.com/course/BIOL/4910/All","logger":"task.stdout"}
{"timestamp":"2026-02-11T21:44:57.019101Z","level":"info","event":"Fetching URL: https://thecourseforum.com/course/BIOL/4920/All","logger":"task.stdout"}
{"timestamp":"2026-02-11T21:44:57.764991Z","level":"info","event":"Fetching URL: https://thecourseforum.com/course/BIOL/4930/All","logger":"task.stdout"}
{"timestamp":"2026-02-11T21:44:58.306979Z","level":"info","event":"Fetching URL: https://thecourseforum.com/course/BIOL/4940/All","logger":"task.stdout"}
{"timestamp":"2026-02-11T21:44:58.472072Z","level":"info","event":"Fetching URL: https://thecourseforum.com/course/BIOL/2200/All","logger":"task.stdout"}
{"timestamp":"2026-02-11T21:44:59.436464Z","level":"info","event":"Fetching URL: https://thecourseforum.com/course/BIOL/3000/All","logger":"task.stdout"}
{"timestamp":"2026-02-11T21:44:59.661590Z","level":"info","event":"Fetching URL: https://thecourseforum.com/course/BIOL/3010/All","logger":"task.stdout"}
{"timestamp":"2026-02-11T21:45:00.101578Z","level":"info","event":"Fetching URL: https://thecourseforum.com/course/BIOL/3030/All","logger":"task.stdout"}
{"timestamp":"2026-02-11T21:45:00.389253Z","level":"info","event":"Fetching URL: https://thecourseforum.com/course/BME/2000/All","logger":"task.stdout"}
{"timestamp":"2026-02-11T21:45:00.620456Z","level":"info","event":"Fetching URL: https://thecourseforum.com/course/BME/2101/All","logger":"task.stdout"}
{"timestamp":"2026-02-11T21:45:00.930148Z","level":"info","event":"Fetching URL: https://thecourseforum.com/course/BME/2102/All","logger":"task.stdout"}
{"timestamp":"2026-02-11T21:45:02.242109Z","level":"info","event":"Fetching URL: https://thecourseforum.com/course/BME/2104/All","logger":"task.stdout"}
{"timestamp":"2026-02-11T21:45:03.546157Z","level":"info","event":"Fetching URL: https://thecourseforum.com/course/BME/2220/All","logger":"task.stdout"}
{"timestamp":"2026-02-11T21:45:04.756519Z","level":"info","event":"Fetching URL: https://thecourseforum.com/course/BME/3240/All","logger":"task.stdout"}
{"timestamp":"2026-02-11T21:45:05.129955Z","level":"info","event":"Fetching URL: https://thecourseforum.com/course/BME/4995/All","logger":"task.stdout"}
{"timestamp":"2026-02-11T21:45:05.655482Z","level":"info","event":"Fetching URL: https://thecourseforum.com/course/BME/2315/All","logger":"task.stdout"}
{"timestamp":"2026-02-11T21:45:05.905576Z","level":"info","event":"Fetching URL: https://thecourseforum.com/course/BME/3040/All","logger":"task.stdout"}
{"timestamp":"2026-02-11T21:45:07.214601Z","level":"info","event":"Fetching URL: https://thecourseforum.com/course/BME/3090/All","logger":"task.stdout"}
{"timestamp":"2026-02-11T21:45:08.427890Z","level":"info","event":"Fetching URL: https://thecourseforum.com/course/BME/3310/All","logger":"task.stdout"}
{"timestamp":"2026-02-11T21:45:08.750103Z","level":"info","event":"Fetching URL: https://thecourseforum.com/course/BME/4064/All","logger":"task.stdout"}
{"timestamp":"2026-02-11T21:45:08.922467Z","level":"info","event":"Fetching URL: https://thecourseforum.com/course/BME/4280/All","logger":"task.stdout"}
{"timestamp":"2026-02-11T21:45:09.093878Z","level":"info","event":"Fetching URL: https://thecourseforum.com/course/BME/4315/All","logger":"task.stdout"}
{"timestamp":"2026-02-11T21:45:09.434774Z","level":"info","event":"Fetching URL: https://thecourseforum.com/course/BME/4350/All","logger":"task.stdout"}
{"timestamp":"2026-02-11T21:45:10.608580Z","level":"info","event":"Fetching URL: https://thecourseforum.com/course/BME/4370/All","logger":"task.stdout"}
{"timestamp":"2026-02-11T21:45:10.882360Z","level":"info","event":"Fetching URL: https://thecourseforum.com/course/BME/4380/All","logger":"task.stdout"}
{"timestamp":"2026-02-11T21:45:11.047160Z","level":"info","event":"Fetching URL: https://thecourseforum.com/course/BME/4417/All","logger":"task.stdout"}
{"timestamp":"2026-02-11T21:45:11.359915Z","level":"info","event":"Fetching URL: https://thecourseforum.com/course/BME/4550/All","logger":"task.stdout"}
{"timestamp":"2026-02-11T21:45:11.578772Z","level":"info","event":"Fetching URL: https://thecourseforum.com/course/BME/4890/All","logger":"task.stdout"}
{"timestamp":"2026-02-11T21:45:11.960330Z","level":"info","event":"Fetching URL: https://thecourseforum.com/course/BME/4993/All","logger":"task.stdout"}
{"timestamp":"2026-02-11T21:45:12.160964Z","level":"info","event":"Fetching URL: https://thecourseforum.com/course/CASS/1011/All","logger":"task.stdout"}
{"timestamp":"2026-02-11T21:45:12.469153Z","level":"info","event":"Fetching URL: https://thecourseforum.com/course/CE/1501/All","logger":"task.stdout"}
{"timestamp":"2026-02-11T21:45:12.660735Z","level":"info","event":"Fetching URL: https://thecourseforum.com/course/CE/2001/All","logger":"task.stdout"}
{"timestamp":"2026-02-11T21:45:13.500104Z","level":"info","event":"Fetching URL: https://thecourseforum.com/course/CE/2020/All","logger":"task.stdout"}
{"timestamp":"2026-02-11T21:45:14.061882Z","level":"info","event":"Fetching URL: https://thecourseforum.com/course/CE/2030/All","logger":"task.stdout"}
{"timestamp":"2026-02-11T21:45:14.237880Z","level":"info","event":"Fetching URL: https://thecourseforum.com/course/CE/2100/All","logger":"task.stdout"}
{"timestamp":"2026-02-11T21:45:14.559213Z","level":"info","event":"Fetching URL: https://thecourseforum.com/course/CE/2110/All","logger":"task.stdout"}
{"timestamp":"2026-02-11T21:45:14.740227Z","level":"info","event":"Fetching URL: https://thecourseforum.com/course/CE/2300/All","logger":"task.stdout"}
{"timestamp":"2026-02-11T21:45:16.075297Z","level":"info","event":"Fetching URL: https://thecourseforum.com/course/CE/2310/All","logger":"task.stdout"}
{"timestamp":"2026-02-11T21:45:17.306594Z","level":"info","event":"Fetching URL: https://thecourseforum.com/course/CE/2720/All","logger":"task.stdout"}
{"timestamp":"2026-02-11T21:45:17.477211Z","level":"info","event":"Fetching URL: https://thecourseforum.com/course/CE/3050/All","logger":"task.stdout"}
{"timestamp":"2026-02-11T21:45:17.823577Z","level":"info","event":"Fetching URL: https://thecourseforum.com/course/CE/3220/All","logger":"task.stdout"}
{"timestamp":"2026-02-11T21:45:17.994724Z","level":"info","event":"Fetching URL: https://thecourseforum.com/course/CE/4050/All","logger":"task.stdout"}
{"timestamp":"2026-02-11T21:45:18.300017Z","level":"info","event":"Fetching URL: https://thecourseforum.com/course/CE/3222/All","logger":"task.stdout"}
{"timestamp":"2026-02-11T21:45:18.472242Z","level":"info","event":"Fetching URL: https://thecourseforum.com/course/CE/3330/All","logger":"task.stdout"}
{"timestamp":"2026-02-11T21:45:18.754395Z","level":"info","event":"Fetching URL: https://thecourseforum.com/course/CE/3400/All","logger":"task.stdout"}
{"timestamp":"2026-02-11T21:45:18.934460Z","level":"info","event":"Fetching URL: https://thecourseforum.com/course/CE/3402/All","logger":"task.stdout"}
{"timestamp":"2026-02-11T21:45:19.249773Z","level":"info","event":"Fetching URL: https://thecourseforum.com/course/CE/3720/All","logger":"task.stdout"}
{"timestamp":"2026-02-11T21:45:19.412694Z","level":"info","event":"Fetching URL: https://thecourseforum.com/course/CE/3800/All","logger":"task.stdout"}
{"timestamp":"2026-02-11T21:45:20.577250Z","level":"info","event":"Fetching URL: https://thecourseforum.com/course/CE/4025/All","logger":"task.stdout"}
{"timestamp":"2026-02-11T21:45:20.873491Z","level":"info","event":"Fetching URL: https://thecourseforum.com/course/CE/4040/All","logger":"task.stdout"}
{"timestamp":"2026-02-11T21:45:21.024098Z","level":"info","event":"Fetching URL: https://thecourseforum.com/course/CE/4110/All","logger":"task.stdout"}
{"timestamp":"2026-02-11T21:45:22.189989Z","level":"info","event":"Fetching URL: https://thecourseforum.com/course/CE/4500/All","logger":"task.stdout"}
{"timestamp":"2026-02-11T21:45:23.474687Z","level":"info","event":"Fetching URL: https://thecourseforum.com/course/CE/4600/All","logger":"task.stdout"}
{"timestamp":"2026-02-11T21:45:23.631735Z","level":"info","event":"Fetching URL: https://thecourseforum.com/course/CE/4990/All","logger":"task.stdout"}
{"timestamp":"2026-02-11T21:45:24.989701Z","level":"info","event":"Fetching URL: https://thecourseforum.com/course/CE/4995/All","logger":"task.stdout"}
{"timestamp":"2026-02-11T21:45:26.272608Z","level":"info","event":"Fetching URL: https://thecourseforum.com/course/CHEM/1420/All","logger":"task.stdout"}
{"timestamp":"2026-02-11T21:45:27.761082Z","level":"info","event":"Fetching URL: https://thecourseforum.com/course/CHEM/1421/All","logger":"task.stdout"}
{"timestamp":"2026-02-11T21:45:30.454211Z","level":"info","event":"Fetching URL: https://thecourseforum.com/course/CHEM/1500/All","logger":"task.stdout"}
{"timestamp":"2026-02-11T21:45:30.786920Z","level":"info","event":"Fetching URL: https://thecourseforum.com/course/CHEM/1820/All","logger":"task.stdout"}
{"timestamp":"2026-02-11T21:45:30.980101Z","level":"info","event":"Fetching URL: https://thecourseforum.com/course/CHEM/1821/All","logger":"task.stdout"}
{"timestamp":"2026-02-11T21:45:31.339966Z","level":"info","event":"Fetching URL: https://thecourseforum.com/course/CHEM/2120/All","logger":"task.stdout"}
{"timestamp":"2026-02-11T21:45:31.510948Z","level":"info","event":"Fetching URL: https://thecourseforum.com/course/CHEM/2321/All","logger":"task.stdout"}
{"timestamp":"2026-02-11T21:45:31.854863Z","level":"info","event":"Fetching URL: https://thecourseforum.com/course/CHEM/2410/All","logger":"task.stdout"}
{"timestamp":"2026-02-11T21:45:32.172958Z","level":"info","event":"Fetching URL: https://thecourseforum.com/course/CHEM/2420/All","logger":"task.stdout"}
{"timestamp":"2026-02-11T21:45:33.429109Z","level":"info","event":"Fetching URL: https://thecourseforum.com/course/CHEM/2421/All","logger":"task.stdout"}
{"timestamp":"2026-02-11T21:45:33.679453Z","level":"info","event":"Fetching URL: https://thecourseforum.com/course/CHEM/2820/All","logger":"task.stdout"}
{"timestamp":"2026-02-11T21:45:33.954809Z","level":"info","event":"Fetching URL: https://thecourseforum.com/course/CHEM/3121/All","logger":"task.stdout"}
{"timestamp":"2026-02-11T21:45:34.123153Z","level":"info","event":"Fetching URL: https://thecourseforum.com/course/CHEM/3420/All","logger":"task.stdout"}
{"timestamp":"2026-02-11T21:45:34.490595Z","level":"info","event":"Fetching URL: https://thecourseforum.com/course/CHEM/3559/All","logger":"task.stdout"}
{"timestamp":"2026-02-11T21:45:34.658158Z","level":"info","event":"Fetching URL: https://thecourseforum.com/course/CHEM/3821/All","logger":"task.stdout"}
{"timestamp":"2026-02-11T21:45:35.014043Z","level":"info","event":"Fetching URL: https://thecourseforum.com/course/CHEM/3951/All","logger":"task.stdout"}
{"timestamp":"2026-02-11T21:45:35.534103Z","level":"info","event":"Fetching URL: https://thecourseforum.com/course/CHEM/3961/All","logger":"task.stdout"}
{"timestamp":"2026-02-11T21:45:36.806702Z","level":"info","event":"Fetching URL: https://thecourseforum.com/course/CHEM/4420/All","logger":"task.stdout"}
{"timestamp":"2026-02-11T21:45:37.244303Z","level":"info","event":"Fetching URL: https://thecourseforum.com/course/CHEM/4421/All","logger":"task.stdout"}
{"timestamp":"2026-02-11T21:45:37.420017Z","level":"info","event":"Fetching URL: https://thecourseforum.com/course/CHEM/4951/All","logger":"task.stdout"}
{"timestamp":"2026-02-11T21:45:38.706695Z","level":"info","event":"Fetching URL: https://thecourseforum.com/course/CHEM/4961/All","logger":"task.stdout"}
{"timestamp":"2026-02-11T21:45:38.906031Z","level":"info","event":"Fetching URL: https://thecourseforum.com/course/COMM/4899/All","logger":"task.stdout"}
{"timestamp":"2026-02-11T21:45:39.214636Z","level":"info","event":"Fetching URL: https://thecourseforum.com/course/COMM/1800/All","logger":"task.stdout"}
{"timestamp":"2026-02-11T21:45:39.476712Z","level":"info","event":"Fetching URL: https://thecourseforum.com/course/COMM/2000/All","logger":"task.stdout"}
{"timestamp":"2026-02-11T21:45:39.732095Z","level":"info","event":"Fetching URL: https://thecourseforum.com/course/COMM/2002/All","logger":"task.stdout"}
{"timestamp":"2026-02-11T21:45:40.899815Z","level":"info","event":"Fetching URL: https://thecourseforum.com/course/COMM/2003/All","logger":"task.stdout"}
{"timestamp":"2026-02-11T21:45:41.068283Z","level":"info","event":"Fetching URL: https://thecourseforum.com/course/COMM/2004/All","logger":"task.stdout"}
{"timestamp":"2026-02-11T21:45:41.382843Z","level":"info","event":"Fetching URL: https://thecourseforum.com/course/COMM/2005/All","logger":"task.stdout"}
{"timestamp":"2026-02-11T21:45:41.549945Z","level":"info","event":"Fetching URL: https://thecourseforum.com/course/COMM/2600/All","logger":"task.stdout"}
{"timestamp":"2026-02-11T21:45:41.839525Z","level":"info","event":"Fetching URL: https://thecourseforum.com/course/COMM/2700/All","logger":"task.stdout"}
{"timestamp":"2026-02-11T21:45:42.027947Z","level":"info","event":"Fetching URL: https://thecourseforum.com/course/COMM/2730/All","logger":"task.stdout"}
{"timestamp":"2026-02-11T21:45:42.352113Z","level":"info","event":"Fetching URL: https://thecourseforum.com/course/COMM/3040/All","logger":"task.stdout"}
{"timestamp":"2026-02-11T21:45:42.670863Z","level":"info","event":"Fetching URL: https://thecourseforum.com/course/COMM/3120/All","logger":"task.stdout"}
{"timestamp":"2026-02-11T21:45:43.946874Z","level":"info","event":"Fetching URL: https://thecourseforum.com/course/COMM/3200/All","logger":"task.stdout"}
{"timestamp":"2026-02-11T21:45:45.267661Z","level":"info","event":"Fetching URL: https://thecourseforum.com/course/COMM/3220/All","logger":"task.stdout"}
{"timestamp":"2026-02-11T21:45:46.554878Z","level":"info","event":"Fetching URL: https://thecourseforum.com/course/COMM/3230/All","logger":"task.stdout"}
{"timestamp":"2026-02-11T21:45:46.834328Z","level":"info","event":"Fetching URL: https://thecourseforum.com/course/COMM/3330/All","logger":"task.stdout"}
{"timestamp":"2026-02-11T21:45:47.076330Z","level":"info","event":"Fetching URL: https://thecourseforum.com/course/COMM/3410/All","logger":"task.stdout"}
{"timestamp":"2026-02-11T21:45:47.380666Z","level":"info","event":"Fetching URL: https://thecourseforum.com/course/COMM/3420/All","logger":"task.stdout"}
{"timestamp":"2026-02-11T21:45:47.804177Z","level":"info","event":"Fetching URL: https://thecourseforum.com/course/COMM/3559/All","logger":"task.stdout"}
{"timestamp":"2026-02-11T21:45:49.127398Z","level":"info","event":"Fetching URL: https://thecourseforum.com/course/COMM/3720/All","logger":"task.stdout"}
{"timestamp":"2026-02-11T21:45:49.313329Z","level":"info","event":"Fetching URL: https://thecourseforum.com/course/COMM/4150/All","logger":"task.stdout"}
{"timestamp":"2026-02-11T21:45:49.478822Z","level":"info","event":"Fetching URL: https://thecourseforum.com/course/COMM/4210/All","logger":"task.stdout"}
{"timestamp":"2026-02-11T21:45:49.798727Z","level":"info","event":"Fetching URL: https://thecourseforum.com/course/COMM/4221/All","logger":"task.stdout"}
{"timestamp":"2026-02-11T21:45:50.955058Z","level":"info","event":"Fetching URL: https://thecourseforum.com/course/COMM/4230/All","logger":"task.stdout"}
{"timestamp":"2026-02-11T21:45:51.266761Z","level":"info","event":"Fetching URL: https://thecourseforum.com/course/COMM/4252/All","logger":"task.stdout"}
{"timestamp":"2026-02-11T21:45:51.461735Z","level":"info","event":"Fetching URL: https://thecourseforum.com/course/COMM/2006/All","logger":"task.stdout"}
{"timestamp":"2026-02-11T21:45:51.788137Z","level":"info","event":"Fetching URL: https://thecourseforum.com/course/COMM/4350/All","logger":"task.stdout"}
{"timestamp":"2026-02-11T21:45:51.953209Z","level":"info","event":"Fetching URL: https://thecourseforum.com/course/COMM/4370/All","logger":"task.stdout"}
{"timestamp":"2026-02-11T21:45:52.261778Z","level":"info","event":"Fetching URL: https://thecourseforum.com/course/COMM/4371/All","logger":"task.stdout"}
{"timestamp":"2026-02-11T21:45:52.427104Z","level":"info","event":"Fetching URL: https://thecourseforum.com/course/COMM/4380/All","logger":"task.stdout"}
{"timestamp":"2026-02-11T21:45:52.600969Z","level":"info","event":"Fetching URL: https://thecourseforum.com/course/COMM/4522/All","logger":"task.stdout"}
{"timestamp":"2026-02-11T21:45:53.025846Z","level":"info","event":"Fetching URL: https://thecourseforum.com/course/COMM/4559/All","logger":"task.stdout"}
{"timestamp":"2026-02-11T21:45:53.380966Z","level":"info","event":"Fetching URL: https://thecourseforum.com/course/COMM/4569/All","logger":"task.stdout"}
{"timestamp":"2026-02-11T21:45:53.541265Z","level":"info","event":"Fetching URL: https://thecourseforum.com/course/COMM/4620/All","logger":"task.stdout"}
{"timestamp":"2026-02-11T21:45:53.850679Z","level":"info","event":"Fetching URL: https://thecourseforum.com/course/COMM/4621/All","logger":"task.stdout"}
{"timestamp":"2026-02-11T21:45:55.032604Z","level":"info","event":"Fetching URL: https://thecourseforum.com/course/COMM/4660/All","logger":"task.stdout"}
{"timestamp":"2026-02-11T21:45:56.476998Z","level":"info","event":"Fetching URL: https://thecourseforum.com/course/COMM/4680/All","logger":"task.stdout"}
{"timestamp":"2026-02-11T21:45:56.669980Z","level":"info","event":"Fetching URL: https://thecourseforum.com/course/COMM/4681/All","logger":"task.stdout"}
{"timestamp":"2026-02-11T21:45:57.045159Z","level":"info","event":"Fetching URL: https://thecourseforum.com/course/COMM/4710/All","logger":"task.stdout"}
{"timestamp":"2026-02-11T21:45:58.215562Z","level":"info","event":"Fetching URL: https://thecourseforum.com/course/COMM/4722/All","logger":"task.stdout"}
{"timestamp":"2026-02-11T21:45:58.384924Z","level":"info","event":"Fetching URL: https://thecourseforum.com/course/COMM/4730/All","logger":"task.stdout"}
{"timestamp":"2026-02-11T21:45:58.730508Z","level":"info","event":"Fetching URL: https://thecourseforum.com/course/COMM/4733/All","logger":"task.stdout"}
{"timestamp":"2026-02-11T21:45:58.885328Z","level":"info","event":"Fetching URL: https://thecourseforum.com/course/COMM/4791/All","logger":"task.stdout"}
{"timestamp":"2026-02-11T21:45:59.124947Z","level":"info","event":"Fetching URL: https://thecourseforum.com/course/COMM/4792/All","logger":"task.stdout"}
{"timestamp":"2026-02-11T21:46:00.457116Z","level":"info","event":"Fetching URL: https://thecourseforum.com/course/COMM/4821/All","logger":"task.stdout"}
{"timestamp":"2026-02-11T21:46:01.757072Z","level":"info","event":"Fetching URL: https://thecourseforum.com/course/COMM/4822/All","logger":"task.stdout"}
{"timestamp":"2026-02-11T21:46:01.921092Z","level":"info","event":"Fetching URL: https://thecourseforum.com/course/COMM/4831/All","logger":"task.stdout"}
{"timestamp":"2026-02-11T21:46:02.278063Z","level":"info","event":"Fetching URL: https://thecourseforum.com/course/COMM/4839/All","logger":"task.stdout"}
{"timestamp":"2026-02-11T21:46:02.447019Z","level":"info","event":"Fetching URL: https://thecourseforum.com/course/COMM/4841/All","logger":"task.stdout"}
{"timestamp":"2026-02-11T21:46:02.768312Z","level":"info","event":"Fetching URL: https://thecourseforum.com/course/COMM/4881/All","logger":"task.stdout"}
{"timestamp":"2026-02-11T21:46:03.951416Z","level":"info","event":"Fetching URL: https://thecourseforum.com/course/COMM/4993/All","logger":"task.stdout"}
{"timestamp":"2026-02-11T21:46:04.365109Z","level":"info","event":"Fetching URL: https://thecourseforum.com/course/COMM/3050/All","logger":"task.stdout"}
{"timestamp":"2026-02-11T21:46:04.593631Z","level":"info","event":"Fetching URL: https://thecourseforum.com/course/CLAS/2040/All","logger":"task.stdout"}
{"timestamp":"2026-02-11T21:46:04.906795Z","level":"info","event":"Fetching URL: https://thecourseforum.com/course/CLAS/2559/All","logger":"task.stdout"}
{"timestamp":"2026-02-11T21:46:05.095607Z","level":"info","event":"Fetching URL: https://thecourseforum.com/course/CLAS/3160/All","logger":"task.stdout"}
{"timestamp":"2026-02-11T21:46:05.395153Z","level":"info","event":"Fetching URL: https://thecourseforum.com/course/CLAS/3220/All","logger":"task.stdout"}
{"timestamp":"2026-02-11T21:46:05.566805Z","level":"info","event":"Fetching URL: https://thecourseforum.com/course/CLAS/3350/All","logger":"task.stdout"}
{"timestamp":"2026-02-11T21:46:05.730472Z","level":"info","event":"Fetching URL: https://thecourseforum.com/course/CLAS/2020/All","logger":"task.stdout"}
{"timestamp":"2026-02-11T21:46:06.999154Z","level":"info","event":"Fetching URL: https://thecourseforum.com/course/COGS/3960/All","logger":"task.stdout"}
{"timestamp":"2026-02-11T21:46:07.521479Z","level":"info","event":"Fetching URL: https://thecourseforum.com/course/COGS/4980/All","logger":"task.stdout"}
{"timestamp":"2026-02-11T21:46:07.781184Z","level":"info","event":"Fetching URL: https://thecourseforum.com/course/CS/2100/All","logger":"task.stdout"}
{"timestamp":"2026-02-11T21:46:08.046145Z","level":"info","event":"Fetching URL: https://thecourseforum.com/course/CS/2120/All","logger":"task.stdout"}
{"timestamp":"2026-02-11T21:46:09.335293Z","level":"info","event":"Fetching URL: https://thecourseforum.com/course/CS/2130/All","logger":"task.stdout"}
{"timestamp":"2026-02-11T21:46:10.670197Z","level":"info","event":"Fetching URL: https://thecourseforum.com/course/CS/2501/All","logger":"task.stdout"}
{"timestamp":"2026-02-11T21:46:11.912634Z","level":"info","event":"Fetching URL: https://thecourseforum.com/course/CS/2910/All","logger":"task.stdout"}
{"timestamp":"2026-02-11T21:46:12.244013Z","level":"info","event":"Fetching URL: https://thecourseforum.com/course/CS/2993/All","logger":"task.stdout"}
{"timestamp":"2026-02-11T21:46:12.415138Z","level":"info","event":"Fetching URL: https://thecourseforum.com/course/CS/3100/All","logger":"task.stdout"}
{"timestamp":"2026-02-11T21:46:12.742199Z","level":"info","event":"Fetching URL: https://thecourseforum.com/course/CS/3120/All","logger":"task.stdout"}
{"timestamp":"2026-02-11T21:46:12.986133Z","level":"info","event":"Fetching URL: https://thecourseforum.com/course/CS/3130/All","logger":"task.stdout"}
{"timestamp":"2026-02-11T21:46:13.280740Z","level":"info","event":"Fetching URL: https://thecourseforum.com/course/CS/3140/All","logger":"task.stdout"}
{"timestamp":"2026-02-11T21:46:14.453565Z","level":"info","event":"Fetching URL: https://thecourseforum.com/course/CS/3205/All","logger":"task.stdout"}
{"timestamp":"2026-02-11T21:46:15.656289Z","level":"info","event":"Fetching URL: https://thecourseforum.com/course/CS/3240/All","logger":"task.stdout"}
{"timestamp":"2026-02-11T21:46:16.044176Z","level":"info","event":"Fetching URL: https://thecourseforum.com/course/CS/3250/All","logger":"task.stdout"}
{"timestamp":"2026-02-11T21:46:16.394991Z","level":"info","event":"Fetching URL: https://thecourseforum.com/course/CS/3501/All","logger":"task.stdout"}
{"timestamp":"2026-02-11T21:46:17.665468Z","level":"info","event":"Fetching URL: https://thecourseforum.com/course/CS/3710/All","logger":"task.stdout"}
{"timestamp":"2026-02-11T21:46:18.029021Z","level":"info","event":"Fetching URL: https://thecourseforum.com/course/CS/4330/All","logger":"task.stdout"}
{"timestamp":"2026-02-11T21:46:18.204287Z","level":"info","event":"Fetching URL: https://thecourseforum.com/course/CS/4457/All","logger":"task.stdout"}
{"timestamp":"2026-02-11T21:46:19.559124Z","level":"info","event":"Fetching URL: https://thecourseforum.com/course/CS/4501/All","logger":"task.stdout"}
{"timestamp":"2026-02-11T21:46:20.849781Z","level":"info","event":"Fetching URL: https://thecourseforum.com/course/CS/4630/All","logger":"task.stdout"}
{"timestamp":"2026-02-11T21:46:22.219194Z","level":"info","event":"Fetching URL: https://thecourseforum.com/course/CS/4710/All","logger":"task.stdout"}
{"timestamp":"2026-02-11T21:46:23.409078Z","level":"info","event":"Fetching URL: https://thecourseforum.com/course/CS/4720/All","logger":"task.stdout"}
{"timestamp":"2026-02-11T21:46:23.763663Z","level":"info","event":"Fetching URL: https://thecourseforum.com/course/CS/4730/All","logger":"task.stdout"}
{"timestamp":"2026-02-11T21:46:23.992220Z","level":"info","event":"Fetching URL: https://thecourseforum.com/course/CS/4740/All","logger":"task.stdout"}
{"timestamp":"2026-02-11T21:46:24.320998Z","level":"info","event":"Fetching URL: https://thecourseforum.com/course/CS/4750/All","logger":"task.stdout"}
{"timestamp":"2026-02-11T21:46:24.527609Z","level":"info","event":"Fetching URL: https://thecourseforum.com/course/CS/4770/All","logger":"task.stdout"}
{"timestamp":"2026-02-11T21:46:25.833162Z","level":"info","event":"Fetching URL: https://thecourseforum.com/course/CS/4771/All","logger":"task.stdout"}
{"timestamp":"2026-02-11T21:46:25.996714Z","level":"info","event":"Fetching URL: https://thecourseforum.com/course/CS/4774/All","logger":"task.stdout"}
{"timestamp":"2026-02-11T21:46:26.187980Z","level":"info","event":"Fetching URL: https://thecourseforum.com/course/CS/4790/All","logger":"task.stdout"}
{"timestamp":"2026-02-11T21:46:27.457253Z","level":"info","event":"Fetching URL: https://thecourseforum.com/course/CS/4971/All","logger":"task.stdout"}
{"timestamp":"2026-02-11T21:46:28.665352Z","level":"info","event":"Fetching URL: https://thecourseforum.com/course/CS/4993/All","logger":"task.stdout"}
{"timestamp":"2026-02-11T21:46:29.585709Z","level":"info","event":"Fetching URL: https://thecourseforum.com/course/CS/4998/All","logger":"task.stdout"}
{"timestamp":"2026-02-11T21:46:30.097852Z","level":"info","event":"Fetching URL: https://thecourseforum.com/course/CS/1110/All","logger":"task.stdout"}
{"timestamp":"2026-02-11T21:46:30.789132Z","level":"info","event":"Fetching URL: https://thecourseforum.com/course/CS/1112/All","logger":"task.stdout"}
{"timestamp":"2026-02-11T21:46:31.130803Z","level":"info","event":"Fetching URL: https://thecourseforum.com/course/CS/1501/All","logger":"task.stdout"}
{"timestamp":"2026-02-11T21:46:31.341019Z","level":"info","event":"Fetching URL: https://thecourseforum.com/course/CS/4980/All","logger":"task.stdout"}
{"timestamp":"2026-02-11T21:46:32.192872Z","level":"info","event":"Fetching URL: https://thecourseforum.com/course/CS/4991/All","logger":"task.stdout"}
{"timestamp":"2026-02-11T21:46:33.363774Z","level":"info","event":"Fetching URL: https://thecourseforum.com/course/DANC/2210/All","logger":"task.stdout"}
{"timestamp":"2026-02-11T21:46:34.534278Z","level":"info","event":"Fetching URL: https://thecourseforum.com/course/DANC/3230/All","logger":"task.stdout"}
{"timestamp":"2026-02-11T21:46:34.798780Z","level":"info","event":"Fetching URL: https://thecourseforum.com/course/DANC/2430/All","logger":"task.stdout"}
{"timestamp":"2026-02-11T21:46:34.970398Z","level":"info","event":"Fetching URL: https://thecourseforum.com/course/DANC/3300/All","logger":"task.stdout"}
{"timestamp":"2026-02-11T21:46:35.321176Z","level":"info","event":"Fetching URL: https://thecourseforum.com/course/DANC/3400/All","logger":"task.stdout"}
{"timestamp":"2026-02-11T21:46:36.490105Z","level":"info","event":"Fetching URL: https://thecourseforum.com/course/DANC/3610/All","logger":"task.stdout"}
{"timestamp":"2026-02-11T21:46:36.668571Z","level":"info","event":"Fetching URL: https://thecourseforum.com/course/DANC/4993/All","logger":"task.stdout"}
{"timestamp":"2026-02-11T21:46:37.006469Z","level":"info","event":"Fetching URL: https://thecourseforum.com/course/DRAM/2630/All","logger":"task.stdout"}
{"timestamp":"2026-02-11T21:46:38.170289Z","level":"info","event":"Fetching URL: https://thecourseforum.com/course/DRAM/3030/All","logger":"task.stdout"}
{"timestamp":"2026-02-11T21:46:39.500637Z","level":"info","event":"Fetching URL: https://thecourseforum.com/course/DRAM/3050/All","logger":"task.stdout"}
{"timestamp":"2026-02-11T21:46:39.753960Z","level":"info","event":"Fetching URL: https://thecourseforum.com/course/DRAM/3070/All","logger":"task.stdout"}
{"timestamp":"2026-02-11T21:46:40.052582Z","level":"info","event":"Fetching URL: https://thecourseforum.com/course/DRAM/3210/All","logger":"task.stdout"}
{"timestamp":"2026-02-11T21:46:41.235012Z","level":"info","event":"Fetching URL: https://thecourseforum.com/course/DRAM/3559/All","logger":"task.stdout"}
{"timestamp":"2026-02-11T21:46:41.399399Z","level":"info","event":"Fetching URL: https://thecourseforum.com/course/DRAM/3652/All","logger":"task.stdout"}
{"timestamp":"2026-02-11T21:46:42.668676Z","level":"info","event":"Fetching URL: https://thecourseforum.com/course/DRAM/3654/All","logger":"task.stdout"}
{"timestamp":"2026-02-11T21:46:42.879105Z","level":"info","event":"Fetching URL: https://thecourseforum.com/course/DRAM/3730/All","logger":"task.stdout"}
{"timestamp":"2026-02-11T21:46:43.174863Z","level":"info","event":"Fetching URL: https://thecourseforum.com/course/DRAM/3820/All","logger":"task.stdout"}
{"timestamp":"2026-02-11T21:46:43.380523Z","level":"info","event":"Fetching URL: https://thecourseforum.com/course/DRAM/4040/All","logger":"task.stdout"}
{"timestamp":"2026-02-11T21:46:43.720036Z","level":"info","event":"Fetching URL: https://thecourseforum.com/course/DRAM/4384/All","logger":"task.stdout"}
{"timestamp":"2026-02-11T21:46:43.897985Z","level":"info","event":"Fetching URL: https://thecourseforum.com/course/DRAM/4593/All","logger":"task.stdout"}
{"timestamp":"2026-02-11T21:46:44.245092Z","level":"info","event":"Fetching URL: https://thecourseforum.com/course/DRAM/4599/All","logger":"task.stdout"}
{"timestamp":"2026-02-11T21:46:44.410094Z","level":"info","event":"Fetching URL: https://thecourseforum.com/course/DRAM/4730/All","logger":"task.stdout"}
{"timestamp":"2026-02-11T21:46:44.732989Z","level":"info","event":"Fetching URL: https://thecourseforum.com/course/DRAM/4993/All","logger":"task.stdout"}
{"timestamp":"2026-02-11T21:46:44.925619Z","level":"info","event":"Fetching URL: https://thecourseforum.com/course/DRAM/1010/All","logger":"task.stdout"}
{"timestamp":"2026-02-11T21:46:45.283394Z","level":"info","event":"Fetching URL: https://thecourseforum.com/course/DRAM/1020/All","logger":"task.stdout"}
{"timestamp":"2026-02-11T21:46:46.467952Z","level":"info","event":"Fetching URL: https://thecourseforum.com/course/DRAM/1220/All","logger":"task.stdout"}
{"timestamp":"2026-02-11T21:46:46.806154Z","level":"info","event":"Fetching URL: https://thecourseforum.com/course/DRAM/2010/All","logger":"task.stdout"}
{"timestamp":"2026-02-11T21:46:46.977843Z","level":"info","event":"Fetching URL: https://thecourseforum.com/course/DRAM/2020/All","logger":"task.stdout"}
{"timestamp":"2026-02-11T21:46:47.413057Z","level":"info","event":"Fetching URL: https://thecourseforum.com/course/DRAM/2060/All","logger":"task.stdout"}
{"timestamp":"2026-02-11T21:46:47.623691Z","level":"info","event":"Fetching URL: https://thecourseforum.com/course/DRAM/2130/All","logger":"task.stdout"}
{"timestamp":"2026-02-11T21:46:47.909545Z","level":"info","event":"Fetching URL: https://thecourseforum.com/course/DRAM/2211/All","logger":"task.stdout"}
{"timestamp":"2026-02-11T21:46:49.074954Z","level":"info","event":"Fetching URL: https://thecourseforum.com/course/DRAM/2310/All","logger":"task.stdout"}
{"timestamp":"2026-02-11T21:46:49.240416Z","level":"info","event":"Fetching URL: https://thecourseforum.com/course/DRAM/2430/All","logger":"task.stdout"}
{"timestamp":"2026-02-11T21:46:50.528837Z","level":"info","event":"Fetching URL: https://thecourseforum.com/course/DRAM/2559/All","logger":"task.stdout"}
{"timestamp":"2026-02-11T21:46:50.716274Z","level":"info","event":"Fetching URL: https://thecourseforum.com/course/DRAM/2620/All","logger":"task.stdout"}
{"timestamp":"2026-02-11T21:46:51.048643Z","level":"info","event":"Fetching URL: https://thecourseforum.com/course/DRAM/3410/All","logger":"task.stdout"}
{"timestamp":"2026-02-11T21:46:51.222914Z","level":"info","event":"Fetching URL: https://thecourseforum.com/course/DS/1001/All","logger":"task.stdout"}
{"timestamp":"2026-02-11T21:46:51.577767Z","level":"info","event":"Fetching URL: https://thecourseforum.com/course/DS/1002/All","logger":"task.stdout"}
{"timestamp":"2026-02-11T21:46:51.749823Z","level":"info","event":"Fetching URL: https://thecourseforum.com/course/DS/2002/All","logger":"task.stdout"}
{"timestamp":"2026-02-11T21:46:52.051893Z","level":"info","event":"Fetching URL: https://thecourseforum.com/course/DS/2003/All","logger":"task.stdout"}
{"timestamp":"2026-02-11T21:46:52.224620Z","level":"info","event":"Fetching URL: https://thecourseforum.com/course/DS/2004/All","logger":"task.stdout"}
{"timestamp":"2026-02-11T21:46:52.388810Z","level":"info","event":"Fetching URL: https://thecourseforum.com/course/DS/2024/All","logger":"task.stdout"}
{"timestamp":"2026-02-11T21:46:52.768415Z","level":"info","event":"Fetching URL: https://thecourseforum.com/course/DS/3001/All","logger":"task.stdout"}
{"timestamp":"2026-02-11T21:46:53.950771Z","level":"info","event":"Fetching URL: https://thecourseforum.com/course/DS/3021/All","logger":"task.stdout"}
{"timestamp":"2026-02-11T21:46:55.238292Z","level":"info","event":"Fetching URL: https://thecourseforum.com/course/DS/3025/All","logger":"task.stdout"}
{"timestamp":"2026-02-11T21:46:56.418704Z","level":"info","event":"Fetching URL: https://thecourseforum.com/course/DS/3026/All","logger":"task.stdout"}
{"timestamp":"2026-02-11T21:46:56.575094Z","level":"info","event":"Fetching URL: https://thecourseforum.com/course/DS/4002/All","logger":"task.stdout"}
{"timestamp":"2026-02-11T21:46:56.936539Z","level":"info","event":"Fetching URL: https://thecourseforum.com/course/DS/4023/All","logger":"task.stdout"}
{"timestamp":"2026-02-11T21:46:58.141508Z","level":"info","event":"Fetching URL: https://thecourseforum.com/course/DS/4024/All","logger":"task.stdout"}
{"timestamp":"2026-02-11T21:46:58.393576Z","level":"info","event":"Fetching URL: https://thecourseforum.com/course/DS/4125/All","logger":"task.stdout"}
{"timestamp":"2026-02-11T21:46:58.549049Z","level":"info","event":"Fetching URL: https://thecourseforum.com/course/DS/4320/All","logger":"task.stdout"}
{"timestamp":"2026-02-11T21:46:58.709811Z","level":"info","event":"Fetching URL: https://thecourseforum.com/course/DS/4993/All","logger":"task.stdout"}
{"timestamp":"2026-02-11T21:47:00.149190Z","level":"info","event":"Fetching URL: https://thecourseforum.com/course/ECE/3251/All","logger":"task.stdout"}
{"timestamp":"2026-02-11T21:47:01.530217Z","level":"info","event":"Fetching URL: https://thecourseforum.com/course/ECE/3430/All","logger":"task.stdout"}
{"timestamp":"2026-02-11T21:47:02.041562Z","level":"info","event":"Fetching URL: https://thecourseforum.com/course/ECE/3502/All","logger":"task.stdout"}
{"timestamp":"2026-02-11T21:47:02.308390Z","level":"info","event":"Fetching URL: https://thecourseforum.com/course/ECE/3780/All","logger":"task.stdout"}
{"timestamp":"2026-02-11T21:47:02.599135Z","level":"info","event":"Fetching URL: https://thecourseforum.com/course/ECE/4103/All","logger":"task.stdout"}
{"timestamp":"2026-02-11T21:47:02.805227Z","level":"info","event":"Fetching URL: https://thecourseforum.com/course/ECE/4130/All","logger":"task.stdout"}
{"timestamp":"2026-02-11T21:47:03.131812Z","level":"info","event":"Fetching URL: https://thecourseforum.com/course/ECE/4265/All","logger":"task.stdout"}
{"timestamp":"2026-02-11T21:47:03.387256Z","level":"info","event":"Fetching URL: https://thecourseforum.com/course/ECE/4332/All","logger":"task.stdout"}
{"timestamp":"2026-02-11T21:47:03.740906Z","level":"info","event":"Fetching URL: https://thecourseforum.com/course/ECE/4430/All","logger":"task.stdout"}
{"timestamp":"2026-02-11T21:47:03.945366Z","level":"info","event":"Fetching URL: https://thecourseforum.com/course/ECE/4435/All","logger":"task.stdout"}
{"timestamp":"2026-02-11T21:47:04.319003Z","level":"info","event":"Fetching URL: https://thecourseforum.com/course/ECE/4440/All","logger":"task.stdout"}
{"timestamp":"2026-02-11T21:47:04.693685Z","level":"info","event":"Fetching URL: https://thecourseforum.com/course/ECE/4457/All","logger":"task.stdout"}
{"timestamp":"2026-02-11T21:47:04.935259Z","level":"info","event":"Fetching URL: https://thecourseforum.com/course/ECE/4501/All","logger":"task.stdout"}
{"timestamp":"2026-02-11T21:47:05.244451Z","level":"info","event":"Fetching URL: https://thecourseforum.com/course/ECE/4502/All","logger":"task.stdout"}
{"timestamp":"2026-02-11T21:47:05.495285Z","level":"info","event":"Fetching URL: https://thecourseforum.com/course/ECE/4660/All","logger":"task.stdout"}
{"timestamp":"2026-02-11T21:47:05.830656Z","level":"info","event":"Fetching URL: https://thecourseforum.com/course/ECE/4784/All","logger":"task.stdout"}
{"timestamp":"2026-02-11T21:47:06.036471Z","level":"info","event":"Fetching URL: https://thecourseforum.com/course/ECE/4907/All","logger":"task.stdout"}
{"timestamp":"2026-02-11T21:47:06.504011Z","level":"info","event":"Fetching URL: https://thecourseforum.com/course/ECE/4908/All","logger":"task.stdout"}
{"timestamp":"2026-02-11T21:47:07.050697Z","level":"info","event":"Fetching URL: https://thecourseforum.com/course/ECE/4991/All","logger":"task.stdout"}
{"timestamp":"2026-02-11T21:47:07.320948Z","level":"info","event":"Fetching URL: https://thecourseforum.com/course/ECE/2200/All","logger":"task.stdout"}
{"timestamp":"2026-02-11T21:47:07.523765Z","level":"info","event":"Fetching URL: https://thecourseforum.com/course/ECE/2300/All","logger":"task.stdout"}
{"timestamp":"2026-02-11T21:47:07.849871Z","level":"info","event":"Fetching URL: https://thecourseforum.com/course/ECE/2330/All","logger":"task.stdout"}
{"timestamp":"2026-02-11T21:47:08.401427Z","level":"info","event":"Fetching URL: https://thecourseforum.com/course/ECE/2410/All","logger":"task.stdout"}
{"timestamp":"2026-02-11T21:47:08.599226Z","level":"info","event":"Fetching URL: https://thecourseforum.com/course/ECE/2501/All","logger":"task.stdout"}
{"timestamp":"2026-02-11T21:47:08.892361Z","level":"info","event":"Fetching URL: https://thecourseforum.com/course/ECE/2502/All","logger":"task.stdout"}
{"timestamp":"2026-02-11T21:47:09.093148Z","level":"info","event":"Fetching URL: https://thecourseforum.com/course/ECE/2600/All","logger":"task.stdout"}
{"timestamp":"2026-02-11T21:47:09.426546Z","level":"info","event":"Fetching URL: https://thecourseforum.com/course/ECE/2700/All","logger":"task.stdout"}
{"timestamp":"2026-02-11T21:47:09.637715Z","level":"info","event":"Fetching URL: https://thecourseforum.com/course/ECE/3103/All","logger":"task.stdout"}
{"timestamp":"2026-02-11T21:47:09.946504Z","level":"info","event":"Fetching URL: https://thecourseforum.com/course/ECE/3250/All","logger":"task.stdout"}
{"timestamp":"2026-02-11T21:47:10.176307Z","level":"info","event":"Fetching URL: https://thecourseforum.com/course/ECON/1100/All","logger":"task.stdout"}
{"timestamp":"2026-02-11T21:47:10.464790Z","level":"info","event":"Fetching URL: https://thecourseforum.com/course/ECON/2020/All","logger":"task.stdout"}
{"timestamp":"2026-02-11T21:47:11.556618Z","level":"info","event":"Fetching URL: https://thecourseforum.com/course/ECON/3010/All","logger":"task.stdout"}
{"timestamp":"2026-02-11T21:47:12.066251Z","level":"info","event":"Fetching URL: https://thecourseforum.com/course/ECON/3020/All","logger":"task.stdout"}
{"timestamp":"2026-02-11T21:47:12.633575Z","level":"info","event":"Fetching URL: https://thecourseforum.com/course/ECON/3030/All","logger":"task.stdout"}
{"timestamp":"2026-02-11T21:47:13.083791Z","level":"info","event":"Fetching URL: https://thecourseforum.com/course/ECON/3600/All","logger":"task.stdout"}
{"timestamp":"2026-02-11T21:47:13.359432Z","level":"info","event":"Fetching URL: https://thecourseforum.com/course/ECON/3640/All","logger":"task.stdout"}
{"timestamp":"2026-02-11T21:47:13.772078Z","level":"info","event":"Fetching URL: https://thecourseforum.com/course/ECON/3650/All","logger":"task.stdout"}
{"timestamp":"2026-02-11T21:47:14.148774Z","level":"info","event":"Fetching URL: https://thecourseforum.com/course/ECON/3720/All","logger":"task.stdout"}
{"timestamp":"2026-02-11T21:47:14.653932Z","level":"info","event":"Fetching URL: https://thecourseforum.com/course/ECON/3820/All","logger":"task.stdout"}
{"timestamp":"2026-02-11T21:47:14.862729Z","level":"info","event":"Fetching URL: https://thecourseforum.com/course/ECON/4080/All","logger":"task.stdout"}
{"timestamp":"2026-02-11T21:47:15.188429Z","level":"info","event":"Fetching URL: https://thecourseforum.com/course/ECON/4110/All","logger":"task.stdout"}
{"timestamp":"2026-02-11T21:47:15.418082Z","level":"info","event":"Fetching URL: https://thecourseforum.com/course/ECON/4150/All","logger":"task.stdout"}
{"timestamp":"2026-02-11T21:47:15.712269Z","level":"info","event":"Fetching URL: https://thecourseforum.com/course/ECON/4170/All","logger":"task.stdout"}
{"timestamp":"2026-02-11T21:47:15.922668Z","level":"info","event":"Fetching URL: https://thecourseforum.com/course/ECON/4210/All","logger":"task.stdout"}
{"timestamp":"2026-02-11T21:47:16.238413Z","level":"info","event":"Fetching URL: https://thecourseforum.com/course/ECON/4220/All","logger":"task.stdout"}
{"timestamp":"2026-02-11T21:47:16.444548Z","level":"info","event":"Fetching URL: https://thecourseforum.com/course/ECON/4240/All","logger":"task.stdout"}
{"timestamp":"2026-02-11T21:47:16.764286Z","level":"info","event":"Fetching URL: https://thecourseforum.com/course/ECON/4350/All","logger":"task.stdout"}
{"timestamp":"2026-02-11T21:47:17.023785Z","level":"info","event":"Fetching URL: https://thecourseforum.com/course/ECON/4360/All","logger":"task.stdout"}
{"timestamp":"2026-02-11T21:47:17.269438Z","level":"info","event":"Fetching URL: https://thecourseforum.com/course/ECON/4370/All","logger":"task.stdout"}
{"timestamp":"2026-02-11T21:47:17.484750Z","level":"info","event":"Fetching URL: https://thecourseforum.com/course/ECON/4420/All","logger":"task.stdout"}
{"timestamp":"2026-02-11T21:47:17.794888Z","level":"info","event":"Fetching URL: https://thecourseforum.com/course/ECON/4430/All","logger":"task.stdout"}
{"timestamp":"2026-02-11T21:47:18.024085Z","level":"info","event":"Fetching URL: https://thecourseforum.com/course/ECON/4444/All","logger":"task.stdout"}
{"timestamp":"2026-02-11T21:47:18.322589Z","level":"info","event":"Fetching URL: https://thecourseforum.com/course/ECON/4720/All","logger":"task.stdout"}
{"timestamp":"2026-02-11T21:47:18.523694Z","level":"info","event":"Fetching URL: https://thecourseforum.com/course/ECON/4820/All","logger":"task.stdout"}
{"timestamp":"2026-02-11T21:47:18.848785Z","level":"info","event":"Fetching URL: https://thecourseforum.com/course/ECON/4880/All","logger":"task.stdout"}
{"timestamp":"2026-02-11T21:47:19.126827Z","level":"info","event":"Fetching URL: https://thecourseforum.com/course/ECON/2010/All","logger":"task.stdout"}
{"timestamp":"2026-02-11T21:47:20.467655Z","level":"info","event":"Fetching URL: https://thecourseforum.com/course/ECON/4993/All","logger":"task.stdout"}
{"timestamp":"2026-02-11T21:47:20.941108Z","level":"info","event":"Fetching URL: https://thecourseforum.com/course/ECON/4999/All","logger":"task.stdout"}
{"timestamp":"2026-02-11T21:47:21.422701Z","level":"info","event":"Fetching URL: https://thecourseforum.com/course/EDHS/2900/All","logger":"task.stdout"}
{"timestamp":"2026-02-11T21:47:21.656879Z","level":"info","event":"Fetching URL: https://thecourseforum.com/course/EDHS/3055/All","logger":"task.stdout"}
{"timestamp":"2026-02-11T21:47:22.023854Z","level":"info","event":"Fetching URL: https://thecourseforum.com/course/EDHS/3110/All","logger":"task.stdout"}
{"timestamp":"2026-02-11T21:47:22.212933Z","level":"info","event":"Fetching URL: https://thecourseforum.com/course/EDHS/3120/All","logger":"task.stdout"}
{"timestamp":"2026-02-11T21:47:22.546727Z","level":"info","event":"Fetching URL: https://thecourseforum.com/course/EDHS/3130/All","logger":"task.stdout"}
{"timestamp":"2026-02-11T21:47:22.725349Z","level":"info","event":"Fetching URL: https://thecourseforum.com/course/EDHS/3250/All","logger":"task.stdout"}
{"timestamp":"2026-02-11T21:47:23.052040Z","level":"info","event":"Fetching URL: https://thecourseforum.com/course/EDHS/3850/All","logger":"task.stdout"}
{"timestamp":"2026-02-11T21:47:23.224009Z","level":"info","event":"Fetching URL: https://thecourseforum.com/course/EDHS/3895/All","logger":"task.stdout"}
{"timestamp":"2026-02-11T21:47:23.527627Z","level":"info","event":"Fetching URL: https://thecourseforum.com/course/EDHS/3985/All","logger":"task.stdout"}
{"timestamp":"2026-02-11T21:47:23.725383Z","level":"info","event":"Fetching URL: https://thecourseforum.com/course/EDHS/4030/All","logger":"task.stdout"}
{"timestamp":"2026-02-11T21:47:24.036823Z","level":"info","event":"Fetching URL: https://thecourseforum.com/course/EDHS/4040/All","logger":"task.stdout"}
{"timestamp":"2026-02-11T21:47:24.274589Z","level":"info","event":"Fetching URL: https://thecourseforum.com/course/EDHS/4150/All","logger":"task.stdout"}
{"timestamp":"2026-02-11T21:47:24.605964Z","level":"info","event":"Fetching URL: https://thecourseforum.com/course/EDHS/4210/All","logger":"task.stdout"}
{"timestamp":"2026-02-11T21:47:24.763865Z","level":"info","event":"Fetching URL: https://thecourseforum.com/course/EDHS/4400/All","logger":"task.stdout"}
{"timestamp":"2026-02-11T21:47:24.919873Z","level":"info","event":"Fetching URL: https://thecourseforum.com/course/EDHS/4810/All","logger":"task.stdout"}
{"timestamp":"2026-02-11T21:47:25.261055Z","level":"info","event":"Fetching URL: https://thecourseforum.com/course/EDHS/4993/All","logger":"task.stdout"}
{"timestamp":"2026-02-11T21:47:25.629466Z","level":"info","event":"Fetching URL: https://thecourseforum.com/course/EDHS/4995/All","logger":"task.stdout"}
{"timestamp":"2026-02-11T21:47:25.834025Z","level":"info","event":"Fetching URL: https://thecourseforum.com/course/EDHS/1120/All","logger":"task.stdout"}
{"timestamp":"2026-02-11T21:47:26.153219Z","level":"info","event":"Fetching URL: https://thecourseforum.com/course/EDHS/2230/All","logger":"task.stdout"}
{"timestamp":"2026-02-11T21:47:26.312131Z","level":"info","event":"Fetching URL: https://thecourseforum.com/course/EDHS/2240/All","logger":"task.stdout"}
{"timestamp":"2026-02-11T21:47:26.473960Z","level":"info","event":"Fetching URL: https://thecourseforum.com/course/EDHS/2250/All","logger":"task.stdout"}
{"timestamp":"2026-02-11T21:47:26.797079Z","level":"info","event":"Fetching URL: https://thecourseforum.com/course/EDHS/2450/All","logger":"task.stdout"}
{"timestamp":"2026-02-11T21:47:26.985330Z","level":"info","event":"Fetching URL: https://thecourseforum.com/course/EDHS/2460/All","logger":"task.stdout"}
{"timestamp":"2026-02-11T21:47:27.231352Z","level":"info","event":"Fetching URL: https://thecourseforum.com/course/EDHS/2895/All","logger":"task.stdout"}
{"timestamp":"2026-02-11T21:47:27.395566Z","level":"info","event":"Fetching URL: https://thecourseforum.com/course/EDIS/4995/All","logger":"task.stdout"}
{"timestamp":"2026-02-11T21:47:27.765370Z","level":"info","event":"Fetching URL: https://thecourseforum.com/course/EDIS/2010/All","logger":"task.stdout"}
{"timestamp":"2026-02-11T21:47:27.976493Z","level":"info","event":"Fetching URL: https://thecourseforum.com/course/EDIS/2020/All","logger":"task.stdout"}
{"timestamp":"2026-02-11T21:47:28.291056Z","level":"info","event":"Fetching URL: https://thecourseforum.com/course/EDIS/2022/All","logger":"task.stdout"}
{"timestamp":"2026-02-11T21:47:28.448518Z","level":"info","event":"Fetching URL: https://thecourseforum.com/course/EDIS/2200/All","logger":"task.stdout"}
{"timestamp":"2026-02-11T21:47:28.772258Z","level":"info","event":"Fetching URL: https://thecourseforum.com/course/EDIS/2600/All","logger":"task.stdout"}
{"timestamp":"2026-02-11T21:47:28.922735Z","level":"info","event":"Fetching URL: https://thecourseforum.com/course/EDIS/2650/All","logger":"task.stdout"}
{"timestamp":"2026-02-11T21:47:29.073765Z","level":"info","event":"Fetching URL: https://thecourseforum.com/course/EDIS/2920/All","logger":"task.stdout"}
{"timestamp":"2026-02-11T21:47:29.326494Z","level":"info","event":"Fetching URL: https://thecourseforum.com/course/EDIS/3012/All","logger":"task.stdout"}
{"timestamp":"2026-02-11T21:47:29.485952Z","level":"info","event":"Fetching URL: https://thecourseforum.com/course/EDIS/3013/All","logger":"task.stdout"}
{"timestamp":"2026-02-11T21:47:29.805218Z","level":"info","event":"Fetching URL: https://thecourseforum.com/course/EDIS/3020/All","logger":"task.stdout"}
{"timestamp":"2026-02-11T21:47:29.990847Z","level":"info","event":"Fetching URL: https://thecourseforum.com/course/EDIS/3040/All","logger":"task.stdout"}
{"timestamp":"2026-02-11T21:47:30.337020Z","level":"info","event":"Fetching URL: https://thecourseforum.com/course/EDIS/3045/All","logger":"task.stdout"}
{"timestamp":"2026-02-11T21:47:30.612799Z","level":"info","event":"Fetching URL: https://thecourseforum.com/course/EDIS/3050/All","logger":"task.stdout"}
{"timestamp":"2026-02-11T21:47:30.906637Z","level":"info","event":"Fetching URL: https://thecourseforum.com/course/EDIS/3060/All","logger":"task.stdout"}
{"timestamp":"2026-02-11T21:47:31.085283Z","level":"info","event":"Fetching URL: https://thecourseforum.com/course/EDIS/3460/All","logger":"task.stdout"}
{"timestamp":"2026-02-11T21:47:31.402361Z","level":"info","event":"Fetching URL: https://thecourseforum.com/course/EDIS/3881/All","logger":"task.stdout"}
{"timestamp":"2026-02-11T21:47:31.596661Z","level":"info","event":"Fetching URL: https://thecourseforum.com/course/EDIS/4060/All","logger":"task.stdout"}
{"timestamp":"2026-02-11T21:47:31.906853Z","level":"info","event":"Fetching URL: https://thecourseforum.com/course/EDIS/4100/All","logger":"task.stdout"}
{"timestamp":"2026-02-11T21:47:32.092281Z","level":"info","event":"Fetching URL: https://thecourseforum.com/course/EDIS/4110/All","logger":"task.stdout"}
{"timestamp":"2026-02-11T21:47:32.480958Z","level":"info","event":"Fetching URL: https://thecourseforum.com/course/EDIS/4120/All","logger":"task.stdout"}
{"timestamp":"2026-02-11T21:47:32.951985Z","level":"info","event":"Fetching URL: https://thecourseforum.com/course/EDIS/4210/All","logger":"task.stdout"}
{"timestamp":"2026-02-11T21:47:33.116282Z","level":"info","event":"Fetching URL: https://thecourseforum.com/course/EDIS/4230/All","logger":"task.stdout"}
{"timestamp":"2026-02-11T21:47:33.274468Z","level":"info","event":"Fetching URL: https://thecourseforum.com/course/EDIS/4310/All","logger":"task.stdout"}
{"timestamp":"2026-02-11T21:47:33.525524Z","level":"info","event":"Fetching URL: https://thecourseforum.com/course/EDIS/4320/All","logger":"task.stdout"}
{"timestamp":"2026-02-11T21:47:33.692058Z","level":"info","event":"Fetching URL: https://thecourseforum.com/course/EDIS/4340/All","logger":"task.stdout"}
{"timestamp":"2026-02-11T21:47:34.039528Z","level":"info","event":"Fetching URL: https://thecourseforum.com/course/EDIS/4350/All","logger":"task.stdout"}
{"timestamp":"2026-02-11T21:47:34.204855Z","level":"info","event":"Fetching URL: https://thecourseforum.com/course/EDIS/4871/All","logger":"task.stdout"}
{"timestamp":"2026-02-11T21:47:34.359562Z","level":"info","event":"Fetching URL: https://thecourseforum.com/course/EDIS/4877/All","logger":"task.stdout"}
{"timestamp":"2026-02-11T21:47:34.700635Z","level":"info","event":"Fetching URL: https://thecourseforum.com/course/EDIS/4881/All","logger":"task.stdout"}
{"timestamp":"2026-02-11T21:47:34.898507Z","level":"info","event":"Fetching URL: https://thecourseforum.com/course/EDIS/4887/All","logger":"task.stdout"}
{"timestamp":"2026-02-11T21:47:35.216252Z","level":"info","event":"Fetching URL: https://thecourseforum.com/course/EDIS/4993/All","logger":"task.stdout"}
{"timestamp":"2026-02-11T21:47:35.399948Z","level":"info","event":"Fetching URL: https://thecourseforum.com/course/EDLF/2050/All","logger":"task.stdout"}
{"timestamp":"2026-02-11T21:47:35.738176Z","level":"info","event":"Fetching URL: https://thecourseforum.com/course/EDLF/2080/All","logger":"task.stdout"}
{"timestamp":"2026-02-11T21:47:35.908548Z","level":"info","event":"Fetching URL: https://thecourseforum.com/course/EDLF/3000/All","logger":"task.stdout"}
{"timestamp":"2026-02-11T21:47:36.227844Z","level":"info","event":"Fetching URL: https://thecourseforum.com/course/EDLF/3010/All","logger":"task.stdout"}
{"timestamp":"2026-02-11T21:47:36.399983Z","level":"info","event":"Fetching URL: https://thecourseforum.com/course/EDLF/3150/All","logger":"task.stdout"}
{"timestamp":"2026-02-11T21:47:36.672887Z","level":"info","event":"Fetching URL: https://thecourseforum.com/course/EDLF/3170/All","logger":"task.stdout"}
{"timestamp":"2026-02-11T21:47:36.858813Z","level":"info","event":"Fetching URL: https://thecourseforum.com/course/EDLF/3180/All","logger":"task.stdout"}
{"timestamp":"2026-02-11T21:47:37.172310Z","level":"info","event":"Fetching URL: https://thecourseforum.com/course/EDLF/3200/All","logger":"task.stdout"}
{"timestamp":"2026-02-11T21:47:37.343064Z","level":"info","event":"Fetching URL: https://thecourseforum.com/course/EDLF/3240/All","logger":"task.stdout"}
{"timestamp":"2026-02-11T21:47:38.528536Z","level":"info","event":"Fetching URL: https://thecourseforum.com/course/EDLF/3420/All","logger":"task.stdout"}
{"timestamp":"2026-02-11T21:47:38.805525Z","level":"info","event":"Fetching URL: https://thecourseforum.com/course/EDLF/3491/All","logger":"task.stdout"}
{"timestamp":"2026-02-11T21:47:39.043676Z","level":"info","event":"Fetching URL: https://thecourseforum.com/course/EDLF/3620/All","logger":"task.stdout"}
{"timestamp":"2026-02-11T21:47:39.336343Z","level":"info","event":"Fetching URL: https://thecourseforum.com/course/EDLF/3701/All","logger":"task.stdout"}
{"timestamp":"2026-02-11T21:47:40.529360Z","level":"info","event":"Fetching URL: https://thecourseforum.com/course/EDLF/3896/All","logger":"task.stdout"}
{"timestamp":"2026-02-11T21:47:40.868594Z","level":"info","event":"Fetching URL: https://thecourseforum.com/course/EDLF/4080/All","logger":"task.stdout"}
{"timestamp":"2026-02-11T21:47:41.129981Z","level":"info","event":"Fetching URL: https://thecourseforum.com/course/EDLF/4085/All","logger":"task.stdout"}
{"timestamp":"2026-02-11T21:47:41.390465Z","level":"info","event":"Fetching URL: https://thecourseforum.com/course/EDLF/4561/All","logger":"task.stdout"}
{"timestamp":"2026-02-11T21:47:41.546151Z","level":"info","event":"Fetching URL: https://thecourseforum.com/course/EDLF/4993/All","logger":"task.stdout"}
{"timestamp":"2026-02-11T21:47:41.880189Z","level":"info","event":"Fetching URL: https://thecourseforum.com/course/EDLF/4995/All","logger":"task.stdout"}
{"timestamp":"2026-02-11T21:47:43.191250Z","level":"info","event":"Fetching URL: https://thecourseforum.com/course/EDNC/3986/All","logger":"task.stdout"}
{"timestamp":"2026-02-11T21:47:43.490342Z","level":"info","event":"Fetching URL: https://thecourseforum.com/course/EGMT/1520/All","logger":"task.stdout"}
{"timestamp":"2026-02-11T21:47:44.296100Z","level":"info","event":"Fetching URL: https://thecourseforum.com/course/EGMT/1540/All","logger":"task.stdout"}
{"timestamp":"2026-02-11T21:47:44.783010Z","level":"info","event":"Fetching URL: https://thecourseforum.com/course/EGMT/2500/All","logger":"task.stdout"}
{"timestamp":"2026-02-11T21:47:46.147818Z","level":"info","event":"Fetching URL: https://thecourseforum.com/course/EGMT/1510/All","logger":"task.stdout"}
{"timestamp":"2026-02-11T21:47:46.672215Z","level":"info","event":"Fetching URL: https://thecourseforum.com/course/EGMT/1530/All","logger":"task.stdout"}
{"timestamp":"2026-02-11T21:47:47.174994Z","level":"info","event":"Fetching URL: https://thecourseforum.com/course/ENCW/2100/All","logger":"task.stdout"}
{"timestamp":"2026-02-11T21:47:47.345143Z","level":"info","event":"Fetching URL: https://thecourseforum.com/course/ENCW/2300/All","logger":"task.stdout"}
{"timestamp":"2026-02-11T21:47:47.721428Z","level":"info","event":"Fetching URL: https://thecourseforum.com/course/ENCW/2559/All","logger":"task.stdout"}
{"timestamp":"2026-02-11T21:47:47.889279Z","level":"info","event":"Fetching URL: https://thecourseforum.com/course/ENCW/2600/All","logger":"task.stdout"}
{"timestamp":"2026-02-11T21:47:48.235788Z","level":"info","event":"Fetching URL: https://thecourseforum.com/course/ENCW/3310/All","logger":"task.stdout"}
{"timestamp":"2026-02-11T21:47:48.423780Z","level":"info","event":"Fetching URL: https://thecourseforum.com/course/ENCW/3500/All","logger":"task.stdout"}
{"timestamp":"2026-02-11T21:47:48.754388Z","level":"info","event":"Fetching URL: https://thecourseforum.com/course/ENCW/3610/All","logger":"task.stdout"}
{"timestamp":"2026-02-11T21:47:48.943930Z","level":"info","event":"Fetching URL: https://thecourseforum.com/course/ENCW/4350/All","logger":"task.stdout"}
{"timestamp":"2026-02-11T21:47:49.304391Z","level":"info","event":"Fetching URL: https://thecourseforum.com/course/ENCW/4550/All","logger":"task.stdout"}
{"timestamp":"2026-02-11T21:47:49.489234Z","level":"info","event":"Fetching URL: https://thecourseforum.com/course/ENCW/4720/All","logger":"task.stdout"}
{"timestamp":"2026-02-11T21:47:49.800599Z","level":"info","event":"Fetching URL: https://thecourseforum.com/course/ENCW/4820/All","logger":"task.stdout"}
{"timestamp":"2026-02-11T21:47:49.972046Z","level":"info","event":"Fetching URL: https://thecourseforum.com/course/ENCW/4830/All","logger":"task.stdout"}
{"timestamp":"2026-02-11T21:47:50.287016Z","level":"info","event":"Fetching URL: https://thecourseforum.com/course/ENCW/4920/All","logger":"task.stdout"}
{"timestamp":"2026-02-11T21:47:50.448502Z","level":"info","event":"Fetching URL: https://thecourseforum.com/course/ENCW/4993/All","logger":"task.stdout"}
{"timestamp":"2026-02-11T21:47:51.668171Z","level":"info","event":"Fetching URL: https://thecourseforum.com/course/ENGL/3002/All","logger":"task.stdout"}
{"timestamp":"2026-02-11T21:47:52.946348Z","level":"info","event":"Fetching URL: https://thecourseforum.com/course/ENGL/3010/All","logger":"task.stdout"}
{"timestamp":"2026-02-11T21:47:53.118924Z","level":"info","event":"Fetching URL: https://thecourseforum.com/course/ENGL/3162/All","logger":"task.stdout"}
{"timestamp":"2026-02-11T21:47:53.466900Z","level":"info","event":"Fetching URL: https://thecourseforum.com/course/ENGL/3260/All","logger":"task.stdout"}
{"timestamp":"2026-02-11T21:47:53.636417Z","level":"info","event":"Fetching URL: https://thecourseforum.com/course/ENGL/3273/All","logger":"task.stdout"}
{"timestamp":"2026-02-11T21:47:53.991716Z","level":"info","event":"Fetching URL: https://thecourseforum.com/course/ENGL/3370/All","logger":"task.stdout"}
{"timestamp":"2026-02-11T21:47:54.160997Z","level":"info","event":"Fetching URL: https://thecourseforum.com/course/ENGL/3500/All","logger":"task.stdout"}
{"timestamp":"2026-02-11T21:47:54.567177Z","level":"info","event":"Fetching URL: https://thecourseforum.com/course/ENGL/3540/All","logger":"task.stdout"}
{"timestamp":"2026-02-11T21:47:54.734573Z","level":"info","event":"Fetching URL: https://thecourseforum.com/course/ENGL/3560/All","logger":"task.stdout"}
{"timestamp":"2026-02-11T21:47:55.040356Z","level":"info","event":"Fetching URL: https://thecourseforum.com/course/ENGL/3611/All","logger":"task.stdout"}
{"timestamp":"2026-02-11T21:47:55.205252Z","level":"info","event":"Fetching URL: https://thecourseforum.com/course/ENGL/3740/All","logger":"task.stdout"}
{"timestamp":"2026-02-11T21:47:55.558045Z","level":"info","event":"Fetching URL: https://thecourseforum.com/course/ENGL/3750/All","logger":"task.stdout"}
{"timestamp":"2026-02-11T21:47:55.721258Z","level":"info","event":"Fetching URL: https://thecourseforum.com/course/ENGL/3790/All","logger":"task.stdout"}
{"timestamp":"2026-02-11T21:47:56.034470Z","level":"info","event":"Fetching URL: https://thecourseforum.com/course/ENGL/3825/All","logger":"task.stdout"}
{"timestamp":"2026-02-11T21:47:56.336718Z","level":"info","event":"Fetching URL: https://thecourseforum.com/course/ENGL/3910/All","logger":"task.stdout"}
{"timestamp":"2026-02-11T21:47:56.591482Z","level":"info","event":"Fetching URL: https://thecourseforum.com/course/ENGL/3924/All","logger":"task.stdout"}
{"timestamp":"2026-02-11T21:47:56.755680Z","level":"info","event":"Fetching URL: https://thecourseforum.com/course/ENGL/4500/All","logger":"task.stdout"}
{"timestamp":"2026-02-11T21:47:57.142942Z","level":"info","event":"Fetching URL: https://thecourseforum.com/course/ENGL/4510/All","logger":"task.stdout"}
{"timestamp":"2026-02-11T21:47:57.306053Z","level":"info","event":"Fetching URL: https://thecourseforum.com/course/ENGL/4520/All","logger":"task.stdout"}
{"timestamp":"2026-02-11T21:47:57.619109Z","level":"info","event":"Fetching URL: https://thecourseforum.com/course/ENGL/4540/All","logger":"task.stdout"}
{"timestamp":"2026-02-11T21:47:57.781453Z","level":"info","event":"Fetching URL: https://thecourseforum.com/course/ENGL/4559/All","logger":"task.stdout"}
{"timestamp":"2026-02-11T21:47:58.233741Z","level":"info","event":"Fetching URL: https://thecourseforum.com/course/ENGL/4560/All","logger":"task.stdout"}
{"timestamp":"2026-02-11T21:47:58.460694Z","level":"info","event":"Fetching URL: https://thecourseforum.com/course/ENGL/4570/All","logger":"task.stdout"}
{"timestamp":"2026-02-11T21:47:58.812840Z","level":"info","event":"Fetching URL: https://thecourseforum.com/course/ENGL/4902/All","logger":"task.stdout"}
{"timestamp":"2026-02-11T21:47:58.977988Z","level":"info","event":"Fetching URL: https://thecourseforum.com/course/ENGL/4999/All","logger":"task.stdout"}
{"timestamp":"2026-02-11T21:47:59.707647Z","level":"info","event":"Fetching URL: https://thecourseforum.com/course/ENGL/2527/All","logger":"task.stdout"}
{"timestamp":"2026-02-11T21:47:59.877062Z","level":"info","event":"Fetching URL: https://thecourseforum.com/course/ENGL/1590/All","logger":"task.stdout"}
{"timestamp":"2026-02-11T21:48:00.039604Z","level":"info","event":"Fetching URL: https://thecourseforum.com/course/ENGL/2502/All","logger":"task.stdout"}
{"timestamp":"2026-02-11T21:48:01.341070Z","level":"info","event":"Fetching URL: https://thecourseforum.com/course/ENGL/2506/All","logger":"task.stdout"}
{"timestamp":"2026-02-11T21:48:01.621115Z","level":"info","event":"Fetching URL: https://thecourseforum.com/course/ENGL/2507/All","logger":"task.stdout"}
{"timestamp":"2026-02-11T21:48:02.075786Z","level":"info","event":"Fetching URL: https://thecourseforum.com/course/ENGL/2508/All","logger":"task.stdout"}
{"timestamp":"2026-02-11T21:48:03.432600Z","level":"info","event":"Fetching URL: https://thecourseforum.com/course/ENGL/2572/All","logger":"task.stdout"}
{"timestamp":"2026-02-11T21:48:03.611739Z","level":"info","event":"Fetching URL: https://thecourseforum.com/course/ENGL/2599/All","logger":"task.stdout"}
{"timestamp":"2026-02-11T21:48:03.980971Z","level":"info","event":"Fetching URL: https://thecourseforum.com/course/ENTP/1501/All","logger":"task.stdout"}
{"timestamp":"2026-02-11T21:48:04.194763Z","level":"info","event":"Fetching URL: https://thecourseforum.com/course/ENTP/1010/All","logger":"task.stdout"}
{"timestamp":"2026-02-11T21:48:04.476075Z","level":"info","event":"Fetching URL: https://thecourseforum.com/course/ENWR/1506/All","logger":"task.stdout"}
{"timestamp":"2026-02-11T21:48:04.976464Z","level":"info","event":"Fetching URL: https://thecourseforum.com/course/ENWR/1520/All","logger":"task.stdout"}
{"timestamp":"2026-02-11T21:48:05.164180Z","level":"info","event":"Fetching URL: https://thecourseforum.com/course/ENWR/2510/All","logger":"task.stdout"}
{"timestamp":"2026-02-11T21:48:05.506845Z","level":"info","event":"Fetching URL: https://thecourseforum.com/course/ENWR/2520/All","logger":"task.stdout"}
{"timestamp":"2026-02-11T21:48:05.767759Z","level":"info","event":"Fetching URL: https://thecourseforum.com/course/ENWR/2700/All","logger":"task.stdout"}
{"timestamp":"2026-02-11T21:48:07.114384Z","level":"info","event":"Fetching URL: https://thecourseforum.com/course/ENWR/2800/All","logger":"task.stdout"}
{"timestamp":"2026-02-11T21:48:07.290864Z","level":"info","event":"Fetching URL: https://thecourseforum.com/course/ENWR/3500/All","logger":"task.stdout"}
{"timestamp":"2026-02-11T21:48:07.634106Z","level":"info","event":"Fetching URL: https://thecourseforum.com/course/ENWR/3550/All","logger":"task.stdout"}
{"timestamp":"2026-02-11T21:48:07.842200Z","level":"info","event":"Fetching URL: https://thecourseforum.com/course/ENWR/3559/All","logger":"task.stdout"}
{"timestamp":"2026-02-11T21:48:08.162471Z","level":"info","event":"Fetching URL: https://thecourseforum.com/course/ENWR/3640/All","logger":"task.stdout"}
{"timestamp":"2026-02-11T21:48:08.323172Z","level":"info","event":"Fetching URL: https://thecourseforum.com/course/ENWR/3660/All","logger":"task.stdout"}
{"timestamp":"2026-02-11T21:48:08.640014Z","level":"info","event":"Fetching URL: https://thecourseforum.com/course/ENWR/3760/All","logger":"task.stdout"}
{"timestamp":"2026-02-11T21:48:08.806877Z","level":"info","event":"Fetching URL: https://thecourseforum.com/course/ENWR/3900/All","logger":"task.stdout"}
{"timestamp":"2026-02-11T21:48:10.013349Z","level":"info","event":"Fetching URL: https://thecourseforum.com/course/ENWR/1510/All","logger":"task.stdout"}
{"timestamp":"2026-02-11T21:48:11.292351Z","level":"info","event":"Fetching URL: https://thecourseforum.com/course/ETP/2030/All","logger":"task.stdout"}
{"timestamp":"2026-02-11T21:48:11.494646Z","level":"info","event":"Fetching URL: https://thecourseforum.com/course/ETP/3500/All","logger":"task.stdout"}
{"timestamp":"2026-02-11T21:48:11.840289Z","level":"info","event":"Fetching URL: https://thecourseforum.com/course/ETP/4010/All","logger":"task.stdout"}
{"timestamp":"2026-02-11T21:48:12.013877Z","level":"info","event":"Fetching URL: https://thecourseforum.com/course/ETP/4995/All","logger":"task.stdout"}
{"timestamp":"2026-02-11T21:48:12.343117Z","level":"info","event":"Fetching URL: https://thecourseforum.com/course/EVSC/1010/All","logger":"task.stdout"}
{"timestamp":"2026-02-11T21:48:13.893089Z","level":"info","event":"Fetching URL: https://thecourseforum.com/course/EVSC/1300/All","logger":"task.stdout"}
{"timestamp":"2026-02-11T21:48:15.166725Z","level":"info","event":"Fetching URL: https://thecourseforum.com/course/EVSC/2220/All","logger":"task.stdout"}
{"timestamp":"2026-02-11T21:48:15.500948Z","level":"info","event":"Fetching URL: https://thecourseforum.com/course/EVSC/2800/All","logger":"task.stdout"}
{"timestamp":"2026-02-11T21:48:15.714229Z","level":"info","event":"Fetching URL: https://thecourseforum.com/course/EVSC/2801/All","logger":"task.stdout"}
{"timestamp":"2026-02-11T21:48:17.087599Z","level":"info","event":"Fetching URL: https://thecourseforum.com/course/EVSC/3020/All","logger":"task.stdout"}
{"timestamp":"2026-02-11T21:48:18.289188Z","level":"info","event":"Fetching URL: https://thecourseforum.com/course/EVSC/4995/All","logger":"task.stdout"}
{"timestamp":"2026-02-11T21:48:18.865326Z","level":"info","event":"Fetching URL: https://thecourseforum.com/course/EVSC/4999/All","logger":"task.stdout"}
{"timestamp":"2026-02-11T21:48:19.200655Z","level":"info","event":"Fetching URL: https://thecourseforum.com/course/EVSC/3200/All","logger":"task.stdout"}
{"timestamp":"2026-02-11T21:48:19.406278Z","level":"info","event":"Fetching URL: https://thecourseforum.com/course/EVSC/3201/All","logger":"task.stdout"}
{"timestamp":"2026-02-11T21:48:19.720676Z","level":"info","event":"Fetching URL: https://thecourseforum.com/course/EVSC/3300/All","logger":"task.stdout"}
{"timestamp":"2026-02-11T21:48:19.892506Z","level":"info","event":"Fetching URL: https://thecourseforum.com/course/EVSC/3301/All","logger":"task.stdout"}
{"timestamp":"2026-02-11T21:48:21.271748Z","level":"info","event":"Fetching URL: https://thecourseforum.com/course/EVSC/3559/All","logger":"task.stdout"}
{"timestamp":"2026-02-11T21:48:21.455474Z","level":"info","event":"Fetching URL: https://thecourseforum.com/course/EVSC/3600/All","logger":"task.stdout"}
{"timestamp":"2026-02-11T21:48:21.915630Z","level":"info","event":"Fetching URL: https://thecourseforum.com/course/EVSC/3601/All","logger":"task.stdout"}
{"timestamp":"2026-02-11T21:48:22.501540Z","level":"info","event":"Fetching URL: https://thecourseforum.com/course/EVSC/4002/All","logger":"task.stdout"}
{"timestamp":"2026-02-11T21:48:22.857453Z","level":"info","event":"Fetching URL: https://thecourseforum.com/course/EVSC/4020/All","logger":"task.stdout"}
{"timestamp":"2026-02-11T21:48:23.084731Z","level":"info","event":"Fetching URL: https://thecourseforum.com/course/EVSC/4070/All","logger":"task.stdout"}
{"timestamp":"2026-02-11T21:48:23.371091Z","level":"info","event":"Fetching URL: https://thecourseforum.com/course/EVSC/4140/All","logger":"task.stdout"}
{"timestamp":"2026-02-11T21:48:23.546031Z","level":"info","event":"Fetching URL: https://thecourseforum.com/course/EVSC/4370/All","logger":"task.stdout"}
{"timestamp":"2026-02-11T21:48:23.859584Z","level":"info","event":"Fetching URL: https://thecourseforum.com/course/EVSC/4542/All","logger":"task.stdout"}
{"timestamp":"2026-02-11T21:48:24.026946Z","level":"info","event":"Fetching URL: https://thecourseforum.com/course/EVSC/4559/All","logger":"task.stdout"}
{"timestamp":"2026-02-11T21:48:24.440482Z","level":"info","event":"Fetching URL: https://thecourseforum.com/course/EVSC/4630/All","logger":"task.stdout"}
{"timestamp":"2026-02-11T21:48:24.614487Z","level":"info","event":"Fetching URL: https://thecourseforum.com/course/EVSC/4640/All","logger":"task.stdout"}
{"timestamp":"2026-02-11T21:48:25.777118Z","level":"info","event":"Fetching URL: https://thecourseforum.com/course/EVSC/4710/All","logger":"task.stdout"}
{"timestamp":"2026-02-11T21:48:26.115051Z","level":"info","event":"Fetching URL: https://thecourseforum.com/course/EVSC/4890/All","logger":"task.stdout"}
{"timestamp":"2026-02-11T21:48:27.337380Z","level":"info","event":"Fetching URL: https://thecourseforum.com/course/EVSC/4891/All","logger":"task.stdout"}
{"timestamp":"2026-02-11T21:48:28.622241Z","level":"info","event":"Fetching URL: https://thecourseforum.com/course/EVSC/4991/All","logger":"task.stdout"}
{"timestamp":"2026-02-11T21:48:29.794219Z","level":"info","event":"Fetching URL: https://thecourseforum.com/course/EVSC/4993/All","logger":"task.stdout"}
{"timestamp":"2026-02-11T21:48:30.325056Z","level":"info","event":"Fetching URL: https://thecourseforum.com/course/EVSC/4080/All","logger":"task.stdout"}
{"timestamp":"2026-02-11T21:48:30.494481Z","level":"info","event":"Fetching URL: https://thecourseforum.com/course/FREN/1000/All","logger":"task.stdout"}
{"timestamp":"2026-02-11T21:48:30.801972Z","level":"info","event":"Fetching URL: https://thecourseforum.com/course/FREN/1010/All","logger":"task.stdout"}
{"timestamp":"2026-02-11T21:48:32.041069Z","level":"info","event":"Fetching URL: https://thecourseforum.com/course/FREN/1020/All","logger":"task.stdout"}
{"timestamp":"2026-02-11T21:48:32.306282Z","level":"info","event":"Fetching URL: https://thecourseforum.com/course/FREN/1050/All","logger":"task.stdout"}
{"timestamp":"2026-02-11T21:48:33.560475Z","level":"info","event":"Fetching URL: https://thecourseforum.com/course/FREN/2010/All","logger":"task.stdout"}
{"timestamp":"2026-02-11T21:48:33.883704Z","level":"info","event":"Fetching URL: https://thecourseforum.com/course/FREN/3030/All","logger":"task.stdout"}
{"timestamp":"2026-02-11T21:48:34.087616Z","level":"info","event":"Fetching URL: https://thecourseforum.com/course/FREN/2020/All","logger":"task.stdout"}
{"timestamp":"2026-02-11T21:48:34.445539Z","level":"info","event":"Fetching URL: https://thecourseforum.com/course/FREN/3029/All","logger":"task.stdout"}
{"timestamp":"2026-02-11T21:48:34.617607Z","level":"info","event":"Fetching URL: https://thecourseforum.com/course/FREN/3031/All","logger":"task.stdout"}
{"timestamp":"2026-02-11T21:48:34.922456Z","level":"info","event":"Fetching URL: https://thecourseforum.com/course/FREN/3036/All","logger":"task.stdout"}
{"timestamp":"2026-02-11T21:48:35.096289Z","level":"info","event":"Fetching URL: https://thecourseforum.com/course/FREN/3040/All","logger":"task.stdout"}
{"timestamp":"2026-02-11T21:48:35.439428Z","level":"info","event":"Fetching URL: https://thecourseforum.com/course/FREN/3043/All","logger":"task.stdout"}
{"timestamp":"2026-02-11T21:48:35.616290Z","level":"info","event":"Fetching URL: https://thecourseforum.com/course/FREN/3061/All","logger":"task.stdout"}
{"timestamp":"2026-02-11T21:48:35.920920Z","level":"info","event":"Fetching URL: https://thecourseforum.com/course/FREN/3882/All","logger":"task.stdout"}
{"timestamp":"2026-02-11T21:48:36.071197Z","level":"info","event":"Fetching URL: https://thecourseforum.com/course/FREN/4064/All","logger":"task.stdout"}
{"timestamp":"2026-02-11T21:48:36.262934Z","level":"info","event":"Fetching URL: https://thecourseforum.com/course/FREN/4123/All","logger":"task.stdout"}
{"timestamp":"2026-02-11T21:48:36.563995Z","level":"info","event":"Fetching URL: https://thecourseforum.com/course/FREN/4744/All","logger":"task.stdout"}
{"timestamp":"2026-02-11T21:48:36.751122Z","level":"info","event":"Fetching URL: https://thecourseforum.com/course/FREN/4838/All","logger":"task.stdout"}
{"timestamp":"2026-02-11T21:48:37.033601Z","level":"info","event":"Fetching URL: https://thecourseforum.com/course/FREN/4999/All","logger":"task.stdout"}
{"timestamp":"2026-02-11T21:48:37.298862Z","level":"info","event":"Fetching URL: https://thecourseforum.com/course/GREE/4999/All","logger":"task.stdout"}
{"timestamp":"2026-02-11T21:48:37.661492Z","level":"info","event":"Fetching URL: https://thecourseforum.com/course/GREE/1020/All","logger":"task.stdout"}
{"timestamp":"2026-02-11T21:48:38.054702Z","level":"info","event":"Fetching URL: https://thecourseforum.com/course/GREE/2240/All","logger":"task.stdout"}
{"timestamp":"2026-02-11T21:48:38.225326Z","level":"info","event":"Fetching URL: https://thecourseforum.com/course/GREE/3040/All","logger":"task.stdout"}
{"timestamp":"2026-02-11T21:48:38.587488Z","level":"info","event":"Fetching URL: https://thecourseforum.com/course/GSGS/2000/All","logger":"task.stdout"}
{"timestamp":"2026-02-11T21:48:38.756632Z","level":"info","event":"Fetching URL: https://thecourseforum.com/course/GSGS/3330/All","logger":"task.stdout"}
{"timestamp":"2026-02-11T21:48:39.145328Z","level":"info","event":"Fetching URL: https://thecourseforum.com/course/GSGS/3550/All","logger":"task.stdout"}
{"timestamp":"2026-02-11T21:48:39.362374Z","level":"info","event":"Fetching URL: https://thecourseforum.com/course/GSGS/3559/All","logger":"task.stdout"}
{"timestamp":"2026-02-11T21:48:39.695298Z","level":"info","event":"Fetching URL: https://thecourseforum.com/course/GSGS/4200/All","logger":"task.stdout"}
{"timestamp":"2026-02-11T21:48:39.860905Z","level":"info","event":"Fetching URL: https://thecourseforum.com/course/GSGS/4510/All","logger":"task.stdout"}
{"timestamp":"2026-02-11T21:48:40.173597Z","level":"info","event":"Fetching URL: https://thecourseforum.com/course/GSGS/4520/All","logger":"task.stdout"}
{"timestamp":"2026-02-11T21:48:40.349826Z","level":"info","event":"Fetching URL: https://thecourseforum.com/course/GSGS/4550/All","logger":"task.stdout"}
{"timestamp":"2026-02-11T21:48:40.689208Z","level":"info","event":"Fetching URL: https://thecourseforum.com/course/GSGS/4610/All","logger":"task.stdout"}
{"timestamp":"2026-02-11T21:48:40.852366Z","level":"info","event":"Fetching URL: https://thecourseforum.com/course/GSGS/4993/All","logger":"task.stdout"}
{"timestamp":"2026-02-11T21:48:41.162704Z","level":"info","event":"Fetching URL: https://thecourseforum.com/course/GSSJ/4991/All","logger":"task.stdout"}
{"timestamp":"2026-02-11T21:48:41.331893Z","level":"info","event":"Fetching URL: https://thecourseforum.com/course/GSSJ/4993/All","logger":"task.stdout"}
{"timestamp":"2026-02-11T21:48:41.500512Z","level":"info","event":"Fetching URL: https://thecourseforum.com/course/GSVS/2050/All","logger":"task.stdout"}
{"timestamp":"2026-02-11T21:48:41.826275Z","level":"info","event":"Fetching URL: https://thecourseforum.com/course/GSVS/3150/All","logger":"task.stdout"}
{"timestamp":"2026-02-11T21:48:41.994505Z","level":"info","event":"Fetching URL: https://thecourseforum.com/course/GSVS/4991/All","logger":"task.stdout"}
{"timestamp":"2026-02-11T21:48:42.252290Z","level":"info","event":"Fetching URL: https://thecourseforum.com/course/GSVS/4993/All","logger":"task.stdout"}
{"timestamp":"2026-02-11T21:48:42.451939Z","level":"info","event":"Fetching URL: https://thecourseforum.com/course/HBIO/4820/All","logger":"task.stdout"}
{"timestamp":"2026-02-11T21:48:42.780245Z","level":"info","event":"Fetching URL: https://thecourseforum.com/course/HBIO/4960/All","logger":"task.stdout"}
{"timestamp":"2026-02-11T21:48:42.991915Z","level":"info","event":"Fetching URL: https://thecourseforum.com/course/HBIO/4999/All","logger":"task.stdout"}
{"timestamp":"2026-02-11T21:48:43.314406Z","level":"info","event":"Fetching URL: https://thecourseforum.com/course/HEBR/1020/All","logger":"task.stdout"}
{"timestamp":"2026-02-11T21:48:43.540790Z","level":"info","event":"Fetching URL: https://thecourseforum.com/course/HEBR/2020/All","logger":"task.stdout"}
{"timestamp":"2026-02-11T21:48:43.823939Z","level":"info","event":"Fetching URL: https://thecourseforum.com/course/HEBR/2420/All","logger":"task.stdout"}
{"timestamp":"2026-02-11T21:48:44.013495Z","level":"info","event":"Fetching URL: https://thecourseforum.com/course/HEBR/4993/All","logger":"task.stdout"}
{"timestamp":"2026-02-11T21:48:44.326596Z","level":"info","event":"Fetching URL: https://thecourseforum.com/course/HIAF/1559/All","logger":"task.stdout"}
{"timestamp":"2026-02-11T21:48:44.494167Z","level":"info","event":"Fetching URL: https://thecourseforum.com/course/HIAF/3051/All","logger":"task.stdout"}
{"timestamp":"2026-02-11T21:48:44.662641Z","level":"info","event":"Fetching URL: https://thecourseforum.com/course/HIAF/4260/All","logger":"task.stdout"}
{"timestamp":"2026-02-11T21:48:44.991807Z","level":"info","event":"Fetching URL: https://thecourseforum.com/course/HISA/1501/All","logger":"task.stdout"}
{"timestamp":"2026-02-11T21:48:45.418278Z","level":"info","event":"Fetching URL: https://thecourseforum.com/course/HISA/3003/All","logger":"task.stdout"}
{"timestamp":"2026-02-11T21:48:45.591713Z","level":"info","event":"Fetching URL: https://thecourseforum.com/course/HIST/1501/All","logger":"task.stdout"}
{"timestamp":"2026-02-11T21:48:45.937137Z","level":"info","event":"Fetching URL: https://thecourseforum.com/course/HIST/2014/All","logger":"task.stdout"}
{"timestamp":"2026-02-11T21:48:46.121509Z","level":"info","event":"Fetching URL: https://thecourseforum.com/course/HIST/2213/All","logger":"task.stdout"}
{"timestamp":"2026-02-11T21:48:46.456744Z","level":"info","event":"Fetching URL: https://thecourseforum.com/course/HIST/2214/All","logger":"task.stdout"}
{"timestamp":"2026-02-11T21:48:46.680145Z","level":"info","event":"Fetching URL: https://thecourseforum.com/course/HIST/2354/All","logger":"task.stdout"}
{"timestamp":"2026-02-11T21:48:46.984413Z","level":"info","event":"Fetching URL: https://thecourseforum.com/course/HIST/2559/All","logger":"task.stdout"}
{"timestamp":"2026-02-11T21:48:47.197357Z","level":"info","event":"Fetching URL: https://thecourseforum.com/course/HIST/3352/All","logger":"task.stdout"}
{"timestamp":"2026-02-11T21:48:47.508816Z","level":"info","event":"Fetching URL: https://thecourseforum.com/course/HIST/3501/All","logger":"task.stdout"}
{"timestamp":"2026-02-11T21:48:47.700377Z","level":"info","event":"Fetching URL: https://thecourseforum.com/course/HIST/3861/All","logger":"task.stdout"}
{"timestamp":"2026-02-11T21:48:48.029190Z","level":"info","event":"Fetching URL: https://thecourseforum.com/course/HIST/3910/All","logger":"task.stdout"}
{"timestamp":"2026-02-11T21:48:48.191396Z","level":"info","event":"Fetching URL: https://thecourseforum.com/course/HIST/4501/All","logger":"task.stdout"}
{"timestamp":"2026-02-11T21:48:48.565532Z","level":"info","event":"Fetching URL: https://thecourseforum.com/course/HIST/4991/All","logger":"task.stdout"}
{"timestamp":"2026-02-11T21:48:48.766165Z","level":"info","event":"Fetching URL: https://thecourseforum.com/course/HIST/4993/All","logger":"task.stdout"}
{"timestamp":"2026-02-11T21:48:49.081560Z","level":"info","event":"Fetching URL: https://thecourseforum.com/course/HIUS/1501/All","logger":"task.stdout"}
{"timestamp":"2026-02-11T21:48:49.274484Z","level":"info","event":"Fetching URL: https://thecourseforum.com/course/HIUS/2001/All","logger":"task.stdout"}
{"timestamp":"2026-02-11T21:48:49.621547Z","level":"info","event":"Fetching URL: https://thecourseforum.com/course/HIUS/2002/All","logger":"task.stdout"}
{"timestamp":"2026-02-11T21:48:49.821626Z","level":"info","event":"Fetching URL: https://thecourseforum.com/course/HIUS/2051/All","logger":"task.stdout"}
{"timestamp":"2026-02-11T21:48:50.171194Z","level":"info","event":"Fetching URL: https://thecourseforum.com/course/HIUS/2053/All","logger":"task.stdout"}
{"timestamp":"2026-02-11T21:48:50.356229Z","level":"info","event":"Fetching URL: https://thecourseforum.com/course/HIUS/2168/All","logger":"task.stdout"}
{"timestamp":"2026-02-11T21:48:50.669586Z","level":"info","event":"Fetching URL: https://thecourseforum.com/course/HIUS/2559/All","logger":"task.stdout"}
{"timestamp":"2026-02-11T21:48:50.838212Z","level":"info","event":"Fetching URL: https://thecourseforum.com/course/HIUS/3011/All","logger":"task.stdout"}
{"timestamp":"2026-02-11T21:48:51.185324Z","level":"info","event":"Fetching URL: https://thecourseforum.com/course/HIUS/3051/All","logger":"task.stdout"}
{"timestamp":"2026-02-11T21:48:51.447846Z","level":"info","event":"Fetching URL: https://thecourseforum.com/course/HIUS/3131/All","logger":"task.stdout"}
{"timestamp":"2026-02-11T21:48:51.695609Z","level":"info","event":"Fetching URL: https://thecourseforum.com/course/HIUS/3411/All","logger":"task.stdout"}
{"timestamp":"2026-02-11T21:48:51.892166Z","level":"info","event":"Fetching URL: https://thecourseforum.com/course/HIUS/3501/All","logger":"task.stdout"}
{"timestamp":"2026-02-11T21:48:52.218805Z","level":"info","event":"Fetching URL: https://thecourseforum.com/course/HIUS/3612/All","logger":"task.stdout"}
{"timestamp":"2026-02-11T21:48:52.447286Z","level":"info","event":"Fetching URL: https://thecourseforum.com/course/HIUS/3620/All","logger":"task.stdout"}
{"timestamp":"2026-02-11T21:48:52.744971Z","level":"info","event":"Fetching URL: https://thecourseforum.com/course/HIUS/4501/All","logger":"task.stdout"}
{"timestamp":"2026-02-11T21:48:53.808128Z","level":"info","event":"Fetching URL: https://thecourseforum.com/course/ISLS/3000/All","logger":"task.stdout"}
{"timestamp":"2026-02-11T21:48:53.992539Z","level":"info","event":"Fetching URL: https://thecourseforum.com/course/ISLS/3010/All","logger":"task.stdout"}
{"timestamp":"2026-02-11T21:48:54.318419Z","level":"info","event":"Fetching URL: https://thecourseforum.com/course/ISLS/3780/All","logger":"task.stdout"}
{"timestamp":"2026-02-11T21:48:54.491253Z","level":"info","event":"Fetching URL: https://thecourseforum.com/course/ISSS/3015/All","logger":"task.stdout"}
{"timestamp":"2026-02-11T21:48:54.586890Z","level":"info","event":"Fetching URL: https://thecourseforum.com/course/ISSS/3070/All","logger":"task.stdout"}
{"timestamp":"2026-02-11T21:48:54.845971Z","level":"info","event":"Fetching URL: https://thecourseforum.com/course/ISSS/3190/All","logger":"task.stdout"}
{"timestamp":"2026-02-11T21:48:56.123740Z","level":"info","event":"Fetching URL: https://thecourseforum.com/course/ISSS/3270/All","logger":"task.stdout"}
{"timestamp":"2026-02-11T21:48:56.363036Z","level":"info","event":"Fetching URL: https://thecourseforum.com/course/ISSS/3416/All","logger":"task.stdout"}
{"timestamp":"2026-02-11T21:48:57.582716Z","level":"info","event":"Fetching URL: https://thecourseforum.com/course/ISSS/3501/All","logger":"task.stdout"}
{"timestamp":"2026-02-11T21:48:58.741077Z","level":"info","event":"Fetching URL: https://thecourseforum.com/course/ISSS/3760/All","logger":"task.stdout"}
{"timestamp":"2026-02-11T21:48:59.044208Z","level":"info","event":"Fetching URL: https://thecourseforum.com/course/ISSS/3888/All","logger":"task.stdout"}
{"timestamp":"2026-02-11T21:48:59.216276Z","level":"info","event":"Fetching URL: https://thecourseforum.com/course/ISSS/4063/All","logger":"task.stdout"}
{"timestamp":"2026-02-11T21:49:00.614803Z","level":"info","event":"Fetching URL: https://thecourseforum.com/course/ISSS/4064/All","logger":"task.stdout"}
{"timestamp":"2026-02-11T21:49:01.857341Z","level":"info","event":"Fetching URL: https://thecourseforum.com/course/ISSS/4314/All","logger":"task.stdout"}
{"timestamp":"2026-02-11T21:49:02.283386Z","level":"info","event":"Fetching URL: https://thecourseforum.com/course/IT/3000/All","logger":"task.stdout"}
{"timestamp":"2026-02-11T21:49:02.699285Z","level":"info","event":"Fetching URL: https://thecourseforum.com/course/IT/3100/All","logger":"task.stdout"}
{"timestamp":"2026-02-11T21:49:02.899414Z","level":"info","event":"Fetching URL: https://thecourseforum.com/course/IT/3120/All","logger":"task.stdout"}
{"timestamp":"2026-02-11T21:49:03.236244Z","level":"info","event":"Fetching URL: https://thecourseforum.com/course/IT/3220/All","logger":"task.stdout"}
{"timestamp":"2026-02-11T21:49:03.421732Z","level":"info","event":"Fetching URL: https://thecourseforum.com/course/IT/3240/All","logger":"task.stdout"}
{"timestamp":"2026-02-11T21:49:03.761677Z","level":"info","event":"Fetching URL: https://thecourseforum.com/course/IT/3400/All","logger":"task.stdout"}
{"timestamp":"2026-02-11T21:49:03.925928Z","level":"info","event":"Fetching URL: https://thecourseforum.com/course/IT/3410/All","logger":"task.stdout"}
{"timestamp":"2026-02-11T21:49:04.240054Z","level":"info","event":"Fetching URL: https://thecourseforum.com/course/KLPA/1000/All","logger":"task.stdout"}
{"timestamp":"2026-02-11T21:49:04.472715Z","level":"info","event":"Fetching URL: https://thecourseforum.com/course/KLPA/1010/All","logger":"task.stdout"}
{"timestamp":"2026-02-11T21:49:04.911853Z","level":"info","event":"Fetching URL: https://thecourseforum.com/course/KLPA/1045/All","logger":"task.stdout"}
{"timestamp":"2026-02-11T21:49:05.088684Z","level":"info","event":"Fetching URL: https://thecourseforum.com/course/KLPA/1055/All","logger":"task.stdout"}
{"timestamp":"2026-02-11T21:49:05.408456Z","level":"info","event":"Fetching URL: https://thecourseforum.com/course/KLPA/1060/All","logger":"task.stdout"}
{"timestamp":"2026-02-11T21:49:05.580605Z","level":"info","event":"Fetching URL: https://thecourseforum.com/course/KLPA/1070/All","logger":"task.stdout"}
{"timestamp":"2026-02-11T21:49:06.913115Z","level":"info","event":"Fetching URL: https://thecourseforum.com/course/KLPA/1105/All","logger":"task.stdout"}
{"timestamp":"2026-02-11T21:49:07.096922Z","level":"info","event":"Fetching URL: https://thecourseforum.com/course/KLPA/1115/All","logger":"task.stdout"}
{"timestamp":"2026-02-11T21:49:07.439032Z","level":"info","event":"Fetching URL: https://thecourseforum.com/course/KLPA/1120/All","logger":"task.stdout"}
{"timestamp":"2026-02-11T21:49:07.594454Z","level":"info","event":"Fetching URL: https://thecourseforum.com/course/KLPA/1130/All","logger":"task.stdout"}
{"timestamp":"2026-02-11T21:49:07.752655Z","level":"info","event":"Fetching URL: https://thecourseforum.com/course/KLPA/1150/All","logger":"task.stdout"}
{"timestamp":"2026-02-11T21:49:08.079271Z","level":"info","event":"Fetching URL: https://thecourseforum.com/course/KLPA/1155/All","logger":"task.stdout"}
{"timestamp":"2026-02-11T21:49:08.236464Z","level":"info","event":"Fetching URL: https://thecourseforum.com/course/KLPA/1170/All","logger":"task.stdout"}
{"timestamp":"2026-02-11T21:49:08.490351Z","level":"info","event":"Fetching URL: https://thecourseforum.com/course/KLPA/1200/All","logger":"task.stdout"}
{"timestamp":"2026-02-11T21:49:08.646267Z","level":"info","event":"Fetching URL: https://thecourseforum.com/course/KLPA/1300/All","logger":"task.stdout"}
{"timestamp":"2026-02-11T21:49:08.963068Z","level":"info","event":"Fetching URL: https://thecourseforum.com/course/KLPA/1310/All","logger":"task.stdout"}
{"timestamp":"2026-02-11T21:49:09.129829Z","level":"info","event":"Fetching URL: https://thecourseforum.com/course/KLPA/1320/All","logger":"task.stdout"}
{"timestamp":"2026-02-11T21:49:09.293316Z","level":"info","event":"Fetching URL: https://thecourseforum.com/course/KLPA/1325/All","logger":"task.stdout"}
{"timestamp":"2026-02-11T21:49:09.533716Z","level":"info","event":"Fetching URL: https://thecourseforum.com/course/KLPA/1400/All","logger":"task.stdout"}
{"timestamp":"2026-02-11T21:49:09.705825Z","level":"info","event":"Fetching URL: https://thecourseforum.com/course/KLPA/1410/All","logger":"task.stdout"}
{"timestamp":"2026-02-11T21:49:10.064987Z","level":"info","event":"Fetching URL: https://thecourseforum.com/course/KLPA/1425/All","logger":"task.stdout"}
{"timestamp":"2026-02-11T21:49:10.228362Z","level":"info","event":"Fetching URL: https://thecourseforum.com/course/KLPA/1430/All","logger":"task.stdout"}
{"timestamp":"2026-02-11T21:49:10.535504Z","level":"info","event":"Fetching URL: https://thecourseforum.com/course/KLPA/1440/All","logger":"task.stdout"}
{"timestamp":"2026-02-11T21:49:11.756300Z","level":"info","event":"Fetching URL: https://thecourseforum.com/course/KLPA/1445/All","logger":"task.stdout"}
{"timestamp":"2026-02-11T21:49:11.930474Z","level":"info","event":"Fetching URL: https://thecourseforum.com/course/KLPA/1720/All","logger":"task.stdout"}
{"timestamp":"2026-02-11T21:49:12.373916Z","level":"info","event":"Fetching URL: https://thecourseforum.com/course/KLPA/1725/All","logger":"task.stdout"}
{"timestamp":"2026-02-11T21:49:12.691564Z","level":"info","event":"Fetching URL: https://thecourseforum.com/course/KLPA/1730/All","logger":"task.stdout"}
{"timestamp":"2026-02-11T21:49:13.857616Z","level":"info","event":"Fetching URL: https://thecourseforum.com/course/KLPA/1735/All","logger":"task.stdout"}
{"timestamp":"2026-02-11T21:49:14.019111Z","level":"info","event":"Fetching URL: https://thecourseforum.com/course/LPPL/2100/All","logger":"task.stdout"}
{"timestamp":"2026-02-11T21:49:15.298556Z","level":"info","event":"Fetching URL: https://thecourseforum.com/course/LPPL/2750/All","logger":"task.stdout"}
{"timestamp":"2026-02-11T21:49:15.463621Z","level":"info","event":"Fetching URL: https://thecourseforum.com/course/LPPL/3210/All","logger":"task.stdout"}
{"timestamp":"2026-02-11T21:49:15.774428Z","level":"info","event":"Fetching URL: https://thecourseforum.com/course/LPPL/3450/All","logger":"task.stdout"}
{"timestamp":"2026-02-11T21:49:15.944996Z","level":"info","event":"Fetching URL: https://thecourseforum.com/course/LPPL/4225/All","logger":"task.stdout"}
{"timestamp":"2026-02-11T21:49:16.120293Z","level":"info","event":"Fetching URL: https://thecourseforum.com/course/LPPL/4680/All","logger":"task.stdout"}
{"timestamp":"2026-02-11T21:49:16.440391Z","level":"info","event":"Fetching URL: https://thecourseforum.com/course/LPPP/2050/All","logger":"task.stdout"}
{"timestamp":"2026-02-11T21:49:16.628411Z","level":"info","event":"Fetching URL: https://thecourseforum.com/course/LPPP/2200/All","logger":"task.stdout"}
{"timestamp":"2026-02-11T21:49:16.874974Z","level":"info","event":"Fetching URL: https://thecourseforum.com/course/LPPP/3230/All","logger":"task.stdout"}
{"timestamp":"2026-02-11T21:49:17.067695Z","level":"info","event":"Fetching URL: https://thecourseforum.com/course/LPPP/3250/All","logger":"task.stdout"}
{"timestamp":"2026-02-11T21:49:17.386355Z","level":"info","event":"Fetching URL: https://thecourseforum.com/course/LPPP/3559/All","logger":"task.stdout"}
{"timestamp":"2026-02-11T21:49:18.573655Z","level":"info","event":"Fetching URL: https://thecourseforum.com/course/LPPP/4991/All","logger":"task.stdout"}
{"timestamp":"2026-02-11T21:49:18.752376Z","level":"info","event":"Fetching URL: https://thecourseforum.com/course/LPPS/3040/All","logger":"task.stdout"}
{"timestamp":"2026-02-11T21:49:19.084738Z","level":"info","event":"Fetching URL: https://thecourseforum.com/course/LPPS/3050/All","logger":"task.stdout"}
{"timestamp":"2026-02-11T21:49:19.254719Z","level":"info","event":"Fetching URL: https://thecourseforum.com/course/LPPS/3150/All","logger":"task.stdout"}
{"timestamp":"2026-02-11T21:49:20.539317Z","level":"info","event":"Fetching URL: https://thecourseforum.com/course/LPPS/3240/All","logger":"task.stdout"}
{"timestamp":"2026-02-11T21:49:21.078472Z","level":"info","event":"Fetching URL: https://thecourseforum.com/course/LPPS/3280/All","logger":"task.stdout"}
{"timestamp":"2026-02-11T21:49:21.264652Z","level":"info","event":"Fetching URL: https://thecourseforum.com/course/LPPS/3350/All","logger":"task.stdout"}
{"timestamp":"2026-02-11T21:49:21.600944Z","level":"info","event":"Fetching URL: https://thecourseforum.com/course/LPPS/3390/All","logger":"task.stdout"}
{"timestamp":"2026-02-11T21:49:21.765133Z","level":"info","event":"Fetching URL: https://thecourseforum.com/course/LPPS/3440/All","logger":"task.stdout"}
{"timestamp":"2026-02-11T21:49:22.073071Z","level":"info","event":"Fetching URL: https://thecourseforum.com/course/LPPS/4260/All","logger":"task.stdout"}
{"timestamp":"2026-02-11T21:49:22.237139Z","level":"info","event":"Fetching URL: https://thecourseforum.com/course/LPPS/4270/All","logger":"task.stdout"}
{"timestamp":"2026-02-11T21:49:22.403696Z","level":"info","event":"Fetching URL: https://thecourseforum.com/course/LPPS/4320/All","logger":"task.stdout"}
{"timestamp":"2026-02-11T21:49:22.646140Z","level":"info","event":"Fetching URL: https://thecourseforum.com/course/LPPS/4620/All","logger":"task.stdout"}
{"timestamp":"2026-02-11T21:49:22.736440Z","level":"info","event":"Fetching URL: https://thecourseforum.com/course/LPPS/4730/All","logger":"task.stdout"}
{"timestamp":"2026-02-11T21:49:22.894603Z","level":"info","event":"Fetching URL: https://thecourseforum.com/course/MAE/2330/All","logger":"task.stdout"}
{"timestamp":"2026-02-11T21:49:23.178630Z","level":"info","event":"Fetching URL: https://thecourseforum.com/course/MAE/3010/All","logger":"task.stdout"}
{"timestamp":"2026-02-11T21:49:23.360209Z","level":"info","event":"Fetching URL: https://thecourseforum.com/course/MAE/3140/All","logger":"task.stdout"}
{"timestamp":"2026-02-11T21:49:23.700198Z","level":"info","event":"Fetching URL: https://thecourseforum.com/course/MAE/3220/All","logger":"task.stdout"}
{"timestamp":"2026-02-11T21:49:23.878942Z","level":"info","event":"Fetching URL: https://thecourseforum.com/course/MAE/3420/All","logger":"task.stdout"}
{"timestamp":"2026-02-11T21:49:24.215729Z","level":"info","event":"Fetching URL: https://thecourseforum.com/course/MAE/3620/All","logger":"task.stdout"}
{"timestamp":"2026-02-11T21:49:24.386895Z","level":"info","event":"Fetching URL: https://thecourseforum.com/course/MAE/3730/All","logger":"task.stdout"}
{"timestamp":"2026-02-11T21:49:24.714457Z","level":"info","event":"Fetching URL: https://thecourseforum.com/course/MAE/3820/All","logger":"task.stdout"}
{"timestamp":"2026-02-11T21:49:25.904922Z","level":"info","event":"Fetching URL: https://thecourseforum.com/course/MAE/3840/All","logger":"task.stdout"}
{"timestamp":"2026-02-11T21:49:27.084627Z","level":"info","event":"Fetching URL: https://thecourseforum.com/course/MAE/4501/All","logger":"task.stdout"}
{"timestamp":"2026-02-11T21:49:28.420841Z","level":"info","event":"Fetching URL: https://thecourseforum.com/course/MAE/4502/All","logger":"task.stdout"}
{"timestamp":"2026-02-11T21:49:28.605145Z","level":"info","event":"Fetching URL: https://thecourseforum.com/course/MAE/4504/All","logger":"task.stdout"}
{"timestamp":"2026-02-11T21:49:29.767560Z","level":"info","event":"Fetching URL: https://thecourseforum.com/course/MAE/4512/All","logger":"task.stdout"}
{"timestamp":"2026-02-11T21:49:31.035017Z","level":"info","event":"Fetching URL: https://thecourseforum.com/course/MAE/4514/All","logger":"task.stdout"}
{"timestamp":"2026-02-11T21:49:31.275690Z","level":"info","event":"Fetching URL: https://thecourseforum.com/course/MAE/4620/All","logger":"task.stdout"}
{"timestamp":"2026-02-11T21:49:31.568977Z","level":"info","event":"Fetching URL: https://thecourseforum.com/course/MAE/4710/All","logger":"task.stdout"}
{"timestamp":"2026-02-11T21:49:31.832533Z","level":"info","event":"Fetching URL: https://thecourseforum.com/course/MAE/4730/All","logger":"task.stdout"}
{"timestamp":"2026-02-11T21:49:32.083574Z","level":"info","event":"Fetching URL: https://thecourseforum.com/course/MAE/4800/All","logger":"task.stdout"}
{"timestamp":"2026-02-11T21:49:32.249661Z","level":"info","event":"Fetching URL: https://thecourseforum.com/course/MAE/1501/All","logger":"task.stdout"}
{"timestamp":"2026-02-11T21:49:33.417490Z","level":"info","event":"Fetching URL: https://thecourseforum.com/course/MAE/2040/All","logger":"task.stdout"}
{"timestamp":"2026-02-11T21:49:33.660821Z","level":"info","event":"Fetching URL: https://thecourseforum.com/course/MAE/2100/All","logger":"task.stdout"}
{"timestamp":"2026-02-11T21:49:34.889457Z","level":"info","event":"Fetching URL: https://thecourseforum.com/course/MAE/2300/All","logger":"task.stdout"}
{"timestamp":"2026-02-11T21:49:35.241741Z","level":"info","event":"Fetching URL: https://thecourseforum.com/course/MAE/2310/All","logger":"task.stdout"}
{"timestamp":"2026-02-11T21:49:35.427094Z","level":"info","event":"Fetching URL: https://thecourseforum.com/course/MAE/2320/All","logger":"task.stdout"}
{"timestamp":"2026-02-11T21:49:35.760267Z","level":"info","event":"Fetching URL: https://thecourseforum.com/course/MATH/1310/All","logger":"task.stdout"}
{"timestamp":"2026-02-11T21:49:36.068961Z","level":"info","event":"Fetching URL: https://thecourseforum.com/course/MATH/1320/All","logger":"task.stdout"}
{"timestamp":"2026-02-11T21:49:36.574356Z","level":"info","event":"Fetching URL: https://thecourseforum.com/course/MATH/2310/All","logger":"task.stdout"}
{"timestamp":"2026-02-11T21:49:37.056179Z","level":"info","event":"Fetching URL: https://thecourseforum.com/course/MATH/3000/All","logger":"task.stdout"}
{"timestamp":"2026-02-11T21:49:38.501167Z","level":"info","event":"Fetching URL: https://thecourseforum.com/course/MATH/3100/All","logger":"task.stdout"}
{"timestamp":"2026-02-11T21:49:38.888280Z","level":"info","event":"Fetching URL: https://thecourseforum.com/course/MATH/3250/All","logger":"task.stdout"}
{"timestamp":"2026-02-11T21:49:39.108298Z","level":"info","event":"Fetching URL: https://thecourseforum.com/course/MATH/3310/All","logger":"task.stdout"}
{"timestamp":"2026-02-11T21:49:39.445838Z","level":"info","event":"Fetching URL: https://thecourseforum.com/course/MATH/3315/All","logger":"task.stdout"}
{"timestamp":"2026-02-11T21:49:39.621387Z","level":"info","event":"Fetching URL: https://thecourseforum.com/course/MATH/3340/All","logger":"task.stdout"}
{"timestamp":"2026-02-11T21:49:39.966274Z","level":"info","event":"Fetching URL: https://thecourseforum.com/course/MATH/3350/All","logger":"task.stdout"}
{"timestamp":"2026-02-11T21:49:40.227866Z","level":"info","event":"Fetching URL: https://thecourseforum.com/course/MATH/3351/All","logger":"task.stdout"}
{"timestamp":"2026-02-11T21:49:41.544106Z","level":"info","event":"Fetching URL: https://thecourseforum.com/course/MATH/3354/All","logger":"task.stdout"}
{"timestamp":"2026-02-11T21:49:41.756472Z","level":"info","event":"Fetching URL: https://thecourseforum.com/course/MATH/4110/All","logger":"task.stdout"}
{"timestamp":"2026-02-11T21:49:42.996696Z","level":"info","event":"Fetching URL: https://thecourseforum.com/course/MATH/4140/All","logger":"task.stdout"}
{"timestamp":"2026-02-11T21:49:44.449907Z","level":"info","event":"Fetching URL: https://thecourseforum.com/course/MATH/4250/All","logger":"task.stdout"}
{"timestamp":"2026-02-11T21:49:44.631591Z","level":"info","event":"Fetching URL: https://thecourseforum.com/course/MATH/4330/All","logger":"task.stdout"}
{"timestamp":"2026-02-11T21:49:44.954432Z","level":"info","event":"Fetching URL: https://thecourseforum.com/course/MATH/4651/All","logger":"task.stdout"}
{"timestamp":"2026-02-11T21:49:45.248025Z","level":"info","event":"Fetching URL: https://thecourseforum.com/course/MATH/4652/All","logger":"task.stdout"}
{"timestamp":"2026-02-11T21:49:45.589699Z","level":"info","event":"Fetching URL: https://thecourseforum.com/course/MATH/4840/All","logger":"task.stdout"}
{"timestamp":"2026-02-11T21:49:45.761847Z","level":"info","event":"Fetching URL: https://thecourseforum.com/course/MATH/1110/All","logger":"task.stdout"}
{"timestamp":"2026-02-11T21:49:47.049983Z","level":"info","event":"Fetching URL: https://thecourseforum.com/course/MATH/1140/All","logger":"task.stdout"}
{"timestamp":"2026-02-11T21:49:47.256264Z","level":"info","event":"Fetching URL: https://thecourseforum.com/course/MATH/1160/All","logger":"task.stdout"}
{"timestamp":"2026-02-11T21:49:47.578828Z","level":"info","event":"Fetching URL: https://thecourseforum.com/course/MATH/1190/All","logger":"task.stdout"}
{"timestamp":"2026-02-11T21:49:47.780143Z","level":"info","event":"Fetching URL: https://thecourseforum.com/course/MATH/1210/All","logger":"task.stdout"}
{"timestamp":"2026-02-11T21:49:48.163421Z","level":"info","event":"Fetching URL: https://thecourseforum.com/course/MATH/4901/All","logger":"task.stdout"}
{"timestamp":"2026-02-11T21:49:49.394162Z","level":"info","event":"Fetching URL: https://thecourseforum.com/course/MATH/4993/All","logger":"task.stdout"}
{"timestamp":"2026-02-11T21:49:49.676905Z","level":"info","event":"Fetching URL: https://thecourseforum.com/course/MATH/1220/All","logger":"task.stdout"}
{"timestamp":"2026-02-11T21:49:51.191368Z","level":"info","event":"Fetching URL: https://thecourseforum.com/course/MDST/2000/All","logger":"task.stdout"}
{"timestamp":"2026-02-11T21:49:52.495966Z","level":"info","event":"Fetching URL: https://thecourseforum.com/course/MDST/2305/All","logger":"task.stdout"}
{"timestamp":"2026-02-11T21:49:53.808652Z","level":"info","event":"Fetching URL: https://thecourseforum.com/course/MDST/2508/All","logger":"task.stdout"}
{"timestamp":"2026-02-11T21:49:53.990645Z","level":"info","event":"Fetching URL: https://thecourseforum.com/course/MDST/2690/All","logger":"task.stdout"}
{"timestamp":"2026-02-11T21:49:55.282546Z","level":"info","event":"Fetching URL: https://thecourseforum.com/course/MDST/2700/All","logger":"task.stdout"}
{"timestamp":"2026-02-11T21:49:55.465830Z","level":"info","event":"Fetching URL: https://thecourseforum.com/course/MDST/2727/All","logger":"task.stdout"}
{"timestamp":"2026-02-11T21:49:56.737716Z","level":"info","event":"Fetching URL: https://thecourseforum.com/course/MDST/2810/All","logger":"task.stdout"}
{"timestamp":"2026-02-11T21:49:56.925388Z","level":"info","event":"Fetching URL: https://thecourseforum.com/course/MDST/3050/All","logger":"task.stdout"}
{"timestamp":"2026-02-11T21:49:57.263510Z","level":"info","event":"Fetching URL: https://thecourseforum.com/course/MDST/3113/All","logger":"task.stdout"}
{"timestamp":"2026-02-11T21:49:57.430579Z","level":"info","event":"Fetching URL: https://thecourseforum.com/course/MDST/3154/All","logger":"task.stdout"}
{"timestamp":"2026-02-11T21:49:57.737765Z","level":"info","event":"Fetching URL: https://thecourseforum.com/course/MDST/3404/All","logger":"task.stdout"}
{"timestamp":"2026-02-11T21:49:57.983558Z","level":"info","event":"Fetching URL: https://thecourseforum.com/course/MDST/3490/All","logger":"task.stdout"}
{"timestamp":"2026-02-11T21:49:59.157328Z","level":"info","event":"Fetching URL: https://thecourseforum.com/course/MDST/3504/All","logger":"task.stdout"}
{"timestamp":"2026-02-11T21:49:59.477045Z","level":"info","event":"Fetching URL: https://thecourseforum.com/course/MDST/3508/All","logger":"task.stdout"}
{"timestamp":"2026-02-11T21:49:59.892874Z","level":"info","event":"Fetching URL: https://thecourseforum.com/course/MDST/3510/All","logger":"task.stdout"}
{"timestamp":"2026-02-11T21:50:00.444285Z","level":"info","event":"Fetching URL: https://thecourseforum.com/course/MDST/3559/All","logger":"task.stdout"}
{"timestamp":"2026-02-11T21:50:00.886243Z","level":"info","event":"Fetching URL: https://thecourseforum.com/course/MDST/3712/All","logger":"task.stdout"}
{"timestamp":"2026-02-11T21:50:02.156385Z","level":"info","event":"Fetching URL: https://thecourseforum.com/course/MDST/3760/All","logger":"task.stdout"}
{"timestamp":"2026-02-11T21:50:02.498104Z","level":"info","event":"Fetching URL: https://thecourseforum.com/course/MDST/3800/All","logger":"task.stdout"}
{"timestamp":"2026-02-11T21:50:02.718935Z","level":"info","event":"Fetching URL: https://thecourseforum.com/course/MDST/3811/All","logger":"task.stdout"}
{"timestamp":"2026-02-11T21:50:03.038622Z","level":"info","event":"Fetching URL: https://thecourseforum.com/course/MDST/3900/All","logger":"task.stdout"}
{"timestamp":"2026-02-11T21:50:04.210839Z","level":"info","event":"Fetching URL: https://thecourseforum.com/course/MDST/4000/All","logger":"task.stdout"}
{"timestamp":"2026-02-11T21:50:04.556970Z","level":"info","event":"Fetching URL: https://thecourseforum.com/course/MDST/4106/All","logger":"task.stdout"}
{"timestamp":"2026-02-11T21:50:04.737179Z","level":"info","event":"Fetching URL: https://thecourseforum.com/course/MDST/4510/All","logger":"task.stdout"}
{"timestamp":"2026-02-11T21:50:05.084145Z","level":"info","event":"Fetching URL: https://thecourseforum.com/course/MDST/4960/All","logger":"task.stdout"}
{"timestamp":"2026-02-11T21:50:05.315259Z","level":"info","event":"Fetching URL: https://thecourseforum.com/course/MDST/4980/All","logger":"task.stdout"}
{"timestamp":"2026-02-11T21:50:05.664099Z","level":"info","event":"Fetching URL: https://thecourseforum.com/course/MSE/3101/All","logger":"task.stdout"}
{"timestamp":"2026-02-11T21:50:05.840119Z","level":"info","event":"Fetching URL: https://thecourseforum.com/course/MSE/4210/All","logger":"task.stdout"}
{"timestamp":"2026-02-11T21:50:06.189248Z","level":"info","event":"Fetching URL: https://thecourseforum.com/course/MSE/4320/All","logger":"task.stdout"}
{"timestamp":"2026-02-11T21:50:06.347070Z","level":"info","event":"Fetching URL: https://thecourseforum.com/course/MSE/4592/All","logger":"task.stdout"}
{"timestamp":"2026-02-11T21:50:06.714943Z","level":"info","event":"Fetching URL: https://thecourseforum.com/course/MSE/4960/All","logger":"task.stdout"}
{"timestamp":"2026-02-11T21:50:07.009623Z","level":"info","event":"Fetching URL: https://thecourseforum.com/course/MSE/2090/All","logger":"task.stdout"}
{"timestamp":"2026-02-11T21:50:07.406766Z","level":"info","event":"Fetching URL: https://thecourseforum.com/course/MSE/2200/All","logger":"task.stdout"}
{"timestamp":"2026-02-11T21:50:07.711229Z","level":"info","event":"Fetching URL: https://thecourseforum.com/course/MSE/2500/All","logger":"task.stdout"}
{"timestamp":"2026-02-11T21:50:07.937223Z","level":"info","event":"Fetching URL: https://thecourseforum.com/course/MSE/3070/All","logger":"task.stdout"}
{"timestamp":"2026-02-11T21:50:08.248069Z","level":"info","event":"Fetching URL: https://thecourseforum.com/course/MSP/3501/All","logger":"task.stdout"}
{"timestamp":"2026-02-11T21:50:09.437074Z","level":"info","event":"Fetching URL: https://thecourseforum.com/course/MUBD/2601/All","logger":"task.stdout"}
{"timestamp":"2026-02-11T21:50:09.613269Z","level":"info","event":"Fetching URL: https://thecourseforum.com/course/MUEN/2600/All","logger":"task.stdout"}
{"timestamp":"2026-02-11T21:50:09.952251Z","level":"info","event":"Fetching URL: https://thecourseforum.com/course/MUEN/2690/All","logger":"task.stdout"}
{"timestamp":"2026-02-11T21:50:10.125073Z","level":"info","event":"Fetching URL: https://thecourseforum.com/course/MUEN/3600/All","logger":"task.stdout"}
{"timestamp":"2026-02-11T21:50:10.375740Z","level":"info","event":"Fetching URL: https://thecourseforum.com/course/MUEN/3610/All","logger":"task.stdout"}
{"timestamp":"2026-02-11T21:50:11.579274Z","level":"info","event":"Fetching URL: https://thecourseforum.com/course/MUEN/3620/All","logger":"task.stdout"}
{"timestamp":"2026-02-11T21:50:11.914268Z","level":"info","event":"Fetching URL: https://thecourseforum.com/course/MUEN/3630/All","logger":"task.stdout"}
{"timestamp":"2026-02-11T21:50:12.123516Z","level":"info","event":"Fetching URL: https://thecourseforum.com/course/MUEN/3631/All","logger":"task.stdout"}
{"timestamp":"2026-02-11T21:50:13.298196Z","level":"info","event":"Fetching URL: https://thecourseforum.com/course/MUEN/3645/All","logger":"task.stdout"}
{"timestamp":"2026-02-11T21:50:13.661926Z","level":"info","event":"Fetching URL: https://thecourseforum.com/course/MUEN/3646/All","logger":"task.stdout"}
{"timestamp":"2026-02-11T21:50:13.836844Z","level":"info","event":"Fetching URL: https://thecourseforum.com/course/MUEN/3650/All","logger":"task.stdout"}
{"timestamp":"2026-02-11T21:50:14.173592Z","level":"info","event":"Fetching URL: https://thecourseforum.com/course/MUEN/3651/All","logger":"task.stdout"}
{"timestamp":"2026-02-11T21:50:15.343467Z","level":"info","event":"Fetching URL: https://thecourseforum.com/course/MUEN/3670/All","logger":"task.stdout"}
{"timestamp":"2026-02-11T21:50:15.620153Z","level":"info","event":"Fetching URL: https://thecourseforum.com/course/MUEN/3660/All","logger":"task.stdout"}
{"timestamp":"2026-02-11T21:50:16.840291Z","level":"info","event":"Fetching URL: https://thecourseforum.com/course/MUEN/3690/All","logger":"task.stdout"}
{"timestamp":"2026-02-11T21:50:17.153531Z","level":"info","event":"Fetching URL: https://thecourseforum.com/course/MUEN/4690/All","logger":"task.stdout"}
{"timestamp":"2026-02-11T21:50:17.317932Z","level":"info","event":"Fetching URL: https://thecourseforum.com/course/MUPF/2141/All","logger":"task.stdout"}
{"timestamp":"2026-02-11T21:50:17.663937Z","level":"info","event":"Fetching URL: https://thecourseforum.com/course/MUPF/2150/All","logger":"task.stdout"}
{"timestamp":"2026-02-11T21:50:18.237004Z","level":"info","event":"Fetching URL: https://thecourseforum.com/course/MUPF/2151/All","logger":"task.stdout"}
{"timestamp":"2026-02-11T21:50:18.461231Z","level":"info","event":"Fetching URL: https://thecourseforum.com/course/MUPF/2160/All","logger":"task.stdout"}
{"timestamp":"2026-02-11T21:50:18.782012Z","level":"info","event":"Fetching URL: https://thecourseforum.com/course/MUPF/2161/All","logger":"task.stdout"}
{"timestamp":"2026-02-11T21:50:19.962543Z","level":"info","event":"Fetching URL: https://thecourseforum.com/course/MUPF/2170/All","logger":"task.stdout"}
{"timestamp":"2026-02-11T21:50:20.131100Z","level":"info","event":"Fetching URL: https://thecourseforum.com/course/MUPF/2171/All","logger":"task.stdout"}
{"timestamp":"2026-02-11T21:50:20.627611Z","level":"info","event":"Fetching URL: https://thecourseforum.com/course/MUPF/2180/All","logger":"task.stdout"}
{"timestamp":"2026-02-11T21:50:20.954847Z","level":"info","event":"Fetching URL: https://thecourseforum.com/course/MUPF/2181/All","logger":"task.stdout"}
{"timestamp":"2026-02-11T21:50:21.121877Z","level":"info","event":"Fetching URL: https://thecourseforum.com/course/MUPF/2210/All","logger":"task.stdout"}
{"timestamp":"2026-02-11T21:50:21.378598Z","level":"info","event":"Fetching URL: https://thecourseforum.com/course/MUPF/2211/All","logger":"task.stdout"}
{"timestamp":"2026-02-11T21:50:22.553579Z","level":"info","event":"Fetching URL: https://thecourseforum.com/course/MUPF/3110/All","logger":"task.stdout"}
{"timestamp":"2026-02-11T21:50:22.746044Z","level":"info","event":"Fetching URL: https://thecourseforum.com/course/MUPF/3120/All","logger":"task.stdout"}
{"timestamp":"2026-02-11T21:50:23.076302Z","level":"info","event":"Fetching URL: https://thecourseforum.com/course/MUPF/3140/All","logger":"task.stdout"}
{"timestamp":"2026-02-11T21:50:23.245308Z","level":"info","event":"Fetching URL: https://thecourseforum.com/course/MUPF/3150/All","logger":"task.stdout"}
{"timestamp":"2026-02-11T21:50:24.540919Z","level":"info","event":"Fetching URL: https://thecourseforum.com/course/MUPF/3160/All","logger":"task.stdout"}
{"timestamp":"2026-02-11T21:50:24.740053Z","level":"info","event":"Fetching URL: https://thecourseforum.com/course/MUPF/3170/All","logger":"task.stdout"}
{"timestamp":"2026-02-11T21:50:26.062781Z","level":"info","event":"Fetching URL: https://thecourseforum.com/course/MUPF/3180/All","logger":"task.stdout"}
{"timestamp":"2026-02-11T21:50:26.243755Z","level":"info","event":"Fetching URL: https://thecourseforum.com/course/MUPF/2110/All","logger":"task.stdout"}
{"timestamp":"2026-02-11T21:50:27.451465Z","level":"info","event":"Fetching URL: https://thecourseforum.com/course/MUPF/2111/All","logger":"task.stdout"}
{"timestamp":"2026-02-11T21:50:27.808116Z","level":"info","event":"Fetching URL: https://thecourseforum.com/course/MUPF/2120/All","logger":"task.stdout"}
{"timestamp":"2026-02-11T21:50:27.994303Z","level":"info","event":"Fetching URL: https://thecourseforum.com/course/MUPF/2121/All","logger":"task.stdout"}
{"timestamp":"2026-02-11T21:50:28.320005Z","level":"info","event":"Fetching URL: https://thecourseforum.com/course/MUPF/2130/All","logger":"task.stdout"}
{"timestamp":"2026-02-11T21:50:28.486379Z","level":"info","event":"Fetching URL: https://thecourseforum.com/course/MUPF/2131/All","logger":"task.stdout"}
{"timestamp":"2026-02-11T21:50:28.798754Z","level":"info","event":"Fetching URL: https://thecourseforum.com/course/MUPF/2140/All","logger":"task.stdout"}
{"timestamp":"2026-02-11T21:50:28.976669Z","level":"info","event":"Fetching URL: https://thecourseforum.com/course/MUPF/3960/All","logger":"task.stdout"}
{"timestamp":"2026-02-11T21:50:29.243351Z","level":"info","event":"Fetching URL: https://thecourseforum.com/course/MUPF/4940/All","logger":"task.stdout"}
{"timestamp":"2026-02-11T21:50:29.416723Z","level":"info","event":"Fetching URL: https://thecourseforum.com/course/MUPF/4960/All","logger":"task.stdout"}
{"timestamp":"2026-02-11T21:50:29.750785Z","level":"info","event":"Fetching URL: https://thecourseforum.com/course/MUSI/3332/All","logger":"task.stdout"}
{"timestamp":"2026-02-11T21:50:30.946813Z","level":"info","event":"Fetching URL: https://thecourseforum.com/course/MUSI/3334/All","logger":"task.stdout"}
{"timestamp":"2026-02-11T21:50:31.325815Z","level":"info","event":"Fetching URL: https://thecourseforum.com/course/MUSI/3374/All","logger":"task.stdout"}
{"timestamp":"2026-02-11T21:50:32.511903Z","level":"info","event":"Fetching URL: https://thecourseforum.com/course/MUSI/3380/All","logger":"task.stdout"}
{"timestamp":"2026-02-11T21:50:33.699123Z","level":"info","event":"Fetching URL: https://thecourseforum.com/course/MUSI/3400/All","logger":"task.stdout"}
{"timestamp":"2026-02-11T21:50:33.971461Z","level":"info","event":"Fetching URL: https://thecourseforum.com/course/MUSI/3559/All","logger":"task.stdout"}
{"timestamp":"2026-02-11T21:50:34.193449Z","level":"info","event":"Fetching URL: https://thecourseforum.com/course/MUSI/3993/All","logger":"task.stdout"}
{"timestamp":"2026-02-11T21:50:35.596260Z","level":"info","event":"Fetching URL: https://thecourseforum.com/course/MUSI/4090/All","logger":"task.stdout"}
{"timestamp":"2026-02-11T21:50:35.807648Z","level":"info","event":"Fetching URL: https://thecourseforum.com/course/MUSI/4410/All","logger":"task.stdout"}
{"timestamp":"2026-02-11T21:50:37.118223Z","level":"info","event":"Fetching URL: https://thecourseforum.com/course/MUSI/4559/All","logger":"task.stdout"}
{"timestamp":"2026-02-11T21:50:37.309418Z","level":"info","event":"Fetching URL: https://thecourseforum.com/course/MUSI/4582/All","logger":"task.stdout"}
{"timestamp":"2026-02-11T21:50:37.652818Z","level":"info","event":"Fetching URL: https://thecourseforum.com/course/MUSI/4610/All","logger":"task.stdout"}
{"timestamp":"2026-02-11T21:50:37.848880Z","level":"info","event":"Fetching URL: https://thecourseforum.com/course/MUSI/4760/All","logger":"task.stdout"}
{"timestamp":"2026-02-11T21:50:38.165912Z","level":"info","event":"Fetching URL: https://thecourseforum.com/course/MUSI/4950/All","logger":"task.stdout"}
{"timestamp":"2026-02-11T21:50:38.331775Z","level":"info","event":"Fetching URL: https://thecourseforum.com/course/MUSI/4993/All","logger":"task.stdout"}
{"timestamp":"2026-02-11T21:50:38.701579Z","level":"info","event":"Fetching URL: https://thecourseforum.com/course/MUSI/1310/All","logger":"task.stdout"}
{"timestamp":"2026-02-11T21:50:38.931357Z","level":"info","event":"Fetching URL: https://thecourseforum.com/course/MUSI/1620/All","logger":"task.stdout"}
{"timestamp":"2026-02-11T21:50:40.257484Z","level":"info","event":"Fetching URL: https://thecourseforum.com/course/MUSI/2021/All","logger":"task.stdout"}
{"timestamp":"2026-02-11T21:50:40.422252Z","level":"info","event":"Fetching URL: https://thecourseforum.com/course/MUSI/2070/All","logger":"task.stdout"}
{"timestamp":"2026-02-11T21:50:40.803014Z","level":"info","event":"Fetching URL: https://thecourseforum.com/course/MUSI/2072/All","logger":"task.stdout"}
{"timestamp":"2026-02-11T21:50:40.983100Z","level":"info","event":"Fetching URL: https://thecourseforum.com/course/MUSI/2110/All","logger":"task.stdout"}
{"timestamp":"2026-02-11T21:50:41.310984Z","level":"info","event":"Fetching URL: https://thecourseforum.com/course/MUSI/2150/All","logger":"task.stdout"}
{"timestamp":"2026-02-11T21:50:42.465885Z","level":"info","event":"Fetching URL: https://thecourseforum.com/course/MUSI/2302/All","logger":"task.stdout"}
{"timestamp":"2026-02-11T21:50:42.673684Z","level":"info","event":"Fetching URL: https://thecourseforum.com/course/MUSI/2304/All","logger":"task.stdout"}
{"timestamp":"2026-02-11T21:50:43.038277Z","level":"info","event":"Fetching URL: https://thecourseforum.com/course/MUSI/2307/All","logger":"task.stdout"}
{"timestamp":"2026-02-11T21:50:43.196602Z","level":"info","event":"Fetching URL: https://thecourseforum.com/course/MUSI/2311/All","logger":"task.stdout"}
{"timestamp":"2026-02-11T21:50:43.536804Z","level":"info","event":"Fetching URL: https://thecourseforum.com/course/MUSI/2340/All","logger":"task.stdout"}
{"timestamp":"2026-02-11T21:50:43.937384Z","level":"info","event":"Fetching URL: https://thecourseforum.com/course/MUSI/2342/All","logger":"task.stdout"}
{"timestamp":"2026-02-11T21:50:44.107355Z","level":"info","event":"Fetching URL: https://thecourseforum.com/course/MUSI/2600/All","logger":"task.stdout"}
{"timestamp":"2026-02-11T21:50:44.426892Z","level":"info","event":"Fetching URL: https://thecourseforum.com/course/MUSI/2993/All","logger":"task.stdout"}
{"timestamp":"2026-02-11T21:50:44.649015Z","level":"info","event":"Fetching URL: https://thecourseforum.com/course/MUSI/3050/All","logger":"task.stdout"}
{"timestamp":"2026-02-11T21:50:44.993118Z","level":"info","event":"Fetching URL: https://thecourseforum.com/course/MUSI/3065/All","logger":"task.stdout"}
{"timestamp":"2026-02-11T21:50:45.246231Z","level":"info","event":"Fetching URL: https://thecourseforum.com/course/MUSI/3307/All","logger":"task.stdout"}
{"timestamp":"2026-02-11T21:50:45.503148Z","level":"info","event":"Fetching URL: https://thecourseforum.com/course/MUSI/3310/All","logger":"task.stdout"}
{"timestamp":"2026-02-11T21:50:45.728936Z","level":"info","event":"Fetching URL: https://thecourseforum.com/course/MUSI/3320/All","logger":"task.stdout"}
{"timestamp":"2026-02-11T21:50:47.062126Z","level":"info","event":"Fetching URL: https://thecourseforum.com/course/NASC/1100/All","logger":"task.stdout"}
{"timestamp":"2026-02-11T21:50:47.233054Z","level":"info","event":"Fetching URL: https://thecourseforum.com/course/NASC/2200/All","logger":"task.stdout"}
{"timestamp":"2026-02-11T21:50:48.410444Z","level":"info","event":"Fetching URL: https://thecourseforum.com/course/NASC/3200/All","logger":"task.stdout"}
{"timestamp":"2026-02-11T21:50:48.658563Z","level":"info","event":"Fetching URL: https://thecourseforum.com/course/NASC/3630/All","logger":"task.stdout"}
{"timestamp":"2026-02-11T21:50:48.819181Z","level":"info","event":"Fetching URL: https://thecourseforum.com/course/NASC/4000/All","logger":"task.stdout"}
{"timestamp":"2026-02-11T21:50:49.220569Z","level":"info","event":"Fetching URL: https://thecourseforum.com/course/NASC/4200/All","logger":"task.stdout"}
{"timestamp":"2026-02-11T21:50:49.463534Z","level":"info","event":"Fetching URL: https://thecourseforum.com/course/NESC/3960/All","logger":"task.stdout"}
{"timestamp":"2026-02-11T21:50:49.966230Z","level":"info","event":"Fetching URL: https://thecourseforum.com/course/NESC/3985/All","logger":"task.stdout"}
{"timestamp":"2026-02-11T21:50:50.231642Z","level":"info","event":"Fetching URL: https://thecourseforum.com/course/NESC/3995/All","logger":"task.stdout"}
{"timestamp":"2026-02-11T21:50:50.467786Z","level":"info","event":"Fetching URL: https://thecourseforum.com/course/NESC/4030/All","logger":"task.stdout"}
{"timestamp":"2026-02-11T21:50:50.751430Z","level":"info","event":"Fetching URL: https://thecourseforum.com/course/NESC/4046/All","logger":"task.stdout"}
{"timestamp":"2026-02-11T21:50:50.907584Z","level":"info","event":"Fetching URL: https://thecourseforum.com/course/NESC/4980/All","logger":"task.stdout"}
{"timestamp":"2026-02-11T21:50:52.312101Z","level":"info","event":"Fetching URL: https://thecourseforum.com/course/NUCO/2440/All","logger":"task.stdout"}
{"timestamp":"2026-02-11T21:50:52.539538Z","level":"info","event":"Fetching URL: https://thecourseforum.com/course/NUCO/3310/All","logger":"task.stdout"}
{"timestamp":"2026-02-11T21:50:52.868937Z","level":"info","event":"Fetching URL: https://thecourseforum.com/course/NUCO/3610/All","logger":"task.stdout"}
{"timestamp":"2026-02-11T21:50:54.108515Z","level":"info","event":"Fetching URL: https://thecourseforum.com/course/NUCO/4056/All","logger":"task.stdout"}
{"timestamp":"2026-02-11T21:50:54.439721Z","level":"info","event":"Fetching URL: https://thecourseforum.com/course/NUCO/4210/All","logger":"task.stdout"}
{"timestamp":"2026-02-11T21:50:54.658746Z","level":"info","event":"Fetching URL: https://thecourseforum.com/course/NUCO/4310/All","logger":"task.stdout"}
{"timestamp":"2026-02-11T21:50:54.961177Z","level":"info","event":"Fetching URL: https://thecourseforum.com/course/NUCO/4440/All","logger":"task.stdout"}
{"timestamp":"2026-02-11T21:50:55.178885Z","level":"info","event":"Fetching URL: https://thecourseforum.com/course/NUCO/4450/All","logger":"task.stdout"}
{"timestamp":"2026-02-11T21:50:55.485860Z","level":"info","event":"Fetching URL: https://thecourseforum.com/course/NUCO/4559/All","logger":"task.stdout"}
{"timestamp":"2026-02-11T21:50:55.671869Z","level":"info","event":"Fetching URL: https://thecourseforum.com/course/NUCO/4710/All","logger":"task.stdout"}
{"timestamp":"2026-02-11T21:50:56.012345Z","level":"info","event":"Fetching URL: https://thecourseforum.com/course/NUCO/4720/All","logger":"task.stdout"}
{"timestamp":"2026-02-11T21:50:57.237744Z","level":"info","event":"Fetching URL: https://thecourseforum.com/course/NUCO/4730/All","logger":"task.stdout"}
{"timestamp":"2026-02-11T21:50:57.591914Z","level":"info","event":"Fetching URL: https://thecourseforum.com/course/NUCO/2220/All","logger":"task.stdout"}
{"timestamp":"2026-02-11T21:50:57.783441Z","level":"info","event":"Fetching URL: https://thecourseforum.com/course/NUIP/2070/All","logger":"task.stdout"}
{"timestamp":"2026-02-11T21:50:59.149507Z","level":"info","event":"Fetching URL: https://thecourseforum.com/course/NUIP/2080/All","logger":"task.stdout"}
{"timestamp":"2026-02-11T21:50:59.330013Z","level":"info","event":"Fetching URL: https://thecourseforum.com/course/NUIP/2250/All","logger":"task.stdout"}
{"timestamp":"2026-02-11T21:50:59.688225Z","level":"info","event":"Fetching URL: https://thecourseforum.com/course/NUIP/2311/All","logger":"task.stdout"}
{"timestamp":"2026-02-11T21:50:59.858554Z","level":"info","event":"Fetching URL: https://thecourseforum.com/course/NUIP/2430/All","logger":"task.stdout"}
{"timestamp":"2026-02-11T21:51:00.209074Z","level":"info","event":"Fetching URL: https://thecourseforum.com/course/NUIP/3230/All","logger":"task.stdout"}
{"timestamp":"2026-02-11T21:51:01.434791Z","level":"info","event":"Fetching URL: https://thecourseforum.com/course/NUIP/3311/All","logger":"task.stdout"}
{"timestamp":"2026-02-11T21:51:02.770449Z","level":"info","event":"Fetching URL: https://thecourseforum.com/course/NUIP/3420/All","logger":"task.stdout"}
{"timestamp":"2026-02-11T21:51:03.986929Z","level":"info","event":"Fetching URL: https://thecourseforum.com/course/NUIP/3430/All","logger":"task.stdout"}
{"timestamp":"2026-02-11T21:51:04.194228Z","level":"info","event":"Fetching URL: https://thecourseforum.com/course/NUIP/4006/All","logger":"task.stdout"}
{"timestamp":"2026-02-11T21:51:04.560751Z","level":"info","event":"Fetching URL: https://thecourseforum.com/course/NUIP/4430/All","logger":"task.stdout"}
{"timestamp":"2026-02-11T21:51:04.898355Z","level":"info","event":"Fetching URL: https://thecourseforum.com/course/NUIP/4420/All","logger":"task.stdout"}
{"timestamp":"2026-02-11T21:51:05.104057Z","level":"info","event":"Fetching URL: https://thecourseforum.com/course/NURS/3003/All","logger":"task.stdout"}
{"timestamp":"2026-02-11T21:51:05.457084Z","level":"info","event":"Fetching URL: https://thecourseforum.com/course/NURS/3005/All","logger":"task.stdout"}
{"timestamp":"2026-02-11T21:51:06.665192Z","level":"info","event":"Fetching URL: https://thecourseforum.com/course/NURS/3006/All","logger":"task.stdout"}
{"timestamp":"2026-02-11T21:51:06.992009Z","level":"info","event":"Fetching URL: https://thecourseforum.com/course/NURS/4006/All","logger":"task.stdout"}
{"timestamp":"2026-02-11T21:51:07.157644Z","level":"info","event":"Fetching URL: https://thecourseforum.com/course/NURS/4951/All","logger":"task.stdout"}
{"timestamp":"2026-02-11T21:51:07.503674Z","level":"info","event":"Fetching URL: https://thecourseforum.com/course/NURS/4993/All","logger":"task.stdout"}
{"timestamp":"2026-02-11T21:51:08.020886Z","level":"info","event":"Fetching URL: https://thecourseforum.com/course/PHIL/3330/All","logger":"task.stdout"}
{"timestamp":"2026-02-11T21:51:09.389446Z","level":"info","event":"Fetching URL: https://thecourseforum.com/course/PHIL/3500/All","logger":"task.stdout"}
{"timestamp":"2026-02-11T21:51:09.817342Z","level":"info","event":"Fetching URL: https://thecourseforum.com/course/PHIL/3520/All","logger":"task.stdout"}
{"timestamp":"2026-02-11T21:51:10.174074Z","level":"info","event":"Fetching URL: https://thecourseforum.com/course/PHIL/3640/All","logger":"task.stdout"}
{"timestamp":"2026-02-11T21:51:10.334930Z","level":"info","event":"Fetching URL: https://thecourseforum.com/course/PHIL/3720/All","logger":"task.stdout"}
{"timestamp":"2026-02-11T21:51:10.713201Z","level":"info","event":"Fetching URL: https://thecourseforum.com/course/PHIL/4993/All","logger":"task.stdout"}
{"timestamp":"2026-02-11T21:51:10.945156Z","level":"info","event":"Fetching URL: https://thecourseforum.com/course/PHIL/4995/All","logger":"task.stdout"}
{"timestamp":"2026-02-11T21:51:11.250861Z","level":"info","event":"Fetching URL: https://thecourseforum.com/course/PHIL/4999/All","logger":"task.stdout"}
{"timestamp":"2026-02-11T21:51:11.468648Z","level":"info","event":"Fetching URL: https://thecourseforum.com/course/PHIL/1410/All","logger":"task.stdout"}
{"timestamp":"2026-02-11T21:51:11.745718Z","level":"info","event":"Fetching URL: https://thecourseforum.com/course/PHIL/1510/All","logger":"task.stdout"}
{"timestamp":"2026-02-11T21:51:12.035640Z","level":"info","event":"Fetching URL: https://thecourseforum.com/course/PHIL/1730/All","logger":"task.stdout"}
{"timestamp":"2026-02-11T21:51:12.794623Z","level":"info","event":"Fetching URL: https://thecourseforum.com/course/PHIL/2060/All","logger":"task.stdout"}
{"timestamp":"2026-02-11T21:51:13.092583Z","level":"info","event":"Fetching URL: https://thecourseforum.com/course/PHIL/2120/All","logger":"task.stdout"}
{"timestamp":"2026-02-11T21:51:13.517711Z","level":"info","event":"Fetching URL: https://thecourseforum.com/course/PHIL/2350/All","logger":"task.stdout"}
{"timestamp":"2026-02-11T21:51:13.849083Z","level":"info","event":"Fetching URL: https://thecourseforum.com/course/PHIL/2500/All","logger":"task.stdout"}
{"timestamp":"2026-02-11T21:51:14.126307Z","level":"info","event":"Fetching URL: https://thecourseforum.com/course/PHIL/2510/All","logger":"task.stdout"}
{"timestamp":"2026-02-11T21:51:14.453893Z","level":"info","event":"Fetching URL: https://thecourseforum.com/course/PHIL/2660/All","logger":"task.stdout"}
{"timestamp":"2026-02-11T21:51:14.670526Z","level":"info","event":"Fetching URL: https://thecourseforum.com/course/PHIL/3160/All","logger":"task.stdout"}
{"timestamp":"2026-02-11T21:51:15.004948Z","level":"info","event":"Fetching URL: https://thecourseforum.com/course/PHIL/3310/All","logger":"task.stdout"}
{"timestamp":"2026-02-11T21:51:15.421043Z","level":"info","event":"Fetching URL: https://thecourseforum.com/course/PHS/3050/All","logger":"task.stdout"}
{"timestamp":"2026-02-11T21:51:15.611570Z","level":"info","event":"Fetching URL: https://thecourseforum.com/course/PHS/3102/All","logger":"task.stdout"}
{"timestamp":"2026-02-11T21:51:15.942012Z","level":"info","event":"Fetching URL: https://thecourseforum.com/course/PHS/3104/All","logger":"task.stdout"}
{"timestamp":"2026-02-11T21:51:16.121813Z","level":"info","event":"Fetching URL: https://thecourseforum.com/course/PHS/3825/All","logger":"task.stdout"}
{"timestamp":"2026-02-11T21:51:16.469952Z","level":"info","event":"Fetching URL: https://thecourseforum.com/course/PHS/4050/All","logger":"task.stdout"}
{"timestamp":"2026-02-11T21:51:16.643986Z","level":"info","event":"Fetching URL: https://thecourseforum.com/course/PHS/4991/All","logger":"task.stdout"}
{"timestamp":"2026-02-11T21:51:16.989698Z","level":"info","event":"Fetching URL: https://thecourseforum.com/course/PHYS/1010/All","logger":"task.stdout"}
{"timestamp":"2026-02-11T21:51:17.185622Z","level":"info","event":"Fetching URL: https://thecourseforum.com/course/PHYS/1060/All","logger":"task.stdout"}
{"timestamp":"2026-02-11T21:51:17.529912Z","level":"info","event":"Fetching URL: https://thecourseforum.com/course/PHYS/1420/All","logger":"task.stdout"}
{"timestamp":"2026-02-11T21:51:17.703739Z","level":"info","event":"Fetching URL: https://thecourseforum.com/course/PHYS/1425/All","logger":"task.stdout"}
{"timestamp":"2026-02-11T21:51:18.129195Z","level":"info","event":"Fetching URL: https://thecourseforum.com/course/PHYS/1429/All","logger":"task.stdout"}
{"timestamp":"2026-02-11T21:51:18.579357Z","level":"info","event":"Fetching URL: https://thecourseforum.com/course/PHYS/1655/All","logger":"task.stdout"}
{"timestamp":"2026-02-11T21:51:18.756873Z","level":"info","event":"Fetching URL: https://thecourseforum.com/course/PHYS/1660/All","logger":"task.stdout"}
{"timestamp":"2026-02-11T21:51:19.095739Z","level":"info","event":"Fetching URL: https://thecourseforum.com/course/PHYS/2020/All","logger":"task.stdout"}
{"timestamp":"2026-02-11T21:51:19.338034Z","level":"info","event":"Fetching URL: https://thecourseforum.com/course/PHYS/2040/All","logger":"task.stdout"}
{"timestamp":"2026-02-11T21:51:19.759992Z","level":"info","event":"Fetching URL: https://thecourseforum.com/course/PHYS/2415/All","logger":"task.stdout"}
{"timestamp":"2026-02-11T21:51:20.149047Z","level":"info","event":"Fetching URL: https://thecourseforum.com/course/PHYS/2419/All","logger":"task.stdout"}
{"timestamp":"2026-02-11T21:51:20.686744Z","level":"info","event":"Fetching URL: https://thecourseforum.com/course/PHYS/2620/All","logger":"task.stdout"}
{"timestamp":"2026-02-11T21:51:20.870408Z","level":"info","event":"Fetching URL: https://thecourseforum.com/course/PHYS/2720/All","logger":"task.stdout"}
{"timestamp":"2026-02-11T21:51:21.184213Z","level":"info","event":"Fetching URL: https://thecourseforum.com/course/PHYS/3040/All","logger":"task.stdout"}
{"timestamp":"2026-02-11T21:51:21.395300Z","level":"info","event":"Fetching URL: https://thecourseforum.com/course/PHYS/3120/All","logger":"task.stdout"}
{"timestamp":"2026-02-11T21:51:21.711266Z","level":"info","event":"Fetching URL: https://thecourseforum.com/course/PHYS/3140/All","logger":"task.stdout"}
{"timestamp":"2026-02-11T21:51:21.931079Z","level":"info","event":"Fetching URL: https://thecourseforum.com/course/PHYS/3180/All","logger":"task.stdout"}
{"timestamp":"2026-02-11T21:51:22.255068Z","level":"info","event":"Fetching URL: https://thecourseforum.com/course/PHYS/3250/All","logger":"task.stdout"}
{"timestamp":"2026-02-11T21:51:22.476873Z","level":"info","event":"Fetching URL: https://thecourseforum.com/course/PHYS/3340/All","logger":"task.stdout"}
{"timestamp":"2026-02-11T21:51:22.754518Z","level":"info","event":"Fetching URL: https://thecourseforum.com/course/PHYS/3420/All","logger":"task.stdout"}
{"timestamp":"2026-02-11T21:51:22.925524Z","level":"info","event":"Fetching URL: https://thecourseforum.com/course/PHYS/3620/All","logger":"task.stdout"}
{"timestamp":"2026-02-11T21:51:23.244852Z","level":"info","event":"Fetching URL: https://thecourseforum.com/course/PHYS/3660/All","logger":"task.stdout"}
{"timestamp":"2026-02-11T21:51:23.418401Z","level":"info","event":"Fetching URL: https://thecourseforum.com/course/PHYS/3993/All","logger":"task.stdout"}
{"timestamp":"2026-02-11T21:51:23.907286Z","level":"info","event":"Fetching URL: https://thecourseforum.com/course/PHYS/3995/All","logger":"task.stdout"}
{"timestamp":"2026-02-11T21:51:24.812032Z","level":"info","event":"Fetching URL: https://thecourseforum.com/course/PLCP/3500/All","logger":"task.stdout"}
{"timestamp":"2026-02-11T21:51:25.020351Z","level":"info","event":"Fetching URL: https://thecourseforum.com/course/PLCP/4150/All","logger":"task.stdout"}
{"timestamp":"2026-02-11T21:51:25.334369Z","level":"info","event":"Fetching URL: https://thecourseforum.com/course/PLCP/4201/All","logger":"task.stdout"}
{"timestamp":"2026-02-11T21:51:25.491702Z","level":"info","event":"Fetching URL: https://thecourseforum.com/course/PLCP/4270/All","logger":"task.stdout"}
{"timestamp":"2026-02-11T21:51:25.656540Z","level":"info","event":"Fetching URL: https://thecourseforum.com/course/PLCP/4280/All","logger":"task.stdout"}
{"timestamp":"2026-02-11T21:51:25.994222Z","level":"info","event":"Fetching URL: https://thecourseforum.com/course/PLCP/4500/All","logger":"task.stdout"}
{"timestamp":"2026-02-11T21:51:26.460449Z","level":"info","event":"Fetching URL: https://thecourseforum.com/course/PLCP/3150/All","logger":"task.stdout"}
{"timestamp":"2026-02-11T21:51:26.899491Z","level":"info","event":"Fetching URL: https://thecourseforum.com/course/PLIR/2020/All","logger":"task.stdout"}
{"timestamp":"2026-02-11T21:51:27.112383Z","level":"info","event":"Fetching URL: https://thecourseforum.com/course/PLIR/2030/All","logger":"task.stdout"}
{"timestamp":"2026-02-11T21:51:27.480388Z","level":"info","event":"Fetching URL: https://thecourseforum.com/course/PLIR/3080/All","logger":"task.stdout"}
{"timestamp":"2026-02-11T21:51:27.757158Z","level":"info","event":"Fetching URL: https://thecourseforum.com/course/PLIR/3500/All","logger":"task.stdout"}
{"timestamp":"2026-02-11T21:51:28.131056Z","level":"info","event":"Fetching URL: https://thecourseforum.com/course/PLIR/4150/All","logger":"task.stdout"}
{"timestamp":"2026-02-11T21:51:28.518371Z","level":"info","event":"Fetching URL: https://thecourseforum.com/course/PLIR/4380/All","logger":"task.stdout"}
{"timestamp":"2026-02-11T21:51:28.728014Z","level":"info","event":"Fetching URL: https://thecourseforum.com/course/PLIR/4410/All","logger":"task.stdout"}
{"timestamp":"2026-02-11T21:51:29.052038Z","level":"info","event":"Fetching URL: https://thecourseforum.com/course/PLIR/4431/All","logger":"task.stdout"}
{"timestamp":"2026-02-11T21:51:29.248377Z","level":"info","event":"Fetching URL: https://thecourseforum.com/course/PLIR/4500/All","logger":"task.stdout"}
{"timestamp":"2026-02-11T21:51:29.590451Z","level":"info","event":"Fetching URL: https://thecourseforum.com/course/PLIR/4990/All","logger":"task.stdout"}
{"timestamp":"2026-02-11T21:51:29.766473Z","level":"info","event":"Fetching URL: https://thecourseforum.com/course/PSYC/3490/All","logger":"task.stdout"}
{"timestamp":"2026-02-11T21:51:30.122002Z","level":"info","event":"Fetching URL: https://thecourseforum.com/course/PSYC/3160/All","logger":"task.stdout"}
{"timestamp":"2026-02-11T21:51:30.309485Z","level":"info","event":"Fetching URL: https://thecourseforum.com/course/PSYC/3200/All","logger":"task.stdout"}
{"timestamp":"2026-02-11T21:51:30.635890Z","level":"info","event":"Fetching URL: https://thecourseforum.com/course/PSYC/3500/All","logger":"task.stdout"}
{"timestamp":"2026-02-11T21:51:30.822278Z","level":"info","event":"Fetching URL: https://thecourseforum.com/course/PSYC/3560/All","logger":"task.stdout"}
{"timestamp":"2026-02-11T21:51:31.145747Z","level":"info","event":"Fetching URL: https://thecourseforum.com/course/PSYC/3310/All","logger":"task.stdout"}
{"timestamp":"2026-02-11T21:51:31.315577Z","level":"info","event":"Fetching URL: https://thecourseforum.com/course/PSYC/1020/All","logger":"task.stdout"}
{"timestamp":"2026-02-11T21:51:31.610684Z","level":"info","event":"Fetching URL: https://thecourseforum.com/course/PSYC/2005/All","logger":"task.stdout"}
{"timestamp":"2026-02-11T21:51:31.839170Z","level":"info","event":"Fetching URL: https://thecourseforum.com/course/PSYC/2150/All","logger":"task.stdout"}
{"timestamp":"2026-02-11T21:51:33.244202Z","level":"info","event":"Fetching URL: https://thecourseforum.com/course/PSYC/2200/All","logger":"task.stdout"}
{"timestamp":"2026-02-11T21:51:33.462796Z","level":"info","event":"Fetching URL: https://thecourseforum.com/course/PSYC/2410/All","logger":"task.stdout"}
{"timestamp":"2026-02-11T21:51:33.773074Z","level":"info","event":"Fetching URL: https://thecourseforum.com/course/PSYC/2600/All","logger":"task.stdout"}
{"timestamp":"2026-02-11T21:51:34.255366Z","level":"info","event":"Fetching URL: https://thecourseforum.com/course/PSYC/2700/All","logger":"task.stdout"}
{"timestamp":"2026-02-11T21:51:34.456594Z","level":"info","event":"Fetching URL: https://thecourseforum.com/course/PSYC/3006/All","logger":"task.stdout"}
{"timestamp":"2026-02-11T21:51:34.892786Z","level":"info","event":"Fetching URL: https://thecourseforum.com/course/PSYC/3415/All","logger":"task.stdout"}
{"timestamp":"2026-02-11T21:51:35.110609Z","level":"info","event":"Fetching URL: https://thecourseforum.com/course/PSYC/3420/All","logger":"task.stdout"}
{"timestamp":"2026-02-11T21:51:35.488678Z","level":"info","event":"Fetching URL: https://thecourseforum.com/course/PSYC/3440/All","logger":"task.stdout"}
{"timestamp":"2026-02-11T21:51:35.831933Z","level":"info","event":"Fetching URL: https://thecourseforum.com/course/PSYC/3445/All","logger":"task.stdout"}
{"timestamp":"2026-02-11T21:51:37.029336Z","level":"info","event":"Fetching URL: https://thecourseforum.com/course/PSYC/3590/All","logger":"task.stdout"}
{"timestamp":"2026-02-11T21:51:38.112443Z","level":"info","event":"Fetching URL: https://thecourseforum.com/course/PSYC/3990/All","logger":"task.stdout"}
{"timestamp":"2026-02-11T21:51:38.451779Z","level":"info","event":"Fetching URL: https://thecourseforum.com/course/PSYC/3991/All","logger":"task.stdout"}
{"timestamp":"2026-02-11T21:51:38.664380Z","level":"info","event":"Fetching URL: https://thecourseforum.com/course/PSYC/4100/All","logger":"task.stdout"}
{"timestamp":"2026-02-11T21:51:40.000684Z","level":"info","event":"Fetching URL: https://thecourseforum.com/course/PSYC/4110/All","logger":"task.stdout"}
{"timestamp":"2026-02-11T21:51:40.213871Z","level":"info","event":"Fetching URL: https://thecourseforum.com/course/PSYC/4200/All","logger":"task.stdout"}
{"timestamp":"2026-02-11T21:51:40.596940Z","level":"info","event":"Fetching URL: https://thecourseforum.com/course/PSYC/4310/All","logger":"task.stdout"}
{"timestamp":"2026-02-11T21:51:40.850160Z","level":"info","event":"Fetching URL: https://thecourseforum.com/course/PSYC/4500/All","logger":"task.stdout"}
{"timestamp":"2026-02-11T21:51:42.367028Z","level":"info","event":"Fetching URL: https://thecourseforum.com/course/PSYC/4580/All","logger":"task.stdout"}
{"timestamp":"2026-02-11T21:51:43.255374Z","level":"info","event":"Fetching URL: https://thecourseforum.com/course/PSYC/4640/All","logger":"task.stdout"}
{"timestamp":"2026-02-11T21:51:43.476201Z","level":"info","event":"Fetching URL: https://thecourseforum.com/course/PSYC/4645/All","logger":"task.stdout"}
{"timestamp":"2026-02-11T21:51:43.841878Z","level":"info","event":"Fetching URL: https://thecourseforum.com/course/PSYC/4980/All","logger":"task.stdout"}
{"timestamp":"2026-02-11T21:51:44.252123Z","level":"info","event":"Fetching URL: https://thecourseforum.com/course/PLPT/3500/All","logger":"task.stdout"}
{"timestamp":"2026-02-11T21:51:44.447625Z","level":"info","event":"Fetching URL: https://thecourseforum.com/course/PLPT/4110/All","logger":"task.stdout"}
{"timestamp":"2026-02-11T21:51:44.767128Z","level":"info","event":"Fetching URL: https://thecourseforum.com/course/PLPT/4500/All","logger":"task.stdout"}
{"timestamp":"2026-02-11T21:51:44.968958Z","level":"info","event":"Fetching URL: https://thecourseforum.com/course/PLPT/1010/All","logger":"task.stdout"}
{"timestamp":"2026-02-11T21:51:45.347745Z","level":"info","event":"Fetching URL: https://thecourseforum.com/course/PLPT/3020/All","logger":"task.stdout"}
{"timestamp":"2026-02-11T21:51:45.574687Z","level":"info","event":"Fetching URL: https://thecourseforum.com/course/PLPT/3050/All","logger":"task.stdout"}
{"timestamp":"2026-02-11T21:51:45.833101Z","level":"info","event":"Fetching URL: https://thecourseforum.com/course/PLPT/3220/All","logger":"task.stdout"}
{"timestamp":"2026-02-11T21:51:46.996017Z","level":"info","event":"Fetching URL: https://thecourseforum.com/course/POL/1220/All","logger":"task.stdout"}
{"timestamp":"2026-02-11T21:51:48.161952Z","level":"info","event":"Fetching URL: https://thecourseforum.com/course/POL/2220/All","logger":"task.stdout"}
{"timestamp":"2026-02-11T21:51:49.495218Z","level":"info","event":"Fetching URL: https://thecourseforum.com/course/PORT/2050/All","logger":"task.stdout"}
{"timestamp":"2026-02-11T21:51:49.659507Z","level":"info","event":"Fetching URL: https://thecourseforum.com/course/PORT/2120/All","logger":"task.stdout"}
{"timestamp":"2026-02-11T21:51:49.975119Z","level":"info","event":"Fetching URL: https://thecourseforum.com/course/PORT/4920/All","logger":"task.stdout"}
{"timestamp":"2026-02-11T21:51:50.144900Z","level":"info","event":"Fetching URL: https://thecourseforum.com/course/POTR/4240/All","logger":"task.stdout"}
{"timestamp":"2026-02-11T21:51:50.332593Z","level":"info","event":"Fetching URL: https://thecourseforum.com/course/PPL/4010/All","logger":"task.stdout"}
{"timestamp":"2026-02-11T21:51:50.661612Z","level":"info","event":"Fetching URL: https://thecourseforum.com/course/PSHM/3080/All","logger":"task.stdout"}
{"timestamp":"2026-02-11T21:51:50.833460Z","level":"info","event":"Fetching URL: https://thecourseforum.com/course/PSHM/3805/All","logger":"task.stdout"}
{"timestamp":"2026-02-11T21:51:52.102621Z","level":"info","event":"Fetching URL: https://thecourseforum.com/course/PSHM/4650/All","logger":"task.stdout"}
{"timestamp":"2026-02-11T21:51:52.289190Z","level":"info","event":"Fetching URL: https://thecourseforum.com/course/PSHM/4700/All","logger":"task.stdout"}
{"timestamp":"2026-02-11T21:51:52.612203Z","level":"info","event":"Fetching URL: https://thecourseforum.com/course/PSHM/4750/All","logger":"task.stdout"}
{"timestamp":"2026-02-11T21:51:52.792841Z","level":"info","event":"Fetching URL: https://thecourseforum.com/course/PST/4870/All","logger":"task.stdout"}
{"timestamp":"2026-02-11T21:51:53.169955Z","level":"info","event":"Fetching URL: https://thecourseforum.com/course/PST/4989/All","logger":"task.stdout"}
{"timestamp":"2026-02-11T21:51:53.354892Z","level":"info","event":"Fetching URL: https://thecourseforum.com/course/PST/4993/All","logger":"task.stdout"}
{"timestamp":"2026-02-11T21:51:53.705240Z","level":"info","event":"Fetching URL: https://thecourseforum.com/course/PST/4999/All","logger":"task.stdout"}
{"timestamp":"2026-02-11T21:51:53.901424Z","level":"info","event":"Fetching URL: https://thecourseforum.com/course/RELG/4900/All","logger":"task.stdout"}
{"timestamp":"2026-02-11T21:51:54.223456Z","level":"info","event":"Fetching URL: https://thecourseforum.com/course/RELG/1000/All","logger":"task.stdout"}
{"timestamp":"2026-02-11T21:51:54.412014Z","level":"info","event":"Fetching URL: https://thecourseforum.com/course/RELG/1040/All","logger":"task.stdout"}
{"timestamp":"2026-02-11T21:51:54.749492Z","level":"info","event":"Fetching URL: https://thecourseforum.com/course/RELG/1200/All","logger":"task.stdout"}
{"timestamp":"2026-02-11T21:51:54.916687Z","level":"info","event":"Fetching URL: https://thecourseforum.com/course/RELG/2210/All","logger":"task.stdout"}
{"timestamp":"2026-02-11T21:51:55.272253Z","level":"info","event":"Fetching URL: https://thecourseforum.com/course/RELG/2266/All","logger":"task.stdout"}
{"timestamp":"2026-02-11T21:51:55.448134Z","level":"info","event":"Fetching URL: https://thecourseforum.com/course/RELG/2300/All","logger":"task.stdout"}
{"timestamp":"2026-02-11T21:51:55.801551Z","level":"info","event":"Fetching URL: https://thecourseforum.com/course/RELG/2464/All","logger":"task.stdout"}
{"timestamp":"2026-02-11T21:51:55.997125Z","level":"info","event":"Fetching URL: https://thecourseforum.com/course/RELG/2495/All","logger":"task.stdout"}
{"timestamp":"2026-02-11T21:51:56.328139Z","level":"info","event":"Fetching URL: https://thecourseforum.com/course/RELG/2660/All","logger":"task.stdout"}
{"timestamp":"2026-02-11T21:51:57.414396Z","level":"info","event":"Fetching URL: https://thecourseforum.com/course/RELG/3559/All","logger":"task.stdout"}
{"timestamp":"2026-02-11T21:51:57.670162Z","level":"info","event":"Fetching URL: https://thecourseforum.com/course/RELG/3713/All","logger":"task.stdout"}
{"timestamp":"2026-02-11T21:51:58.348288Z","level":"info","event":"Fetching URL: https://thecourseforum.com/course/RELG/3730/All","logger":"task.stdout"}
{"timestamp":"2026-02-11T21:51:59.559084Z","level":"info","event":"Fetching URL: https://thecourseforum.com/course/RELG/4500/All","logger":"task.stdout"}
{"timestamp":"2026-02-11T21:51:59.761790Z","level":"info","event":"Fetching URL: https://thecourseforum.com/course/RELS/4995/All","logger":"task.stdout"}
{"timestamp":"2026-02-11T21:52:00.568519Z","level":"info","event":"Fetching URL: https://thecourseforum.com/course/SANS/4993/All","logger":"task.stdout"}
{"timestamp":"2026-02-11T21:52:01.812382Z","level":"info","event":"Fetching URL: https://thecourseforum.com/course/SANS/1020/All","logger":"task.stdout"}
{"timestamp":"2026-02-11T21:52:02.106097Z","level":"info","event":"Fetching URL: https://thecourseforum.com/course/SANS/3024/All","logger":"task.stdout"}
{"timestamp":"2026-02-11T21:52:02.724064Z","level":"info","event":"Fetching URL: https://thecourseforum.com/course/RELH/2090/All","logger":"task.stdout"}
{"timestamp":"2026-02-11T21:52:03.154514Z","level":"info","event":"Fetching URL: https://thecourseforum.com/course/RELH/3180/All","logger":"task.stdout"}
{"timestamp":"2026-02-11T21:52:04.355086Z","level":"info","event":"Fetching URL: https://thecourseforum.com/course/RELI/2085/All","logger":"task.stdout"}
{"timestamp":"2026-02-11T21:52:04.717478Z","level":"info","event":"Fetching URL: https://thecourseforum.com/course/RELI/3110/All","logger":"task.stdout"}
{"timestamp":"2026-02-11T21:52:04.917811Z","level":"info","event":"Fetching URL: https://thecourseforum.com/course/RELI/3200/All","logger":"task.stdout"}
{"timestamp":"2026-02-11T21:52:05.226812Z","level":"info","event":"Fetching URL: https://thecourseforum.com/course/RELJ/1210/All","logger":"task.stdout"}
{"timestamp":"2026-02-11T21:52:05.478656Z","level":"info","event":"Fetching URL: https://thecourseforum.com/course/RELJ/2040/All","logger":"task.stdout"}
{"timestamp":"2026-02-11T21:52:06.798166Z","level":"info","event":"Fetching URL: https://thecourseforum.com/course/RELJ/2420/All","logger":"task.stdout"}
{"timestamp":"2026-02-11T21:52:06.995840Z","level":"info","event":"Fetching URL: https://thecourseforum.com/course/RELJ/3052/All","logger":"task.stdout"}
{"timestamp":"2026-02-11T21:52:07.315062Z","level":"info","event":"Fetching URL: https://thecourseforum.com/course/RELJ/3310/All","logger":"task.stdout"}
{"timestamp":"2026-02-11T21:52:08.500739Z","level":"info","event":"Fetching URL: https://thecourseforum.com/course/RELJ/3708/All","logger":"task.stdout"}
{"timestamp":"2026-02-11T21:52:08.837474Z","level":"info","event":"Fetching URL: https://thecourseforum.com/course/RUSS/1020/All","logger":"task.stdout"}
{"timestamp":"2026-02-11T21:52:09.049148Z","level":"info","event":"Fetching URL: https://thecourseforum.com/course/RUSS/2020/All","logger":"task.stdout"}
{"timestamp":"2026-02-11T21:52:10.444387Z","level":"info","event":"Fetching URL: https://thecourseforum.com/course/RUSS/3000/All","logger":"task.stdout"}
{"timestamp":"2026-02-11T21:52:10.660876Z","level":"info","event":"Fetching URL: https://thecourseforum.com/course/RUSS/3020/All","logger":"task.stdout"}
{"timestamp":"2026-02-11T21:52:11.004708Z","level":"info","event":"Fetching URL: https://thecourseforum.com/course/RUSS/3030/All","logger":"task.stdout"}
{"timestamp":"2026-02-11T21:52:11.228942Z","level":"info","event":"Fetching URL: https://thecourseforum.com/course/RUSS/4020/All","logger":"task.stdout"}
{"timestamp":"2026-02-11T21:52:11.530259Z","level":"info","event":"Fetching URL: https://thecourseforum.com/course/RUTR/2470/All","logger":"task.stdout"}
{"timestamp":"2026-02-11T21:52:11.765681Z","level":"info","event":"Fetching URL: https://thecourseforum.com/course/RUTR/2730/All","logger":"task.stdout"}
{"timestamp":"2026-02-11T21:52:12.044261Z","level":"info","event":"Fetching URL: https://thecourseforum.com/course/RUTR/3360/All","logger":"task.stdout"}
{"timestamp":"2026-02-11T21:52:12.254452Z","level":"info","event":"Fetching URL: https://thecourseforum.com/course/RUTR/3500/All","logger":"task.stdout"}
{"timestamp":"2026-02-11T21:52:12.576258Z","level":"info","event":"Fetching URL: https://thecourseforum.com/course/SATR/2110/All","logger":"task.stdout"}
{"timestamp":"2026-02-11T21:52:12.849816Z","level":"info","event":"Fetching URL: https://thecourseforum.com/course/SATR/3000/All","logger":"task.stdout"}
{"timestamp":"2026-02-11T21:52:13.297095Z","level":"info","event":"Fetching URL: https://thecourseforum.com/course/SEC/3010/All","logger":"task.stdout"}
{"timestamp":"2026-02-11T21:52:13.611003Z","level":"info","event":"Fetching URL: https://thecourseforum.com/course/SEC/3040/All","logger":"task.stdout"}
{"timestamp":"2026-02-11T21:52:13.846140Z","level":"info","event":"Fetching URL: https://thecourseforum.com/course/SLAV/2360/All","logger":"task.stdout"}
{"timestamp":"2026-02-11T21:52:14.127012Z","level":"info","event":"Fetching URL: https://thecourseforum.com/course/SLAV/3993/All","logger":"task.stdout"}
{"timestamp":"2026-02-11T21:52:14.214365Z","level":"info","event":"Fetching URL: https://thecourseforum.com/course/SLFK/2120/All","logger":"task.stdout"}
{"timestamp":"2026-02-11T21:52:14.390495Z","level":"info","event":"Fetching URL: https://thecourseforum.com/course/SLTR/3200/All","logger":"task.stdout"}
{"timestamp":"2026-02-11T21:52:14.664798Z","level":"info","event":"Fetching URL: https://thecourseforum.com/course/SOC/4981/All","logger":"task.stdout"}
{"timestamp":"2026-02-11T21:52:14.887339Z","level":"info","event":"Fetching URL: https://thecourseforum.com/course/SOC/3020/All","logger":"task.stdout"}
{"timestamp":"2026-02-11T21:52:15.185796Z","level":"info","event":"Fetching URL: https://thecourseforum.com/course/SOC/3056/All","logger":"task.stdout"}
{"timestamp":"2026-02-11T21:52:15.411964Z","level":"info","event":"Fetching URL: https://thecourseforum.com/course/SOC/3130/All","logger":"task.stdout"}
{"timestamp":"2026-02-11T21:52:15.721228Z","level":"info","event":"Fetching URL: https://thecourseforum.com/course/SOC/3290/All","logger":"task.stdout"}
{"timestamp":"2026-02-11T21:52:15.917370Z","level":"info","event":"Fetching URL: https://thecourseforum.com/course/SOC/3820/All","logger":"task.stdout"}
{"timestamp":"2026-02-11T21:52:16.237501Z","level":"info","event":"Fetching URL: https://thecourseforum.com/course/SOC/3320/All","logger":"task.stdout"}
{"timestamp":"2026-02-11T21:52:16.417565Z","level":"info","event":"Fetching URL: https://thecourseforum.com/course/SOC/3410/All","logger":"task.stdout"}
{"timestamp":"2026-02-11T21:52:16.759296Z","level":"info","event":"Fetching URL: https://thecourseforum.com/course/SOC/3490/All","logger":"task.stdout"}
{"timestamp":"2026-02-11T21:52:16.931114Z","level":"info","event":"Fetching URL: https://thecourseforum.com/course/SOC/3559/All","logger":"task.stdout"}
{"timestamp":"2026-02-11T21:52:17.292497Z","level":"info","event":"Fetching URL: https://thecourseforum.com/course/SOC/4100/All","logger":"task.stdout"}
{"timestamp":"2026-02-11T21:52:17.474590Z","level":"info","event":"Fetching URL: https://thecourseforum.com/course/SOC/4400/All","logger":"task.stdout"}
{"timestamp":"2026-02-11T21:52:17.819253Z","level":"info","event":"Fetching URL: https://thecourseforum.com/course/SOC/4520/All","logger":"task.stdout"}
{"timestamp":"2026-02-11T21:52:18.016765Z","level":"info","event":"Fetching URL: https://thecourseforum.com/course/SOC/4530/All","logger":"task.stdout"}
{"timestamp":"2026-02-11T21:52:18.354545Z","level":"info","event":"Fetching URL: https://thecourseforum.com/course/SOC/4550/All","logger":"task.stdout"}
{"timestamp":"2026-02-11T21:52:18.840518Z","level":"info","event":"Fetching URL: https://thecourseforum.com/course/SOC/4559/All","logger":"task.stdout"}
{"timestamp":"2026-02-11T21:52:19.030185Z","level":"info","event":"Fetching URL: https://thecourseforum.com/course/SOC/4560/All","logger":"task.stdout"}
{"timestamp":"2026-02-11T21:52:19.352115Z","level":"info","event":"Fetching URL: https://thecourseforum.com/course/SOC/4970/All","logger":"task.stdout"}
{"timestamp":"2026-02-11T21:52:19.575015Z","level":"info","event":"Fetching URL: https://thecourseforum.com/course/SOC/1010/All","logger":"task.stdout"}
{"timestamp":"2026-02-11T21:52:19.915063Z","level":"info","event":"Fetching URL: https://thecourseforum.com/course/SOC/1220/All","logger":"task.stdout"}
{"timestamp":"2026-02-11T21:52:20.099791Z","level":"info","event":"Fetching URL: https://thecourseforum.com/course/SOC/2010/All","logger":"task.stdout"}
{"timestamp":"2026-02-11T21:52:20.430841Z","level":"info","event":"Fetching URL: https://thecourseforum.com/course/SOC/2052/All","logger":"task.stdout"}
{"timestamp":"2026-02-11T21:52:20.730951Z","level":"info","event":"Fetching URL: https://thecourseforum.com/course/SOC/2280/All","logger":"task.stdout"}
{"timestamp":"2026-02-11T21:52:21.129476Z","level":"info","event":"Fetching URL: https://thecourseforum.com/course/SOC/2320/All","logger":"task.stdout"}
{"timestamp":"2026-02-11T21:52:21.506146Z","level":"info","event":"Fetching URL: https://thecourseforum.com/course/SOC/2442/All","logger":"task.stdout"}
{"timestamp":"2026-02-11T21:52:21.978128Z","level":"info","event":"Fetching URL: https://thecourseforum.com/course/SOC/2595/All","logger":"task.stdout"}
{"timestamp":"2026-02-11T21:52:22.175151Z","level":"info","event":"Fetching URL: https://thecourseforum.com/course/SOC/2900/All","logger":"task.stdout"}
{"timestamp":"2026-02-11T21:52:22.503267Z","level":"info","event":"Fetching URL: https://thecourseforum.com/course/SPAN/1020/All","logger":"task.stdout"}
{"timestamp":"2026-02-11T21:52:22.725320Z","level":"info","event":"Fetching URL: https://thecourseforum.com/course/SPAN/1060/All","logger":"task.stdout"}
{"timestamp":"2026-02-11T21:52:23.067614Z","level":"info","event":"Fetching URL: https://thecourseforum.com/course/SPAN/2010/All","logger":"task.stdout"}
{"timestamp":"2026-02-11T21:52:23.600108Z","level":"info","event":"Fetching URL: https://thecourseforum.com/course/SPAN/4040/All","logger":"task.stdout"}
{"timestamp":"2026-02-11T21:52:23.830512Z","level":"info","event":"Fetching URL: https://thecourseforum.com/course/SPAN/4202/All","logger":"task.stdout"}
{"timestamp":"2026-02-11T21:52:24.126714Z","level":"info","event":"Fetching URL: https://thecourseforum.com/course/SPAN/4203/All","logger":"task.stdout"}
{"timestamp":"2026-02-11T21:52:24.305185Z","level":"info","event":"Fetching URL: https://thecourseforum.com/course/SPAN/4210/All","logger":"task.stdout"}
{"timestamp":"2026-02-11T21:52:24.637902Z","level":"info","event":"Fetching URL: https://thecourseforum.com/course/SPAN/4520/All","logger":"task.stdout"}
{"timestamp":"2026-02-11T21:52:24.848209Z","level":"info","event":"Fetching URL: https://thecourseforum.com/course/SPAN/4530/All","logger":"task.stdout"}
{"timestamp":"2026-02-11T21:52:25.167945Z","level":"info","event":"Fetching URL: https://thecourseforum.com/course/SPAN/4559/All","logger":"task.stdout"}
{"timestamp":"2026-02-11T21:52:25.349689Z","level":"info","event":"Fetching URL: https://thecourseforum.com/course/SPAN/4710/All","logger":"task.stdout"}
{"timestamp":"2026-02-11T21:52:25.728293Z","level":"info","event":"Fetching URL: https://thecourseforum.com/course/SPAN/4800/All","logger":"task.stdout"}
{"timestamp":"2026-02-11T21:52:25.983191Z","level":"info","event":"Fetching URL: https://thecourseforum.com/course/SPAN/4989/All","logger":"task.stdout"}
{"timestamp":"2026-02-11T21:52:26.352317Z","level":"info","event":"Fetching URL: https://thecourseforum.com/course/SPAN/2020/All","logger":"task.stdout"}
{"timestamp":"2026-02-11T21:52:26.904199Z","level":"info","event":"Fetching URL: https://thecourseforum.com/course/SPAN/3000/All","logger":"task.stdout"}
{"timestamp":"2026-02-11T21:52:27.265769Z","level":"info","event":"Fetching URL: https://thecourseforum.com/course/SPAN/3010/All","logger":"task.stdout"}
{"timestamp":"2026-02-11T21:52:27.723613Z","level":"info","event":"Fetching URL: https://thecourseforum.com/course/SPAN/3015/All","logger":"task.stdout"}
{"timestamp":"2026-02-11T21:52:27.891633Z","level":"info","event":"Fetching URL: https://thecourseforum.com/course/SPAN/3030/All","logger":"task.stdout"}
{"timestamp":"2026-02-11T21:52:28.246389Z","level":"info","event":"Fetching URL: https://thecourseforum.com/course/SPAN/3040/All","logger":"task.stdout"}
{"timestamp":"2026-02-11T21:52:28.472480Z","level":"info","event":"Fetching URL: https://thecourseforum.com/course/SPAN/3050/All","logger":"task.stdout"}
{"timestamp":"2026-02-11T21:52:28.803174Z","level":"info","event":"Fetching URL: https://thecourseforum.com/course/SPAN/3070/All","logger":"task.stdout"}
{"timestamp":"2026-02-11T21:52:28.983572Z","level":"info","event":"Fetching URL: https://thecourseforum.com/course/SPAN/3200/All","logger":"task.stdout"}
{"timestamp":"2026-02-11T21:52:29.332051Z","level":"info","event":"Fetching URL: https://thecourseforum.com/course/SPAN/3300/All","logger":"task.stdout"}
{"timestamp":"2026-02-11T21:52:29.585371Z","level":"info","event":"Fetching URL: https://thecourseforum.com/course/SPAN/3400/All","logger":"task.stdout"}
{"timestamp":"2026-02-11T21:52:29.876864Z","level":"info","event":"Fetching URL: https://thecourseforum.com/course/SPAN/3410/All","logger":"task.stdout"}
{"timestamp":"2026-02-11T21:52:30.097179Z","level":"info","event":"Fetching URL: https://thecourseforum.com/course/SPAN/3420/All","logger":"task.stdout"}
{"timestamp":"2026-02-11T21:52:30.409355Z","level":"info","event":"Fetching URL: https://thecourseforum.com/course/SPAN/3430/All","logger":"task.stdout"}
{"timestamp":"2026-02-11T21:52:30.606180Z","level":"info","event":"Fetching URL: https://thecourseforum.com/course/STAT/1100/All","logger":"task.stdout"}
{"timestamp":"2026-02-11T21:52:30.943905Z","level":"info","event":"Fetching URL: https://thecourseforum.com/course/STAT/1601/All","logger":"task.stdout"}
{"timestamp":"2026-02-11T21:52:31.183258Z","level":"info","event":"Fetching URL: https://thecourseforum.com/course/STAT/1602/All","logger":"task.stdout"}
{"timestamp":"2026-02-11T21:52:31.584796Z","level":"info","event":"Fetching URL: https://thecourseforum.com/course/STAT/2020/All","logger":"task.stdout"}
{"timestamp":"2026-02-11T21:52:32.001785Z","level":"info","event":"Fetching URL: https://thecourseforum.com/course/STAT/2120/All","logger":"task.stdout"}
{"timestamp":"2026-02-11T21:52:32.743512Z","level":"info","event":"Fetching URL: https://thecourseforum.com/course/STAT/3080/All","logger":"task.stdout"}
{"timestamp":"2026-02-11T21:52:33.052508Z","level":"info","event":"Fetching URL: https://thecourseforum.com/course/STAT/3110/All","logger":"task.stdout"}
{"timestamp":"2026-02-11T21:52:34.250311Z","level":"info","event":"Fetching URL: https://thecourseforum.com/course/STAT/3120/All","logger":"task.stdout"}
{"timestamp":"2026-02-11T21:52:34.714423Z","level":"info","event":"Fetching URL: https://thecourseforum.com/course/STAT/3220/All","logger":"task.stdout"}
{"timestamp":"2026-02-11T21:52:35.086796Z","level":"info","event":"Fetching URL: https://thecourseforum.com/course/STAT/3250/All","logger":"task.stdout"}
{"timestamp":"2026-02-11T21:52:36.356385Z","level":"info","event":"Fetching URL: https://thecourseforum.com/course/STAT/3280/All","logger":"task.stdout"}
{"timestamp":"2026-02-11T21:52:36.696693Z","level":"info","event":"Fetching URL: https://thecourseforum.com/course/STAT/3480/All","logger":"task.stdout"}
{"timestamp":"2026-02-11T21:52:36.874213Z","level":"info","event":"Fetching URL: https://thecourseforum.com/course/STAT/3559/All","logger":"task.stdout"}
{"timestamp":"2026-02-11T21:52:37.222218Z","level":"info","event":"Fetching URL: https://thecourseforum.com/course/STAT/4120/All","logger":"task.stdout"}
{"timestamp":"2026-02-11T21:52:37.401277Z","level":"info","event":"Fetching URL: https://thecourseforum.com/course/STAT/4160/All","logger":"task.stdout"}
{"timestamp":"2026-02-11T21:52:37.811099Z","level":"info","event":"Fetching URL: https://thecourseforum.com/course/STAT/4220/All","logger":"task.stdout"}
{"timestamp":"2026-02-11T21:52:39.014056Z","level":"info","event":"Fetching URL: https://thecourseforum.com/course/STAT/4993/All","logger":"task.stdout"}
{"timestamp":"2026-02-11T21:52:39.301195Z","level":"info","event":"Fetching URL: https://thecourseforum.com/course/STAT/4996/All","logger":"task.stdout"}
{"timestamp":"2026-02-11T21:52:40.504092Z","level":"info","event":"Fetching URL: https://thecourseforum.com/course/URDU/4993/All","logger":"task.stdout"}
{"timestamp":"2026-02-11T21:52:40.851774Z","level":"info","event":"Fetching URL: https://thecourseforum.com/course/URDU/2020/All","logger":"task.stdout"}
{"timestamp":"2026-02-11T21:52:41.046389Z","level":"info","event":"Fetching URL: https://thecourseforum.com/course/URDU/3050/All","logger":"task.stdout"}
{"timestamp":"2026-02-11T21:52:41.415721Z","level":"info","event":"Fetching URL: https://thecourseforum.com/course/WGS/3993/All","logger":"task.stdout"}
{"timestamp":"2026-02-11T21:52:42.719214Z","level":"info","event":"Fetching URL: https://thecourseforum.com/course/WGS/2100/All","logger":"task.stdout"}
{"timestamp":"2026-02-11T21:52:43.089896Z","level":"info","event":"Fetching URL: https://thecourseforum.com/course/WGS/2559/All","logger":"task.stdout"}
{"timestamp":"2026-02-11T21:52:43.479376Z","level":"info","event":"Fetching URL: https://thecourseforum.com/course/WGS/2600/All","logger":"task.stdout"}
{"timestamp":"2026-02-11T21:52:44.650976Z","level":"info","event":"Fetching URL: https://thecourseforum.com/course/WGS/2700/All","logger":"task.stdout"}
{"timestamp":"2026-02-11T21:52:45.835206Z","level":"info","event":"Fetching URL: https://thecourseforum.com/course/WGS/3100/All","logger":"task.stdout"}
{"timestamp":"2026-02-11T21:52:46.123523Z","level":"info","event":"Fetching URL: https://thecourseforum.com/course/WGS/3125/All","logger":"task.stdout"}
{"timestamp":"2026-02-11T21:52:46.287759Z","level":"info","event":"Fetching URL: https://thecourseforum.com/course/WGS/3150/All","logger":"task.stdout"}
{"timestamp":"2026-02-11T21:52:46.597586Z","level":"info","event":"Fetching URL: https://thecourseforum.com/course/WGS/3230/All","logger":"task.stdout"}
{"timestamp":"2026-02-11T21:52:46.767835Z","level":"info","event":"Fetching URL: https://thecourseforum.com/course/WGS/3500/All","logger":"task.stdout"}
{"timestamp":"2026-02-11T21:52:46.955365Z","level":"info","event":"Fetching URL: https://thecourseforum.com/course/WGS/3600/All","logger":"task.stdout"}
{"timestamp":"2026-02-11T21:52:47.273265Z","level":"info","event":"Fetching URL: https://thecourseforum.com/course/WGS/3612/All","logger":"task.stdout"}
{"timestamp":"2026-02-11T21:52:48.473299Z","level":"info","event":"Fetching URL: https://thecourseforum.com/course/WGS/3896/All","logger":"task.stdout"}
{"timestamp":"2026-02-11T21:52:48.688076Z","level":"info","event":"Fetching URL: https://thecourseforum.com/course/WGS/4500/All","logger":"task.stdout"}
{"timestamp":"2026-02-11T21:52:48.861637Z","level":"info","event":"Fetching URL: https://thecourseforum.com/course/WGS/4800/All","logger":"task.stdout"}
{"timestamp":"2026-02-11T21:52:50.050522Z","level":"info","event":"Fetching URL: https://thecourseforum.com/course/WGS/4820/All","logger":"task.stdout"}
{"timestamp":"2026-02-11T21:52:50.326479Z","level":"info","event":"Fetching URL: https://thecourseforum.com/course/WGS/4999/All","logger":"task.stdout"}
{"timestamp":"2026-02-11T21:52:50.505385Z","level":"info","event":"Fetching URL: https://thecourseforum.com/course/SYS/4053/All","logger":"task.stdout"}
{"timestamp":"2026-02-11T21:52:50.878323Z","level":"info","event":"Fetching URL: https://thecourseforum.com/course/SYS/2001/All","logger":"task.stdout"}
{"timestamp":"2026-02-11T21:52:51.144360Z","level":"info","event":"Fetching URL: https://thecourseforum.com/course/SYS/2202/All","logger":"task.stdout"}
{"timestamp":"2026-02-11T21:52:51.498815Z","level":"info","event":"Fetching URL: https://thecourseforum.com/course/SYS/2620/All","logger":"task.stdout"}
{"timestamp":"2026-02-11T21:52:51.687243Z","level":"info","event":"Fetching URL: https://thecourseforum.com/course/SYS/3034/All","logger":"task.stdout"}
{"timestamp":"2026-02-11T21:52:52.013357Z","level":"info","event":"Fetching URL: https://thecourseforum.com/course/SYS/3060/All","logger":"task.stdout"}
{"timestamp":"2026-02-11T21:52:53.217226Z","level":"info","event":"Fetching URL: https://thecourseforum.com/course/SYS/3062/All","logger":"task.stdout"}
{"timestamp":"2026-02-11T21:52:53.579932Z","level":"info","event":"Fetching URL: https://thecourseforum.com/course/SYS/4050/All","logger":"task.stdout"}
{"timestamp":"2026-02-11T21:52:53.781000Z","level":"info","event":"Fetching URL: https://thecourseforum.com/course/SYS/4054/All","logger":"task.stdout"}
{"timestamp":"2026-02-11T21:52:54.521271Z","level":"info","event":"Fetching URL: https://thecourseforum.com/course/SYS/4582/All","logger":"task.stdout"}
{"timestamp":"2026-02-11T21:52:55.724668Z","level":"info","event":"Fetching URL: https://thecourseforum.com/course/SYS/4995/All","logger":"task.stdout"}
{"timestamp":"2026-02-11T21:52:57.146809Z","level":"info","event":"Fetching URL: https://thecourseforum.com/course/STS/4600/All","logger":"task.stdout"}
{"timestamp":"2026-02-11T21:52:57.412331Z","level":"info","event":"Fetching URL: https://thecourseforum.com/course/STS/2050/All","logger":"task.stdout"}
{"timestamp":"2026-02-11T21:52:57.771438Z","level":"info","event":"Fetching URL: https://thecourseforum.com/course/STS/2600/All","logger":"task.stdout"}
{"timestamp":"2026-02-11T21:52:58.967926Z","level":"info","event":"Fetching URL: https://thecourseforum.com/course/STS/2620/All","logger":"task.stdout"}
{"timestamp":"2026-02-11T21:53:00.280241Z","level":"info","event":"Fetching URL: https://thecourseforum.com/course/STS/3020/All","logger":"task.stdout"}
{"timestamp":"2026-02-11T21:53:01.462950Z","level":"info","event":"Fetching URL: https://thecourseforum.com/course/STS/3300/All","logger":"task.stdout"}
{"timestamp":"2026-02-11T21:53:01.861123Z","level":"info","event":"Fetching URL: https://thecourseforum.com/course/STS/4500/All","logger":"task.stdout"}
{"timestamp":"2026-02-11T21:53:02.140490Z","level":"info","event":"Fetching URL: https://thecourseforum.com/course/SWAH/1020/All","logger":"task.stdout"}
{"timestamp":"2026-02-11T21:53:02.528442Z","level":"info","event":"Fetching URL: https://thecourseforum.com/course/SWAH/2020/All","logger":"task.stdout"}
{"timestamp":"2026-02-11T21:53:02.882392Z","level":"info","event":"Fetching URL: https://thecourseforum.com/course/ARH/1020/All","logger":"task.stdout"}
{"timestamp":"2026-02-11T21:53:04.153863Z","level":"info","event":"Fetching URL: https://thecourseforum.com/course/ARH/2702/All","logger":"task.stdout"}
{"timestamp":"2026-02-11T21:53:04.496226Z","level":"info","event":"Fetching URL: https://thecourseforum.com/course/ARH/3060/All","logger":"task.stdout"}
{"timestamp":"2026-02-11T21:53:04.670400Z","level":"info","event":"Fetching URL: https://thecourseforum.com/course/ARH/3403/All","logger":"task.stdout"}
{"timestamp":"2026-02-11T21:53:05.005128Z","level":"info","event":"Fetching URL: https://thecourseforum.com/course/ARH/3500/All","logger":"task.stdout"}
{"timestamp":"2026-02-11T21:53:06.200197Z","level":"info","event":"Fetching URL: https://thecourseforum.com/course/ARH/3604/All","logger":"task.stdout"}
{"timestamp":"2026-02-11T21:53:06.542200Z","level":"info","event":"Fetching URL: https://thecourseforum.com/course/ARH/4591/All","logger":"task.stdout"}
{"timestamp":"2026-02-11T21:53:06.744318Z","level":"info","event":"Fetching URL: https://thecourseforum.com/course/ARH/4993/All","logger":"task.stdout"}
{"timestamp":"2026-02-11T21:53:07.088079Z","level":"info","event":"Fetching URL: https://thecourseforum.com/course/ARH/4999/All","logger":"task.stdout"}
{"timestamp":"2026-02-11T21:53:08.322747Z","level":"info","event":"Fetching URL: https://thecourseforum.com/course/ASL/1020/All","logger":"task.stdout"}
{"timestamp":"2026-02-11T21:53:09.673795Z","level":"info","event":"Fetching URL: https://thecourseforum.com/course/ASL/2020/All","logger":"task.stdout"}
{"timestamp":"2026-02-11T21:53:10.894378Z","level":"info","event":"Fetching URL: https://thecourseforum.com/course/ASL/3015/All","logger":"task.stdout"}
{"timestamp":"2026-02-11T21:53:11.059636Z","level":"info","event":"Fetching URL: https://thecourseforum.com/course/ASL/3020/All","logger":"task.stdout"}
{"timestamp":"2026-02-11T21:53:11.374734Z","level":"info","event":"Fetching URL: https://thecourseforum.com/course/ASL/3460/All","logger":"task.stdout"}
{"timestamp":"2026-02-11T21:53:11.549322Z","level":"info","event":"Fetching URL: https://thecourseforum.com/course/ASL/3559/All","logger":"task.stdout"}
{"timestamp":"2026-02-11T21:53:11.818155Z","level":"info","event":"Fetching URL: https://thecourseforum.com/course/ASL/4450/All","logger":"task.stdout"}
{"timestamp":"2026-02-11T21:53:11.984282Z","level":"info","event":"Fetching URL: https://thecourseforum.com/course/ASL/4750/All","logger":"task.stdout"}
{"timestamp":"2026-02-11T21:53:12.292815Z","level":"info","event":"Fetching URL: https://thecourseforum.com/course/ASL/4993/All","logger":"task.stdout"}
{"timestamp":"2026-02-11T21:53:12.470440Z","level":"info","event":"Fetching URL: https://thecourseforum.com/course/CGBM/2110/All","logger":"task.stdout"}
{"timestamp":"2026-02-11T21:53:12.828091Z","level":"info","event":"Fetching URL: https://thecourseforum.com/course/CGBM/2210/All","logger":"task.stdout"}
{"timestamp":"2026-02-11T21:53:14.091988Z","level":"info","event":"Fetching URL: https://thecourseforum.com/course/CGBM/2310/All","logger":"task.stdout"}
{"timestamp":"2026-02-11T21:53:14.406896Z","level":"info","event":"Fetching URL: https://thecourseforum.com/course/CGBM/2710/All","logger":"task.stdout"}
{"timestamp":"2026-02-11T21:53:14.563968Z","level":"info","event":"Fetching URL: https://thecourseforum.com/course/CHE/1501/All","logger":"task.stdout"}
{"timestamp":"2026-02-11T21:53:15.654113Z","level":"info","event":"Fetching URL: https://thecourseforum.com/course/CHE/2202/All","logger":"task.stdout"}
{"timestamp":"2026-02-11T21:53:16.018592Z","level":"info","event":"Fetching URL: https://thecourseforum.com/course/CHE/2216/All","logger":"task.stdout"}
{"timestamp":"2026-02-11T21:53:16.187078Z","level":"info","event":"Fetching URL: https://thecourseforum.com/course/CHE/2595/All","logger":"task.stdout"}
{"timestamp":"2026-02-11T21:53:16.484008Z","level":"info","event":"Fetching URL: https://thecourseforum.com/course/CHE/3318/All","logger":"task.stdout"}
{"timestamp":"2026-02-11T21:53:16.648725Z","level":"info","event":"Fetching URL: https://thecourseforum.com/course/CHE/3322/All","logger":"task.stdout"}
{"timestamp":"2026-02-11T21:53:16.823411Z","level":"info","event":"Fetching URL: https://thecourseforum.com/course/CHE/3347/All","logger":"task.stdout"}
{"timestamp":"2026-02-11T21:53:17.138077Z","level":"info","event":"Fetching URL: https://thecourseforum.com/course/CHE/3398/All","logger":"task.stdout"}
{"timestamp":"2026-02-11T21:53:17.311302Z","level":"info","event":"Fetching URL: https://thecourseforum.com/course/CHE/4417/All","logger":"task.stdout"}
{"timestamp":"2026-02-11T21:53:17.626258Z","level":"info","event":"Fetching URL: https://thecourseforum.com/course/CHE/4442/All","logger":"task.stdout"}
{"timestamp":"2026-02-11T21:53:17.785491Z","level":"info","event":"Fetching URL: https://thecourseforum.com/course/CHE/4445/All","logger":"task.stdout"}
{"timestamp":"2026-02-11T21:53:18.087701Z","level":"info","event":"Fetching URL: https://thecourseforum.com/course/CHE/4456/All","logger":"task.stdout"}
{"timestamp":"2026-02-11T21:53:18.249923Z","level":"info","event":"Fetching URL: https://thecourseforum.com/course/CHE/4476/All","logger":"task.stdout"}
{"timestamp":"2026-02-11T21:53:18.416282Z","level":"info","event":"Fetching URL: https://thecourseforum.com/course/CHE/4561/All","logger":"task.stdout"}
{"timestamp":"2026-02-11T21:53:18.779697Z","level":"info","event":"Fetching URL: https://thecourseforum.com/course/CHE/4995/All","logger":"task.stdout"}
{"timestamp":"2026-02-11T21:53:19.191318Z","level":"info","event":"Fetching URL: https://thecourseforum.com/course/CHIN/1010/All","logger":"task.stdout"}
{"timestamp":"2026-02-11T21:53:19.422128Z","level":"info","event":"Fetching URL: https://thecourseforum.com/course/CHIN/1020/All","logger":"task.stdout"}
{"timestamp":"2026-02-11T21:53:19.817870Z","level":"info","event":"Fetching URL: https://thecourseforum.com/course/CHIN/2010/All","logger":"task.stdout"}
{"timestamp":"2026-02-11T21:53:20.161885Z","level":"info","event":"Fetching URL: https://thecourseforum.com/course/CHIN/2020/All","logger":"task.stdout"}
{"timestamp":"2026-02-11T21:53:20.383495Z","level":"info","event":"Fetching URL: https://thecourseforum.com/course/CHIN/2060/All","logger":"task.stdout"}
{"timestamp":"2026-02-11T21:53:20.721626Z","level":"info","event":"Fetching URL: https://thecourseforum.com/course/CHIN/3010/All","logger":"task.stdout"}
{"timestamp":"2026-02-11T21:53:21.927904Z","level":"info","event":"Fetching URL: https://thecourseforum.com/course/CHIN/3020/All","logger":"task.stdout"}
{"timestamp":"2026-02-11T21:53:22.264951Z","level":"info","event":"Fetching URL: https://thecourseforum.com/course/CHIN/3025/All","logger":"task.stdout"}
{"timestamp":"2026-02-11T21:53:22.438887Z","level":"info","event":"Fetching URL: https://thecourseforum.com/course/CHIN/4020/All","logger":"task.stdout"}
{"timestamp":"2026-02-11T21:53:23.624540Z","level":"info","event":"Fetching URL: https://thecourseforum.com/course/CHIN/4030/All","logger":"task.stdout"}
{"timestamp":"2026-02-11T21:53:23.883279Z","level":"info","event":"Fetching URL: https://thecourseforum.com/course/CHIN/4830/All","logger":"task.stdout"}
{"timestamp":"2026-02-11T21:53:24.049656Z","level":"info","event":"Fetching URL: https://thecourseforum.com/course/CHIN/4993/All","logger":"task.stdout"}
{"timestamp":"2026-02-11T21:53:25.434616Z","level":"info","event":"Fetching URL: https://thecourseforum.com/course/CHRK/1020/All","logger":"task.stdout"}
{"timestamp":"2026-02-11T21:53:25.529420Z","level":"info","event":"Fetching URL: https://thecourseforum.com/course/CHTR/2850/All","logger":"task.stdout"}
{"timestamp":"2026-02-11T21:53:25.695963Z","level":"info","event":"Fetching URL: https://thecourseforum.com/course/CHTR/3840/All","logger":"task.stdout"}
{"timestamp":"2026-02-11T21:53:25.979652Z","level":"info","event":"Fetching URL: https://thecourseforum.com/course/CHTR/4991/All","logger":"task.stdout"}
{"timestamp":"2026-02-11T21:53:26.193982Z","level":"info","event":"Fetching URL: https://thecourseforum.com/course/CREO/1020/All","logger":"task.stdout"}
{"timestamp":"2026-02-11T21:53:26.517478Z","level":"info","event":"Fetching URL: https://thecourseforum.com/course/CREO/2020/All","logger":"task.stdout"}
{"timestamp":"2026-02-11T21:53:26.740129Z","level":"info","event":"Fetching URL: https://thecourseforum.com/course/EALC/4999/All","logger":"task.stdout"}
{"timestamp":"2026-02-11T21:53:27.037098Z","level":"info","event":"Fetching URL: https://thecourseforum.com/course/EAST/1010/All","logger":"task.stdout"}
{"timestamp":"2026-02-11T21:53:27.256811Z","level":"info","event":"Fetching URL: https://thecourseforum.com/course/EAST/1200/All","logger":"task.stdout"}
{"timestamp":"2026-02-11T21:53:27.576615Z","level":"info","event":"Fetching URL: https://thecourseforum.com/course/EAST/4991/All","logger":"task.stdout"}
{"timestamp":"2026-02-11T21:53:27.789111Z","level":"info","event":"Fetching URL: https://thecourseforum.com/course/EAST/4999/All","logger":"task.stdout"}
{"timestamp":"2026-02-11T21:53:28.081735Z","level":"info","event":"Fetching URL: https://thecourseforum.com/course/EBUS/1800/All","logger":"task.stdout"}
{"timestamp":"2026-02-11T21:53:28.360912Z","level":"info","event":"Fetching URL: https://thecourseforum.com/course/EBUS/2730/All","logger":"task.stdout"}
{"timestamp":"2026-02-11T21:53:28.743967Z","level":"info","event":"Fetching URL: https://thecourseforum.com/course/EBUS/2830/All","logger":"task.stdout"}
{"timestamp":"2026-02-11T21:53:28.898160Z","level":"info","event":"Fetching URL: https://thecourseforum.com/course/EBUS/2850/All","logger":"task.stdout"}
{"timestamp":"2026-02-11T21:53:29.200391Z","level":"info","event":"Fetching URL: https://thecourseforum.com/course/EBUS/4700/All","logger":"task.stdout"}
{"timestamp":"2026-02-11T21:53:29.357272Z","level":"info","event":"Fetching URL: https://thecourseforum.com/course/EBUS/4810/All","logger":"task.stdout"}
{"timestamp":"2026-02-11T21:53:29.653974Z","level":"info","event":"Fetching URL: https://thecourseforum.com/course/ENGR/1020/All","logger":"task.stdout"}
{"timestamp":"2026-02-11T21:53:29.836356Z","level":"info","event":"Fetching URL: https://thecourseforum.com/course/ENGR/1420/All","logger":"task.stdout"}
{"timestamp":"2026-02-11T21:53:30.155340Z","level":"info","event":"Fetching URL: https://thecourseforum.com/course/ENGR/1501/All","logger":"task.stdout"}
{"timestamp":"2026-02-11T21:53:30.335934Z","level":"info","event":"Fetching URL: https://thecourseforum.com/course/ENGR/2500/All","logger":"task.stdout"}
{"timestamp":"2026-02-11T21:53:30.663925Z","level":"info","event":"Fetching URL: https://thecourseforum.com/course/ENGR/2595/All","logger":"task.stdout"}
{"timestamp":"2026-02-11T21:53:30.932965Z","level":"info","event":"Fetching URL: https://thecourseforum.com/course/ENGR/2993/All","logger":"task.stdout"}
{"timestamp":"2026-02-11T21:53:31.236400Z","level":"info","event":"Fetching URL: https://thecourseforum.com/course/ENGR/2995/All","logger":"task.stdout"}
{"timestamp":"2026-02-11T21:53:31.401063Z","level":"info","event":"Fetching URL: https://thecourseforum.com/course/ENGR/3580/All","logger":"task.stdout"}
{"timestamp":"2026-02-11T21:53:31.778153Z","level":"info","event":"Fetching URL: https://thecourseforum.com/course/ENGR/4595/All","logger":"task.stdout"}
{"timestamp":"2026-02-11T21:53:32.288393Z","level":"info","event":"Fetching URL: https://thecourseforum.com/course/ENGR/4880/All","logger":"task.stdout"}
{"timestamp":"2026-02-11T21:53:32.481923Z","level":"info","event":"Fetching URL: https://thecourseforum.com/course/GCCS/4991/All","logger":"task.stdout"}
{"timestamp":"2026-02-11T21:53:32.795836Z","level":"info","event":"Fetching URL: https://thecourseforum.com/course/GERM/1010/All","logger":"task.stdout"}
{"timestamp":"2026-02-11T21:53:33.000767Z","level":"info","event":"Fetching URL: https://thecourseforum.com/course/GERM/1020/All","logger":"task.stdout"}
{"timestamp":"2026-02-11T21:53:33.337288Z","level":"info","event":"Fetching URL: https://thecourseforum.com/course/GERM/2010/All","logger":"task.stdout"}
{"timestamp":"2026-02-11T21:53:33.545341Z","level":"info","event":"Fetching URL: https://thecourseforum.com/course/GERM/2020/All","logger":"task.stdout"}
{"timestamp":"2026-02-11T21:53:33.857267Z","level":"info","event":"Fetching URL: https://thecourseforum.com/course/GERM/3000/All","logger":"task.stdout"}
{"timestamp":"2026-02-11T21:53:34.055871Z","level":"info","event":"Fetching URL: https://thecourseforum.com/course/GERM/3230/All","logger":"task.stdout"}
{"timestamp":"2026-02-11T21:53:34.380793Z","level":"info","event":"Fetching URL: https://thecourseforum.com/course/GERM/3300/All","logger":"task.stdout"}
{"timestamp":"2026-02-11T21:53:34.553261Z","level":"info","event":"Fetching URL: https://thecourseforum.com/course/GERM/4600/All","logger":"task.stdout"}
{"timestamp":"2026-02-11T21:53:34.864660Z","level":"info","event":"Fetching URL: https://thecourseforum.com/course/GERM/4993/All","logger":"task.stdout"}
{"timestamp":"2026-02-11T21:53:35.053259Z","level":"info","event":"Fetching URL: https://thecourseforum.com/course/GERM/4999/All","logger":"task.stdout"}
{"timestamp":"2026-02-11T21:53:35.370170Z","level":"info","event":"Fetching URL: https://thecourseforum.com/course/GETR/3360/All","logger":"task.stdout"}
{"timestamp":"2026-02-11T21:53:35.471493Z","level":"info","event":"Fetching URL: https://thecourseforum.com/course/GETR/3372/All","logger":"task.stdout"}
{"timestamp":"2026-02-11T21:53:35.669586Z","level":"info","event":"Fetching URL: https://thecourseforum.com/course/GETR/3464/All","logger":"task.stdout"}
{"timestamp":"2026-02-11T21:53:35.937968Z","level":"info","event":"Fetching URL: https://thecourseforum.com/course/GETR/3470/All","logger":"task.stdout"}
{"timestamp":"2026-02-11T21:53:36.114787Z","level":"info","event":"Fetching URL: https://thecourseforum.com/course/GETR/3505/All","logger":"task.stdout"}
{"timestamp":"2026-02-11T21:53:36.481149Z","level":"info","event":"Fetching URL: https://thecourseforum.com/course/GETR/3590/All","logger":"task.stdout"}
{"timestamp":"2026-02-11T21:53:36.707300Z","level":"info","event":"Fetching URL: https://thecourseforum.com/course/HIEA/1501/All","logger":"task.stdout"}
{"timestamp":"2026-02-11T21:53:36.993914Z","level":"info","event":"Fetching URL: https://thecourseforum.com/course/HIEA/2101/All","logger":"task.stdout"}
{"timestamp":"2026-02-11T21:53:37.174137Z","level":"info","event":"Fetching URL: https://thecourseforum.com/course/HIEA/3171/All","logger":"task.stdout"}
{"timestamp":"2026-02-11T21:53:37.490125Z","level":"info","event":"Fetching URL: https://thecourseforum.com/course/HIEA/3559/All","logger":"task.stdout"}
{"timestamp":"2026-02-11T21:53:37.758845Z","level":"info","event":"Fetching URL: https://thecourseforum.com/course/HIEA/4501/All","logger":"task.stdout"}
{"timestamp":"2026-02-11T21:53:38.040288Z","level":"info","event":"Fetching URL: https://thecourseforum.com/course/HIEU/1501/All","logger":"task.stdout"}
{"timestamp":"2026-02-11T21:53:38.229490Z","level":"info","event":"Fetching URL: https://thecourseforum.com/course/HIEU/2041/All","logger":"task.stdout"}
{"timestamp":"2026-02-11T21:53:38.578617Z","level":"info","event":"Fetching URL: https://thecourseforum.com/course/HIEU/2072/All","logger":"task.stdout"}
{"timestamp":"2026-02-11T21:53:38.856648Z","level":"info","event":"Fetching URL: https://thecourseforum.com/course/HIEU/2102/All","logger":"task.stdout"}
{"timestamp":"2026-02-11T21:53:39.179806Z","level":"info","event":"Fetching URL: https://thecourseforum.com/course/HIEU/2112/All","logger":"task.stdout"}
{"timestamp":"2026-02-11T21:53:39.367708Z","level":"info","event":"Fetching URL: https://thecourseforum.com/course/HIEU/2721/All","logger":"task.stdout"}
{"timestamp":"2026-02-11T21:53:39.619533Z","level":"info","event":"Fetching URL: https://thecourseforum.com/course/HIEU/3141/All","logger":"task.stdout"}
{"timestamp":"2026-02-11T21:53:39.809579Z","level":"info","event":"Fetching URL: https://thecourseforum.com/course/HIEU/3501/All","logger":"task.stdout"}
{"timestamp":"2026-02-11T21:53:40.151190Z","level":"info","event":"Fetching URL: https://thecourseforum.com/course/HIEU/3505/All","logger":"task.stdout"}
{"timestamp":"2026-02-11T21:53:40.393561Z","level":"info","event":"Fetching URL: https://thecourseforum.com/course/HIEU/4502/All","logger":"task.stdout"}
{"timestamp":"2026-02-11T21:53:40.661833Z","level":"info","event":"Fetching URL: https://thecourseforum.com/course/HIEU/4511/All","logger":"task.stdout"}
{"timestamp":"2026-02-11T21:53:40.857462Z","level":"info","event":"Fetching URL: https://thecourseforum.com/course/HILA/3021/All","logger":"task.stdout"}
{"timestamp":"2026-02-11T21:53:41.256553Z","level":"info","event":"Fetching URL: https://thecourseforum.com/course/HILA/3501/All","logger":"task.stdout"}
{"timestamp":"2026-02-11T21:53:41.431561Z","level":"info","event":"Fetching URL: https://thecourseforum.com/course/HIME/1501/All","logger":"task.stdout"}
{"timestamp":"2026-02-11T21:53:41.724987Z","level":"info","event":"Fetching URL: https://thecourseforum.com/course/HIME/2001/All","logger":"task.stdout"}
{"timestamp":"2026-02-11T21:53:41.921504Z","level":"info","event":"Fetching URL: https://thecourseforum.com/course/HIME/2010/All","logger":"task.stdout"}
{"timestamp":"2026-02-11T21:53:42.255150Z","level":"info","event":"Fetching URL: https://thecourseforum.com/course/HIND/1020/All","logger":"task.stdout"}
{"timestamp":"2026-02-11T21:53:42.503529Z","level":"info","event":"Fetching URL: https://thecourseforum.com/course/HIND/1310/All","logger":"task.stdout"}
{"timestamp":"2026-02-11T21:53:42.770378Z","level":"info","event":"Fetching URL: https://thecourseforum.com/course/HIND/2020/All","logger":"task.stdout"}
{"timestamp":"2026-02-11T21:53:42.987300Z","level":"info","event":"Fetching URL: https://thecourseforum.com/course/HIND/3012/All","logger":"task.stdout"}
{"timestamp":"2026-02-11T21:53:43.298310Z","level":"info","event":"Fetching URL: https://thecourseforum.com/course/HIND/4993/All","logger":"task.stdout"}
{"timestamp":"2026-02-11T21:53:43.556707Z","level":"info","event":"Fetching URL: https://thecourseforum.com/course/HSCI/1011/All","logger":"task.stdout"}
{"timestamp":"2026-02-11T21:53:44.041862Z","level":"info","event":"Fetching URL: https://thecourseforum.com/course/IMP/4600/All","logger":"task.stdout"}
{"timestamp":"2026-02-11T21:53:44.347530Z","level":"info","event":"Fetching URL: https://thecourseforum.com/course/IMP/4971/All","logger":"task.stdout"}
{"timestamp":"2026-02-11T21:53:44.574994Z","level":"info","event":"Fetching URL: https://thecourseforum.com/course/INST/1550/All","logger":"task.stdout"}
{"timestamp":"2026-02-11T21:53:45.057938Z","level":"info","event":"Fetching URL: https://thecourseforum.com/course/INST/2550/All","logger":"task.stdout"}
{"timestamp":"2026-02-11T21:53:45.404087Z","level":"info","event":"Fetching URL: https://thecourseforum.com/course/INST/2570/All","logger":"task.stdout"}
{"timestamp":"2026-02-11T21:53:45.631622Z","level":"info","event":"Fetching URL: https://thecourseforum.com/course/INST/3600/All","logger":"task.stdout"}
{"timestamp":"2026-02-11T21:53:45.934352Z","level":"info","event":"Fetching URL: https://thecourseforum.com/course/INST/4200/All","logger":"task.stdout"}
{"timestamp":"2026-02-11T21:53:46.107823Z","level":"info","event":"Fetching URL: https://thecourseforum.com/course/INST/4983/All","logger":"task.stdout"}
{"timestamp":"2026-02-11T21:53:46.451669Z","level":"info","event":"Fetching URL: https://thecourseforum.com/course/ISBU/3410/All","logger":"task.stdout"}
{"timestamp":"2026-02-11T21:53:46.706933Z","level":"info","event":"Fetching URL: https://thecourseforum.com/course/ISBU/3710/All","logger":"task.stdout"}
{"timestamp":"2026-02-11T21:53:47.033252Z","level":"info","event":"Fetching URL: https://thecourseforum.com/course/ISBU/3760/All","logger":"task.stdout"}
{"timestamp":"2026-02-11T21:53:47.193861Z","level":"info","event":"Fetching URL: https://thecourseforum.com/course/ISBU/3888/All","logger":"task.stdout"}
{"timestamp":"2026-02-11T21:53:47.498311Z","level":"info","event":"Fetching URL: https://thecourseforum.com/course/ISHU/3170/All","logger":"task.stdout"}
{"timestamp":"2026-02-11T21:53:47.670736Z","level":"info","event":"Fetching URL: https://thecourseforum.com/course/ISHU/3501/All","logger":"task.stdout"}
{"timestamp":"2026-02-11T21:53:48.024625Z","level":"info","event":"Fetching URL: https://thecourseforum.com/course/ISHU/4020/All","logger":"task.stdout"}
{"timestamp":"2026-02-11T21:53:48.188794Z","level":"info","event":"Fetching URL: https://thecourseforum.com/course/ISHU/4190/All","logger":"task.stdout"}
{"timestamp":"2026-02-11T21:53:48.517633Z","level":"info","event":"Fetching URL: https://thecourseforum.com/course/ISIN/4510/All","logger":"task.stdout"}
{"timestamp":"2026-02-11T21:53:48.748648Z","level":"info","event":"Fetching URL: https://thecourseforum.com/course/ISIN/4520/All","logger":"task.stdout"}
{"timestamp":"2026-02-11T21:53:50.112721Z","level":"info","event":"Fetching URL: https://thecourseforum.com/course/ITAL/1020/All","logger":"task.stdout"}
{"timestamp":"2026-02-11T21:53:50.348088Z","level":"info","event":"Fetching URL: https://thecourseforum.com/course/ITAL/2020/All","logger":"task.stdout"}
{"timestamp":"2026-02-11T21:53:50.668964Z","level":"info","event":"Fetching URL: https://thecourseforum.com/course/ITAL/2030/All","logger":"task.stdout"}
{"timestamp":"2026-02-11T21:53:50.879735Z","level":"info","event":"Fetching URL: https://thecourseforum.com/course/ITAL/3020/All","logger":"task.stdout"}
{"timestamp":"2026-02-11T21:53:51.176172Z","level":"info","event":"Fetching URL: https://thecourseforum.com/course/ITAL/3559/All","logger":"task.stdout"}
{"timestamp":"2026-02-11T21:53:51.372261Z","level":"info","event":"Fetching URL: https://thecourseforum.com/course/ITAL/4993/All","logger":"task.stdout"}
{"timestamp":"2026-02-11T21:53:51.717639Z","level":"info","event":"Fetching URL: https://thecourseforum.com/course/ITTR/3760/All","logger":"task.stdout"}
{"timestamp":"2026-02-11T21:53:51.893612Z","level":"info","event":"Fetching URL: https://thecourseforum.com/course/JAPN/1000/All","logger":"task.stdout"}
{"timestamp":"2026-02-11T21:53:52.202975Z","level":"info","event":"Fetching URL: https://thecourseforum.com/course/JAPN/1010/All","logger":"task.stdout"}
{"timestamp":"2026-02-11T21:53:52.442339Z","level":"info","event":"Fetching URL: https://thecourseforum.com/course/JAPN/1020/All","logger":"task.stdout"}
{"timestamp":"2026-02-11T21:53:53.028690Z","level":"info","event":"Fetching URL: https://thecourseforum.com/course/JAPN/1559/All","logger":"task.stdout"}
{"timestamp":"2026-02-11T21:53:53.459842Z","level":"info","event":"Fetching URL: https://thecourseforum.com/course/JAPN/2020/All","logger":"task.stdout"}
{"timestamp":"2026-02-11T21:53:53.768399Z","level":"info","event":"Fetching URL: https://thecourseforum.com/course/JAPN/3020/All","logger":"task.stdout"}
{"timestamp":"2026-02-11T21:53:53.954645Z","level":"info","event":"Fetching URL: https://thecourseforum.com/course/JAPN/3025/All","logger":"task.stdout"}
{"timestamp":"2026-02-11T21:53:54.312878Z","level":"info","event":"Fetching URL: https://thecourseforum.com/course/JAPN/3559/All","logger":"task.stdout"}
{"timestamp":"2026-02-11T21:53:55.506309Z","level":"info","event":"Fetching URL: https://thecourseforum.com/course/JAPN/4710/All","logger":"task.stdout"}
{"timestamp":"2026-02-11T21:53:55.846161Z","level":"info","event":"Fetching URL: https://thecourseforum.com/course/JAPN/4801/All","logger":"task.stdout"}
{"timestamp":"2026-02-11T21:53:56.020688Z","level":"info","event":"Fetching URL: https://thecourseforum.com/course/JPTR/3020/All","logger":"task.stdout"}
{"timestamp":"2026-02-11T21:53:56.345127Z","level":"info","event":"Fetching URL: https://thecourseforum.com/course/JPTR/3310/All","logger":"task.stdout"}
{"timestamp":"2026-02-11T21:53:56.521387Z","level":"info","event":"Fetching URL: https://thecourseforum.com/course/JPTR/3391/All","logger":"task.stdout"}
{"timestamp":"2026-02-11T21:53:56.708211Z","level":"info","event":"Fetching URL: https://thecourseforum.com/course/JPTR/4991/All","logger":"task.stdout"}
{"timestamp":"2026-02-11T21:53:57.039581Z","level":"info","event":"Fetching URL: https://thecourseforum.com/course/JWST/4980/All","logger":"task.stdout"}
{"timestamp":"2026-02-11T21:53:57.395338Z","level":"info","event":"Fetching URL: https://thecourseforum.com/course/KICH/1020/All","logger":"task.stdout"}
{"timestamp":"2026-02-11T21:53:57.684538Z","level":"info","event":"Fetching URL: https://thecourseforum.com/course/KICH/2020/All","logger":"task.stdout"}
{"timestamp":"2026-02-11T21:53:57.968460Z","level":"info","event":"Fetching URL: https://thecourseforum.com/course/KINE/2200/All","logger":"task.stdout"}
{"timestamp":"2026-02-11T21:53:58.214031Z","level":"info","event":"Fetching URL: https://thecourseforum.com/course/KINE/2420/All","logger":"task.stdout"}
{"timestamp":"2026-02-11T21:53:59.558290Z","level":"info","event":"Fetching URL: https://thecourseforum.com/course/KINE/2850/All","logger":"task.stdout"}
{"timestamp":"2026-02-11T21:53:59.748313Z","level":"info","event":"Fetching URL: https://thecourseforum.com/course/KINE/3400/All","logger":"task.stdout"}
{"timestamp":"2026-02-11T21:54:00.088353Z","level":"info","event":"Fetching URL: https://thecourseforum.com/course/KINE/3410/All","logger":"task.stdout"}
{"timestamp":"2026-02-11T21:54:01.314995Z","level":"info","event":"Fetching URL: https://thecourseforum.com/course/KINE/3420/All","logger":"task.stdout"}
{"timestamp":"2026-02-11T21:54:01.631892Z","level":"info","event":"Fetching URL: https://thecourseforum.com/course/KINE/3430/All","logger":"task.stdout"}
{"timestamp":"2026-02-11T21:54:01.937870Z","level":"info","event":"Fetching URL: https://thecourseforum.com/course/KINE/3440/All","logger":"task.stdout"}
{"timestamp":"2026-02-11T21:54:02.434028Z","level":"info","event":"Fetching URL: https://thecourseforum.com/course/KINE/3450/All","logger":"task.stdout"}
{"timestamp":"2026-02-11T21:54:03.217852Z","level":"info","event":"Fetching URL: https://thecourseforum.com/course/KINE/3600/All","logger":"task.stdout"}
{"timestamp":"2026-02-11T21:54:03.383959Z","level":"info","event":"Fetching URL: https://thecourseforum.com/course/KINE/3615/All","logger":"task.stdout"}
{"timestamp":"2026-02-11T21:54:03.699167Z","level":"info","event":"Fetching URL: https://thecourseforum.com/course/KINE/3617/All","logger":"task.stdout"}
{"timestamp":"2026-02-11T21:54:04.930729Z","level":"info","event":"Fetching URL: https://thecourseforum.com/course/KINE/3620/All","logger":"task.stdout"}
{"timestamp":"2026-02-11T21:54:05.292315Z","level":"info","event":"Fetching URL: https://thecourseforum.com/course/KINE/3630/All","logger":"task.stdout"}
{"timestamp":"2026-02-11T21:54:05.565496Z","level":"info","event":"Fetching URL: https://thecourseforum.com/course/KINE/3660/All","logger":"task.stdout"}
{"timestamp":"2026-02-11T21:54:05.842076Z","level":"info","event":"Fetching URL: https://thecourseforum.com/course/KINE/4000/All","logger":"task.stdout"}
{"timestamp":"2026-02-11T21:54:06.025554Z","level":"info","event":"Fetching URL: https://thecourseforum.com/course/KINE/4400/All","logger":"task.stdout"}
{"timestamp":"2026-02-11T21:54:06.409718Z","level":"info","event":"Fetching URL: https://thecourseforum.com/course/KINE/4420/All","logger":"task.stdout"}
{"timestamp":"2026-02-11T21:54:06.611999Z","level":"info","event":"Fetching URL: https://thecourseforum.com/course/KINE/4600/All","logger":"task.stdout"}
{"timestamp":"2026-02-11T21:54:06.889781Z","level":"info","event":"Fetching URL: https://thecourseforum.com/course/KINE/4601/All","logger":"task.stdout"}
{"timestamp":"2026-02-11T21:54:07.428207Z","level":"info","event":"Fetching URL: https://thecourseforum.com/course/KINE/4802/All","logger":"task.stdout"}
{"timestamp":"2026-02-11T21:54:08.701815Z","level":"info","event":"Fetching URL: https://thecourseforum.com/course/KINE/4993/All","logger":"task.stdout"}
{"timestamp":"2026-02-11T21:54:10.287541Z","level":"info","event":"Fetching URL: https://thecourseforum.com/course/KOR/1020/All","logger":"task.stdout"}
{"timestamp":"2026-02-11T21:54:10.770598Z","level":"info","event":"Fetching URL: https://thecourseforum.com/course/KOR/2020/All","logger":"task.stdout"}
{"timestamp":"2026-02-11T21:54:11.159875Z","level":"info","event":"Fetching URL: https://thecourseforum.com/course/KOR/2060/All","logger":"task.stdout"}
{"timestamp":"2026-02-11T21:54:11.364071Z","level":"info","event":"Fetching URL: https://thecourseforum.com/course/KOR/2559/All","logger":"task.stdout"}
{"timestamp":"2026-02-11T21:54:11.778680Z","level":"info","event":"Fetching URL: https://thecourseforum.com/course/KOR/3015/All","logger":"task.stdout"}
{"timestamp":"2026-02-11T21:54:12.123950Z","level":"info","event":"Fetching URL: https://thecourseforum.com/course/KOR/3020/All","logger":"task.stdout"}
{"timestamp":"2026-02-11T21:54:12.380024Z","level":"info","event":"Fetching URL: https://thecourseforum.com/course/KOR/3559/All","logger":"task.stdout"}
{"timestamp":"2026-02-11T21:54:12.661381Z","level":"info","event":"Fetching URL: https://thecourseforum.com/course/LASE/2400/All","logger":"task.stdout"}
{"timestamp":"2026-02-11T21:54:12.915971Z","level":"info","event":"Fetching URL: https://thecourseforum.com/course/LASE/2515/All","logger":"task.stdout"}
{"timestamp":"2026-02-11T21:54:13.229404Z","level":"info","event":"Fetching URL: https://thecourseforum.com/course/LASE/3510/All","logger":"task.stdout"}
{"timestamp":"2026-02-11T21:54:13.720234Z","level":"info","event":"Fetching URL: https://thecourseforum.com/course/LASE/3559/All","logger":"task.stdout"}
{"timestamp":"2026-02-11T21:54:14.225965Z","level":"info","event":"Fetching URL: https://thecourseforum.com/course/LASE/3601/All","logger":"task.stdout"}
{"timestamp":"2026-02-11T21:54:14.398011Z","level":"info","event":"Fetching URL: https://thecourseforum.com/course/LASE/3602/All","logger":"task.stdout"}
{"timestamp":"2026-02-11T21:54:15.582484Z","level":"info","event":"Fetching URL: https://thecourseforum.com/course/LAST/2050/All","logger":"task.stdout"}
{"timestamp":"2026-02-11T21:54:15.946256Z","level":"info","event":"Fetching URL: https://thecourseforum.com/course/LAST/4999/All","logger":"task.stdout"}
{"timestamp":"2026-02-11T21:54:16.403599Z","level":"info","event":"Fetching URL: https://thecourseforum.com/course/LATI/1020/All","logger":"task.stdout"}
{"timestamp":"2026-02-11T21:54:17.644069Z","level":"info","event":"Fetching URL: https://thecourseforum.com/course/LATI/2010/All","logger":"task.stdout"}
{"timestamp":"2026-02-11T21:54:18.029742Z","level":"info","event":"Fetching URL: https://thecourseforum.com/course/LATI/2020/All","logger":"task.stdout"}
{"timestamp":"2026-02-11T21:54:18.442886Z","level":"info","event":"Fetching URL: https://thecourseforum.com/course/LATI/3030/All","logger":"task.stdout"}
{"timestamp":"2026-02-11T21:54:19.638073Z","level":"info","event":"Fetching URL: https://thecourseforum.com/course/LATI/3160/All","logger":"task.stdout"}
{"timestamp":"2026-02-11T21:54:19.970494Z","level":"info","event":"Fetching URL: https://thecourseforum.com/course/LATI/4559/All","logger":"task.stdout"}
{"timestamp":"2026-02-11T21:54:20.154442Z","level":"info","event":"Fetching URL: https://thecourseforum.com/course/LATI/4999/All","logger":"task.stdout"}
{"timestamp":"2026-02-11T21:54:20.475020Z","level":"info","event":"Fetching URL: https://thecourseforum.com/course/LING/2430/All","logger":"task.stdout"}
{"timestamp":"2026-02-11T21:54:20.638833Z","level":"info","event":"Fetching URL: https://thecourseforum.com/course/LING/3090/All","logger":"task.stdout"}
{"timestamp":"2026-02-11T21:54:20.789567Z","level":"info","event":"Fetching URL: https://thecourseforum.com/course/LING/3101/All","logger":"task.stdout"}
{"timestamp":"2026-02-11T21:54:21.055100Z","level":"info","event":"Fetching URL: https://thecourseforum.com/course/LING/3102/All","logger":"task.stdout"}
{"timestamp":"2026-02-11T21:54:21.209773Z","level":"info","event":"Fetching URL: https://thecourseforum.com/course/LING/3103/All","logger":"task.stdout"}
{"timestamp":"2026-02-11T21:54:21.512375Z","level":"info","event":"Fetching URL: https://thecourseforum.com/course/LING/4650/All","logger":"task.stdout"}
{"timestamp":"2026-02-11T21:54:21.669270Z","level":"info","event":"Fetching URL: https://thecourseforum.com/course/LING/4993/All","logger":"task.stdout"}
{"timestamp":"2026-02-11T21:54:21.865433Z","level":"info","event":"Fetching URL: https://thecourseforum.com/course/LING/4999/All","logger":"task.stdout"}
{"timestamp":"2026-02-11T21:54:23.136722Z","level":"info","event":"Fetching URL: https://thecourseforum.com/course/LNGS/2240/All","logger":"task.stdout"}
{"timestamp":"2026-02-11T21:54:23.300767Z","level":"info","event":"Fetching URL: https://thecourseforum.com/course/LNGS/3260/All","logger":"task.stdout"}
{"timestamp":"2026-02-11T21:54:23.608388Z","level":"info","event":"Fetching URL: https://thecourseforum.com/course/LPPA/3650/All","logger":"task.stdout"}
{"timestamp":"2026-02-11T21:54:23.795366Z","level":"info","event":"Fetching URL: https://thecourseforum.com/course/MESA/2430/All","logger":"task.stdout"}
{"timestamp":"2026-02-11T21:54:25.205721Z","level":"info","event":"Fetching URL: https://thecourseforum.com/course/MESA/3270/All","logger":"task.stdout"}
{"timestamp":"2026-02-11T21:54:25.366853Z","level":"info","event":"Fetching URL: https://thecourseforum.com/course/MESA/3640/All","logger":"task.stdout"}
{"timestamp":"2026-02-11T21:54:25.529656Z","level":"info","event":"Fetching URL: https://thecourseforum.com/course/MESA/4991/All","logger":"task.stdout"}
{"timestamp":"2026-02-11T21:54:26.808567Z","level":"info","event":"Fetching URL: https://thecourseforum.com/course/MESA/4993/All","logger":"task.stdout"}
{"timestamp":"2026-02-11T21:54:26.994283Z","level":"info","event":"Fetching URL: https://thecourseforum.com/course/MESA/4999/All","logger":"task.stdout"}
{"timestamp":"2026-02-11T21:54:28.176025Z","level":"info","event":"Fetching URL: https://thecourseforum.com/course/MEST/2270/All","logger":"task.stdout"}
{"timestamp":"2026-02-11T21:54:28.486606Z","level":"info","event":"Fetching URL: https://thecourseforum.com/course/MEST/3232/All","logger":"task.stdout"}
{"timestamp":"2026-02-11T21:54:29.670661Z","level":"info","event":"Fetching URL: https://thecourseforum.com/course/MEST/3282/All","logger":"task.stdout"}
{"timestamp":"2026-02-11T21:54:31.005588Z","level":"info","event":"Fetching URL: https://thecourseforum.com/course/MEST/3491/All","logger":"task.stdout"}
{"timestamp":"2026-02-11T21:54:32.164818Z","level":"info","event":"Fetching URL: https://thecourseforum.com/course/MISC/1020/All","logger":"task.stdout"}
{"timestamp":"2026-02-11T21:54:32.523106Z","level":"info","event":"Fetching URL: https://thecourseforum.com/course/MISC/1025/All","logger":"task.stdout"}
{"timestamp":"2026-02-11T21:54:32.722680Z","level":"info","event":"Fetching URL: https://thecourseforum.com/course/MISC/2020/All","logger":"task.stdout"}
{"timestamp":"2026-02-11T21:54:33.046550Z","level":"info","event":"Fetching URL: https://thecourseforum.com/course/MISC/2025/All","logger":"task.stdout"}
{"timestamp":"2026-02-11T21:54:34.290208Z","level":"info","event":"Fetching URL: https://thecourseforum.com/course/MISC/3020/All","logger":"task.stdout"}
{"timestamp":"2026-02-11T21:54:34.465550Z","level":"info","event":"Fetching URL: https://thecourseforum.com/course/MISC/3025/All","logger":"task.stdout"}
{"timestamp":"2026-02-11T21:54:34.786019Z","level":"info","event":"Fetching URL: https://thecourseforum.com/course/MISC/4020/All","logger":"task.stdout"}
{"timestamp":"2026-02-11T21:54:34.969909Z","level":"info","event":"Fetching URL: https://thecourseforum.com/course/MISC/4025/All","logger":"task.stdout"}
{"timestamp":"2026-02-11T21:54:35.326989Z","level":"info","event":"Fetching URL: https://thecourseforum.com/course/MISC/4993/All","logger":"task.stdout"}
{"timestamp":"2026-02-11T21:54:35.507016Z","level":"info","event":"Fetching URL: https://thecourseforum.com/course/PERS/1020/All","logger":"task.stdout"}
{"timestamp":"2026-02-11T21:54:35.843839Z","level":"info","event":"Fetching URL: https://thecourseforum.com/course/PERS/2020/All","logger":"task.stdout"}
{"timestamp":"2026-02-11T21:54:36.010805Z","level":"info","event":"Fetching URL: https://thecourseforum.com/course/PERS/3020/All","logger":"task.stdout"}
{"timestamp":"2026-02-11T21:54:36.431880Z","level":"info","event":"Fetching URL: https://thecourseforum.com/course/PERS/4993/All","logger":"task.stdout"}
{"timestamp":"2026-02-11T21:54:36.774942Z","level":"info","event":"Fetching URL: https://thecourseforum.com/course/PETR/3131/All","logger":"task.stdout"}
{"timestamp":"2026-02-11T21:54:36.951823Z","level":"info","event":"Fetching URL: https://thecourseforum.com/course/PETR/3380/All","logger":"task.stdout"}
{"timestamp":"2026-02-11T21:54:37.301061Z","level":"info","event":"Fetching URL: https://thecourseforum.com/course/PLAC/4993/All","logger":"task.stdout"}
{"timestamp":"2026-02-11T21:54:38.488462Z","level":"info","event":"Fetching URL: https://thecourseforum.com/course/PLAD/4430/All","logger":"task.stdout"}
{"timestamp":"2026-02-11T21:54:38.882747Z","level":"info","event":"Fetching URL: https://thecourseforum.com/course/PLAD/4500/All","logger":"task.stdout"}
{"timestamp":"2026-02-11T21:54:40.059168Z","level":"info","event":"Fetching URL: https://thecourseforum.com/course/PLAD/4961/All","logger":"task.stdout"}
{"timestamp":"2026-02-11T21:54:40.383643Z","level":"info","event":"Fetching URL: https://thecourseforum.com/course/PLAD/4999/All","logger":"task.stdout"}
{"timestamp":"2026-02-11T21:54:41.610039Z","level":"info","event":"Fetching URL: https://thecourseforum.com/course/PLAN/2020/All","logger":"task.stdout"}
{"timestamp":"2026-02-11T21:54:43.068475Z","level":"info","event":"Fetching URL: https://thecourseforum.com/course/PLAN/3030/All","logger":"task.stdout"}
{"timestamp":"2026-02-11T21:54:44.260202Z","level":"info","event":"Fetching URL: https://thecourseforum.com/course/PLAN/3040/All","logger":"task.stdout"}
{"timestamp":"2026-02-11T21:54:44.584847Z","level":"info","event":"Fetching URL: https://thecourseforum.com/course/PLAN/3050/All","logger":"task.stdout"}
{"timestamp":"2026-02-11T21:54:44.774850Z","level":"info","event":"Fetching URL: https://thecourseforum.com/course/PLAN/3500/All","logger":"task.stdout"}
{"timestamp":"2026-02-11T21:54:45.153048Z","level":"info","event":"Fetching URL: https://thecourseforum.com/course/PLAN/3860/All","logger":"task.stdout"}
{"timestamp":"2026-02-11T21:54:45.379773Z","level":"info","event":"Fetching URL: https://thecourseforum.com/course/PLAN/4800/All","logger":"task.stdout"}
{"timestamp":"2026-02-11T21:54:45.706118Z","level":"info","event":"Fetching URL: https://thecourseforum.com/course/PLAN/4902/All","logger":"task.stdout"}
{"timestamp":"2026-02-11T21:54:45.886038Z","level":"info","event":"Fetching URL: https://thecourseforum.com/course/PLAN/4993/All","logger":"task.stdout"}
{"timestamp":"2026-02-11T21:54:46.236623Z","level":"info","event":"Fetching URL: https://thecourseforum.com/course/PLAP/2030/All","logger":"task.stdout"}
{"timestamp":"2026-02-11T21:54:46.432026Z","level":"info","event":"Fetching URL: https://thecourseforum.com/course/PLAP/3270/All","logger":"task.stdout"}
{"timestamp":"2026-02-11T21:54:46.734665Z","level":"info","event":"Fetching URL: https://thecourseforum.com/course/PLAP/3370/All","logger":"task.stdout"}
{"timestamp":"2026-02-11T21:54:46.903209Z","level":"info","event":"Fetching URL: https://thecourseforum.com/course/PLAP/3400/All","logger":"task.stdout"}
{"timestamp":"2026-02-11T21:54:47.234108Z","level":"info","event":"Fetching URL: https://thecourseforum.com/course/PLAP/4150/All","logger":"task.stdout"}
{"timestamp":"2026-02-11T21:54:47.410609Z","level":"info","event":"Fetching URL: https://thecourseforum.com/course/PLAP/4210/All","logger":"task.stdout"}
{"timestamp":"2026-02-11T21:54:47.572296Z","level":"info","event":"Fetching URL: https://thecourseforum.com/course/PLAP/4500/All","logger":"task.stdout"}
{"timestamp":"2026-02-11T21:54:47.947568Z","level":"info","event":"Fetching URL: https://thecourseforum.com/course/PLAP/4990/All","logger":"task.stdout"}
{"timestamp":"2026-02-11T21:54:48.266076Z","level":"info","event":"Fetching URL: https://thecourseforum.com/course/RELA/2800/All","logger":"task.stdout"}
{"timestamp":"2026-02-11T21:54:48.422325Z","level":"info","event":"Fetching URL: https://thecourseforum.com/course/RELB/2067/All","logger":"task.stdout"}
{"timestamp":"2026-02-11T21:54:48.587267Z","level":"info","event":"Fetching URL: https://thecourseforum.com/course/RELB/2100/All","logger":"task.stdout"}
{"timestamp":"2026-02-11T21:54:48.962846Z","level":"info","event":"Fetching URL: https://thecourseforum.com/course/RELB/2559/All","logger":"task.stdout"}
{"timestamp":"2026-02-11T21:54:49.136149Z","level":"info","event":"Fetching URL: https://thecourseforum.com/course/RELB/2900/All","logger":"task.stdout"}
{"timestamp":"2026-02-11T21:54:49.484772Z","level":"info","event":"Fetching URL: https://thecourseforum.com/course/RELB/3180/All","logger":"task.stdout"}
{"timestamp":"2026-02-11T21:54:49.658172Z","level":"info","event":"Fetching URL: https://thecourseforum.com/course/RELB/3559/All","logger":"task.stdout"}
{"timestamp":"2026-02-11T21:54:50.017488Z","level":"info","event":"Fetching URL: https://thecourseforum.com/course/RELC/1210/All","logger":"task.stdout"}
{"timestamp":"2026-02-11T21:54:50.376386Z","level":"info","event":"Fetching URL: https://thecourseforum.com/course/RELC/2215/All","logger":"task.stdout"}
{"timestamp":"2026-02-11T21:54:50.561565Z","level":"info","event":"Fetching URL: https://thecourseforum.com/course/RELC/2360/All","logger":"task.stdout"}
{"timestamp":"2026-02-11T21:54:50.943410Z","level":"info","event":"Fetching URL: https://thecourseforum.com/course/RELC/2401/All","logger":"task.stdout"}
{"timestamp":"2026-02-11T21:54:51.108668Z","level":"info","event":"Fetching URL: https://thecourseforum.com/course/RELC/3030/All","logger":"task.stdout"}
{"timestamp":"2026-02-11T21:54:51.453985Z","level":"info","event":"Fetching URL: https://thecourseforum.com/course/RELC/3447/All","logger":"task.stdout"}
{"timestamp":"2026-02-11T21:54:51.641780Z","level":"info","event":"Fetching URL: https://thecourseforum.com/course/TURK/2020/All","logger":"task.stdout"}
{"timestamp":"2026-02-11T21:54:51.973811Z","level":"info","event":"Fetching URL: https://thecourseforum.com/course/TURK/3020/All","logger":"task.stdout"}
{"timestamp":"2026-02-11T21:54:52.125263Z","level":"info","event":"Fetching URL: https://thecourseforum.com/course/UNST/1220/All","logger":"task.stdout"}
{"timestamp":"2026-02-11T21:54:52.284406Z","level":"info","event":"Fetching URL: https://thecourseforum.com/course/UNST/1410/All","logger":"task.stdout"}
{"timestamp":"2026-02-11T21:54:52.620584Z","level":"info","event":"Fetching URL: https://thecourseforum.com/course/UNST/2811/All","logger":"task.stdout"}
{"timestamp":"2026-02-11T21:54:52.801699Z","level":"info","event":"Fetching URL: https://thecourseforum.com/course/UNST/3910/All","logger":"task.stdout"}
{"timestamp":"2026-02-11T21:54:53.126903Z","level":"info","event":"Fetching URL: https://thecourseforum.com/course/UNST/3920/All","logger":"task.stdout"}
{"timestamp":"2026-02-11T21:54:53.292770Z","level":"info","event":"Fetching URL: https://thecourseforum.com/course/USEM/1570/All","logger":"task.stdout"}
{"timestamp":"2026-02-11T21:54:53.573218Z","level":"info","event":"Fetching URL: https://thecourseforum.com/course/USEM/2570/All","logger":"task.stdout"}
{"timestamp":"2026-02-11T21:54:56.159455Z","level":"info","event":"Done. Returned value was: None","logger":"airflow.task.operators.airflow.providers.standard.operators.python.PythonOperator","filename":"python.py","lineno":230}
