{"timestamp":"2026-02-11T05:40:39.699660Z","level":"info","event":"DAG bundles loaded: dags-folder","logger":"airflow.dag_processing.bundles.manager.DagBundlesManager","filename":"manager.py","lineno":179}
{"timestamp":"2026-02-11T05:40:39.701287Z","level":"info","event":"Filling up the DagBag from /opt/airflow/dags/professor_rating_dag.py","logger":"airflow.models.dagbag.BundleDagBag","filename":"dagbag.py","lineno":593}
{"timestamp":"2026-02-11T05:40:39.826044Z","level":"info","event":"Fetching URL: https://thecourseforum.com/course/AMST/2421/All","logger":"task.stdout"}
{"timestamp":"2026-02-11T05:40:39.854644Z","level":"info","event":"Fetching URL: https://thecourseforum.com/course/AMST/2500/All","logger":"task.stdout"}
{"timestamp":"2026-02-11T05:40:39.859133Z","level":"info","event":"Fetching URL: https://thecourseforum.com/course/AMST/2559/All","logger":"task.stdout"}
{"timestamp":"2026-02-11T05:40:39.863841Z","level":"info","event":"Fetching URL: https://thecourseforum.com/course/AMST/3001/All","logger":"task.stdout"}
{"timestamp":"2026-02-11T05:40:39.867780Z","level":"info","event":"Fetching URL: https://thecourseforum.com/course/AMST/3180/All","logger":"task.stdout"}
{"timestamp":"2026-02-11T05:40:39.870026Z","level":"info","event":"Fetching URL: https://thecourseforum.com/course/AMST/3280/All","logger":"task.stdout"}
{"timestamp":"2026-02-11T05:40:39.873920Z","level":"info","event":"Fetching URL: https://thecourseforum.com/course/AMST/3326/All","logger":"task.stdout"}
{"timestamp":"2026-02-11T05:40:39.876042Z","level":"info","event":"Fetching URL: https://thecourseforum.com/course/AMST/3428/All","logger":"task.stdout"}
{"timestamp":"2026-02-11T05:40:39.877670Z","level":"info","event":"Fetching URL: https://thecourseforum.com/course/AMST/3481/All","logger":"task.stdout"}
{"timestamp":"2026-02-11T05:40:39.879992Z","level":"info","event":"Fetching URL: https://thecourseforum.com/course/AMST/3500/All","logger":"task.stdout"}
{"timestamp":"2026-02-11T05:40:39.881985Z","level":"info","event":"Fetching URL: https://thecourseforum.com/course/AMST/3559/All","logger":"task.stdout"}
{"timestamp":"2026-02-11T05:40:39.884779Z","level":"info","event":"Fetching URL: https://thecourseforum.com/course/AMST/3630/All","logger":"task.stdout"}
{"timestamp":"2026-02-11T05:40:39.887719Z","level":"info","event":"Fetching URL: https://thecourseforum.com/course/AMST/3740/All","logger":"task.stdout"}
{"timestamp":"2026-02-11T05:40:39.890335Z","level":"info","event":"Fetching URL: https://thecourseforum.com/course/AMST/3750/All","logger":"task.stdout"}
{"timestamp":"2026-02-11T05:40:39.892833Z","level":"info","event":"Fetching URL: https://thecourseforum.com/course/AMST/3790/All","logger":"task.stdout"}
{"timestamp":"2026-02-11T05:40:39.895640Z","level":"info","event":"Fetching URL: https://thecourseforum.com/course/AMST/4500/All","logger":"task.stdout"}
{"timestamp":"2026-02-11T05:40:39.900135Z","level":"info","event":"Fetching URL: https://thecourseforum.com/course/AMST/4559/All","logger":"task.stdout"}
{"timestamp":"2026-02-11T05:40:39.902358Z","level":"info","event":"Fetching URL: https://thecourseforum.com/course/AMST/4893/All","logger":"task.stdout"}
{"timestamp":"2026-02-11T05:40:39.905822Z","level":"info","event":"Fetching URL: https://thecourseforum.com/course/AMST/4993/All","logger":"task.stdout"}
{"timestamp":"2026-02-11T05:40:39.908871Z","level":"info","event":"Fetching URL: https://thecourseforum.com/course/AMST/4999/All","logger":"task.stdout"}
{"timestamp":"2026-02-11T05:40:39.912426Z","level":"info","event":"Fetching URL: https://thecourseforum.com/course/GDS/3113/All","logger":"task.stdout"}
{"timestamp":"2026-02-11T05:40:39.916657Z","level":"info","event":"Fetching URL: https://thecourseforum.com/course/GDS/3010/All","logger":"task.stdout"}
{"timestamp":"2026-02-11T05:40:39.919431Z","level":"info","event":"Fetching URL: https://thecourseforum.com/course/GDS/3114/All","logger":"task.stdout"}
{"timestamp":"2026-02-11T05:40:39.921691Z","level":"info","event":"Fetching URL: https://thecourseforum.com/course/GDS/4952/All","logger":"task.stdout"}
{"timestamp":"2026-02-11T05:40:39.924482Z","level":"info","event":"Fetching URL: https://thecourseforum.com/course/GDS/4991/All","logger":"task.stdout"}
{"timestamp":"2026-02-11T05:40:39.926436Z","level":"info","event":"Fetching URL: https://thecourseforum.com/course/GDS/4993/All","logger":"task.stdout"}
{"timestamp":"2026-02-11T05:40:39.928964Z","level":"info","event":"Fetching URL: https://thecourseforum.com/course/AAS/1020/All","logger":"task.stdout"}
{"timestamp":"2026-02-11T05:40:39.931628Z","level":"info","event":"Fetching URL: https://thecourseforum.com/course/AAS/2500/All","logger":"task.stdout"}
{"timestamp":"2026-02-11T05:40:39.933584Z","level":"info","event":"Fetching URL: https://thecourseforum.com/course/AAS/2710/All","logger":"task.stdout"}
{"timestamp":"2026-02-11T05:40:39.935808Z","level":"info","event":"Fetching URL: https://thecourseforum.com/course/AAS/3113/All","logger":"task.stdout"}
{"timestamp":"2026-02-11T05:40:39.937306Z","level":"info","event":"Fetching URL: https://thecourseforum.com/course/AAS/3157/All","logger":"task.stdout"}
{"timestamp":"2026-02-11T05:40:39.940200Z","level":"info","event":"Fetching URL: https://thecourseforum.com/course/AAS/3160/All","logger":"task.stdout"}
{"timestamp":"2026-02-11T05:40:39.942895Z","level":"info","event":"Fetching URL: https://thecourseforum.com/course/AAS/3500/All","logger":"task.stdout"}
{"timestamp":"2026-02-11T05:40:39.944761Z","level":"info","event":"Fetching URL: https://thecourseforum.com/course/AAS/3760/All","logger":"task.stdout"}
{"timestamp":"2026-02-11T05:40:39.946835Z","level":"info","event":"Fetching URL: https://thecourseforum.com/course/AAS/4080/All","logger":"task.stdout"}
{"timestamp":"2026-02-11T05:40:39.949275Z","level":"info","event":"Fetching URL: https://thecourseforum.com/course/AAS/4570/All","logger":"task.stdout"}
{"timestamp":"2026-02-11T05:40:39.950999Z","level":"info","event":"Fetching URL: https://thecourseforum.com/course/AAS/4993/All","logger":"task.stdout"}
{"timestamp":"2026-02-11T05:40:39.952885Z","level":"info","event":"Fetching URL: https://thecourseforum.com/course/ACCT/3010/All","logger":"task.stdout"}
{"timestamp":"2026-02-11T05:40:39.955629Z","level":"info","event":"Fetching URL: https://thecourseforum.com/course/AIRS/100/All","logger":"task.stdout"}
{"timestamp":"2026-02-11T05:40:39.957531Z","level":"info","event":"Fetching URL: https://thecourseforum.com/course/AIRS/1200/All","logger":"task.stdout"}
{"timestamp":"2026-02-11T05:40:39.959831Z","level":"info","event":"Fetching URL: https://thecourseforum.com/course/AIRS/2200/All","logger":"task.stdout"}
{"timestamp":"2026-02-11T05:40:39.961651Z","level":"info","event":"Fetching URL: https://thecourseforum.com/course/AIRS/3200/All","logger":"task.stdout"}
{"timestamp":"2026-02-11T05:40:39.963554Z","level":"info","event":"Fetching URL: https://thecourseforum.com/course/AIRS/4200/All","logger":"task.stdout"}
{"timestamp":"2026-02-11T05:40:39.964908Z","level":"info","event":"Fetching URL: https://thecourseforum.com/course/ANTH/2280/All","logger":"task.stdout"}
{"timestamp":"2026-02-11T05:40:39.967674Z","level":"info","event":"Fetching URL: https://thecourseforum.com/course/ANTH/2325/All","logger":"task.stdout"}
{"timestamp":"2026-02-11T05:40:39.969643Z","level":"info","event":"Fetching URL: https://thecourseforum.com/course/ANTH/2440/All","logger":"task.stdout"}
{"timestamp":"2026-02-11T05:40:39.971480Z","level":"info","event":"Fetching URL: https://thecourseforum.com/course/ANTH/2450/All","logger":"task.stdout"}
{"timestamp":"2026-02-11T05:40:39.973485Z","level":"info","event":"Fetching URL: https://thecourseforum.com/course/ANTH/2650/All","logger":"task.stdout"}
{"timestamp":"2026-02-11T05:40:39.975471Z","level":"info","event":"Fetching URL: https://thecourseforum.com/course/ANTH/2820/All","logger":"task.stdout"}
{"timestamp":"2026-02-11T05:40:39.978692Z","level":"info","event":"Fetching URL: https://thecourseforum.com/course/ANTH/3020/All","logger":"task.stdout"}
{"timestamp":"2026-02-11T05:40:39.981486Z","level":"info","event":"Fetching URL: https://thecourseforum.com/course/ANTH/3275/All","logger":"task.stdout"}
{"timestamp":"2026-02-11T05:40:39.983270Z","level":"info","event":"Fetching URL: https://thecourseforum.com/course/ANTH/3280/All","logger":"task.stdout"}
{"timestamp":"2026-02-11T05:40:39.985610Z","level":"info","event":"Fetching URL: https://thecourseforum.com/course/ANTH/3330/All","logger":"task.stdout"}
{"timestamp":"2026-02-11T05:40:39.988003Z","level":"info","event":"Fetching URL: https://thecourseforum.com/course/ANTH/3360/All","logger":"task.stdout"}
{"timestamp":"2026-02-11T05:40:39.990152Z","level":"info","event":"Fetching URL: https://thecourseforum.com/course/ANTH/3541/All","logger":"task.stdout"}
{"timestamp":"2026-02-11T05:40:39.994748Z","level":"info","event":"Fetching URL: https://thecourseforum.com/course/ANTH/3559/All","logger":"task.stdout"}
{"timestamp":"2026-02-11T05:40:39.997606Z","level":"info","event":"Fetching URL: https://thecourseforum.com/course/ANTH/3590/All","logger":"task.stdout"}
{"timestamp":"2026-02-11T05:40:39.999566Z","level":"info","event":"Fetching URL: https://thecourseforum.com/course/ANTH/3885/All","logger":"task.stdout"}
{"timestamp":"2026-02-11T05:40:40.001602Z","level":"info","event":"Fetching URL: https://thecourseforum.com/course/ANTH/3915/All","logger":"task.stdout"}
{"timestamp":"2026-02-11T05:40:40.004333Z","level":"info","event":"Fetching URL: https://thecourseforum.com/course/ANTH/4591/All","logger":"task.stdout"}
{"timestamp":"2026-02-11T05:40:40.006467Z","level":"info","event":"Fetching URL: https://thecourseforum.com/course/ANTH/4993/All","logger":"task.stdout"}
{"timestamp":"2026-02-11T05:40:40.008769Z","level":"info","event":"Fetching URL: https://thecourseforum.com/course/ANTH/4999/All","logger":"task.stdout"}
{"timestamp":"2026-02-11T05:40:40.010886Z","level":"info","event":"Fetching URL: https://thecourseforum.com/course/ANTH/1010/All","logger":"task.stdout"}
{"timestamp":"2026-02-11T05:40:40.012955Z","level":"info","event":"Fetching URL: https://thecourseforum.com/course/ANTH/2120/All","logger":"task.stdout"}
{"timestamp":"2026-02-11T05:40:40.015368Z","level":"info","event":"Fetching URL: https://thecourseforum.com/course/APMA/1090/All","logger":"task.stdout"}
{"timestamp":"2026-02-11T05:40:40.017683Z","level":"info","event":"Fetching URL: https://thecourseforum.com/course/APMA/1110/All","logger":"task.stdout"}
{"timestamp":"2026-02-11T05:40:40.019397Z","level":"info","event":"Fetching URL: https://thecourseforum.com/course/APMA/2120/All","logger":"task.stdout"}
{"timestamp":"2026-02-11T05:40:40.021149Z","level":"info","event":"Fetching URL: https://thecourseforum.com/course/APMA/3140/All","logger":"task.stdout"}
{"timestamp":"2026-02-11T05:40:40.023460Z","level":"info","event":"Fetching URL: https://thecourseforum.com/course/APMA/3150/All","logger":"task.stdout"}
{"timestamp":"2026-02-11T05:40:40.025623Z","level":"info","event":"Fetching URL: https://thecourseforum.com/course/APMA/2130/All","logger":"task.stdout"}
{"timestamp":"2026-02-11T05:40:40.027559Z","level":"info","event":"Fetching URL: https://thecourseforum.com/course/APMA/2501/All","logger":"task.stdout"}
{"timestamp":"2026-02-11T05:40:40.029715Z","level":"info","event":"Fetching URL: https://thecourseforum.com/course/APMA/3080/All","logger":"task.stdout"}
{"timestamp":"2026-02-11T05:40:40.031696Z","level":"info","event":"Fetching URL: https://thecourseforum.com/course/APMA/3100/All","logger":"task.stdout"}
{"timestamp":"2026-02-11T05:40:40.034008Z","level":"info","event":"Fetching URL: https://thecourseforum.com/course/APMA/3110/All","logger":"task.stdout"}
{"timestamp":"2026-02-11T05:40:40.036884Z","level":"info","event":"Fetching URL: https://thecourseforum.com/course/APMA/3120/All","logger":"task.stdout"}
{"timestamp":"2026-02-11T05:40:40.039550Z","level":"info","event":"Fetching URL: https://thecourseforum.com/course/APMA/3501/All","logger":"task.stdout"}
{"timestamp":"2026-02-11T05:40:40.041659Z","level":"info","event":"Fetching URL: https://thecourseforum.com/course/APMA/4993/All","logger":"task.stdout"}
{"timestamp":"2026-02-11T05:40:40.044806Z","level":"info","event":"Fetching URL: https://thecourseforum.com/course/ARAB/1020/All","logger":"task.stdout"}
{"timestamp":"2026-02-11T05:40:40.047613Z","level":"info","event":"Fetching URL: https://thecourseforum.com/course/ARAB/2020/All","logger":"task.stdout"}
{"timestamp":"2026-02-11T05:40:40.049996Z","level":"info","event":"Fetching URL: https://thecourseforum.com/course/ARAB/2060/All","logger":"task.stdout"}
{"timestamp":"2026-02-11T05:40:40.051827Z","level":"info","event":"Fetching URL: https://thecourseforum.com/course/ARAB/2250/All","logger":"task.stdout"}
{"timestamp":"2026-02-11T05:40:40.053864Z","level":"info","event":"Fetching URL: https://thecourseforum.com/course/ARAB/3020/All","logger":"task.stdout"}
{"timestamp":"2026-02-11T05:40:40.057069Z","level":"info","event":"Fetching URL: https://thecourseforum.com/course/ARAB/3259/All","logger":"task.stdout"}
{"timestamp":"2026-02-11T05:40:40.060631Z","level":"info","event":"Fetching URL: https://thecourseforum.com/course/ARAB/4020/All","logger":"task.stdout"}
{"timestamp":"2026-02-11T05:40:40.062474Z","level":"info","event":"Fetching URL: https://thecourseforum.com/course/ARAB/4120/All","logger":"task.stdout"}
{"timestamp":"2026-02-11T05:40:40.064522Z","level":"info","event":"Fetching URL: https://thecourseforum.com/course/ARAD/3550/All","logger":"task.stdout"}
{"timestamp":"2026-02-11T05:40:40.066764Z","level":"info","event":"Fetching URL: https://thecourseforum.com/course/ARAD/4559/All","logger":"task.stdout"}
{"timestamp":"2026-02-11T05:40:40.068634Z","level":"info","event":"Fetching URL: https://thecourseforum.com/course/ARCH/1030/All","logger":"task.stdout"}
{"timestamp":"2026-02-11T05:40:40.071559Z","level":"info","event":"Fetching URL: https://thecourseforum.com/course/ARCH/2020/All","logger":"task.stdout"}
{"timestamp":"2026-02-11T05:40:40.074830Z","level":"info","event":"Fetching URL: https://thecourseforum.com/course/ARCH/2070/All","logger":"task.stdout"}
{"timestamp":"2026-02-11T05:40:40.077609Z","level":"info","event":"Fetching URL: https://thecourseforum.com/course/ARCH/2114/All","logger":"task.stdout"}
{"timestamp":"2026-02-11T05:40:40.079653Z","level":"info","event":"Fetching URL: https://thecourseforum.com/course/ARCH/2715/All","logger":"task.stdout"}
{"timestamp":"2026-02-11T05:40:40.081582Z","level":"info","event":"Fetching URL: https://thecourseforum.com/course/ARCH/3020/All","logger":"task.stdout"}
{"timestamp":"2026-02-11T05:40:40.085003Z","level":"info","event":"Fetching URL: https://thecourseforum.com/course/ARCH/3260/All","logger":"task.stdout"}
{"timestamp":"2026-02-11T05:40:40.089333Z","level":"info","event":"Fetching URL: https://thecourseforum.com/course/ARCH/4020/All","logger":"task.stdout"}
{"timestamp":"2026-02-11T05:40:40.092710Z","level":"info","event":"Fetching URL: https://thecourseforum.com/course/ARCH/4500/All","logger":"task.stdout"}
{"timestamp":"2026-02-11T05:40:40.094655Z","level":"info","event":"Fetching URL: https://thecourseforum.com/course/ARCH/4993/All","logger":"task.stdout"}
{"timestamp":"2026-02-11T05:40:40.096927Z","level":"info","event":"Fetching URL: https://thecourseforum.com/course/ARCH/4995/All","logger":"task.stdout"}
{"timestamp":"2026-02-11T05:40:40.099868Z","level":"info","event":"Fetching URL: https://thecourseforum.com/course/ARCY/3993/All","logger":"task.stdout"}
{"timestamp":"2026-02-11T05:40:40.103940Z","level":"info","event":"Fetching URL: https://thecourseforum.com/course/ARCY/4999/All","logger":"task.stdout"}
{"timestamp":"2026-02-11T05:40:40.106355Z","level":"info","event":"Fetching URL: https://thecourseforum.com/course/ARTH/4591/All","logger":"task.stdout"}
{"timestamp":"2026-02-11T05:40:40.109775Z","level":"info","event":"Fetching URL: https://thecourseforum.com/course/ARTH/4952/All","logger":"task.stdout"}
{"timestamp":"2026-02-11T05:40:40.111684Z","level":"info","event":"Fetching URL: https://thecourseforum.com/course/ARTH/4999/All","logger":"task.stdout"}
{"timestamp":"2026-02-11T05:40:40.113940Z","level":"info","event":"Fetching URL: https://thecourseforum.com/course/ARTH/1153/All","logger":"task.stdout"}
{"timestamp":"2026-02-11T05:40:40.115405Z","level":"info","event":"Fetching URL: https://thecourseforum.com/course/ARTH/1500/All","logger":"task.stdout"}
{"timestamp":"2026-02-11T05:40:40.117715Z","level":"info","event":"Fetching URL: https://thecourseforum.com/course/ARTH/1861/All","logger":"task.stdout"}
{"timestamp":"2026-02-11T05:40:40.119815Z","level":"info","event":"Fetching URL: https://thecourseforum.com/course/ARTH/2054/All","logger":"task.stdout"}
{"timestamp":"2026-02-11T05:40:40.121787Z","level":"info","event":"Fetching URL: https://thecourseforum.com/course/ARTH/2055/All","logger":"task.stdout"}
{"timestamp":"2026-02-11T05:40:40.123740Z","level":"info","event":"Fetching URL: https://thecourseforum.com/course/ARTH/2056/All","logger":"task.stdout"}
{"timestamp":"2026-02-11T05:40:40.126463Z","level":"info","event":"Fetching URL: https://thecourseforum.com/course/ARTH/2151/All","logger":"task.stdout"}
{"timestamp":"2026-02-11T05:40:40.129680Z","level":"info","event":"Fetching URL: https://thecourseforum.com/course/ARTH/2745/All","logger":"task.stdout"}
{"timestamp":"2026-02-11T05:40:40.135404Z","level":"info","event":"Fetching URL: https://thecourseforum.com/course/ARTH/2961/All","logger":"task.stdout"}
{"timestamp":"2026-02-11T05:40:40.137445Z","level":"info","event":"Fetching URL: https://thecourseforum.com/course/ARTH/3591/All","logger":"task.stdout"}
{"timestamp":"2026-02-11T05:40:40.139740Z","level":"info","event":"Fetching URL: https://thecourseforum.com/course/ARTH/3595/All","logger":"task.stdout"}
{"timestamp":"2026-02-11T05:40:40.141573Z","level":"info","event":"Fetching URL: https://thecourseforum.com/course/ARTS/2000/All","logger":"task.stdout"}
{"timestamp":"2026-02-11T05:40:40.143652Z","level":"info","event":"Fetching URL: https://thecourseforum.com/course/ARTS/2112/All","logger":"task.stdout"}
{"timestamp":"2026-02-11T05:40:40.146534Z","level":"info","event":"Fetching URL: https://thecourseforum.com/course/ARTS/2220/All","logger":"task.stdout"}
{"timestamp":"2026-02-11T05:40:40.149647Z","level":"info","event":"Fetching URL: https://thecourseforum.com/course/ARTS/2222/All","logger":"task.stdout"}
{"timestamp":"2026-02-11T05:40:40.152563Z","level":"info","event":"Fetching URL: https://thecourseforum.com/course/ARTS/2372/All","logger":"task.stdout"}
{"timestamp":"2026-02-11T05:40:40.155704Z","level":"info","event":"Fetching URL: https://thecourseforum.com/course/ARTS/2559/All","logger":"task.stdout"}
{"timestamp":"2026-02-11T05:40:40.157859Z","level":"info","event":"Fetching URL: https://thecourseforum.com/course/ARTS/2610/All","logger":"task.stdout"}
{"timestamp":"2026-02-11T05:40:40.159799Z","level":"info","event":"Fetching URL: https://thecourseforum.com/course/ARTS/2632/All","logger":"task.stdout"}
{"timestamp":"2026-02-11T05:40:40.163132Z","level":"info","event":"Fetching URL: https://thecourseforum.com/course/ARTS/2670/All","logger":"task.stdout"}
{"timestamp":"2026-02-11T05:40:40.165696Z","level":"info","event":"Fetching URL: https://thecourseforum.com/course/ARTS/2672/All","logger":"task.stdout"}
{"timestamp":"2026-02-11T05:40:40.168374Z","level":"info","event":"Fetching URL: https://thecourseforum.com/course/ARTS/2710/All","logger":"task.stdout"}
{"timestamp":"2026-02-11T05:40:40.170324Z","level":"info","event":"Fetching URL: https://thecourseforum.com/course/ARTS/2712/All","logger":"task.stdout"}
{"timestamp":"2026-02-11T05:40:40.172827Z","level":"info","event":"Fetching URL: https://thecourseforum.com/course/ARTS/2810/All","logger":"task.stdout"}
{"timestamp":"2026-02-11T05:40:40.176111Z","level":"info","event":"Fetching URL: https://thecourseforum.com/course/ARTS/2812/All","logger":"task.stdout"}
{"timestamp":"2026-02-11T05:40:40.178413Z","level":"info","event":"Fetching URL: https://thecourseforum.com/course/ARTS/3112/All","logger":"task.stdout"}
{"timestamp":"2026-02-11T05:40:40.180959Z","level":"info","event":"Fetching URL: https://thecourseforum.com/course/ARTS/3372/All","logger":"task.stdout"}
{"timestamp":"2026-02-11T05:40:40.182369Z","level":"info","event":"Fetching URL: https://thecourseforum.com/course/ARTS/3672/All","logger":"task.stdout"}
{"timestamp":"2026-02-11T05:40:40.184973Z","level":"info","event":"Fetching URL: https://thecourseforum.com/course/ARTS/3712/All","logger":"task.stdout"}
{"timestamp":"2026-02-11T05:40:40.187359Z","level":"info","event":"Fetching URL: https://thecourseforum.com/course/ARTS/4112/All","logger":"task.stdout"}
{"timestamp":"2026-02-11T05:40:40.189024Z","level":"info","event":"Fetching URL: https://thecourseforum.com/course/ARTS/4222/All","logger":"task.stdout"}
{"timestamp":"2026-02-11T05:40:40.190638Z","level":"info","event":"Fetching URL: https://thecourseforum.com/course/ARTS/4372/All","logger":"task.stdout"}
{"timestamp":"2026-02-11T05:40:40.192458Z","level":"info","event":"Fetching URL: https://thecourseforum.com/course/ARTS/4452/All","logger":"task.stdout"}
{"timestamp":"2026-02-11T05:40:40.194653Z","level":"info","event":"Fetching URL: https://thecourseforum.com/course/ARTS/4672/All","logger":"task.stdout"}
{"timestamp":"2026-02-11T05:40:40.196839Z","level":"info","event":"Fetching URL: https://thecourseforum.com/course/ARTS/4712/All","logger":"task.stdout"}
{"timestamp":"2026-02-11T05:40:40.198712Z","level":"info","event":"Fetching URL: https://thecourseforum.com/course/ARTS/4900/All","logger":"task.stdout"}
{"timestamp":"2026-02-11T05:40:40.200517Z","level":"info","event":"Fetching URL: https://thecourseforum.com/course/ASTR/4993/All","logger":"task.stdout"}
{"timestamp":"2026-02-11T05:40:40.202337Z","level":"info","event":"Fetching URL: https://thecourseforum.com/course/ASTR/4998/All","logger":"task.stdout"}
{"timestamp":"2026-02-11T05:40:40.203824Z","level":"info","event":"Fetching URL: https://thecourseforum.com/course/ASTR/1210/All","logger":"task.stdout"}
{"timestamp":"2026-02-11T05:40:40.206376Z","level":"info","event":"Fetching URL: https://thecourseforum.com/course/ASTR/1220/All","logger":"task.stdout"}
{"timestamp":"2026-02-11T05:40:40.207992Z","level":"info","event":"Fetching URL: https://thecourseforum.com/course/ASTR/1250/All","logger":"task.stdout"}
{"timestamp":"2026-02-11T05:40:40.209972Z","level":"info","event":"Fetching URL: https://thecourseforum.com/course/ASTR/1290/All","logger":"task.stdout"}
{"timestamp":"2026-02-11T05:40:40.211869Z","level":"info","event":"Fetching URL: https://thecourseforum.com/course/ASTR/1610/All","logger":"task.stdout"}
{"timestamp":"2026-02-11T05:40:40.213686Z","level":"info","event":"Fetching URL: https://thecourseforum.com/course/ASTR/2120/All","logger":"task.stdout"}
{"timestamp":"2026-02-11T05:40:40.216013Z","level":"info","event":"Fetching URL: https://thecourseforum.com/course/ASTR/3130/All","logger":"task.stdout"}
{"timestamp":"2026-02-11T05:40:40.218774Z","level":"info","event":"Fetching URL: https://thecourseforum.com/course/ASTR/3420/All","logger":"task.stdout"}
{"timestamp":"2026-02-11T05:40:40.220856Z","level":"info","event":"Fetching URL: https://thecourseforum.com/course/ASTR/3450/All","logger":"task.stdout"}
{"timestamp":"2026-02-11T05:40:40.223818Z","level":"info","event":"Fetching URL: https://thecourseforum.com/course/ASTR/3490/All","logger":"task.stdout"}
{"timestamp":"2026-02-11T05:40:40.225750Z","level":"info","event":"Fetching URL: https://thecourseforum.com/course/ASTR/3880/All","logger":"task.stdout"}
{"timestamp":"2026-02-11T05:40:40.227783Z","level":"info","event":"Fetching URL: https://thecourseforum.com/course/ASTR/3881/All","logger":"task.stdout"}
{"timestamp":"2026-02-11T05:40:40.229688Z","level":"info","event":"Fetching URL: https://thecourseforum.com/course/ASTR/4140/All","logger":"task.stdout"}
{"timestamp":"2026-02-11T05:40:40.230979Z","level":"info","event":"Fetching URL: https://thecourseforum.com/course/ASTR/4470/All","logger":"task.stdout"}
{"timestamp":"2026-02-11T05:40:40.233778Z","level":"info","event":"Fetching URL: https://thecourseforum.com/course/BIOL/2100/All","logger":"task.stdout"}
{"timestamp":"2026-02-11T05:40:40.235205Z","level":"info","event":"Fetching URL: https://thecourseforum.com/course/BIOL/3040/All","logger":"task.stdout"}
{"timestamp":"2026-02-11T05:40:40.237038Z","level":"info","event":"Fetching URL: https://thecourseforum.com/course/BIOL/3180/All","logger":"task.stdout"}
{"timestamp":"2026-02-11T05:40:40.239911Z","level":"info","event":"Fetching URL: https://thecourseforum.com/course/BIOL/3240/All","logger":"task.stdout"}
{"timestamp":"2026-02-11T05:40:40.241800Z","level":"info","event":"Fetching URL: https://thecourseforum.com/course/BIOL/3260/All","logger":"task.stdout"}
{"timestamp":"2026-02-11T05:40:40.245084Z","level":"info","event":"Fetching URL: https://thecourseforum.com/course/BIOL/3270/All","logger":"task.stdout"}
{"timestamp":"2026-02-11T05:40:40.246693Z","level":"info","event":"Fetching URL: https://thecourseforum.com/course/BIOL/3420/All","logger":"task.stdout"}
{"timestamp":"2026-02-11T05:40:40.248150Z","level":"info","event":"Fetching URL: https://thecourseforum.com/course/BIOL/3430/All","logger":"task.stdout"}
{"timestamp":"2026-02-11T05:40:40.249901Z","level":"info","event":"Fetching URL: https://thecourseforum.com/course/BIOL/4012/All","logger":"task.stdout"}
{"timestamp":"2026-02-11T05:40:40.251656Z","level":"info","event":"Fetching URL: https://thecourseforum.com/course/BIOL/4014/All","logger":"task.stdout"}
{"timestamp":"2026-02-11T05:40:40.253724Z","level":"info","event":"Fetching URL: https://thecourseforum.com/course/BIOL/4017/All","logger":"task.stdout"}
{"timestamp":"2026-02-11T05:40:40.255414Z","level":"info","event":"Fetching URL: https://thecourseforum.com/course/BIOL/4030/All","logger":"task.stdout"}
{"timestamp":"2026-02-11T05:40:40.257335Z","level":"info","event":"Fetching URL: https://thecourseforum.com/course/BIOL/4070/All","logger":"task.stdout"}
{"timestamp":"2026-02-11T05:40:40.259681Z","level":"info","event":"Fetching URL: https://thecourseforum.com/course/BIOL/4260/All","logger":"task.stdout"}
{"timestamp":"2026-02-11T05:40:40.262731Z","level":"info","event":"Fetching URL: https://thecourseforum.com/course/BIOL/4310/All","logger":"task.stdout"}
{"timestamp":"2026-02-11T05:40:40.265441Z","level":"info","event":"Fetching URL: https://thecourseforum.com/course/BIOL/4330/All","logger":"task.stdout"}
{"timestamp":"2026-02-11T05:40:40.267742Z","level":"info","event":"Fetching URL: https://thecourseforum.com/course/BIOL/4559/All","logger":"task.stdout"}
{"timestamp":"2026-02-11T05:40:40.270050Z","level":"info","event":"Fetching URL: https://thecourseforum.com/course/BIOL/4660/All","logger":"task.stdout"}
{"timestamp":"2026-02-11T05:40:40.272610Z","level":"info","event":"Fetching URL: https://thecourseforum.com/course/BIOL/4770/All","logger":"task.stdout"}
{"timestamp":"2026-02-11T05:40:40.275620Z","level":"info","event":"Fetching URL: https://thecourseforum.com/course/BIOL/4820/All","logger":"task.stdout"}
{"timestamp":"2026-02-11T05:40:40.277527Z","level":"info","event":"Fetching URL: https://thecourseforum.com/course/BIOL/4900/All","logger":"task.stdout"}
{"timestamp":"2026-02-11T05:40:40.279413Z","level":"info","event":"Fetching URL: https://thecourseforum.com/course/BIOL/4910/All","logger":"task.stdout"}
{"timestamp":"2026-02-11T05:40:40.281835Z","level":"info","event":"Fetching URL: https://thecourseforum.com/course/BIOL/4920/All","logger":"task.stdout"}
{"timestamp":"2026-02-11T05:40:40.283761Z","level":"info","event":"Fetching URL: https://thecourseforum.com/course/BIOL/4930/All","logger":"task.stdout"}
{"timestamp":"2026-02-11T05:40:40.287544Z","level":"info","event":"Fetching URL: https://thecourseforum.com/course/BIOL/4940/All","logger":"task.stdout"}
{"timestamp":"2026-02-11T05:40:40.289394Z","level":"info","event":"Fetching URL: https://thecourseforum.com/course/BIOL/2200/All","logger":"task.stdout"}
{"timestamp":"2026-02-11T05:40:40.290780Z","level":"info","event":"Fetching URL: https://thecourseforum.com/course/BIOL/3000/All","logger":"task.stdout"}
{"timestamp":"2026-02-11T05:40:40.293035Z","level":"info","event":"Fetching URL: https://thecourseforum.com/course/BIOL/3010/All","logger":"task.stdout"}
{"timestamp":"2026-02-11T05:40:40.295525Z","level":"info","event":"Fetching URL: https://thecourseforum.com/course/BIOL/3030/All","logger":"task.stdout"}
{"timestamp":"2026-02-11T05:40:40.297927Z","level":"info","event":"Fetching URL: https://thecourseforum.com/course/BME/2000/All","logger":"task.stdout"}
{"timestamp":"2026-02-11T05:40:40.300064Z","level":"info","event":"Fetching URL: https://thecourseforum.com/course/BME/2101/All","logger":"task.stdout"}
{"timestamp":"2026-02-11T05:40:40.301960Z","level":"info","event":"Fetching URL: https://thecourseforum.com/course/BME/2102/All","logger":"task.stdout"}
{"timestamp":"2026-02-11T05:40:40.303819Z","level":"info","event":"Fetching URL: https://thecourseforum.com/course/BME/2104/All","logger":"task.stdout"}
{"timestamp":"2026-02-11T05:40:40.306119Z","level":"info","event":"Fetching URL: https://thecourseforum.com/course/BME/2220/All","logger":"task.stdout"}
{"timestamp":"2026-02-11T05:40:40.307753Z","level":"info","event":"Fetching URL: https://thecourseforum.com/course/BME/3240/All","logger":"task.stdout"}
{"timestamp":"2026-02-11T05:40:40.309647Z","level":"info","event":"Fetching URL: https://thecourseforum.com/course/BME/4995/All","logger":"task.stdout"}
{"timestamp":"2026-02-11T05:40:40.311578Z","level":"info","event":"Fetching URL: https://thecourseforum.com/course/BME/2315/All","logger":"task.stdout"}
{"timestamp":"2026-02-11T05:40:40.313245Z","level":"info","event":"Fetching URL: https://thecourseforum.com/course/BME/3040/All","logger":"task.stdout"}
{"timestamp":"2026-02-11T05:40:40.314903Z","level":"info","event":"Fetching URL: https://thecourseforum.com/course/BME/3090/All","logger":"task.stdout"}
{"timestamp":"2026-02-11T05:40:40.316879Z","level":"info","event":"Fetching URL: https://thecourseforum.com/course/BME/3310/All","logger":"task.stdout"}
{"timestamp":"2026-02-11T05:40:40.318538Z","level":"info","event":"Fetching URL: https://thecourseforum.com/course/BME/4064/All","logger":"task.stdout"}
{"timestamp":"2026-02-11T05:40:40.319952Z","level":"info","event":"Fetching URL: https://thecourseforum.com/course/BME/4280/All","logger":"task.stdout"}
{"timestamp":"2026-02-11T05:40:40.322619Z","level":"info","event":"Fetching URL: https://thecourseforum.com/course/BME/4315/All","logger":"task.stdout"}
{"timestamp":"2026-02-11T05:40:40.324921Z","level":"info","event":"Fetching URL: https://thecourseforum.com/course/BME/4350/All","logger":"task.stdout"}
{"timestamp":"2026-02-11T05:40:40.330507Z","level":"info","event":"Fetching URL: https://thecourseforum.com/course/BME/4370/All","logger":"task.stdout"}
{"timestamp":"2026-02-11T05:40:40.333979Z","level":"info","event":"Fetching URL: https://thecourseforum.com/course/BME/4380/All","logger":"task.stdout"}
{"timestamp":"2026-02-11T05:40:40.336373Z","level":"info","event":"Fetching URL: https://thecourseforum.com/course/BME/4417/All","logger":"task.stdout"}
{"timestamp":"2026-02-11T05:40:40.337957Z","level":"info","event":"Fetching URL: https://thecourseforum.com/course/BME/4550/All","logger":"task.stdout"}
{"timestamp":"2026-02-11T05:40:40.339569Z","level":"info","event":"Fetching URL: https://thecourseforum.com/course/BME/4890/All","logger":"task.stdout"}
{"timestamp":"2026-02-11T05:40:40.341628Z","level":"info","event":"Fetching URL: https://thecourseforum.com/course/BME/4993/All","logger":"task.stdout"}
{"timestamp":"2026-02-11T05:40:40.343482Z","level":"info","event":"Fetching URL: https://thecourseforum.com/course/CASS/1011/All","logger":"task.stdout"}
{"timestamp":"2026-02-11T05:40:40.345432Z","level":"info","event":"Fetching URL: https://thecourseforum.com/course/CE/1501/All","logger":"task.stdout"}
{"timestamp":"2026-02-11T05:40:40.347218Z","level":"info","event":"Fetching URL: https://thecourseforum.com/course/CE/2001/All","logger":"task.stdout"}
{"timestamp":"2026-02-11T05:40:40.348815Z","level":"info","event":"Fetching URL: https://thecourseforum.com/course/CE/2020/All","logger":"task.stdout"}
{"timestamp":"2026-02-11T05:40:40.350923Z","level":"info","event":"Fetching URL: https://thecourseforum.com/course/CE/2030/All","logger":"task.stdout"}
{"timestamp":"2026-02-11T05:40:40.352368Z","level":"info","event":"Fetching URL: https://thecourseforum.com/course/CE/2100/All","logger":"task.stdout"}
{"timestamp":"2026-02-11T05:40:40.353818Z","level":"info","event":"Fetching URL: https://thecourseforum.com/course/CE/2110/All","logger":"task.stdout"}
{"timestamp":"2026-02-11T05:40:40.356458Z","level":"info","event":"Fetching URL: https://thecourseforum.com/course/CE/2300/All","logger":"task.stdout"}
{"timestamp":"2026-02-11T05:40:40.358804Z","level":"info","event":"Fetching URL: https://thecourseforum.com/course/CE/2310/All","logger":"task.stdout"}
{"timestamp":"2026-02-11T05:40:40.361024Z","level":"info","event":"Fetching URL: https://thecourseforum.com/course/CE/2720/All","logger":"task.stdout"}
{"timestamp":"2026-02-11T05:40:40.362786Z","level":"info","event":"Fetching URL: https://thecourseforum.com/course/CE/3050/All","logger":"task.stdout"}
{"timestamp":"2026-02-11T05:40:40.364828Z","level":"info","event":"Fetching URL: https://thecourseforum.com/course/CE/3220/All","logger":"task.stdout"}
{"timestamp":"2026-02-11T05:40:40.366915Z","level":"info","event":"Fetching URL: https://thecourseforum.com/course/CE/4050/All","logger":"task.stdout"}
{"timestamp":"2026-02-11T05:40:40.369814Z","level":"info","event":"Fetching URL: https://thecourseforum.com/course/CE/3222/All","logger":"task.stdout"}
{"timestamp":"2026-02-11T05:40:40.372658Z","level":"info","event":"Fetching URL: https://thecourseforum.com/course/CE/3330/All","logger":"task.stdout"}
{"timestamp":"2026-02-11T05:40:40.374783Z","level":"info","event":"Fetching URL: https://thecourseforum.com/course/CE/3400/All","logger":"task.stdout"}
{"timestamp":"2026-02-11T05:40:40.376798Z","level":"info","event":"Fetching URL: https://thecourseforum.com/course/CE/3402/All","logger":"task.stdout"}
{"timestamp":"2026-02-11T05:40:40.378296Z","level":"info","event":"Fetching URL: https://thecourseforum.com/course/CE/3720/All","logger":"task.stdout"}
{"timestamp":"2026-02-11T05:40:40.380699Z","level":"info","event":"Fetching URL: https://thecourseforum.com/course/CE/3800/All","logger":"task.stdout"}
{"timestamp":"2026-02-11T05:40:40.382626Z","level":"info","event":"Fetching URL: https://thecourseforum.com/course/CE/4025/All","logger":"task.stdout"}
{"timestamp":"2026-02-11T05:40:40.384988Z","level":"info","event":"Fetching URL: https://thecourseforum.com/course/CE/4040/All","logger":"task.stdout"}
{"timestamp":"2026-02-11T05:40:40.387865Z","level":"info","event":"Fetching URL: https://thecourseforum.com/course/CE/4110/All","logger":"task.stdout"}
{"timestamp":"2026-02-11T05:40:40.389853Z","level":"info","event":"Fetching URL: https://thecourseforum.com/course/CE/4500/All","logger":"task.stdout"}
{"timestamp":"2026-02-11T05:40:40.391592Z","level":"info","event":"Fetching URL: https://thecourseforum.com/course/CE/4600/All","logger":"task.stdout"}
{"timestamp":"2026-02-11T05:40:40.393582Z","level":"info","event":"Fetching URL: https://thecourseforum.com/course/CE/4990/All","logger":"task.stdout"}
{"timestamp":"2026-02-11T05:40:40.395390Z","level":"info","event":"Fetching URL: https://thecourseforum.com/course/CE/4995/All","logger":"task.stdout"}
{"timestamp":"2026-02-11T05:40:40.397957Z","level":"info","event":"Fetching URL: https://thecourseforum.com/course/CHEM/1420/All","logger":"task.stdout"}
{"timestamp":"2026-02-11T05:40:40.400474Z","level":"info","event":"Fetching URL: https://thecourseforum.com/course/CHEM/1421/All","logger":"task.stdout"}
{"timestamp":"2026-02-11T05:40:40.402631Z","level":"info","event":"Fetching URL: https://thecourseforum.com/course/CHEM/1500/All","logger":"task.stdout"}
{"timestamp":"2026-02-11T05:40:40.404596Z","level":"info","event":"Fetching URL: https://thecourseforum.com/course/CHEM/1820/All","logger":"task.stdout"}
{"timestamp":"2026-02-11T05:40:40.407005Z","level":"info","event":"Fetching URL: https://thecourseforum.com/course/CHEM/1821/All","logger":"task.stdout"}
{"timestamp":"2026-02-11T05:40:40.409722Z","level":"info","event":"Fetching URL: https://thecourseforum.com/course/CHEM/2120/All","logger":"task.stdout"}
{"timestamp":"2026-02-11T05:40:40.412078Z","level":"info","event":"Fetching URL: https://thecourseforum.com/course/CHEM/2321/All","logger":"task.stdout"}
{"timestamp":"2026-02-11T05:40:40.414840Z","level":"info","event":"Fetching URL: https://thecourseforum.com/course/CHEM/2410/All","logger":"task.stdout"}
{"timestamp":"2026-02-11T05:40:40.416515Z","level":"info","event":"Fetching URL: https://thecourseforum.com/course/CHEM/2420/All","logger":"task.stdout"}
{"timestamp":"2026-02-11T05:40:40.417751Z","level":"info","event":"Fetching URL: https://thecourseforum.com/course/CHEM/2421/All","logger":"task.stdout"}
{"timestamp":"2026-02-11T05:40:40.420688Z","level":"info","event":"Fetching URL: https://thecourseforum.com/course/CHEM/2820/All","logger":"task.stdout"}
{"timestamp":"2026-02-11T05:40:40.422912Z","level":"info","event":"Fetching URL: https://thecourseforum.com/course/CHEM/3121/All","logger":"task.stdout"}
{"timestamp":"2026-02-11T05:40:40.424620Z","level":"info","event":"Fetching URL: https://thecourseforum.com/course/CHEM/3420/All","logger":"task.stdout"}
{"timestamp":"2026-02-11T05:40:40.427298Z","level":"info","event":"Fetching URL: https://thecourseforum.com/course/CHEM/3559/All","logger":"task.stdout"}
{"timestamp":"2026-02-11T05:40:40.429589Z","level":"info","event":"Fetching URL: https://thecourseforum.com/course/CHEM/3821/All","logger":"task.stdout"}
{"timestamp":"2026-02-11T05:40:40.431545Z","level":"info","event":"Fetching URL: https://thecourseforum.com/course/CHEM/3951/All","logger":"task.stdout"}
{"timestamp":"2026-02-11T05:40:40.433572Z","level":"info","event":"Fetching URL: https://thecourseforum.com/course/CHEM/3961/All","logger":"task.stdout"}
{"timestamp":"2026-02-11T05:40:40.434653Z","level":"info","event":"Fetching URL: https://thecourseforum.com/course/CHEM/4420/All","logger":"task.stdout"}
{"timestamp":"2026-02-11T05:40:40.436491Z","level":"info","event":"Fetching URL: https://thecourseforum.com/course/CHEM/4421/All","logger":"task.stdout"}
{"timestamp":"2026-02-11T05:40:40.438711Z","level":"info","event":"Fetching URL: https://thecourseforum.com/course/CHEM/4951/All","logger":"task.stdout"}
{"timestamp":"2026-02-11T05:40:40.440270Z","level":"info","event":"Fetching URL: https://thecourseforum.com/course/CHEM/4961/All","logger":"task.stdout"}
{"timestamp":"2026-02-11T05:40:40.443671Z","level":"info","event":"Fetching URL: https://thecourseforum.com/course/COMM/4899/All","logger":"task.stdout"}
{"timestamp":"2026-02-11T05:40:40.445569Z","level":"info","event":"Fetching URL: https://thecourseforum.com/course/COMM/1800/All","logger":"task.stdout"}
{"timestamp":"2026-02-11T05:40:40.447578Z","level":"info","event":"Fetching URL: https://thecourseforum.com/course/COMM/2000/All","logger":"task.stdout"}
{"timestamp":"2026-02-11T05:40:40.449821Z","level":"info","event":"Fetching URL: https://thecourseforum.com/course/COMM/2002/All","logger":"task.stdout"}
{"timestamp":"2026-02-11T05:40:40.452555Z","level":"info","event":"Fetching URL: https://thecourseforum.com/course/COMM/2003/All","logger":"task.stdout"}
{"timestamp":"2026-02-11T05:40:40.455063Z","level":"info","event":"Fetching URL: https://thecourseforum.com/course/COMM/2004/All","logger":"task.stdout"}
{"timestamp":"2026-02-11T05:40:40.457003Z","level":"info","event":"Fetching URL: https://thecourseforum.com/course/COMM/2005/All","logger":"task.stdout"}
{"timestamp":"2026-02-11T05:40:40.458559Z","level":"info","event":"Fetching URL: https://thecourseforum.com/course/COMM/2600/All","logger":"task.stdout"}
{"timestamp":"2026-02-11T05:40:40.460940Z","level":"info","event":"Fetching URL: https://thecourseforum.com/course/COMM/2700/All","logger":"task.stdout"}
{"timestamp":"2026-02-11T05:40:40.463380Z","level":"info","event":"Fetching URL: https://thecourseforum.com/course/COMM/2730/All","logger":"task.stdout"}
{"timestamp":"2026-02-11T05:40:40.464720Z","level":"info","event":"Fetching URL: https://thecourseforum.com/course/COMM/3040/All","logger":"task.stdout"}
{"timestamp":"2026-02-11T05:40:40.466710Z","level":"info","event":"Fetching URL: https://thecourseforum.com/course/COMM/3120/All","logger":"task.stdout"}
{"timestamp":"2026-02-11T05:40:40.468964Z","level":"info","event":"Fetching URL: https://thecourseforum.com/course/COMM/3200/All","logger":"task.stdout"}
{"timestamp":"2026-02-11T05:40:40.471141Z","level":"info","event":"Fetching URL: https://thecourseforum.com/course/COMM/3220/All","logger":"task.stdout"}
{"timestamp":"2026-02-11T05:40:40.473822Z","level":"info","event":"Fetching URL: https://thecourseforum.com/course/COMM/3230/All","logger":"task.stdout"}
{"timestamp":"2026-02-11T05:40:40.476730Z","level":"info","event":"Fetching URL: https://thecourseforum.com/course/COMM/3330/All","logger":"task.stdout"}
{"timestamp":"2026-02-11T05:40:40.478769Z","level":"info","event":"Fetching URL: https://thecourseforum.com/course/COMM/3410/All","logger":"task.stdout"}
{"timestamp":"2026-02-11T05:40:40.481484Z","level":"info","event":"Fetching URL: https://thecourseforum.com/course/COMM/3420/All","logger":"task.stdout"}
{"timestamp":"2026-02-11T05:40:40.483071Z","level":"info","event":"Fetching URL: https://thecourseforum.com/course/COMM/3559/All","logger":"task.stdout"}
{"timestamp":"2026-02-11T05:40:40.485630Z","level":"info","event":"Fetching URL: https://thecourseforum.com/course/COMM/3720/All","logger":"task.stdout"}
{"timestamp":"2026-02-11T05:40:40.487618Z","level":"info","event":"Fetching URL: https://thecourseforum.com/course/COMM/4150/All","logger":"task.stdout"}
{"timestamp":"2026-02-11T05:40:40.489349Z","level":"info","event":"Fetching URL: https://thecourseforum.com/course/COMM/4210/All","logger":"task.stdout"}
{"timestamp":"2026-02-11T05:40:40.492516Z","level":"info","event":"Fetching URL: https://thecourseforum.com/course/COMM/4221/All","logger":"task.stdout"}
{"timestamp":"2026-02-11T05:40:40.494920Z","level":"info","event":"Fetching URL: https://thecourseforum.com/course/COMM/4230/All","logger":"task.stdout"}
{"timestamp":"2026-02-11T05:40:40.497285Z","level":"info","event":"Fetching URL: https://thecourseforum.com/course/COMM/4252/All","logger":"task.stdout"}
{"timestamp":"2026-02-11T05:40:40.500435Z","level":"info","event":"Fetching URL: https://thecourseforum.com/course/COMM/2006/All","logger":"task.stdout"}
{"timestamp":"2026-02-11T05:40:40.501845Z","level":"info","event":"Fetching URL: https://thecourseforum.com/course/COMM/4350/All","logger":"task.stdout"}
{"timestamp":"2026-02-11T05:40:40.503864Z","level":"info","event":"Fetching URL: https://thecourseforum.com/course/COMM/4370/All","logger":"task.stdout"}
{"timestamp":"2026-02-11T05:40:40.506720Z","level":"info","event":"Fetching URL: https://thecourseforum.com/course/COMM/4371/All","logger":"task.stdout"}
{"timestamp":"2026-02-11T05:40:40.509717Z","level":"info","event":"Fetching URL: https://thecourseforum.com/course/COMM/4380/All","logger":"task.stdout"}
{"timestamp":"2026-02-11T05:40:40.511735Z","level":"info","event":"Fetching URL: https://thecourseforum.com/course/COMM/4522/All","logger":"task.stdout"}
{"timestamp":"2026-02-11T05:40:40.513543Z","level":"info","event":"Fetching URL: https://thecourseforum.com/course/COMM/4559/All","logger":"task.stdout"}
{"timestamp":"2026-02-11T05:40:40.515731Z","level":"info","event":"Fetching URL: https://thecourseforum.com/course/COMM/4569/All","logger":"task.stdout"}
{"timestamp":"2026-02-11T05:40:40.517553Z","level":"info","event":"Fetching URL: https://thecourseforum.com/course/COMM/4620/All","logger":"task.stdout"}
{"timestamp":"2026-02-11T05:40:40.519774Z","level":"info","event":"Fetching URL: https://thecourseforum.com/course/COMM/4621/All","logger":"task.stdout"}
{"timestamp":"2026-02-11T05:40:40.522006Z","level":"info","event":"Fetching URL: https://thecourseforum.com/course/COMM/4660/All","logger":"task.stdout"}
{"timestamp":"2026-02-11T05:40:40.523398Z","level":"info","event":"Fetching URL: https://thecourseforum.com/course/COMM/4680/All","logger":"task.stdout"}
{"timestamp":"2026-02-11T05:40:40.525787Z","level":"info","event":"Fetching URL: https://thecourseforum.com/course/COMM/4681/All","logger":"task.stdout"}
{"timestamp":"2026-02-11T05:40:40.527578Z","level":"info","event":"Fetching URL: https://thecourseforum.com/course/COMM/4710/All","logger":"task.stdout"}
{"timestamp":"2026-02-11T05:40:40.529160Z","level":"info","event":"Fetching URL: https://thecourseforum.com/course/COMM/4722/All","logger":"task.stdout"}
{"timestamp":"2026-02-11T05:40:40.531466Z","level":"info","event":"Fetching URL: https://thecourseforum.com/course/COMM/4730/All","logger":"task.stdout"}
{"timestamp":"2026-02-11T05:40:40.533779Z","level":"info","event":"Fetching URL: https://thecourseforum.com/course/COMM/4733/All","logger":"task.stdout"}
{"timestamp":"2026-02-11T05:40:40.535909Z","level":"info","event":"Fetching URL: https://thecourseforum.com/course/COMM/4791/All","logger":"task.stdout"}
{"timestamp":"2026-02-11T05:40:40.537225Z","level":"info","event":"Fetching URL: https://thecourseforum.com/course/COMM/4792/All","logger":"task.stdout"}
{"timestamp":"2026-02-11T05:40:40.538902Z","level":"info","event":"Fetching URL: https://thecourseforum.com/course/COMM/4821/All","logger":"task.stdout"}
{"timestamp":"2026-02-11T05:40:40.541180Z","level":"info","event":"Fetching URL: https://thecourseforum.com/course/COMM/4822/All","logger":"task.stdout"}
{"timestamp":"2026-02-11T05:40:40.543300Z","level":"info","event":"Fetching URL: https://thecourseforum.com/course/COMM/4831/All","logger":"task.stdout"}
{"timestamp":"2026-02-11T05:40:40.547085Z","level":"info","event":"Fetching URL: https://thecourseforum.com/course/COMM/4839/All","logger":"task.stdout"}
{"timestamp":"2026-02-11T05:40:40.550865Z","level":"info","event":"Fetching URL: https://thecourseforum.com/course/COMM/4841/All","logger":"task.stdout"}
{"timestamp":"2026-02-11T05:40:40.553744Z","level":"info","event":"Fetching URL: https://thecourseforum.com/course/COMM/4881/All","logger":"task.stdout"}
{"timestamp":"2026-02-11T05:40:40.555977Z","level":"info","event":"Fetching URL: https://thecourseforum.com/course/COMM/4993/All","logger":"task.stdout"}
{"timestamp":"2026-02-11T05:40:40.557901Z","level":"info","event":"Fetching URL: https://thecourseforum.com/course/COMM/3050/All","logger":"task.stdout"}
{"timestamp":"2026-02-11T05:40:40.559892Z","level":"info","event":"Fetching URL: https://thecourseforum.com/course/CLAS/2040/All","logger":"task.stdout"}
{"timestamp":"2026-02-11T05:40:40.561446Z","level":"info","event":"Fetching URL: https://thecourseforum.com/course/CLAS/2559/All","logger":"task.stdout"}
{"timestamp":"2026-02-11T05:40:40.563066Z","level":"info","event":"Fetching URL: https://thecourseforum.com/course/CLAS/3160/All","logger":"task.stdout"}
{"timestamp":"2026-02-11T05:40:40.565677Z","level":"info","event":"Fetching URL: https://thecourseforum.com/course/CLAS/3220/All","logger":"task.stdout"}
{"timestamp":"2026-02-11T05:40:40.567492Z","level":"info","event":"Fetching URL: https://thecourseforum.com/course/CLAS/3350/All","logger":"task.stdout"}
{"timestamp":"2026-02-11T05:40:40.568893Z","level":"info","event":"Fetching URL: https://thecourseforum.com/course/CLAS/2020/All","logger":"task.stdout"}
{"timestamp":"2026-02-11T05:40:40.570821Z","level":"info","event":"Fetching URL: https://thecourseforum.com/course/COGS/3960/All","logger":"task.stdout"}
{"timestamp":"2026-02-11T05:40:40.572682Z","level":"info","event":"Fetching URL: https://thecourseforum.com/course/COGS/4980/All","logger":"task.stdout"}
{"timestamp":"2026-02-11T05:40:40.574437Z","level":"info","event":"Fetching URL: https://thecourseforum.com/course/CS/2100/All","logger":"task.stdout"}
{"timestamp":"2026-02-11T05:40:40.575767Z","level":"info","event":"Fetching URL: https://thecourseforum.com/course/CS/2120/All","logger":"task.stdout"}
{"timestamp":"2026-02-11T05:40:40.578103Z","level":"info","event":"Fetching URL: https://thecourseforum.com/course/CS/2130/All","logger":"task.stdout"}
{"timestamp":"2026-02-11T05:40:40.579865Z","level":"info","event":"Fetching URL: https://thecourseforum.com/course/CS/2501/All","logger":"task.stdout"}
{"timestamp":"2026-02-11T05:40:40.581927Z","level":"info","event":"Fetching URL: https://thecourseforum.com/course/CS/2910/All","logger":"task.stdout"}
{"timestamp":"2026-02-11T05:40:40.583680Z","level":"info","event":"Fetching URL: https://thecourseforum.com/course/CS/2993/All","logger":"task.stdout"}
{"timestamp":"2026-02-11T05:40:40.585528Z","level":"info","event":"Fetching URL: https://thecourseforum.com/course/CS/3100/All","logger":"task.stdout"}
{"timestamp":"2026-02-11T05:40:40.587432Z","level":"info","event":"Fetching URL: https://thecourseforum.com/course/CS/3120/All","logger":"task.stdout"}
{"timestamp":"2026-02-11T05:40:40.589510Z","level":"info","event":"Fetching URL: https://thecourseforum.com/course/CS/3130/All","logger":"task.stdout"}
{"timestamp":"2026-02-11T05:40:40.591288Z","level":"info","event":"Fetching URL: https://thecourseforum.com/course/CS/3140/All","logger":"task.stdout"}
{"timestamp":"2026-02-11T05:40:40.593525Z","level":"info","event":"Fetching URL: https://thecourseforum.com/course/CS/3205/All","logger":"task.stdout"}
{"timestamp":"2026-02-11T05:40:40.596489Z","level":"info","event":"Fetching URL: https://thecourseforum.com/course/CS/3240/All","logger":"task.stdout"}
{"timestamp":"2026-02-11T05:40:40.598535Z","level":"info","event":"Fetching URL: https://thecourseforum.com/course/CS/3250/All","logger":"task.stdout"}
{"timestamp":"2026-02-11T05:40:40.600496Z","level":"info","event":"Fetching URL: https://thecourseforum.com/course/CS/3501/All","logger":"task.stdout"}
{"timestamp":"2026-02-11T05:40:40.601767Z","level":"info","event":"Fetching URL: https://thecourseforum.com/course/CS/3710/All","logger":"task.stdout"}
{"timestamp":"2026-02-11T05:40:40.603579Z","level":"info","event":"Fetching URL: https://thecourseforum.com/course/CS/4330/All","logger":"task.stdout"}
{"timestamp":"2026-02-11T05:40:40.605488Z","level":"info","event":"Fetching URL: https://thecourseforum.com/course/CS/4457/All","logger":"task.stdout"}
{"timestamp":"2026-02-11T05:40:40.607611Z","level":"info","event":"Fetching URL: https://thecourseforum.com/course/CS/4501/All","logger":"task.stdout"}
{"timestamp":"2026-02-11T05:40:40.610018Z","level":"info","event":"Fetching URL: https://thecourseforum.com/course/CS/4630/All","logger":"task.stdout"}
{"timestamp":"2026-02-11T05:40:40.612604Z","level":"info","event":"Fetching URL: https://thecourseforum.com/course/CS/4710/All","logger":"task.stdout"}
{"timestamp":"2026-02-11T05:40:40.614914Z","level":"info","event":"Fetching URL: https://thecourseforum.com/course/CS/4720/All","logger":"task.stdout"}
{"timestamp":"2026-02-11T05:40:40.617843Z","level":"info","event":"Fetching URL: https://thecourseforum.com/course/CS/4730/All","logger":"task.stdout"}
{"timestamp":"2026-02-11T05:40:40.619760Z","level":"info","event":"Fetching URL: https://thecourseforum.com/course/CS/4740/All","logger":"task.stdout"}
{"timestamp":"2026-02-11T05:40:40.622004Z","level":"info","event":"Fetching URL: https://thecourseforum.com/course/CS/4750/All","logger":"task.stdout"}
{"timestamp":"2026-02-11T05:40:40.623711Z","level":"info","event":"Fetching URL: https://thecourseforum.com/course/CS/4770/All","logger":"task.stdout"}
{"timestamp":"2026-02-11T05:40:40.625565Z","level":"info","event":"Fetching URL: https://thecourseforum.com/course/CS/4771/All","logger":"task.stdout"}
{"timestamp":"2026-02-11T05:40:40.627424Z","level":"info","event":"Fetching URL: https://thecourseforum.com/course/CS/4774/All","logger":"task.stdout"}
{"timestamp":"2026-02-11T05:40:40.629074Z","level":"info","event":"Fetching URL: https://thecourseforum.com/course/CS/4790/All","logger":"task.stdout"}
{"timestamp":"2026-02-11T05:40:40.631096Z","level":"info","event":"Fetching URL: https://thecourseforum.com/course/CS/4971/All","logger":"task.stdout"}
{"timestamp":"2026-02-11T05:40:40.633124Z","level":"info","event":"Fetching URL: https://thecourseforum.com/course/CS/4993/All","logger":"task.stdout"}
{"timestamp":"2026-02-11T05:40:40.634696Z","level":"info","event":"Fetching URL: https://thecourseforum.com/course/CS/4998/All","logger":"task.stdout"}
{"timestamp":"2026-02-11T05:40:40.636418Z","level":"info","event":"Fetching URL: https://thecourseforum.com/course/CS/1110/All","logger":"task.stdout"}
{"timestamp":"2026-02-11T05:40:40.639022Z","level":"info","event":"Fetching URL: https://thecourseforum.com/course/CS/1112/All","logger":"task.stdout"}
{"timestamp":"2026-02-11T05:40:40.641917Z","level":"info","event":"Fetching URL: https://thecourseforum.com/course/CS/1501/All","logger":"task.stdout"}
{"timestamp":"2026-02-11T05:40:40.644589Z","level":"info","event":"Fetching URL: https://thecourseforum.com/course/CS/4980/All","logger":"task.stdout"}
{"timestamp":"2026-02-11T05:40:40.646451Z","level":"info","event":"Fetching URL: https://thecourseforum.com/course/CS/4991/All","logger":"task.stdout"}
{"timestamp":"2026-02-11T05:40:40.651298Z","level":"info","event":"Fetching URL: https://thecourseforum.com/course/DANC/2210/All","logger":"task.stdout"}
{"timestamp":"2026-02-11T05:40:40.653922Z","level":"info","event":"Fetching URL: https://thecourseforum.com/course/DANC/3230/All","logger":"task.stdout"}
{"timestamp":"2026-02-11T05:40:40.656252Z","level":"info","event":"Fetching URL: https://thecourseforum.com/course/DANC/2430/All","logger":"task.stdout"}
{"timestamp":"2026-02-11T05:40:40.658510Z","level":"info","event":"Fetching URL: https://thecourseforum.com/course/DANC/3300/All","logger":"task.stdout"}
{"timestamp":"2026-02-11T05:40:40.661743Z","level":"info","event":"Fetching URL: https://thecourseforum.com/course/DANC/3400/All","logger":"task.stdout"}
{"timestamp":"2026-02-11T05:40:40.664934Z","level":"info","event":"Fetching URL: https://thecourseforum.com/course/DANC/3610/All","logger":"task.stdout"}
{"timestamp":"2026-02-11T05:40:40.668649Z","level":"info","event":"Fetching URL: https://thecourseforum.com/course/DANC/4993/All","logger":"task.stdout"}
{"timestamp":"2026-02-11T05:40:40.679398Z","level":"info","event":"Fetching URL: https://thecourseforum.com/course/DRAM/2630/All","logger":"task.stdout"}
{"timestamp":"2026-02-11T05:40:40.680767Z","level":"info","event":"Fetching URL: https://thecourseforum.com/course/DRAM/3030/All","logger":"task.stdout"}
{"timestamp":"2026-02-11T05:40:40.688111Z","level":"info","event":"Fetching URL: https://thecourseforum.com/course/DRAM/3050/All","logger":"task.stdout"}
{"timestamp":"2026-02-11T05:40:40.691785Z","level":"info","event":"Fetching URL: https://thecourseforum.com/course/DRAM/3070/All","logger":"task.stdout"}
{"timestamp":"2026-02-11T05:40:40.694784Z","level":"info","event":"Fetching URL: https://thecourseforum.com/course/DRAM/3210/All","logger":"task.stdout"}
{"timestamp":"2026-02-11T05:40:40.697780Z","level":"info","event":"Fetching URL: https://thecourseforum.com/course/DRAM/3559/All","logger":"task.stdout"}
{"timestamp":"2026-02-11T05:40:40.699660Z","level":"info","event":"Fetching URL: https://thecourseforum.com/course/DRAM/3652/All","logger":"task.stdout"}
{"timestamp":"2026-02-11T05:40:40.702746Z","level":"info","event":"Fetching URL: https://thecourseforum.com/course/DRAM/3654/All","logger":"task.stdout"}
{"timestamp":"2026-02-11T05:40:40.704609Z","level":"info","event":"Fetching URL: https://thecourseforum.com/course/DRAM/3730/All","logger":"task.stdout"}
{"timestamp":"2026-02-11T05:40:40.706654Z","level":"info","event":"Fetching URL: https://thecourseforum.com/course/DRAM/3820/All","logger":"task.stdout"}
{"timestamp":"2026-02-11T05:40:40.708853Z","level":"info","event":"Fetching URL: https://thecourseforum.com/course/DRAM/4040/All","logger":"task.stdout"}
{"timestamp":"2026-02-11T05:40:40.710741Z","level":"info","event":"Fetching URL: https://thecourseforum.com/course/DRAM/4384/All","logger":"task.stdout"}
{"timestamp":"2026-02-11T05:40:40.712558Z","level":"info","event":"Fetching URL: https://thecourseforum.com/course/DRAM/4593/All","logger":"task.stdout"}
{"timestamp":"2026-02-11T05:40:40.713851Z","level":"info","event":"Fetching URL: https://thecourseforum.com/course/DRAM/4599/All","logger":"task.stdout"}
{"timestamp":"2026-02-11T05:40:40.715479Z","level":"info","event":"Fetching URL: https://thecourseforum.com/course/DRAM/4730/All","logger":"task.stdout"}
{"timestamp":"2026-02-11T05:40:40.718333Z","level":"info","event":"Fetching URL: https://thecourseforum.com/course/DRAM/4993/All","logger":"task.stdout"}
{"timestamp":"2026-02-11T05:40:40.720366Z","level":"info","event":"Fetching URL: https://thecourseforum.com/course/DRAM/1010/All","logger":"task.stdout"}
{"timestamp":"2026-02-11T05:40:40.722563Z","level":"info","event":"Fetching URL: https://thecourseforum.com/course/DRAM/1020/All","logger":"task.stdout"}
{"timestamp":"2026-02-11T05:40:40.724935Z","level":"info","event":"Fetching URL: https://thecourseforum.com/course/DRAM/1220/All","logger":"task.stdout"}
{"timestamp":"2026-02-11T05:40:40.727871Z","level":"info","event":"Fetching URL: https://thecourseforum.com/course/DRAM/2010/All","logger":"task.stdout"}
{"timestamp":"2026-02-11T05:40:40.729767Z","level":"info","event":"Fetching URL: https://thecourseforum.com/course/DRAM/2020/All","logger":"task.stdout"}
{"timestamp":"2026-02-11T05:40:40.732251Z","level":"info","event":"Fetching URL: https://thecourseforum.com/course/DRAM/2060/All","logger":"task.stdout"}
{"timestamp":"2026-02-11T05:40:40.733927Z","level":"info","event":"Fetching URL: https://thecourseforum.com/course/DRAM/2130/All","logger":"task.stdout"}
{"timestamp":"2026-02-11T05:40:40.735708Z","level":"info","event":"Fetching URL: https://thecourseforum.com/course/DRAM/2211/All","logger":"task.stdout"}
{"timestamp":"2026-02-11T05:40:40.737479Z","level":"info","event":"Fetching URL: https://thecourseforum.com/course/DRAM/2310/All","logger":"task.stdout"}
{"timestamp":"2026-02-11T05:40:40.739546Z","level":"info","event":"Fetching URL: https://thecourseforum.com/course/DRAM/2430/All","logger":"task.stdout"}
{"timestamp":"2026-02-11T05:40:40.741250Z","level":"info","event":"Fetching URL: https://thecourseforum.com/course/DRAM/2559/All","logger":"task.stdout"}
{"timestamp":"2026-02-11T05:40:40.742565Z","level":"info","event":"Fetching URL: https://thecourseforum.com/course/DRAM/2620/All","logger":"task.stdout"}
{"timestamp":"2026-02-11T05:40:40.744574Z","level":"info","event":"Fetching URL: https://thecourseforum.com/course/DRAM/3410/All","logger":"task.stdout"}
{"timestamp":"2026-02-11T05:40:40.746412Z","level":"info","event":"Fetching URL: https://thecourseforum.com/course/DS/1001/All","logger":"task.stdout"}
{"timestamp":"2026-02-11T05:40:40.748032Z","level":"info","event":"Fetching URL: https://thecourseforum.com/course/DS/1002/All","logger":"task.stdout"}
{"timestamp":"2026-02-11T05:40:40.750573Z","level":"info","event":"Fetching URL: https://thecourseforum.com/course/DS/2002/All","logger":"task.stdout"}
{"timestamp":"2026-02-11T05:40:40.752578Z","level":"info","event":"Fetching URL: https://thecourseforum.com/course/DS/2003/All","logger":"task.stdout"}
{"timestamp":"2026-02-11T05:40:40.754388Z","level":"info","event":"Fetching URL: https://thecourseforum.com/course/DS/2004/All","logger":"task.stdout"}
{"timestamp":"2026-02-11T05:40:40.756687Z","level":"info","event":"Fetching URL: https://thecourseforum.com/course/DS/2024/All","logger":"task.stdout"}
{"timestamp":"2026-02-11T05:40:40.759010Z","level":"info","event":"Fetching URL: https://thecourseforum.com/course/DS/3001/All","logger":"task.stdout"}
{"timestamp":"2026-02-11T05:40:40.761690Z","level":"info","event":"Fetching URL: https://thecourseforum.com/course/DS/3021/All","logger":"task.stdout"}
{"timestamp":"2026-02-11T05:40:40.764140Z","level":"info","event":"Fetching URL: https://thecourseforum.com/course/DS/3025/All","logger":"task.stdout"}
{"timestamp":"2026-02-11T05:40:40.766564Z","level":"info","event":"Fetching URL: https://thecourseforum.com/course/DS/3026/All","logger":"task.stdout"}
{"timestamp":"2026-02-11T05:40:40.770180Z","level":"info","event":"Fetching URL: https://thecourseforum.com/course/DS/4002/All","logger":"task.stdout"}
{"timestamp":"2026-02-11T05:40:40.772490Z","level":"info","event":"Fetching URL: https://thecourseforum.com/course/DS/4023/All","logger":"task.stdout"}
{"timestamp":"2026-02-11T05:40:40.773983Z","level":"info","event":"Fetching URL: https://thecourseforum.com/course/DS/4024/All","logger":"task.stdout"}
{"timestamp":"2026-02-11T05:40:40.776728Z","level":"info","event":"Fetching URL: https://thecourseforum.com/course/DS/4125/All","logger":"task.stdout"}
{"timestamp":"2026-02-11T05:40:40.779091Z","level":"info","event":"Fetching URL: https://thecourseforum.com/course/DS/4320/All","logger":"task.stdout"}
{"timestamp":"2026-02-11T05:40:40.780813Z","level":"info","event":"Fetching URL: https://thecourseforum.com/course/DS/4993/All","logger":"task.stdout"}
{"timestamp":"2026-02-11T05:40:40.782561Z","level":"info","event":"Fetching URL: https://thecourseforum.com/course/ECE/3251/All","logger":"task.stdout"}
{"timestamp":"2026-02-11T05:40:40.784631Z","level":"info","event":"Fetching URL: https://thecourseforum.com/course/ECE/3430/All","logger":"task.stdout"}
{"timestamp":"2026-02-11T05:40:40.786792Z","level":"info","event":"Fetching URL: https://thecourseforum.com/course/ECE/3502/All","logger":"task.stdout"}
{"timestamp":"2026-02-11T05:40:40.789606Z","level":"info","event":"Fetching URL: https://thecourseforum.com/course/ECE/3780/All","logger":"task.stdout"}
{"timestamp":"2026-02-11T05:40:40.791864Z","level":"info","event":"Fetching URL: https://thecourseforum.com/course/ECE/4103/All","logger":"task.stdout"}
{"timestamp":"2026-02-11T05:40:40.797961Z","level":"info","event":"Fetching URL: https://thecourseforum.com/course/ECE/4130/All","logger":"task.stdout"}
{"timestamp":"2026-02-11T05:40:40.801388Z","level":"info","event":"Fetching URL: https://thecourseforum.com/course/ECE/4265/All","logger":"task.stdout"}
{"timestamp":"2026-02-11T05:40:40.804623Z","level":"info","event":"Fetching URL: https://thecourseforum.com/course/ECE/4332/All","logger":"task.stdout"}
{"timestamp":"2026-02-11T05:40:40.806555Z","level":"info","event":"Fetching URL: https://thecourseforum.com/course/ECE/4430/All","logger":"task.stdout"}
{"timestamp":"2026-02-11T05:40:40.808859Z","level":"info","event":"Fetching URL: https://thecourseforum.com/course/ECE/4435/All","logger":"task.stdout"}
{"timestamp":"2026-02-11T05:40:40.810549Z","level":"info","event":"Fetching URL: https://thecourseforum.com/course/ECE/4440/All","logger":"task.stdout"}
{"timestamp":"2026-02-11T05:40:40.811903Z","level":"info","event":"Fetching URL: https://thecourseforum.com/course/ECE/4457/All","logger":"task.stdout"}
{"timestamp":"2026-02-11T05:40:40.813750Z","level":"info","event":"Fetching URL: https://thecourseforum.com/course/ECE/4501/All","logger":"task.stdout"}
{"timestamp":"2026-02-11T05:40:40.816151Z","level":"info","event":"Fetching URL: https://thecourseforum.com/course/ECE/4502/All","logger":"task.stdout"}
{"timestamp":"2026-02-11T05:40:40.818656Z","level":"info","event":"Fetching URL: https://thecourseforum.com/course/ECE/4660/All","logger":"task.stdout"}
{"timestamp":"2026-02-11T05:40:40.820283Z","level":"info","event":"Fetching URL: https://thecourseforum.com/course/ECE/4784/All","logger":"task.stdout"}
{"timestamp":"2026-02-11T05:40:40.822687Z","level":"info","event":"Fetching URL: https://thecourseforum.com/course/ECE/4907/All","logger":"task.stdout"}
{"timestamp":"2026-02-11T05:40:40.824731Z","level":"info","event":"Fetching URL: https://thecourseforum.com/course/ECE/4908/All","logger":"task.stdout"}
{"timestamp":"2026-02-11T05:40:40.827662Z","level":"info","event":"Fetching URL: https://thecourseforum.com/course/ECE/4991/All","logger":"task.stdout"}
{"timestamp":"2026-02-11T05:40:40.830863Z","level":"info","event":"Fetching URL: https://thecourseforum.com/course/ECE/2200/All","logger":"task.stdout"}
{"timestamp":"2026-02-11T05:40:40.832954Z","level":"info","event":"Fetching URL: https://thecourseforum.com/course/ECE/2300/All","logger":"task.stdout"}
{"timestamp":"2026-02-11T05:40:40.834992Z","level":"info","event":"Fetching URL: https://thecourseforum.com/course/ECE/2330/All","logger":"task.stdout"}
{"timestamp":"2026-02-11T05:40:40.837406Z","level":"info","event":"Fetching URL: https://thecourseforum.com/course/ECE/2410/All","logger":"task.stdout"}
{"timestamp":"2026-02-11T05:40:40.839805Z","level":"info","event":"Fetching URL: https://thecourseforum.com/course/ECE/2501/All","logger":"task.stdout"}
{"timestamp":"2026-02-11T05:40:40.841887Z","level":"info","event":"Fetching URL: https://thecourseforum.com/course/ECE/2502/All","logger":"task.stdout"}
{"timestamp":"2026-02-11T05:40:40.844588Z","level":"info","event":"Fetching URL: https://thecourseforum.com/course/ECE/2600/All","logger":"task.stdout"}
{"timestamp":"2026-02-11T05:40:40.846395Z","level":"info","event":"Fetching URL: https://thecourseforum.com/course/ECE/2700/All","logger":"task.stdout"}
{"timestamp":"2026-02-11T05:40:40.848851Z","level":"info","event":"Fetching URL: https://thecourseforum.com/course/ECE/3103/All","logger":"task.stdout"}
{"timestamp":"2026-02-11T05:40:40.851659Z","level":"info","event":"Fetching URL: https://thecourseforum.com/course/ECE/3250/All","logger":"task.stdout"}
{"timestamp":"2026-02-11T05:40:40.854721Z","level":"info","event":"Fetching URL: https://thecourseforum.com/course/ECON/1100/All","logger":"task.stdout"}
{"timestamp":"2026-02-11T05:40:40.856374Z","level":"info","event":"Fetching URL: https://thecourseforum.com/course/ECON/2020/All","logger":"task.stdout"}
{"timestamp":"2026-02-11T05:40:40.858533Z","level":"info","event":"Fetching URL: https://thecourseforum.com/course/ECON/3010/All","logger":"task.stdout"}
{"timestamp":"2026-02-11T05:40:40.860651Z","level":"info","event":"Fetching URL: https://thecourseforum.com/course/ECON/3020/All","logger":"task.stdout"}
{"timestamp":"2026-02-11T05:40:40.862949Z","level":"info","event":"Fetching URL: https://thecourseforum.com/course/ECON/3030/All","logger":"task.stdout"}
{"timestamp":"2026-02-11T05:40:40.865062Z","level":"info","event":"Fetching URL: https://thecourseforum.com/course/ECON/3600/All","logger":"task.stdout"}
{"timestamp":"2026-02-11T05:40:40.866668Z","level":"info","event":"Fetching URL: https://thecourseforum.com/course/ECON/3640/All","logger":"task.stdout"}
{"timestamp":"2026-02-11T05:40:40.868639Z","level":"info","event":"Fetching URL: https://thecourseforum.com/course/ECON/3650/All","logger":"task.stdout"}
{"timestamp":"2026-02-11T05:40:40.870338Z","level":"info","event":"Fetching URL: https://thecourseforum.com/course/ECON/3720/All","logger":"task.stdout"}
{"timestamp":"2026-02-11T05:40:40.872520Z","level":"info","event":"Fetching URL: https://thecourseforum.com/course/ECON/3820/All","logger":"task.stdout"}
{"timestamp":"2026-02-11T05:40:40.875714Z","level":"info","event":"Fetching URL: https://thecourseforum.com/course/ECON/4080/All","logger":"task.stdout"}
{"timestamp":"2026-02-11T05:40:40.877564Z","level":"info","event":"Fetching URL: https://thecourseforum.com/course/ECON/4110/All","logger":"task.stdout"}
{"timestamp":"2026-02-11T05:40:40.879646Z","level":"info","event":"Fetching URL: https://thecourseforum.com/course/ECON/4150/All","logger":"task.stdout"}
{"timestamp":"2026-02-11T05:40:40.882613Z","level":"info","event":"Fetching URL: https://thecourseforum.com/course/ECON/4170/All","logger":"task.stdout"}
{"timestamp":"2026-02-11T05:40:40.884769Z","level":"info","event":"Fetching URL: https://thecourseforum.com/course/ECON/4210/All","logger":"task.stdout"}
{"timestamp":"2026-02-11T05:40:40.887210Z","level":"info","event":"Fetching URL: https://thecourseforum.com/course/ECON/4220/All","logger":"task.stdout"}
{"timestamp":"2026-02-11T05:40:40.889812Z","level":"info","event":"Fetching URL: https://thecourseforum.com/course/ECON/4240/All","logger":"task.stdout"}
{"timestamp":"2026-02-11T05:40:40.891710Z","level":"info","event":"Fetching URL: https://thecourseforum.com/course/ECON/4350/All","logger":"task.stdout"}
{"timestamp":"2026-02-11T05:40:40.893752Z","level":"info","event":"Fetching URL: https://thecourseforum.com/course/ECON/4360/All","logger":"task.stdout"}
{"timestamp":"2026-02-11T05:40:40.895575Z","level":"info","event":"Fetching URL: https://thecourseforum.com/course/ECON/4370/All","logger":"task.stdout"}
{"timestamp":"2026-02-11T05:40:40.897678Z","level":"info","event":"Fetching URL: https://thecourseforum.com/course/ECON/4420/All","logger":"task.stdout"}
{"timestamp":"2026-02-11T05:40:40.899517Z","level":"info","event":"Fetching URL: https://thecourseforum.com/course/ECON/4430/All","logger":"task.stdout"}
{"timestamp":"2026-02-11T05:40:40.901051Z","level":"info","event":"Fetching URL: https://thecourseforum.com/course/ECON/4444/All","logger":"task.stdout"}
{"timestamp":"2026-02-11T05:40:40.902493Z","level":"info","event":"Fetching URL: https://thecourseforum.com/course/ECON/4720/All","logger":"task.stdout"}
{"timestamp":"2026-02-11T05:40:40.904550Z","level":"info","event":"Fetching URL: https://thecourseforum.com/course/ECON/4820/All","logger":"task.stdout"}
{"timestamp":"2026-02-11T05:40:40.907800Z","level":"info","event":"Fetching URL: https://thecourseforum.com/course/ECON/4880/All","logger":"task.stdout"}
{"timestamp":"2026-02-11T05:40:40.909699Z","level":"info","event":"Fetching URL: https://thecourseforum.com/course/ECON/2010/All","logger":"task.stdout"}
{"timestamp":"2026-02-11T05:40:40.911723Z","level":"info","event":"Fetching URL: https://thecourseforum.com/course/ECON/4993/All","logger":"task.stdout"}
{"timestamp":"2026-02-11T05:40:40.914903Z","level":"info","event":"Fetching URL: https://thecourseforum.com/course/ECON/4999/All","logger":"task.stdout"}
{"timestamp":"2026-02-11T05:40:40.917411Z","level":"info","event":"Fetching URL: https://thecourseforum.com/course/EDHS/2900/All","logger":"task.stdout"}
{"timestamp":"2026-02-11T05:40:40.919420Z","level":"info","event":"Fetching URL: https://thecourseforum.com/course/EDHS/3055/All","logger":"task.stdout"}
{"timestamp":"2026-02-11T05:40:40.921642Z","level":"info","event":"Fetching URL: https://thecourseforum.com/course/EDHS/3110/All","logger":"task.stdout"}
{"timestamp":"2026-02-11T05:40:40.924827Z","level":"info","event":"Fetching URL: https://thecourseforum.com/course/EDHS/3120/All","logger":"task.stdout"}
{"timestamp":"2026-02-11T05:40:40.928014Z","level":"info","event":"Fetching URL: https://thecourseforum.com/course/EDHS/3130/All","logger":"task.stdout"}
{"timestamp":"2026-02-11T05:40:40.930764Z","level":"info","event":"Fetching URL: https://thecourseforum.com/course/EDHS/3250/All","logger":"task.stdout"}
{"timestamp":"2026-02-11T05:40:40.933779Z","level":"info","event":"Fetching URL: https://thecourseforum.com/course/EDHS/3850/All","logger":"task.stdout"}
{"timestamp":"2026-02-11T05:40:40.935928Z","level":"info","event":"Fetching URL: https://thecourseforum.com/course/EDHS/3895/All","logger":"task.stdout"}
{"timestamp":"2026-02-11T05:40:40.937569Z","level":"info","event":"Fetching URL: https://thecourseforum.com/course/EDHS/3985/All","logger":"task.stdout"}
{"timestamp":"2026-02-11T05:40:40.939687Z","level":"info","event":"Fetching URL: https://thecourseforum.com/course/EDHS/4030/All","logger":"task.stdout"}
{"timestamp":"2026-02-11T05:40:40.941441Z","level":"info","event":"Fetching URL: https://thecourseforum.com/course/EDHS/4040/All","logger":"task.stdout"}
{"timestamp":"2026-02-11T05:40:40.943639Z","level":"info","event":"Fetching URL: https://thecourseforum.com/course/EDHS/4150/All","logger":"task.stdout"}
{"timestamp":"2026-02-11T05:40:40.945102Z","level":"info","event":"Fetching URL: https://thecourseforum.com/course/EDHS/4210/All","logger":"task.stdout"}
{"timestamp":"2026-02-11T05:40:40.946842Z","level":"info","event":"Fetching URL: https://thecourseforum.com/course/EDHS/4400/All","logger":"task.stdout"}
{"timestamp":"2026-02-11T05:40:40.948920Z","level":"info","event":"Fetching URL: https://thecourseforum.com/course/EDHS/4810/All","logger":"task.stdout"}
{"timestamp":"2026-02-11T05:40:40.950937Z","level":"info","event":"Fetching URL: https://thecourseforum.com/course/EDHS/4993/All","logger":"task.stdout"}
{"timestamp":"2026-02-11T05:40:40.953485Z","level":"info","event":"Fetching URL: https://thecourseforum.com/course/EDHS/4995/All","logger":"task.stdout"}
{"timestamp":"2026-02-11T05:40:40.955574Z","level":"info","event":"Fetching URL: https://thecourseforum.com/course/EDHS/1120/All","logger":"task.stdout"}
{"timestamp":"2026-02-11T05:40:40.957926Z","level":"info","event":"Fetching URL: https://thecourseforum.com/course/EDHS/2230/All","logger":"task.stdout"}
{"timestamp":"2026-02-11T05:40:40.960763Z","level":"info","event":"Fetching URL: https://thecourseforum.com/course/EDHS/2240/All","logger":"task.stdout"}
{"timestamp":"2026-02-11T05:40:40.962991Z","level":"info","event":"Fetching URL: https://thecourseforum.com/course/EDHS/2250/All","logger":"task.stdout"}
{"timestamp":"2026-02-11T05:40:40.964450Z","level":"info","event":"Fetching URL: https://thecourseforum.com/course/EDHS/2450/All","logger":"task.stdout"}
{"timestamp":"2026-02-11T05:40:40.965741Z","level":"info","event":"Fetching URL: https://thecourseforum.com/course/EDHS/2460/All","logger":"task.stdout"}
{"timestamp":"2026-02-11T05:40:40.968758Z","level":"info","event":"Fetching URL: https://thecourseforum.com/course/EDHS/2895/All","logger":"task.stdout"}
{"timestamp":"2026-02-11T05:40:40.971441Z","level":"info","event":"Fetching URL: https://thecourseforum.com/course/EDIS/4995/All","logger":"task.stdout"}
{"timestamp":"2026-02-11T05:40:40.973043Z","level":"info","event":"Fetching URL: https://thecourseforum.com/course/EDIS/2010/All","logger":"task.stdout"}
{"timestamp":"2026-02-11T05:40:40.975016Z","level":"info","event":"Fetching URL: https://thecourseforum.com/course/EDIS/2020/All","logger":"task.stdout"}
{"timestamp":"2026-02-11T05:40:40.977135Z","level":"info","event":"Fetching URL: https://thecourseforum.com/course/EDIS/2022/All","logger":"task.stdout"}
{"timestamp":"2026-02-11T05:40:40.978908Z","level":"info","event":"Fetching URL: https://thecourseforum.com/course/EDIS/2200/All","logger":"task.stdout"}
{"timestamp":"2026-02-11T05:40:40.982040Z","level":"info","event":"Fetching URL: https://thecourseforum.com/course/EDIS/2600/All","logger":"task.stdout"}
{"timestamp":"2026-02-11T05:40:40.985148Z","level":"info","event":"Fetching URL: https://thecourseforum.com/course/EDIS/2650/All","logger":"task.stdout"}
{"timestamp":"2026-02-11T05:40:40.986559Z","level":"info","event":"Fetching URL: https://thecourseforum.com/course/EDIS/2920/All","logger":"task.stdout"}
{"timestamp":"2026-02-11T05:40:40.988745Z","level":"info","event":"Fetching URL: https://thecourseforum.com/course/EDIS/3012/All","logger":"task.stdout"}
{"timestamp":"2026-02-11T05:40:40.990992Z","level":"info","event":"Fetching URL: https://thecourseforum.com/course/EDIS/3013/All","logger":"task.stdout"}
{"timestamp":"2026-02-11T05:40:40.992999Z","level":"info","event":"Fetching URL: https://thecourseforum.com/course/EDIS/3020/All","logger":"task.stdout"}
{"timestamp":"2026-02-11T05:40:40.994653Z","level":"info","event":"Fetching URL: https://thecourseforum.com/course/EDIS/3040/All","logger":"task.stdout"}
{"timestamp":"2026-02-11T05:40:40.996546Z","level":"info","event":"Fetching URL: https://thecourseforum.com/course/EDIS/3045/All","logger":"task.stdout"}
{"timestamp":"2026-02-11T05:40:40.998570Z","level":"info","event":"Fetching URL: https://thecourseforum.com/course/EDIS/3050/All","logger":"task.stdout"}
{"timestamp":"2026-02-11T05:40:40.999701Z","level":"info","event":"Fetching URL: https://thecourseforum.com/course/EDIS/3060/All","logger":"task.stdout"}
{"timestamp":"2026-02-11T05:40:41.001911Z","level":"info","event":"Fetching URL: https://thecourseforum.com/course/EDIS/3460/All","logger":"task.stdout"}
{"timestamp":"2026-02-11T05:40:41.003931Z","level":"info","event":"Fetching URL: https://thecourseforum.com/course/EDIS/3881/All","logger":"task.stdout"}
{"timestamp":"2026-02-11T05:40:41.005711Z","level":"info","event":"Fetching URL: https://thecourseforum.com/course/EDIS/4060/All","logger":"task.stdout"}
{"timestamp":"2026-02-11T05:40:41.007417Z","level":"info","event":"Fetching URL: https://thecourseforum.com/course/EDIS/4100/All","logger":"task.stdout"}
{"timestamp":"2026-02-11T05:40:41.009537Z","level":"info","event":"Fetching URL: https://thecourseforum.com/course/EDIS/4110/All","logger":"task.stdout"}
{"timestamp":"2026-02-11T05:40:41.010966Z","level":"info","event":"Fetching URL: https://thecourseforum.com/course/EDIS/4120/All","logger":"task.stdout"}
{"timestamp":"2026-02-11T05:40:41.012750Z","level":"info","event":"Fetching URL: https://thecourseforum.com/course/EDIS/4210/All","logger":"task.stdout"}
{"timestamp":"2026-02-11T05:40:41.014072Z","level":"info","event":"Fetching URL: https://thecourseforum.com/course/EDIS/4230/All","logger":"task.stdout"}
{"timestamp":"2026-02-11T05:40:41.015861Z","level":"info","event":"Fetching URL: https://thecourseforum.com/course/EDIS/4310/All","logger":"task.stdout"}
{"timestamp":"2026-02-11T05:40:41.017848Z","level":"info","event":"Fetching URL: https://thecourseforum.com/course/EDIS/4320/All","logger":"task.stdout"}
{"timestamp":"2026-02-11T05:40:41.021975Z","level":"info","event":"Fetching URL: https://thecourseforum.com/course/EDIS/4340/All","logger":"task.stdout"}
{"timestamp":"2026-02-11T05:40:41.026596Z","level":"info","event":"Fetching URL: https://thecourseforum.com/course/EDIS/4350/All","logger":"task.stdout"}
{"timestamp":"2026-02-11T05:40:41.028590Z","level":"info","event":"Fetching URL: https://thecourseforum.com/course/EDIS/4871/All","logger":"task.stdout"}
{"timestamp":"2026-02-11T05:40:41.030485Z","level":"info","event":"Fetching URL: https://thecourseforum.com/course/EDIS/4877/All","logger":"task.stdout"}
{"timestamp":"2026-02-11T05:40:41.031717Z","level":"info","event":"Fetching URL: https://thecourseforum.com/course/EDIS/4881/All","logger":"task.stdout"}
{"timestamp":"2026-02-11T05:40:41.034030Z","level":"info","event":"Fetching URL: https://thecourseforum.com/course/EDIS/4887/All","logger":"task.stdout"}
{"timestamp":"2026-02-11T05:40:41.036124Z","level":"info","event":"Fetching URL: https://thecourseforum.com/course/EDIS/4993/All","logger":"task.stdout"}
{"timestamp":"2026-02-11T05:40:41.039143Z","level":"info","event":"Fetching URL: https://thecourseforum.com/course/EDLF/2050/All","logger":"task.stdout"}
{"timestamp":"2026-02-11T05:40:41.041671Z","level":"info","event":"Fetching URL: https://thecourseforum.com/course/EDLF/2080/All","logger":"task.stdout"}
{"timestamp":"2026-02-11T05:40:41.043452Z","level":"info","event":"Fetching URL: https://thecourseforum.com/course/EDLF/3000/All","logger":"task.stdout"}
{"timestamp":"2026-02-11T05:40:41.044707Z","level":"info","event":"Fetching URL: https://thecourseforum.com/course/EDLF/3010/All","logger":"task.stdout"}
{"timestamp":"2026-02-11T05:40:41.046500Z","level":"info","event":"Fetching URL: https://thecourseforum.com/course/EDLF/3150/All","logger":"task.stdout"}
{"timestamp":"2026-02-11T05:40:41.047989Z","level":"info","event":"Fetching URL: https://thecourseforum.com/course/EDLF/3170/All","logger":"task.stdout"}
{"timestamp":"2026-02-11T05:40:41.050947Z","level":"info","event":"Fetching URL: https://thecourseforum.com/course/EDLF/3180/All","logger":"task.stdout"}
{"timestamp":"2026-02-11T05:40:41.053368Z","level":"info","event":"Fetching URL: https://thecourseforum.com/course/EDLF/3200/All","logger":"task.stdout"}
{"timestamp":"2026-02-11T05:40:41.055627Z","level":"info","event":"Fetching URL: https://thecourseforum.com/course/EDLF/3240/All","logger":"task.stdout"}
{"timestamp":"2026-02-11T05:40:41.057764Z","level":"info","event":"Fetching URL: https://thecourseforum.com/course/EDLF/3420/All","logger":"task.stdout"}
{"timestamp":"2026-02-11T05:40:41.059708Z","level":"info","event":"Fetching URL: https://thecourseforum.com/course/EDLF/3491/All","logger":"task.stdout"}
{"timestamp":"2026-02-11T05:40:41.062705Z","level":"info","event":"Fetching URL: https://thecourseforum.com/course/EDLF/3620/All","logger":"task.stdout"}
{"timestamp":"2026-02-11T05:40:41.064703Z","level":"info","event":"Fetching URL: https://thecourseforum.com/course/EDLF/3701/All","logger":"task.stdout"}
{"timestamp":"2026-02-11T05:40:41.066458Z","level":"info","event":"Fetching URL: https://thecourseforum.com/course/EDLF/3896/All","logger":"task.stdout"}
{"timestamp":"2026-02-11T05:40:41.068502Z","level":"info","event":"Fetching URL: https://thecourseforum.com/course/EDLF/4080/All","logger":"task.stdout"}
{"timestamp":"2026-02-11T05:40:41.070885Z","level":"info","event":"Fetching URL: https://thecourseforum.com/course/EDLF/4085/All","logger":"task.stdout"}
{"timestamp":"2026-02-11T05:40:41.073426Z","level":"info","event":"Fetching URL: https://thecourseforum.com/course/EDLF/4561/All","logger":"task.stdout"}
{"timestamp":"2026-02-11T05:40:41.075531Z","level":"info","event":"Fetching URL: https://thecourseforum.com/course/EDLF/4993/All","logger":"task.stdout"}
{"timestamp":"2026-02-11T05:40:41.077687Z","level":"info","event":"Fetching URL: https://thecourseforum.com/course/EDLF/4995/All","logger":"task.stdout"}
{"timestamp":"2026-02-11T05:40:41.079596Z","level":"info","event":"Fetching URL: https://thecourseforum.com/course/EDNC/3986/All","logger":"task.stdout"}
{"timestamp":"2026-02-11T05:40:41.081652Z","level":"info","event":"Fetching URL: https://thecourseforum.com/course/EGMT/1520/All","logger":"task.stdout"}
{"timestamp":"2026-02-11T05:40:41.082967Z","level":"info","event":"Fetching URL: https://thecourseforum.com/course/EGMT/1540/All","logger":"task.stdout"}
{"timestamp":"2026-02-11T05:40:41.085116Z","level":"info","event":"Fetching URL: https://thecourseforum.com/course/EGMT/2500/All","logger":"task.stdout"}
{"timestamp":"2026-02-11T05:40:41.086886Z","level":"info","event":"Fetching URL: https://thecourseforum.com/course/EGMT/1510/All","logger":"task.stdout"}
{"timestamp":"2026-02-11T05:40:41.089177Z","level":"info","event":"Fetching URL: https://thecourseforum.com/course/EGMT/1530/All","logger":"task.stdout"}
{"timestamp":"2026-02-11T05:40:41.092510Z","level":"info","event":"Fetching URL: https://thecourseforum.com/course/ENCW/2100/All","logger":"task.stdout"}
{"timestamp":"2026-02-11T05:40:41.094126Z","level":"info","event":"Fetching URL: https://thecourseforum.com/course/ENCW/2300/All","logger":"task.stdout"}
{"timestamp":"2026-02-11T05:40:41.096114Z","level":"info","event":"Fetching URL: https://thecourseforum.com/course/ENCW/2559/All","logger":"task.stdout"}
{"timestamp":"2026-02-11T05:40:41.098786Z","level":"info","event":"Fetching URL: https://thecourseforum.com/course/ENCW/2600/All","logger":"task.stdout"}
{"timestamp":"2026-02-11T05:40:41.103061Z","level":"info","event":"Fetching URL: https://thecourseforum.com/course/ENCW/3310/All","logger":"task.stdout"}
{"timestamp":"2026-02-11T05:40:41.104800Z","level":"info","event":"Fetching URL: https://thecourseforum.com/course/ENCW/3500/All","logger":"task.stdout"}
{"timestamp":"2026-02-11T05:40:41.106444Z","level":"info","event":"Fetching URL: https://thecourseforum.com/course/ENCW/3610/All","logger":"task.stdout"}
{"timestamp":"2026-02-11T05:40:41.108753Z","level":"info","event":"Fetching URL: https://thecourseforum.com/course/ENCW/4350/All","logger":"task.stdout"}
{"timestamp":"2026-02-11T05:40:41.110128Z","level":"info","event":"Fetching URL: https://thecourseforum.com/course/ENCW/4550/All","logger":"task.stdout"}
{"timestamp":"2026-02-11T05:40:41.113011Z","level":"info","event":"Fetching URL: https://thecourseforum.com/course/ENCW/4720/All","logger":"task.stdout"}
{"timestamp":"2026-02-11T05:40:41.115419Z","level":"info","event":"Fetching URL: https://thecourseforum.com/course/ENCW/4820/All","logger":"task.stdout"}
{"timestamp":"2026-02-11T05:40:41.117697Z","level":"info","event":"Fetching URL: https://thecourseforum.com/course/ENCW/4830/All","logger":"task.stdout"}
{"timestamp":"2026-02-11T05:40:41.119462Z","level":"info","event":"Fetching URL: https://thecourseforum.com/course/ENCW/4920/All","logger":"task.stdout"}
{"timestamp":"2026-02-11T05:40:41.120945Z","level":"info","event":"Fetching URL: https://thecourseforum.com/course/ENCW/4993/All","logger":"task.stdout"}
{"timestamp":"2026-02-11T05:40:41.123436Z","level":"info","event":"Fetching URL: https://thecourseforum.com/course/ENGL/3002/All","logger":"task.stdout"}
{"timestamp":"2026-02-11T05:40:41.125480Z","level":"info","event":"Fetching URL: https://thecourseforum.com/course/ENGL/3010/All","logger":"task.stdout"}
{"timestamp":"2026-02-11T05:40:41.127536Z","level":"info","event":"Fetching URL: https://thecourseforum.com/course/ENGL/3162/All","logger":"task.stdout"}
{"timestamp":"2026-02-11T05:40:41.129139Z","level":"info","event":"Fetching URL: https://thecourseforum.com/course/ENGL/3260/All","logger":"task.stdout"}
{"timestamp":"2026-02-11T05:40:41.131508Z","level":"info","event":"Fetching URL: https://thecourseforum.com/course/ENGL/3273/All","logger":"task.stdout"}
{"timestamp":"2026-02-11T05:40:41.133075Z","level":"info","event":"Fetching URL: https://thecourseforum.com/course/ENGL/3370/All","logger":"task.stdout"}
{"timestamp":"2026-02-11T05:40:41.135729Z","level":"info","event":"Fetching URL: https://thecourseforum.com/course/ENGL/3500/All","logger":"task.stdout"}
{"timestamp":"2026-02-11T05:40:41.137274Z","level":"info","event":"Fetching URL: https://thecourseforum.com/course/ENGL/3540/All","logger":"task.stdout"}
{"timestamp":"2026-02-11T05:40:41.139409Z","level":"info","event":"Fetching URL: https://thecourseforum.com/course/ENGL/3560/All","logger":"task.stdout"}
{"timestamp":"2026-02-11T05:40:41.141349Z","level":"info","event":"Fetching URL: https://thecourseforum.com/course/ENGL/3611/All","logger":"task.stdout"}
{"timestamp":"2026-02-11T05:40:41.143022Z","level":"info","event":"Fetching URL: https://thecourseforum.com/course/ENGL/3740/All","logger":"task.stdout"}
{"timestamp":"2026-02-11T05:40:41.145506Z","level":"info","event":"Fetching URL: https://thecourseforum.com/course/ENGL/3750/All","logger":"task.stdout"}
{"timestamp":"2026-02-11T05:40:41.147506Z","level":"info","event":"Fetching URL: https://thecourseforum.com/course/ENGL/3790/All","logger":"task.stdout"}
{"timestamp":"2026-02-11T05:40:41.149923Z","level":"info","event":"Fetching URL: https://thecourseforum.com/course/ENGL/3825/All","logger":"task.stdout"}
{"timestamp":"2026-02-11T05:40:41.151699Z","level":"info","event":"Fetching URL: https://thecourseforum.com/course/ENGL/3910/All","logger":"task.stdout"}
{"timestamp":"2026-02-11T05:40:41.155164Z","level":"info","event":"Fetching URL: https://thecourseforum.com/course/ENGL/3924/All","logger":"task.stdout"}
{"timestamp":"2026-02-11T05:40:41.157894Z","level":"info","event":"Fetching URL: https://thecourseforum.com/course/ENGL/4500/All","logger":"task.stdout"}
{"timestamp":"2026-02-11T05:40:41.160352Z","level":"info","event":"Fetching URL: https://thecourseforum.com/course/ENGL/4510/All","logger":"task.stdout"}
{"timestamp":"2026-02-11T05:40:41.162535Z","level":"info","event":"Fetching URL: https://thecourseforum.com/course/ENGL/4520/All","logger":"task.stdout"}
{"timestamp":"2026-02-11T05:40:41.164590Z","level":"info","event":"Fetching URL: https://thecourseforum.com/course/ENGL/4540/All","logger":"task.stdout"}
{"timestamp":"2026-02-11T05:40:41.166682Z","level":"info","event":"Fetching URL: https://thecourseforum.com/course/ENGL/4559/All","logger":"task.stdout"}
{"timestamp":"2026-02-11T05:40:41.168770Z","level":"info","event":"Fetching URL: https://thecourseforum.com/course/ENGL/4560/All","logger":"task.stdout"}
{"timestamp":"2026-02-11T05:40:41.170588Z","level":"info","event":"Fetching URL: https://thecourseforum.com/course/ENGL/4570/All","logger":"task.stdout"}
{"timestamp":"2026-02-11T05:40:41.172779Z","level":"info","event":"Fetching URL: https://thecourseforum.com/course/ENGL/4902/All","logger":"task.stdout"}
{"timestamp":"2026-02-11T05:40:41.173985Z","level":"info","event":"Fetching URL: https://thecourseforum.com/course/ENGL/4999/All","logger":"task.stdout"}
{"timestamp":"2026-02-11T05:40:41.176170Z","level":"info","event":"Fetching URL: https://thecourseforum.com/course/ENGL/2527/All","logger":"task.stdout"}
{"timestamp":"2026-02-11T05:40:41.178567Z","level":"info","event":"Fetching URL: https://thecourseforum.com/course/ENGL/1590/All","logger":"task.stdout"}
{"timestamp":"2026-02-11T05:40:41.180717Z","level":"info","event":"Fetching URL: https://thecourseforum.com/course/ENGL/2502/All","logger":"task.stdout"}
{"timestamp":"2026-02-11T05:40:41.182775Z","level":"info","event":"Fetching URL: https://thecourseforum.com/course/ENGL/2506/All","logger":"task.stdout"}
{"timestamp":"2026-02-11T05:40:41.184769Z","level":"info","event":"Fetching URL: https://thecourseforum.com/course/ENGL/2507/All","logger":"task.stdout"}
{"timestamp":"2026-02-11T05:40:41.186359Z","level":"info","event":"Fetching URL: https://thecourseforum.com/course/ENGL/2508/All","logger":"task.stdout"}
{"timestamp":"2026-02-11T05:40:41.187593Z","level":"info","event":"Fetching URL: https://thecourseforum.com/course/ENGL/2572/All","logger":"task.stdout"}
{"timestamp":"2026-02-11T05:40:41.189527Z","level":"info","event":"Fetching URL: https://thecourseforum.com/course/ENGL/2599/All","logger":"task.stdout"}
{"timestamp":"2026-02-11T05:40:41.192210Z","level":"info","event":"Fetching URL: https://thecourseforum.com/course/ENTP/1501/All","logger":"task.stdout"}
{"timestamp":"2026-02-11T05:40:41.195930Z","level":"info","event":"Fetching URL: https://thecourseforum.com/course/ENTP/1010/All","logger":"task.stdout"}
{"timestamp":"2026-02-11T05:40:41.199763Z","level":"info","event":"Fetching URL: https://thecourseforum.com/course/ENWR/1506/All","logger":"task.stdout"}
{"timestamp":"2026-02-11T05:40:41.202907Z","level":"info","event":"Fetching URL: https://thecourseforum.com/course/ENWR/1520/All","logger":"task.stdout"}
{"timestamp":"2026-02-11T05:40:41.205718Z","level":"info","event":"Fetching URL: https://thecourseforum.com/course/ENWR/2510/All","logger":"task.stdout"}
{"timestamp":"2026-02-11T05:40:41.207981Z","level":"info","event":"Fetching URL: https://thecourseforum.com/course/ENWR/2520/All","logger":"task.stdout"}
{"timestamp":"2026-02-11T05:40:41.210145Z","level":"info","event":"Fetching URL: https://thecourseforum.com/course/ENWR/2700/All","logger":"task.stdout"}
{"timestamp":"2026-02-11T05:40:41.212958Z","level":"info","event":"Fetching URL: https://thecourseforum.com/course/ENWR/2800/All","logger":"task.stdout"}
{"timestamp":"2026-02-11T05:40:41.214651Z","level":"info","event":"Fetching URL: https://thecourseforum.com/course/ENWR/3500/All","logger":"task.stdout"}
{"timestamp":"2026-02-11T05:40:41.216690Z","level":"info","event":"Fetching URL: https://thecourseforum.com/course/ENWR/3550/All","logger":"task.stdout"}
{"timestamp":"2026-02-11T05:40:41.218946Z","level":"info","event":"Fetching URL: https://thecourseforum.com/course/ENWR/3559/All","logger":"task.stdout"}
{"timestamp":"2026-02-11T05:40:41.221506Z","level":"info","event":"Fetching URL: https://thecourseforum.com/course/ENWR/3640/All","logger":"task.stdout"}
{"timestamp":"2026-02-11T05:40:41.223933Z","level":"info","event":"Fetching URL: https://thecourseforum.com/course/ENWR/3660/All","logger":"task.stdout"}
{"timestamp":"2026-02-11T05:40:41.225920Z","level":"info","event":"Fetching URL: https://thecourseforum.com/course/ENWR/3760/All","logger":"task.stdout"}
{"timestamp":"2026-02-11T05:40:41.228642Z","level":"info","event":"Fetching URL: https://thecourseforum.com/course/ENWR/3900/All","logger":"task.stdout"}
{"timestamp":"2026-02-11T05:40:41.230664Z","level":"info","event":"Fetching URL: https://thecourseforum.com/course/ENWR/1510/All","logger":"task.stdout"}
{"timestamp":"2026-02-11T05:40:41.232939Z","level":"info","event":"Fetching URL: https://thecourseforum.com/course/ETP/2030/All","logger":"task.stdout"}
{"timestamp":"2026-02-11T05:40:41.234824Z","level":"info","event":"Fetching URL: https://thecourseforum.com/course/ETP/3500/All","logger":"task.stdout"}
{"timestamp":"2026-02-11T05:40:41.236444Z","level":"info","event":"Fetching URL: https://thecourseforum.com/course/ETP/4010/All","logger":"task.stdout"}
{"timestamp":"2026-02-11T05:40:41.237688Z","level":"info","event":"Fetching URL: https://thecourseforum.com/course/ETP/4995/All","logger":"task.stdout"}
{"timestamp":"2026-02-11T05:40:41.239540Z","level":"info","event":"Fetching URL: https://thecourseforum.com/course/EVSC/1010/All","logger":"task.stdout"}
{"timestamp":"2026-02-11T05:40:41.241858Z","level":"info","event":"Fetching URL: https://thecourseforum.com/course/EVSC/1300/All","logger":"task.stdout"}
{"timestamp":"2026-02-11T05:40:41.245141Z","level":"info","event":"Fetching URL: https://thecourseforum.com/course/EVSC/2220/All","logger":"task.stdout"}
{"timestamp":"2026-02-11T05:40:41.248597Z","level":"info","event":"Fetching URL: https://thecourseforum.com/course/EVSC/2800/All","logger":"task.stdout"}
{"timestamp":"2026-02-11T05:40:41.251865Z","level":"info","event":"Fetching URL: https://thecourseforum.com/course/EVSC/2801/All","logger":"task.stdout"}
{"timestamp":"2026-02-11T05:40:41.253793Z","level":"info","event":"Fetching URL: https://thecourseforum.com/course/EVSC/3020/All","logger":"task.stdout"}
{"timestamp":"2026-02-11T05:40:41.257041Z","level":"info","event":"Fetching URL: https://thecourseforum.com/course/EVSC/4995/All","logger":"task.stdout"}
{"timestamp":"2026-02-11T05:40:41.259048Z","level":"info","event":"Fetching URL: https://thecourseforum.com/course/EVSC/4999/All","logger":"task.stdout"}
{"timestamp":"2026-02-11T05:40:41.261362Z","level":"info","event":"Fetching URL: https://thecourseforum.com/course/EVSC/3200/All","logger":"task.stdout"}
{"timestamp":"2026-02-11T05:40:41.263715Z","level":"info","event":"Fetching URL: https://thecourseforum.com/course/EVSC/3201/All","logger":"task.stdout"}
{"timestamp":"2026-02-11T05:40:41.266318Z","level":"info","event":"Fetching URL: https://thecourseforum.com/course/EVSC/3300/All","logger":"task.stdout"}
{"timestamp":"2026-02-11T05:40:41.268450Z","level":"info","event":"Fetching URL: https://thecourseforum.com/course/EVSC/3301/All","logger":"task.stdout"}
{"timestamp":"2026-02-11T05:40:41.269981Z","level":"info","event":"Fetching URL: https://thecourseforum.com/course/EVSC/3559/All","logger":"task.stdout"}
{"timestamp":"2026-02-11T05:40:41.271568Z","level":"info","event":"Fetching URL: https://thecourseforum.com/course/EVSC/3600/All","logger":"task.stdout"}
{"timestamp":"2026-02-11T05:40:41.273567Z","level":"info","event":"Fetching URL: https://thecourseforum.com/course/EVSC/3601/All","logger":"task.stdout"}
{"timestamp":"2026-02-11T05:40:41.275814Z","level":"info","event":"Fetching URL: https://thecourseforum.com/course/EVSC/4002/All","logger":"task.stdout"}
{"timestamp":"2026-02-11T05:40:41.277527Z","level":"info","event":"Fetching URL: https://thecourseforum.com/course/EVSC/4020/All","logger":"task.stdout"}
{"timestamp":"2026-02-11T05:40:41.278963Z","level":"info","event":"Fetching URL: https://thecourseforum.com/course/EVSC/4070/All","logger":"task.stdout"}
{"timestamp":"2026-02-11T05:40:41.281525Z","level":"info","event":"Fetching URL: https://thecourseforum.com/course/EVSC/4140/All","logger":"task.stdout"}
{"timestamp":"2026-02-11T05:40:41.283585Z","level":"info","event":"Fetching URL: https://thecourseforum.com/course/EVSC/4370/All","logger":"task.stdout"}
{"timestamp":"2026-02-11T05:40:41.285047Z","level":"info","event":"Fetching URL: https://thecourseforum.com/course/EVSC/4542/All","logger":"task.stdout"}
{"timestamp":"2026-02-11T05:40:41.287098Z","level":"info","event":"Fetching URL: https://thecourseforum.com/course/EVSC/4559/All","logger":"task.stdout"}
{"timestamp":"2026-02-11T05:40:41.289660Z","level":"info","event":"Fetching URL: https://thecourseforum.com/course/EVSC/4630/All","logger":"task.stdout"}
{"timestamp":"2026-02-11T05:40:41.291476Z","level":"info","event":"Fetching URL: https://thecourseforum.com/course/EVSC/4640/All","logger":"task.stdout"}
{"timestamp":"2026-02-11T05:40:41.292959Z","level":"info","event":"Fetching URL: https://thecourseforum.com/course/EVSC/4710/All","logger":"task.stdout"}
{"timestamp":"2026-02-11T05:40:41.294960Z","level":"info","event":"Fetching URL: https://thecourseforum.com/course/EVSC/4890/All","logger":"task.stdout"}
{"timestamp":"2026-02-11T05:40:41.297022Z","level":"info","event":"Fetching URL: https://thecourseforum.com/course/EVSC/4891/All","logger":"task.stdout"}
{"timestamp":"2026-02-11T05:40:41.298777Z","level":"info","event":"Fetching URL: https://thecourseforum.com/course/EVSC/4991/All","logger":"task.stdout"}
{"timestamp":"2026-02-11T05:40:41.300842Z","level":"info","event":"Fetching URL: https://thecourseforum.com/course/EVSC/4993/All","logger":"task.stdout"}
{"timestamp":"2026-02-11T05:40:41.302514Z","level":"info","event":"Fetching URL: https://thecourseforum.com/course/EVSC/4080/All","logger":"task.stdout"}
{"timestamp":"2026-02-11T05:40:41.303743Z","level":"info","event":"Fetching URL: https://thecourseforum.com/course/FREN/1000/All","logger":"task.stdout"}
{"timestamp":"2026-02-11T05:40:41.306529Z","level":"info","event":"Fetching URL: https://thecourseforum.com/course/FREN/1010/All","logger":"task.stdout"}
{"timestamp":"2026-02-11T05:40:41.308265Z","level":"info","event":"Fetching URL: https://thecourseforum.com/course/FREN/1020/All","logger":"task.stdout"}
{"timestamp":"2026-02-11T05:40:41.310726Z","level":"info","event":"Fetching URL: https://thecourseforum.com/course/FREN/1050/All","logger":"task.stdout"}
{"timestamp":"2026-02-11T05:40:41.312546Z","level":"info","event":"Fetching URL: https://thecourseforum.com/course/FREN/2010/All","logger":"task.stdout"}
{"timestamp":"2026-02-11T05:40:41.313824Z","level":"info","event":"Fetching URL: https://thecourseforum.com/course/FREN/3030/All","logger":"task.stdout"}
{"timestamp":"2026-02-11T05:40:41.315841Z","level":"info","event":"Fetching URL: https://thecourseforum.com/course/FREN/2020/All","logger":"task.stdout"}
{"timestamp":"2026-02-11T05:40:41.317807Z","level":"info","event":"Fetching URL: https://thecourseforum.com/course/FREN/3029/All","logger":"task.stdout"}
{"timestamp":"2026-02-11T05:40:41.319618Z","level":"info","event":"Fetching URL: https://thecourseforum.com/course/FREN/3031/All","logger":"task.stdout"}
{"timestamp":"2026-02-11T05:40:41.321650Z","level":"info","event":"Fetching URL: https://thecourseforum.com/course/FREN/3036/All","logger":"task.stdout"}
{"timestamp":"2026-02-11T05:40:41.324005Z","level":"info","event":"Fetching URL: https://thecourseforum.com/course/FREN/3040/All","logger":"task.stdout"}
{"timestamp":"2026-02-11T05:40:41.327859Z","level":"info","event":"Fetching URL: https://thecourseforum.com/course/FREN/3043/All","logger":"task.stdout"}
{"timestamp":"2026-02-11T05:40:41.329908Z","level":"info","event":"Fetching URL: https://thecourseforum.com/course/FREN/3061/All","logger":"task.stdout"}
{"timestamp":"2026-02-11T05:40:41.331718Z","level":"info","event":"Fetching URL: https://thecourseforum.com/course/FREN/3882/All","logger":"task.stdout"}
{"timestamp":"2026-02-11T05:40:41.333990Z","level":"info","event":"Fetching URL: https://thecourseforum.com/course/FREN/4064/All","logger":"task.stdout"}
{"timestamp":"2026-02-11T05:40:41.336514Z","level":"info","event":"Fetching URL: https://thecourseforum.com/course/FREN/4123/All","logger":"task.stdout"}
{"timestamp":"2026-02-11T05:40:41.338460Z","level":"info","event":"Fetching URL: https://thecourseforum.com/course/FREN/4744/All","logger":"task.stdout"}
{"timestamp":"2026-02-11T05:40:41.340272Z","level":"info","event":"Fetching URL: https://thecourseforum.com/course/FREN/4838/All","logger":"task.stdout"}
{"timestamp":"2026-02-11T05:40:41.341576Z","level":"info","event":"Fetching URL: https://thecourseforum.com/course/FREN/4999/All","logger":"task.stdout"}
{"timestamp":"2026-02-11T05:40:41.343600Z","level":"info","event":"Fetching URL: https://thecourseforum.com/course/GREE/4999/All","logger":"task.stdout"}
{"timestamp":"2026-02-11T05:40:41.345763Z","level":"info","event":"Fetching URL: https://thecourseforum.com/course/GREE/1020/All","logger":"task.stdout"}
{"timestamp":"2026-02-11T05:40:41.347822Z","level":"info","event":"Fetching URL: https://thecourseforum.com/course/GREE/2240/All","logger":"task.stdout"}
{"timestamp":"2026-02-11T05:40:41.349517Z","level":"info","event":"Fetching URL: https://thecourseforum.com/course/GREE/3040/All","logger":"task.stdout"}
{"timestamp":"2026-02-11T05:40:41.351159Z","level":"info","event":"Fetching URL: https://thecourseforum.com/course/GSGS/2000/All","logger":"task.stdout"}
{"timestamp":"2026-02-11T05:40:41.353279Z","level":"info","event":"Fetching URL: https://thecourseforum.com/course/GSGS/3330/All","logger":"task.stdout"}
{"timestamp":"2026-02-11T05:40:41.356072Z","level":"info","event":"Fetching URL: https://thecourseforum.com/course/GSGS/3550/All","logger":"task.stdout"}
{"timestamp":"2026-02-11T05:40:41.359473Z","level":"info","event":"Fetching URL: https://thecourseforum.com/course/GSGS/3559/All","logger":"task.stdout"}
{"timestamp":"2026-02-11T05:40:41.361389Z","level":"info","event":"Fetching URL: https://thecourseforum.com/course/GSGS/4200/All","logger":"task.stdout"}
{"timestamp":"2026-02-11T05:40:41.363112Z","level":"info","event":"Fetching URL: https://thecourseforum.com/course/GSGS/4510/All","logger":"task.stdout"}
{"timestamp":"2026-02-11T05:40:41.364710Z","level":"info","event":"Fetching URL: https://thecourseforum.com/course/GSGS/4520/All","logger":"task.stdout"}
{"timestamp":"2026-02-11T05:40:41.366012Z","level":"info","event":"Fetching URL: https://thecourseforum.com/course/GSGS/4550/All","logger":"task.stdout"}
{"timestamp":"2026-02-11T05:40:41.368052Z","level":"info","event":"Fetching URL: https://thecourseforum.com/course/GSGS/4610/All","logger":"task.stdout"}
{"timestamp":"2026-02-11T05:40:41.370470Z","level":"info","event":"Fetching URL: https://thecourseforum.com/course/GSGS/4993/All","logger":"task.stdout"}
{"timestamp":"2026-02-11T05:40:41.373129Z","level":"info","event":"Fetching URL: https://thecourseforum.com/course/GSSJ/4991/All","logger":"task.stdout"}
{"timestamp":"2026-02-11T05:40:41.374468Z","level":"info","event":"Fetching URL: https://thecourseforum.com/course/GSSJ/4993/All","logger":"task.stdout"}
{"timestamp":"2026-02-11T05:40:41.376396Z","level":"info","event":"Fetching URL: https://thecourseforum.com/course/GSVS/2050/All","logger":"task.stdout"}
{"timestamp":"2026-02-11T05:40:41.378736Z","level":"info","event":"Fetching URL: https://thecourseforum.com/course/GSVS/3150/All","logger":"task.stdout"}
{"timestamp":"2026-02-11T05:40:41.380409Z","level":"info","event":"Fetching URL: https://thecourseforum.com/course/GSVS/4991/All","logger":"task.stdout"}
{"timestamp":"2026-02-11T05:40:41.381812Z","level":"info","event":"Fetching URL: https://thecourseforum.com/course/GSVS/4993/All","logger":"task.stdout"}
{"timestamp":"2026-02-11T05:40:41.383501Z","level":"info","event":"Fetching URL: https://thecourseforum.com/course/HBIO/4820/All","logger":"task.stdout"}
{"timestamp":"2026-02-11T05:40:41.385120Z","level":"info","event":"Fetching URL: https://thecourseforum.com/course/HBIO/4960/All","logger":"task.stdout"}
{"timestamp":"2026-02-11T05:40:41.386931Z","level":"info","event":"Fetching URL: https://thecourseforum.com/course/HBIO/4999/All","logger":"task.stdout"}
{"timestamp":"2026-02-11T05:40:41.389313Z","level":"info","event":"Fetching URL: https://thecourseforum.com/course/HEBR/1020/All","logger":"task.stdout"}
{"timestamp":"2026-02-11T05:40:41.390600Z","level":"info","event":"Fetching URL: https://thecourseforum.com/course/HEBR/2020/All","logger":"task.stdout"}
{"timestamp":"2026-02-11T05:40:41.392539Z","level":"info","event":"Fetching URL: https://thecourseforum.com/course/HEBR/2420/All","logger":"task.stdout"}
{"timestamp":"2026-02-11T05:40:41.394889Z","level":"info","event":"Fetching URL: https://thecourseforum.com/course/HEBR/4993/All","logger":"task.stdout"}
{"timestamp":"2026-02-11T05:40:41.396697Z","level":"info","event":"Fetching URL: https://thecourseforum.com/course/HIAF/1559/All","logger":"task.stdout"}
{"timestamp":"2026-02-11T05:40:41.398736Z","level":"info","event":"Fetching URL: https://thecourseforum.com/course/HIAF/3051/All","logger":"task.stdout"}
{"timestamp":"2026-02-11T05:40:41.400613Z","level":"info","event":"Fetching URL: https://thecourseforum.com/course/HIAF/4260/All","logger":"task.stdout"}
{"timestamp":"2026-02-11T05:40:41.402400Z","level":"info","event":"Fetching URL: https://thecourseforum.com/course/HISA/1501/All","logger":"task.stdout"}
{"timestamp":"2026-02-11T05:40:41.404640Z","level":"info","event":"Fetching URL: https://thecourseforum.com/course/HISA/3003/All","logger":"task.stdout"}
{"timestamp":"2026-02-11T05:40:41.406609Z","level":"info","event":"Fetching URL: https://thecourseforum.com/course/HIST/1501/All","logger":"task.stdout"}
{"timestamp":"2026-02-11T05:40:41.408397Z","level":"info","event":"Fetching URL: https://thecourseforum.com/course/HIST/2014/All","logger":"task.stdout"}
{"timestamp":"2026-02-11T05:40:41.410897Z","level":"info","event":"Fetching URL: https://thecourseforum.com/course/HIST/2213/All","logger":"task.stdout"}
{"timestamp":"2026-02-11T05:40:41.412244Z","level":"info","event":"Fetching URL: https://thecourseforum.com/course/HIST/2214/All","logger":"task.stdout"}
{"timestamp":"2026-02-11T05:40:41.414138Z","level":"info","event":"Fetching URL: https://thecourseforum.com/course/HIST/2354/All","logger":"task.stdout"}
{"timestamp":"2026-02-11T05:40:41.416254Z","level":"info","event":"Fetching URL: https://thecourseforum.com/course/HIST/2559/All","logger":"task.stdout"}
{"timestamp":"2026-02-11T05:40:41.417642Z","level":"info","event":"Fetching URL: https://thecourseforum.com/course/HIST/3352/All","logger":"task.stdout"}
{"timestamp":"2026-02-11T05:40:41.418990Z","level":"info","event":"Fetching URL: https://thecourseforum.com/course/HIST/3501/All","logger":"task.stdout"}
{"timestamp":"2026-02-11T05:40:41.420633Z","level":"info","event":"Fetching URL: https://thecourseforum.com/course/HIST/3861/All","logger":"task.stdout"}
{"timestamp":"2026-02-11T05:40:41.422295Z","level":"info","event":"Fetching URL: https://thecourseforum.com/course/HIST/3910/All","logger":"task.stdout"}
{"timestamp":"2026-02-11T05:40:41.424168Z","level":"info","event":"Fetching URL: https://thecourseforum.com/course/HIST/4501/All","logger":"task.stdout"}
{"timestamp":"2026-02-11T05:40:41.426880Z","level":"info","event":"Fetching URL: https://thecourseforum.com/course/HIST/4991/All","logger":"task.stdout"}
{"timestamp":"2026-02-11T05:40:41.428949Z","level":"info","event":"Fetching URL: https://thecourseforum.com/course/HIST/4993/All","logger":"task.stdout"}
{"timestamp":"2026-02-11T05:40:41.430757Z","level":"info","event":"Fetching URL: https://thecourseforum.com/course/HIUS/1501/All","logger":"task.stdout"}
{"timestamp":"2026-02-11T05:40:41.432613Z","level":"info","event":"Fetching URL: https://thecourseforum.com/course/HIUS/2001/All","logger":"task.stdout"}
{"timestamp":"2026-02-11T05:40:41.434531Z","level":"info","event":"Fetching URL: https://thecourseforum.com/course/HIUS/2002/All","logger":"task.stdout"}
{"timestamp":"2026-02-11T05:40:41.436646Z","level":"info","event":"Fetching URL: https://thecourseforum.com/course/HIUS/2051/All","logger":"task.stdout"}
{"timestamp":"2026-02-11T05:40:41.438110Z","level":"info","event":"Fetching URL: https://thecourseforum.com/course/HIUS/2053/All","logger":"task.stdout"}
{"timestamp":"2026-02-11T05:40:41.439645Z","level":"info","event":"Fetching URL: https://thecourseforum.com/course/HIUS/2168/All","logger":"task.stdout"}
{"timestamp":"2026-02-11T05:40:41.441459Z","level":"info","event":"Fetching URL: https://thecourseforum.com/course/HIUS/2559/All","logger":"task.stdout"}
{"timestamp":"2026-02-11T05:40:41.443612Z","level":"info","event":"Fetching URL: https://thecourseforum.com/course/HIUS/3011/All","logger":"task.stdout"}
{"timestamp":"2026-02-11T05:40:41.445407Z","level":"info","event":"Fetching URL: https://thecourseforum.com/course/HIUS/3051/All","logger":"task.stdout"}
{"timestamp":"2026-02-11T05:40:41.447183Z","level":"info","event":"Fetching URL: https://thecourseforum.com/course/HIUS/3131/All","logger":"task.stdout"}
{"timestamp":"2026-02-11T05:40:41.449052Z","level":"info","event":"Fetching URL: https://thecourseforum.com/course/HIUS/3411/All","logger":"task.stdout"}
{"timestamp":"2026-02-11T05:40:41.451514Z","level":"info","event":"Fetching URL: https://thecourseforum.com/course/HIUS/3501/All","logger":"task.stdout"}
{"timestamp":"2026-02-11T05:40:41.453516Z","level":"info","event":"Fetching URL: https://thecourseforum.com/course/HIUS/3612/All","logger":"task.stdout"}
{"timestamp":"2026-02-11T05:40:41.456809Z","level":"info","event":"Fetching URL: https://thecourseforum.com/course/HIUS/3620/All","logger":"task.stdout"}
{"timestamp":"2026-02-11T05:40:41.460712Z","level":"info","event":"Fetching URL: https://thecourseforum.com/course/HIUS/4501/All","logger":"task.stdout"}
{"timestamp":"2026-02-11T05:40:41.463017Z","level":"info","event":"Fetching URL: https://thecourseforum.com/course/ISLS/3000/All","logger":"task.stdout"}
{"timestamp":"2026-02-11T05:40:41.466640Z","level":"info","event":"Fetching URL: https://thecourseforum.com/course/ISLS/3010/All","logger":"task.stdout"}
{"timestamp":"2026-02-11T05:40:41.469126Z","level":"info","event":"Fetching URL: https://thecourseforum.com/course/ISLS/3780/All","logger":"task.stdout"}
{"timestamp":"2026-02-11T05:40:41.471989Z","level":"info","event":"Fetching URL: https://thecourseforum.com/course/ISSS/3015/All","logger":"task.stdout"}
{"timestamp":"2026-02-11T05:40:41.474658Z","level":"info","event":"Fetching URL: https://thecourseforum.com/course/ISSS/3070/All","logger":"task.stdout"}
{"timestamp":"2026-02-11T05:40:41.477681Z","level":"info","event":"Fetching URL: https://thecourseforum.com/course/ISSS/3190/All","logger":"task.stdout"}
{"timestamp":"2026-02-11T05:40:41.479675Z","level":"info","event":"Fetching URL: https://thecourseforum.com/course/ISSS/3270/All","logger":"task.stdout"}
{"timestamp":"2026-02-11T05:40:41.481596Z","level":"info","event":"Fetching URL: https://thecourseforum.com/course/ISSS/3416/All","logger":"task.stdout"}
{"timestamp":"2026-02-11T05:40:41.483223Z","level":"info","event":"Fetching URL: https://thecourseforum.com/course/ISSS/3501/All","logger":"task.stdout"}
{"timestamp":"2026-02-11T05:40:41.485810Z","level":"info","event":"Fetching URL: https://thecourseforum.com/course/ISSS/3760/All","logger":"task.stdout"}
{"timestamp":"2026-02-11T05:40:41.487495Z","level":"info","event":"Fetching URL: https://thecourseforum.com/course/ISSS/3888/All","logger":"task.stdout"}
{"timestamp":"2026-02-11T05:40:41.489870Z","level":"info","event":"Fetching URL: https://thecourseforum.com/course/ISSS/4063/All","logger":"task.stdout"}
{"timestamp":"2026-02-11T05:40:41.491609Z","level":"info","event":"Fetching URL: https://thecourseforum.com/course/ISSS/4064/All","logger":"task.stdout"}
{"timestamp":"2026-02-11T05:40:41.493595Z","level":"info","event":"Fetching URL: https://thecourseforum.com/course/ISSS/4314/All","logger":"task.stdout"}
{"timestamp":"2026-02-11T05:40:41.495457Z","level":"info","event":"Fetching URL: https://thecourseforum.com/course/IT/3000/All","logger":"task.stdout"}
{"timestamp":"2026-02-11T05:40:41.497026Z","level":"info","event":"Fetching URL: https://thecourseforum.com/course/IT/3100/All","logger":"task.stdout"}
{"timestamp":"2026-02-11T05:40:41.499885Z","level":"info","event":"Fetching URL: https://thecourseforum.com/course/IT/3120/All","logger":"task.stdout"}
{"timestamp":"2026-02-11T05:40:41.501513Z","level":"info","event":"Fetching URL: https://thecourseforum.com/course/IT/3220/All","logger":"task.stdout"}
{"timestamp":"2026-02-11T05:40:41.503562Z","level":"info","event":"Fetching URL: https://thecourseforum.com/course/IT/3240/All","logger":"task.stdout"}
{"timestamp":"2026-02-11T05:40:41.505513Z","level":"info","event":"Fetching URL: https://thecourseforum.com/course/IT/3400/All","logger":"task.stdout"}
{"timestamp":"2026-02-11T05:40:41.507097Z","level":"info","event":"Fetching URL: https://thecourseforum.com/course/IT/3410/All","logger":"task.stdout"}
{"timestamp":"2026-02-11T05:40:41.509259Z","level":"info","event":"Fetching URL: https://thecourseforum.com/course/KLPA/1000/All","logger":"task.stdout"}
{"timestamp":"2026-02-11T05:40:41.511861Z","level":"info","event":"Fetching URL: https://thecourseforum.com/course/KLPA/1010/All","logger":"task.stdout"}
{"timestamp":"2026-02-11T05:40:41.513766Z","level":"info","event":"Fetching URL: https://thecourseforum.com/course/KLPA/1045/All","logger":"task.stdout"}
{"timestamp":"2026-02-11T05:40:41.515475Z","level":"info","event":"Fetching URL: https://thecourseforum.com/course/KLPA/1055/All","logger":"task.stdout"}
{"timestamp":"2026-02-11T05:40:41.516764Z","level":"info","event":"Fetching URL: https://thecourseforum.com/course/KLPA/1060/All","logger":"task.stdout"}
{"timestamp":"2026-02-11T05:40:41.518871Z","level":"info","event":"Fetching URL: https://thecourseforum.com/course/KLPA/1070/All","logger":"task.stdout"}
{"timestamp":"2026-02-11T05:40:41.521734Z","level":"info","event":"Fetching URL: https://thecourseforum.com/course/KLPA/1105/All","logger":"task.stdout"}
{"timestamp":"2026-02-11T05:40:41.523357Z","level":"info","event":"Fetching URL: https://thecourseforum.com/course/KLPA/1115/All","logger":"task.stdout"}
{"timestamp":"2026-02-11T05:40:41.525073Z","level":"info","event":"Fetching URL: https://thecourseforum.com/course/KLPA/1120/All","logger":"task.stdout"}
{"timestamp":"2026-02-11T05:40:41.527915Z","level":"info","event":"Fetching URL: https://thecourseforum.com/course/KLPA/1130/All","logger":"task.stdout"}
{"timestamp":"2026-02-11T05:40:41.529814Z","level":"info","event":"Fetching URL: https://thecourseforum.com/course/KLPA/1150/All","logger":"task.stdout"}
{"timestamp":"2026-02-11T05:40:41.532363Z","level":"info","event":"Fetching URL: https://thecourseforum.com/course/KLPA/1155/All","logger":"task.stdout"}
{"timestamp":"2026-02-11T05:40:41.534425Z","level":"info","event":"Fetching URL: https://thecourseforum.com/course/KLPA/1170/All","logger":"task.stdout"}
{"timestamp":"2026-02-11T05:40:41.536716Z","level":"info","event":"Fetching URL: https://thecourseforum.com/course/KLPA/1200/All","logger":"task.stdout"}
{"timestamp":"2026-02-11T05:40:41.539248Z","level":"info","event":"Fetching URL: https://thecourseforum.com/course/KLPA/1300/All","logger":"task.stdout"}
{"timestamp":"2026-02-11T05:40:41.540985Z","level":"info","event":"Fetching URL: https://thecourseforum.com/course/KLPA/1310/All","logger":"task.stdout"}
{"timestamp":"2026-02-11T05:40:41.543188Z","level":"info","event":"Fetching URL: https://thecourseforum.com/course/KLPA/1320/All","logger":"task.stdout"}
{"timestamp":"2026-02-11T05:40:41.545492Z","level":"info","event":"Fetching URL: https://thecourseforum.com/course/KLPA/1325/All","logger":"task.stdout"}
{"timestamp":"2026-02-11T05:40:41.547587Z","level":"info","event":"Fetching URL: https://thecourseforum.com/course/KLPA/1400/All","logger":"task.stdout"}
{"timestamp":"2026-02-11T05:40:41.549424Z","level":"info","event":"Fetching URL: https://thecourseforum.com/course/KLPA/1410/All","logger":"task.stdout"}
{"timestamp":"2026-02-11T05:40:41.551497Z","level":"info","event":"Fetching URL: https://thecourseforum.com/course/KLPA/1425/All","logger":"task.stdout"}
{"timestamp":"2026-02-11T05:40:41.552825Z","level":"info","event":"Fetching URL: https://thecourseforum.com/course/KLPA/1430/All","logger":"task.stdout"}
{"timestamp":"2026-02-11T05:40:41.555282Z","level":"info","event":"Fetching URL: https://thecourseforum.com/course/KLPA/1440/All","logger":"task.stdout"}
{"timestamp":"2026-02-11T05:40:41.557771Z","level":"info","event":"Fetching URL: https://thecourseforum.com/course/KLPA/1445/All","logger":"task.stdout"}
{"timestamp":"2026-02-11T05:40:41.560571Z","level":"info","event":"Fetching URL: https://thecourseforum.com/course/KLPA/1720/All","logger":"task.stdout"}
{"timestamp":"2026-02-11T05:40:41.563117Z","level":"info","event":"Fetching URL: https://thecourseforum.com/course/KLPA/1725/All","logger":"task.stdout"}
{"timestamp":"2026-02-11T05:40:41.564860Z","level":"info","event":"Fetching URL: https://thecourseforum.com/course/KLPA/1730/All","logger":"task.stdout"}
{"timestamp":"2026-02-11T05:40:41.567516Z","level":"info","event":"Fetching URL: https://thecourseforum.com/course/KLPA/1735/All","logger":"task.stdout"}
{"timestamp":"2026-02-11T05:40:41.569906Z","level":"info","event":"Fetching URL: https://thecourseforum.com/course/LPPL/2100/All","logger":"task.stdout"}
{"timestamp":"2026-02-11T05:40:41.572924Z","level":"info","event":"Fetching URL: https://thecourseforum.com/course/LPPL/2750/All","logger":"task.stdout"}
{"timestamp":"2026-02-11T05:40:41.574557Z","level":"info","event":"Fetching URL: https://thecourseforum.com/course/LPPL/3210/All","logger":"task.stdout"}
{"timestamp":"2026-02-11T05:40:41.577947Z","level":"info","event":"Fetching URL: https://thecourseforum.com/course/LPPL/3450/All","logger":"task.stdout"}
{"timestamp":"2026-02-11T05:40:41.580853Z","level":"info","event":"Fetching URL: https://thecourseforum.com/course/LPPL/4225/All","logger":"task.stdout"}
{"timestamp":"2026-02-11T05:40:41.581961Z","level":"info","event":"Fetching URL: https://thecourseforum.com/course/LPPL/4680/All","logger":"task.stdout"}
{"timestamp":"2026-02-11T05:40:41.583579Z","level":"info","event":"Fetching URL: https://thecourseforum.com/course/LPPP/2050/All","logger":"task.stdout"}
{"timestamp":"2026-02-11T05:40:41.585273Z","level":"info","event":"Fetching URL: https://thecourseforum.com/course/LPPP/2200/All","logger":"task.stdout"}
{"timestamp":"2026-02-11T05:40:41.587730Z","level":"info","event":"Fetching URL: https://thecourseforum.com/course/LPPP/3230/All","logger":"task.stdout"}
{"timestamp":"2026-02-11T05:40:41.590424Z","level":"info","event":"Fetching URL: https://thecourseforum.com/course/LPPP/3250/All","logger":"task.stdout"}
{"timestamp":"2026-02-11T05:40:41.592843Z","level":"info","event":"Fetching URL: https://thecourseforum.com/course/LPPP/3559/All","logger":"task.stdout"}
{"timestamp":"2026-02-11T05:40:41.595553Z","level":"info","event":"Fetching URL: https://thecourseforum.com/course/LPPP/4991/All","logger":"task.stdout"}
{"timestamp":"2026-02-11T05:40:41.597793Z","level":"info","event":"Fetching URL: https://thecourseforum.com/course/LPPS/3040/All","logger":"task.stdout"}
{"timestamp":"2026-02-11T05:40:41.599783Z","level":"info","event":"Fetching URL: https://thecourseforum.com/course/LPPS/3050/All","logger":"task.stdout"}
{"timestamp":"2026-02-11T05:40:41.601718Z","level":"info","event":"Fetching URL: https://thecourseforum.com/course/LPPS/3150/All","logger":"task.stdout"}
{"timestamp":"2026-02-11T05:40:41.603592Z","level":"info","event":"Fetching URL: https://thecourseforum.com/course/LPPS/3240/All","logger":"task.stdout"}
{"timestamp":"2026-02-11T05:40:41.605473Z","level":"info","event":"Fetching URL: https://thecourseforum.com/course/LPPS/3280/All","logger":"task.stdout"}
{"timestamp":"2026-02-11T05:40:41.608868Z","level":"info","event":"Fetching URL: https://thecourseforum.com/course/LPPS/3350/All","logger":"task.stdout"}
{"timestamp":"2026-02-11T05:40:41.611810Z","level":"info","event":"Fetching URL: https://thecourseforum.com/course/LPPS/3390/All","logger":"task.stdout"}
{"timestamp":"2026-02-11T05:40:41.613806Z","level":"info","event":"Fetching URL: https://thecourseforum.com/course/LPPS/3440/All","logger":"task.stdout"}
{"timestamp":"2026-02-11T05:40:41.615473Z","level":"info","event":"Fetching URL: https://thecourseforum.com/course/LPPS/4260/All","logger":"task.stdout"}
{"timestamp":"2026-02-11T05:40:41.617355Z","level":"info","event":"Fetching URL: https://thecourseforum.com/course/LPPS/4270/All","logger":"task.stdout"}
{"timestamp":"2026-02-11T05:40:41.618677Z","level":"info","event":"Fetching URL: https://thecourseforum.com/course/LPPS/4320/All","logger":"task.stdout"}
{"timestamp":"2026-02-11T05:40:41.620844Z","level":"info","event":"Fetching URL: https://thecourseforum.com/course/LPPS/4620/All","logger":"task.stdout"}
{"timestamp":"2026-02-11T05:40:41.624540Z","level":"info","event":"Fetching URL: https://thecourseforum.com/course/LPPS/4730/All","logger":"task.stdout"}
{"timestamp":"2026-02-11T05:40:41.626546Z","level":"info","event":"Fetching URL: https://thecourseforum.com/course/MAE/2330/All","logger":"task.stdout"}
{"timestamp":"2026-02-11T05:40:41.628564Z","level":"info","event":"Fetching URL: https://thecourseforum.com/course/MAE/3010/All","logger":"task.stdout"}
{"timestamp":"2026-02-11T05:40:41.630882Z","level":"info","event":"Fetching URL: https://thecourseforum.com/course/MAE/3140/All","logger":"task.stdout"}
{"timestamp":"2026-02-11T05:40:41.632913Z","level":"info","event":"Fetching URL: https://thecourseforum.com/course/MAE/3220/All","logger":"task.stdout"}
{"timestamp":"2026-02-11T05:40:41.634873Z","level":"info","event":"Fetching URL: https://thecourseforum.com/course/MAE/3420/All","logger":"task.stdout"}
{"timestamp":"2026-02-11T05:40:41.636956Z","level":"info","event":"Fetching URL: https://thecourseforum.com/course/MAE/3620/All","logger":"task.stdout"}
{"timestamp":"2026-02-11T05:40:41.639409Z","level":"info","event":"Fetching URL: https://thecourseforum.com/course/MAE/3730/All","logger":"task.stdout"}
{"timestamp":"2026-02-11T05:40:41.641246Z","level":"info","event":"Fetching URL: https://thecourseforum.com/course/MAE/3820/All","logger":"task.stdout"}
{"timestamp":"2026-02-11T05:40:41.643404Z","level":"info","event":"Fetching URL: https://thecourseforum.com/course/MAE/3840/All","logger":"task.stdout"}
{"timestamp":"2026-02-11T05:40:41.645488Z","level":"info","event":"Fetching URL: https://thecourseforum.com/course/MAE/4501/All","logger":"task.stdout"}
{"timestamp":"2026-02-11T05:40:41.647059Z","level":"info","event":"Fetching URL: https://thecourseforum.com/course/MAE/4502/All","logger":"task.stdout"}
{"timestamp":"2026-02-11T05:40:41.648863Z","level":"info","event":"Fetching URL: https://thecourseforum.com/course/MAE/4504/All","logger":"task.stdout"}
{"timestamp":"2026-02-11T05:40:41.650582Z","level":"info","event":"Fetching URL: https://thecourseforum.com/course/MAE/4512/All","logger":"task.stdout"}
{"timestamp":"2026-02-11T05:40:41.652140Z","level":"info","event":"Fetching URL: https://thecourseforum.com/course/MAE/4514/All","logger":"task.stdout"}
{"timestamp":"2026-02-11T05:40:41.654587Z","level":"info","event":"Fetching URL: https://thecourseforum.com/course/MAE/4620/All","logger":"task.stdout"}
{"timestamp":"2026-02-11T05:40:41.656681Z","level":"info","event":"Fetching URL: https://thecourseforum.com/course/MAE/4710/All","logger":"task.stdout"}
{"timestamp":"2026-02-11T05:40:41.658588Z","level":"info","event":"Fetching URL: https://thecourseforum.com/course/MAE/4730/All","logger":"task.stdout"}
{"timestamp":"2026-02-11T05:40:41.660797Z","level":"info","event":"Fetching URL: https://thecourseforum.com/course/MAE/4800/All","logger":"task.stdout"}
{"timestamp":"2026-02-11T05:40:41.662774Z","level":"info","event":"Fetching URL: https://thecourseforum.com/course/MAE/1501/All","logger":"task.stdout"}
{"timestamp":"2026-02-11T05:40:41.664619Z","level":"info","event":"Fetching URL: https://thecourseforum.com/course/MAE/2040/All","logger":"task.stdout"}
{"timestamp":"2026-02-11T05:40:41.666465Z","level":"info","event":"Fetching URL: https://thecourseforum.com/course/MAE/2100/All","logger":"task.stdout"}
{"timestamp":"2026-02-11T05:40:41.668763Z","level":"info","event":"Fetching URL: https://thecourseforum.com/course/MAE/2300/All","logger":"task.stdout"}
{"timestamp":"2026-02-11T05:40:41.673954Z","level":"info","event":"Fetching URL: https://thecourseforum.com/course/MAE/2310/All","logger":"task.stdout"}
{"timestamp":"2026-02-11T05:40:41.678177Z","level":"info","event":"Fetching URL: https://thecourseforum.com/course/MAE/2320/All","logger":"task.stdout"}
{"timestamp":"2026-02-11T05:40:41.679850Z","level":"info","event":"Fetching URL: https://thecourseforum.com/course/MATH/1310/All","logger":"task.stdout"}
{"timestamp":"2026-02-11T05:40:41.681494Z","level":"info","event":"Fetching URL: https://thecourseforum.com/course/MATH/1320/All","logger":"task.stdout"}
{"timestamp":"2026-02-11T05:40:41.683275Z","level":"info","event":"Fetching URL: https://thecourseforum.com/course/MATH/2310/All","logger":"task.stdout"}
{"timestamp":"2026-02-11T05:40:41.685522Z","level":"info","event":"Fetching URL: https://thecourseforum.com/course/MATH/3000/All","logger":"task.stdout"}
{"timestamp":"2026-02-11T05:40:41.687081Z","level":"info","event":"Fetching URL: https://thecourseforum.com/course/MATH/3100/All","logger":"task.stdout"}
{"timestamp":"2026-02-11T05:40:41.689274Z","level":"info","event":"Fetching URL: https://thecourseforum.com/course/MATH/3250/All","logger":"task.stdout"}
{"timestamp":"2026-02-11T05:40:41.691030Z","level":"info","event":"Fetching URL: https://thecourseforum.com/course/MATH/3310/All","logger":"task.stdout"}
{"timestamp":"2026-02-11T05:40:41.692990Z","level":"info","event":"Fetching URL: https://thecourseforum.com/course/MATH/3315/All","logger":"task.stdout"}
{"timestamp":"2026-02-11T05:40:41.695601Z","level":"info","event":"Fetching URL: https://thecourseforum.com/course/MATH/3340/All","logger":"task.stdout"}
{"timestamp":"2026-02-11T05:40:41.698641Z","level":"info","event":"Fetching URL: https://thecourseforum.com/course/MATH/3350/All","logger":"task.stdout"}
{"timestamp":"2026-02-11T05:40:41.700284Z","level":"info","event":"Fetching URL: https://thecourseforum.com/course/MATH/3351/All","logger":"task.stdout"}
{"timestamp":"2026-02-11T05:40:41.701985Z","level":"info","event":"Fetching URL: https://thecourseforum.com/course/MATH/3354/All","logger":"task.stdout"}
{"timestamp":"2026-02-11T05:40:41.703828Z","level":"info","event":"Fetching URL: https://thecourseforum.com/course/MATH/4110/All","logger":"task.stdout"}
{"timestamp":"2026-02-11T05:40:41.706512Z","level":"info","event":"Fetching URL: https://thecourseforum.com/course/MATH/4140/All","logger":"task.stdout"}
{"timestamp":"2026-02-11T05:40:41.709606Z","level":"info","event":"Fetching URL: https://thecourseforum.com/course/MATH/4250/All","logger":"task.stdout"}
{"timestamp":"2026-02-11T05:40:41.711212Z","level":"info","event":"Fetching URL: https://thecourseforum.com/course/MATH/4330/All","logger":"task.stdout"}
{"timestamp":"2026-02-11T05:40:41.712948Z","level":"info","event":"Fetching URL: https://thecourseforum.com/course/MATH/4651/All","logger":"task.stdout"}
{"timestamp":"2026-02-11T05:40:41.714726Z","level":"info","event":"Fetching URL: https://thecourseforum.com/course/MATH/4652/All","logger":"task.stdout"}
{"timestamp":"2026-02-11T05:40:41.716978Z","level":"info","event":"Fetching URL: https://thecourseforum.com/course/MATH/4840/All","logger":"task.stdout"}
{"timestamp":"2026-02-11T05:40:41.719794Z","level":"info","event":"Fetching URL: https://thecourseforum.com/course/MATH/1110/All","logger":"task.stdout"}
{"timestamp":"2026-02-11T05:40:41.722205Z","level":"info","event":"Fetching URL: https://thecourseforum.com/course/MATH/1140/All","logger":"task.stdout"}
{"timestamp":"2026-02-11T05:40:41.724482Z","level":"info","event":"Fetching URL: https://thecourseforum.com/course/MATH/1160/All","logger":"task.stdout"}
{"timestamp":"2026-02-11T05:40:41.726630Z","level":"info","event":"Fetching URL: https://thecourseforum.com/course/MATH/1190/All","logger":"task.stdout"}
{"timestamp":"2026-02-11T05:40:41.728778Z","level":"info","event":"Fetching URL: https://thecourseforum.com/course/MATH/1210/All","logger":"task.stdout"}
{"timestamp":"2026-02-11T05:40:41.731537Z","level":"info","event":"Fetching URL: https://thecourseforum.com/course/MATH/4901/All","logger":"task.stdout"}
{"timestamp":"2026-02-11T05:40:41.733584Z","level":"info","event":"Fetching URL: https://thecourseforum.com/course/MATH/4993/All","logger":"task.stdout"}
{"timestamp":"2026-02-11T05:40:41.734987Z","level":"info","event":"Fetching URL: https://thecourseforum.com/course/MATH/1220/All","logger":"task.stdout"}
{"timestamp":"2026-02-11T05:40:41.736561Z","level":"info","event":"Fetching URL: https://thecourseforum.com/course/MDST/2000/All","logger":"task.stdout"}
{"timestamp":"2026-02-11T05:40:41.738816Z","level":"info","event":"Fetching URL: https://thecourseforum.com/course/MDST/2305/All","logger":"task.stdout"}
{"timestamp":"2026-02-11T05:40:41.741190Z","level":"info","event":"Fetching URL: https://thecourseforum.com/course/MDST/2508/All","logger":"task.stdout"}
{"timestamp":"2026-02-11T05:40:41.743934Z","level":"info","event":"Fetching URL: https://thecourseforum.com/course/MDST/2690/All","logger":"task.stdout"}
{"timestamp":"2026-02-11T05:40:41.746092Z","level":"info","event":"Fetching URL: https://thecourseforum.com/course/MDST/2700/All","logger":"task.stdout"}
{"timestamp":"2026-02-11T05:40:41.748573Z","level":"info","event":"Fetching URL: https://thecourseforum.com/course/MDST/2727/All","logger":"task.stdout"}
{"timestamp":"2026-02-11T05:40:41.751052Z","level":"info","event":"Fetching URL: https://thecourseforum.com/course/MDST/2810/All","logger":"task.stdout"}
{"timestamp":"2026-02-11T05:40:41.752697Z","level":"info","event":"Fetching URL: https://thecourseforum.com/course/MDST/3050/All","logger":"task.stdout"}
{"timestamp":"2026-02-11T05:40:41.754737Z","level":"info","event":"Fetching URL: https://thecourseforum.com/course/MDST/3113/All","logger":"task.stdout"}
{"timestamp":"2026-02-11T05:40:41.756924Z","level":"info","event":"Fetching URL: https://thecourseforum.com/course/MDST/3154/All","logger":"task.stdout"}
{"timestamp":"2026-02-11T05:40:41.759589Z","level":"info","event":"Fetching URL: https://thecourseforum.com/course/MDST/3404/All","logger":"task.stdout"}
{"timestamp":"2026-02-11T05:40:41.761646Z","level":"info","event":"Fetching URL: https://thecourseforum.com/course/MDST/3490/All","logger":"task.stdout"}
{"timestamp":"2026-02-11T05:40:41.763691Z","level":"info","event":"Fetching URL: https://thecourseforum.com/course/MDST/3504/All","logger":"task.stdout"}
{"timestamp":"2026-02-11T05:40:41.765677Z","level":"info","event":"Fetching URL: https://thecourseforum.com/course/MDST/3508/All","logger":"task.stdout"}
{"timestamp":"2026-02-11T05:40:41.767502Z","level":"info","event":"Fetching URL: https://thecourseforum.com/course/MDST/3510/All","logger":"task.stdout"}
{"timestamp":"2026-02-11T05:40:41.768782Z","level":"info","event":"Fetching URL: https://thecourseforum.com/course/MDST/3559/All","logger":"task.stdout"}
{"timestamp":"2026-02-11T05:40:41.770473Z","level":"info","event":"Fetching URL: https://thecourseforum.com/course/MDST/3712/All","logger":"task.stdout"}
{"timestamp":"2026-02-11T05:40:41.772701Z","level":"info","event":"Fetching URL: https://thecourseforum.com/course/MDST/3760/All","logger":"task.stdout"}
{"timestamp":"2026-02-11T05:40:41.775086Z","level":"info","event":"Fetching URL: https://thecourseforum.com/course/MDST/3800/All","logger":"task.stdout"}
{"timestamp":"2026-02-11T05:40:41.777926Z","level":"info","event":"Fetching URL: https://thecourseforum.com/course/MDST/3811/All","logger":"task.stdout"}
{"timestamp":"2026-02-11T05:40:41.779458Z","level":"info","event":"Fetching URL: https://thecourseforum.com/course/MDST/3900/All","logger":"task.stdout"}
{"timestamp":"2026-02-11T05:40:41.781451Z","level":"info","event":"Fetching URL: https://thecourseforum.com/course/MDST/4000/All","logger":"task.stdout"}
{"timestamp":"2026-02-11T05:40:41.783556Z","level":"info","event":"Fetching URL: https://thecourseforum.com/course/MDST/4106/All","logger":"task.stdout"}
{"timestamp":"2026-02-11T05:40:41.785507Z","level":"info","event":"Fetching URL: https://thecourseforum.com/course/MDST/4510/All","logger":"task.stdout"}
{"timestamp":"2026-02-11T05:40:41.787649Z","level":"info","event":"Fetching URL: https://thecourseforum.com/course/MDST/4960/All","logger":"task.stdout"}
{"timestamp":"2026-02-11T05:40:41.789717Z","level":"info","event":"Fetching URL: https://thecourseforum.com/course/MDST/4980/All","logger":"task.stdout"}
{"timestamp":"2026-02-11T05:40:41.792330Z","level":"info","event":"Fetching URL: https://thecourseforum.com/course/MSE/3101/All","logger":"task.stdout"}
{"timestamp":"2026-02-11T05:40:41.794941Z","level":"info","event":"Fetching URL: https://thecourseforum.com/course/MSE/4210/All","logger":"task.stdout"}
{"timestamp":"2026-02-11T05:40:41.797217Z","level":"info","event":"Fetching URL: https://thecourseforum.com/course/MSE/4320/All","logger":"task.stdout"}
{"timestamp":"2026-02-11T05:40:41.800807Z","level":"info","event":"Fetching URL: https://thecourseforum.com/course/MSE/4592/All","logger":"task.stdout"}
{"timestamp":"2026-02-11T05:40:41.802654Z","level":"info","event":"Fetching URL: https://thecourseforum.com/course/MSE/4960/All","logger":"task.stdout"}
{"timestamp":"2026-02-11T05:40:41.805008Z","level":"info","event":"Fetching URL: https://thecourseforum.com/course/MSE/2090/All","logger":"task.stdout"}
{"timestamp":"2026-02-11T05:40:41.807921Z","level":"info","event":"Fetching URL: https://thecourseforum.com/course/MSE/2200/All","logger":"task.stdout"}
{"timestamp":"2026-02-11T05:40:41.810674Z","level":"info","event":"Fetching URL: https://thecourseforum.com/course/MSE/2500/All","logger":"task.stdout"}
{"timestamp":"2026-02-11T05:40:41.812492Z","level":"info","event":"Fetching URL: https://thecourseforum.com/course/MSE/3070/All","logger":"task.stdout"}
{"timestamp":"2026-02-11T05:40:41.814854Z","level":"info","event":"Fetching URL: https://thecourseforum.com/course/MSP/3501/All","logger":"task.stdout"}
{"timestamp":"2026-02-11T05:40:41.816536Z","level":"info","event":"Fetching URL: https://thecourseforum.com/course/MUBD/2601/All","logger":"task.stdout"}
{"timestamp":"2026-02-11T05:40:41.818016Z","level":"info","event":"Fetching URL: https://thecourseforum.com/course/MUEN/2600/All","logger":"task.stdout"}
{"timestamp":"2026-02-11T05:40:41.819978Z","level":"info","event":"Fetching URL: https://thecourseforum.com/course/MUEN/2690/All","logger":"task.stdout"}
{"timestamp":"2026-02-11T05:40:41.822778Z","level":"info","event":"Fetching URL: https://thecourseforum.com/course/MUEN/3600/All","logger":"task.stdout"}
{"timestamp":"2026-02-11T05:40:41.824945Z","level":"info","event":"Fetching URL: https://thecourseforum.com/course/MUEN/3610/All","logger":"task.stdout"}
{"timestamp":"2026-02-11T05:40:41.827902Z","level":"info","event":"Fetching URL: https://thecourseforum.com/course/MUEN/3620/All","logger":"task.stdout"}
{"timestamp":"2026-02-11T05:40:41.829557Z","level":"info","event":"Fetching URL: https://thecourseforum.com/course/MUEN/3630/All","logger":"task.stdout"}
{"timestamp":"2026-02-11T05:40:41.833523Z","level":"info","event":"Fetching URL: https://thecourseforum.com/course/MUEN/3631/All","logger":"task.stdout"}
{"timestamp":"2026-02-11T05:40:41.834865Z","level":"info","event":"Fetching URL: https://thecourseforum.com/course/MUEN/3645/All","logger":"task.stdout"}
{"timestamp":"2026-02-11T05:40:41.836781Z","level":"info","event":"Fetching URL: https://thecourseforum.com/course/MUEN/3646/All","logger":"task.stdout"}
{"timestamp":"2026-02-11T05:40:41.839647Z","level":"info","event":"Fetching URL: https://thecourseforum.com/course/MUEN/3650/All","logger":"task.stdout"}
{"timestamp":"2026-02-11T05:40:41.841462Z","level":"info","event":"Fetching URL: https://thecourseforum.com/course/MUEN/3651/All","logger":"task.stdout"}
{"timestamp":"2026-02-11T05:40:41.842673Z","level":"info","event":"Fetching URL: https://thecourseforum.com/course/MUEN/3670/All","logger":"task.stdout"}
{"timestamp":"2026-02-11T05:40:41.844557Z","level":"info","event":"Fetching URL: https://thecourseforum.com/course/MUEN/3660/All","logger":"task.stdout"}
{"timestamp":"2026-02-11T05:40:41.846475Z","level":"info","event":"Fetching URL: https://thecourseforum.com/course/MUEN/3690/All","logger":"task.stdout"}
{"timestamp":"2026-02-11T05:40:41.847850Z","level":"info","event":"Fetching URL: https://thecourseforum.com/course/MUEN/4690/All","logger":"task.stdout"}
{"timestamp":"2026-02-11T05:40:41.850532Z","level":"info","event":"Fetching URL: https://thecourseforum.com/course/MUPF/2141/All","logger":"task.stdout"}
{"timestamp":"2026-02-11T05:40:41.852467Z","level":"info","event":"Fetching URL: https://thecourseforum.com/course/MUPF/2150/All","logger":"task.stdout"}
{"timestamp":"2026-02-11T05:40:41.854712Z","level":"info","event":"Fetching URL: https://thecourseforum.com/course/MUPF/2151/All","logger":"task.stdout"}
{"timestamp":"2026-02-11T05:40:41.856788Z","level":"info","event":"Fetching URL: https://thecourseforum.com/course/MUPF/2160/All","logger":"task.stdout"}
{"timestamp":"2026-02-11T05:40:41.858540Z","level":"info","event":"Fetching URL: https://thecourseforum.com/course/MUPF/2161/All","logger":"task.stdout"}
{"timestamp":"2026-02-11T05:40:41.860661Z","level":"info","event":"Fetching URL: https://thecourseforum.com/course/MUPF/2170/All","logger":"task.stdout"}
{"timestamp":"2026-02-11T05:40:41.862480Z","level":"info","event":"Fetching URL: https://thecourseforum.com/course/MUPF/2171/All","logger":"task.stdout"}
{"timestamp":"2026-02-11T05:40:41.864478Z","level":"info","event":"Fetching URL: https://thecourseforum.com/course/MUPF/2180/All","logger":"task.stdout"}
{"timestamp":"2026-02-11T05:40:41.870138Z","level":"info","event":"Fetching URL: https://thecourseforum.com/course/MUPF/2181/All","logger":"task.stdout"}
{"timestamp":"2026-02-11T05:40:41.872711Z","level":"info","event":"Fetching URL: https://thecourseforum.com/course/MUPF/2210/All","logger":"task.stdout"}
{"timestamp":"2026-02-11T05:40:41.874791Z","level":"info","event":"Fetching URL: https://thecourseforum.com/course/MUPF/2211/All","logger":"task.stdout"}
{"timestamp":"2026-02-11T05:40:41.876554Z","level":"info","event":"Fetching URL: https://thecourseforum.com/course/MUPF/3110/All","logger":"task.stdout"}
{"timestamp":"2026-02-11T05:40:41.878741Z","level":"info","event":"Fetching URL: https://thecourseforum.com/course/MUPF/3120/All","logger":"task.stdout"}
{"timestamp":"2026-02-11T05:40:41.881030Z","level":"info","event":"Fetching URL: https://thecourseforum.com/course/MUPF/3140/All","logger":"task.stdout"}
{"timestamp":"2026-02-11T05:40:41.883686Z","level":"info","event":"Fetching URL: https://thecourseforum.com/course/MUPF/3150/All","logger":"task.stdout"}
{"timestamp":"2026-02-11T05:40:41.885828Z","level":"info","event":"Fetching URL: https://thecourseforum.com/course/MUPF/3160/All","logger":"task.stdout"}
{"timestamp":"2026-02-11T05:40:41.893694Z","level":"info","event":"Fetching URL: https://thecourseforum.com/course/MUPF/3170/All","logger":"task.stdout"}
{"timestamp":"2026-02-11T05:40:41.896907Z","level":"info","event":"Fetching URL: https://thecourseforum.com/course/MUPF/3180/All","logger":"task.stdout"}
{"timestamp":"2026-02-11T05:40:41.899570Z","level":"info","event":"Fetching URL: https://thecourseforum.com/course/MUPF/2110/All","logger":"task.stdout"}
{"timestamp":"2026-02-11T05:40:41.901351Z","level":"info","event":"Fetching URL: https://thecourseforum.com/course/MUPF/2111/All","logger":"task.stdout"}
{"timestamp":"2026-02-11T05:40:41.903145Z","level":"info","event":"Fetching URL: https://thecourseforum.com/course/MUPF/2120/All","logger":"task.stdout"}
{"timestamp":"2026-02-11T05:40:41.905801Z","level":"info","event":"Fetching URL: https://thecourseforum.com/course/MUPF/2121/All","logger":"task.stdout"}
{"timestamp":"2026-02-11T05:40:41.907413Z","level":"info","event":"Fetching URL: https://thecourseforum.com/course/MUPF/2130/All","logger":"task.stdout"}
{"timestamp":"2026-02-11T05:40:41.909815Z","level":"info","event":"Fetching URL: https://thecourseforum.com/course/MUPF/2131/All","logger":"task.stdout"}
{"timestamp":"2026-02-11T05:40:41.911699Z","level":"info","event":"Fetching URL: https://thecourseforum.com/course/MUPF/2140/All","logger":"task.stdout"}
{"timestamp":"2026-02-11T05:40:41.913592Z","level":"info","event":"Fetching URL: https://thecourseforum.com/course/MUPF/3960/All","logger":"task.stdout"}
{"timestamp":"2026-02-11T05:40:41.915290Z","level":"info","event":"Fetching URL: https://thecourseforum.com/course/MUPF/4940/All","logger":"task.stdout"}
{"timestamp":"2026-02-11T05:40:41.916882Z","level":"info","event":"Fetching URL: https://thecourseforum.com/course/MUPF/4960/All","logger":"task.stdout"}
{"timestamp":"2026-02-11T05:40:41.918773Z","level":"info","event":"Fetching URL: https://thecourseforum.com/course/MUSI/3332/All","logger":"task.stdout"}
{"timestamp":"2026-02-11T05:40:41.920979Z","level":"info","event":"Fetching URL: https://thecourseforum.com/course/MUSI/3334/All","logger":"task.stdout"}
{"timestamp":"2026-02-11T05:40:41.923692Z","level":"info","event":"Fetching URL: https://thecourseforum.com/course/MUSI/3374/All","logger":"task.stdout"}
{"timestamp":"2026-02-11T05:40:41.926558Z","level":"info","event":"Fetching URL: https://thecourseforum.com/course/MUSI/3380/All","logger":"task.stdout"}
{"timestamp":"2026-02-11T05:40:41.928461Z","level":"info","event":"Fetching URL: https://thecourseforum.com/course/MUSI/3400/All","logger":"task.stdout"}
{"timestamp":"2026-02-11T05:40:41.930543Z","level":"info","event":"Fetching URL: https://thecourseforum.com/course/MUSI/3559/All","logger":"task.stdout"}
{"timestamp":"2026-02-11T05:40:41.932699Z","level":"info","event":"Fetching URL: https://thecourseforum.com/course/MUSI/3993/All","logger":"task.stdout"}
{"timestamp":"2026-02-11T05:40:41.934431Z","level":"info","event":"Fetching URL: https://thecourseforum.com/course/MUSI/4090/All","logger":"task.stdout"}
{"timestamp":"2026-02-11T05:40:41.936207Z","level":"info","event":"Fetching URL: https://thecourseforum.com/course/MUSI/4410/All","logger":"task.stdout"}
{"timestamp":"2026-02-11T05:40:41.938701Z","level":"info","event":"Fetching URL: https://thecourseforum.com/course/MUSI/4559/All","logger":"task.stdout"}
{"timestamp":"2026-02-11T05:40:41.942261Z","level":"info","event":"Fetching URL: https://thecourseforum.com/course/MUSI/4582/All","logger":"task.stdout"}
{"timestamp":"2026-02-11T05:40:41.944519Z","level":"info","event":"Fetching URL: https://thecourseforum.com/course/MUSI/4610/All","logger":"task.stdout"}
{"timestamp":"2026-02-11T05:40:41.946660Z","level":"info","event":"Fetching URL: https://thecourseforum.com/course/MUSI/4760/All","logger":"task.stdout"}
{"timestamp":"2026-02-11T05:40:41.948897Z","level":"info","event":"Fetching URL: https://thecourseforum.com/course/MUSI/4950/All","logger":"task.stdout"}
{"timestamp":"2026-02-11T05:40:41.950923Z","level":"info","event":"Fetching URL: https://thecourseforum.com/course/MUSI/4993/All","logger":"task.stdout"}
{"timestamp":"2026-02-11T05:40:41.953874Z","level":"info","event":"Fetching URL: https://thecourseforum.com/course/MUSI/1310/All","logger":"task.stdout"}
{"timestamp":"2026-02-11T05:40:41.956616Z","level":"info","event":"Fetching URL: https://thecourseforum.com/course/MUSI/1620/All","logger":"task.stdout"}
{"timestamp":"2026-02-11T05:40:41.958778Z","level":"info","event":"Fetching URL: https://thecourseforum.com/course/MUSI/2021/All","logger":"task.stdout"}
{"timestamp":"2026-02-11T05:40:41.960448Z","level":"info","event":"Fetching URL: https://thecourseforum.com/course/MUSI/2070/All","logger":"task.stdout"}
{"timestamp":"2026-02-11T05:40:41.962532Z","level":"info","event":"Fetching URL: https://thecourseforum.com/course/MUSI/2072/All","logger":"task.stdout"}
{"timestamp":"2026-02-11T05:40:41.964468Z","level":"info","event":"Fetching URL: https://thecourseforum.com/course/MUSI/2110/All","logger":"task.stdout"}
{"timestamp":"2026-02-11T05:40:41.966336Z","level":"info","event":"Fetching URL: https://thecourseforum.com/course/MUSI/2150/All","logger":"task.stdout"}
{"timestamp":"2026-02-11T05:40:41.967936Z","level":"info","event":"Fetching URL: https://thecourseforum.com/course/MUSI/2302/All","logger":"task.stdout"}
{"timestamp":"2026-02-11T05:40:41.970854Z","level":"info","event":"Fetching URL: https://thecourseforum.com/course/MUSI/2304/All","logger":"task.stdout"}
{"timestamp":"2026-02-11T05:40:41.973700Z","level":"info","event":"Fetching URL: https://thecourseforum.com/course/MUSI/2307/All","logger":"task.stdout"}
{"timestamp":"2026-02-11T05:40:41.975549Z","level":"info","event":"Fetching URL: https://thecourseforum.com/course/MUSI/2311/All","logger":"task.stdout"}
{"timestamp":"2026-02-11T05:40:41.976887Z","level":"info","event":"Fetching URL: https://thecourseforum.com/course/MUSI/2340/All","logger":"task.stdout"}
{"timestamp":"2026-02-11T05:40:41.979499Z","level":"info","event":"Fetching URL: https://thecourseforum.com/course/MUSI/2342/All","logger":"task.stdout"}
{"timestamp":"2026-02-11T05:40:41.981457Z","level":"info","event":"Fetching URL: https://thecourseforum.com/course/MUSI/2600/All","logger":"task.stdout"}
{"timestamp":"2026-02-11T05:40:41.983749Z","level":"info","event":"Fetching URL: https://thecourseforum.com/course/MUSI/2993/All","logger":"task.stdout"}
{"timestamp":"2026-02-11T05:40:41.985599Z","level":"info","event":"Fetching URL: https://thecourseforum.com/course/MUSI/3050/All","logger":"task.stdout"}
{"timestamp":"2026-02-11T05:40:41.987144Z","level":"info","event":"Fetching URL: https://thecourseforum.com/course/MUSI/3065/All","logger":"task.stdout"}
{"timestamp":"2026-02-11T05:40:41.990554Z","level":"info","event":"Fetching URL: https://thecourseforum.com/course/MUSI/3307/All","logger":"task.stdout"}
{"timestamp":"2026-02-11T05:40:41.992300Z","level":"info","event":"Fetching URL: https://thecourseforum.com/course/MUSI/3310/All","logger":"task.stdout"}
{"timestamp":"2026-02-11T05:40:41.994451Z","level":"info","event":"Fetching URL: https://thecourseforum.com/course/MUSI/3320/All","logger":"task.stdout"}
{"timestamp":"2026-02-11T05:40:41.996621Z","level":"info","event":"Fetching URL: https://thecourseforum.com/course/NASC/1100/All","logger":"task.stdout"}
{"timestamp":"2026-02-11T05:40:41.998425Z","level":"info","event":"Fetching URL: https://thecourseforum.com/course/NASC/2200/All","logger":"task.stdout"}
{"timestamp":"2026-02-11T05:40:42.000547Z","level":"info","event":"Fetching URL: https://thecourseforum.com/course/NASC/3200/All","logger":"task.stdout"}
{"timestamp":"2026-02-11T05:40:42.001942Z","level":"info","event":"Fetching URL: https://thecourseforum.com/course/NASC/3630/All","logger":"task.stdout"}
{"timestamp":"2026-02-11T05:40:42.004631Z","level":"info","event":"Fetching URL: https://thecourseforum.com/course/NASC/4000/All","logger":"task.stdout"}
{"timestamp":"2026-02-11T05:40:42.006686Z","level":"info","event":"Fetching URL: https://thecourseforum.com/course/NASC/4200/All","logger":"task.stdout"}
{"timestamp":"2026-02-11T05:40:42.008201Z","level":"info","event":"Fetching URL: https://thecourseforum.com/course/NESC/3960/All","logger":"task.stdout"}
{"timestamp":"2026-02-11T05:40:42.009525Z","level":"info","event":"Fetching URL: https://thecourseforum.com/course/NESC/3985/All","logger":"task.stdout"}
{"timestamp":"2026-02-11T05:40:42.012877Z","level":"info","event":"Fetching URL: https://thecourseforum.com/course/NESC/3995/All","logger":"task.stdout"}
{"timestamp":"2026-02-11T05:40:42.015657Z","level":"info","event":"Fetching URL: https://thecourseforum.com/course/NESC/4030/All","logger":"task.stdout"}
{"timestamp":"2026-02-11T05:40:42.017122Z","level":"info","event":"Fetching URL: https://thecourseforum.com/course/NESC/4046/All","logger":"task.stdout"}
{"timestamp":"2026-02-11T05:40:42.018704Z","level":"info","event":"Fetching URL: https://thecourseforum.com/course/NESC/4980/All","logger":"task.stdout"}
{"timestamp":"2026-02-11T05:40:42.020792Z","level":"info","event":"Fetching URL: https://thecourseforum.com/course/NUCO/2440/All","logger":"task.stdout"}
{"timestamp":"2026-02-11T05:40:42.023082Z","level":"info","event":"Fetching URL: https://thecourseforum.com/course/NUCO/3310/All","logger":"task.stdout"}
{"timestamp":"2026-02-11T05:40:42.025517Z","level":"info","event":"Fetching URL: https://thecourseforum.com/course/NUCO/3610/All","logger":"task.stdout"}
{"timestamp":"2026-02-11T05:40:42.042503Z","level":"info","event":"Fetching URL: https://thecourseforum.com/course/NUCO/4056/All","logger":"task.stdout"}
{"timestamp":"2026-02-11T05:40:42.044728Z","level":"info","event":"Fetching URL: https://thecourseforum.com/course/NUCO/4210/All","logger":"task.stdout"}
{"timestamp":"2026-02-11T05:40:42.046869Z","level":"info","event":"Fetching URL: https://thecourseforum.com/course/NUCO/4310/All","logger":"task.stdout"}
{"timestamp":"2026-02-11T05:40:42.048969Z","level":"info","event":"Fetching URL: https://thecourseforum.com/course/NUCO/4440/All","logger":"task.stdout"}
{"timestamp":"2026-02-11T05:40:42.051457Z","level":"info","event":"Fetching URL: https://thecourseforum.com/course/NUCO/4450/All","logger":"task.stdout"}
{"timestamp":"2026-02-11T05:40:42.054200Z","level":"info","event":"Fetching URL: https://thecourseforum.com/course/NUCO/4559/All","logger":"task.stdout"}
{"timestamp":"2026-02-11T05:40:42.056643Z","level":"info","event":"Fetching URL: https://thecourseforum.com/course/NUCO/4710/All","logger":"task.stdout"}
{"timestamp":"2026-02-11T05:40:42.058859Z","level":"info","event":"Fetching URL: https://thecourseforum.com/course/NUCO/4720/All","logger":"task.stdout"}
{"timestamp":"2026-02-11T05:40:42.062303Z","level":"info","event":"Fetching URL: https://thecourseforum.com/course/NUCO/4730/All","logger":"task.stdout"}
{"timestamp":"2026-02-11T05:40:42.064901Z","level":"info","event":"Fetching URL: https://thecourseforum.com/course/NUCO/2220/All","logger":"task.stdout"}
{"timestamp":"2026-02-11T05:40:42.067510Z","level":"info","event":"Fetching URL: https://thecourseforum.com/course/NUIP/2070/All","logger":"task.stdout"}
{"timestamp":"2026-02-11T05:40:42.069557Z","level":"info","event":"Fetching URL: https://thecourseforum.com/course/NUIP/2080/All","logger":"task.stdout"}
{"timestamp":"2026-02-11T05:40:42.071466Z","level":"info","event":"Fetching URL: https://thecourseforum.com/course/NUIP/2250/All","logger":"task.stdout"}
{"timestamp":"2026-02-11T05:40:42.073219Z","level":"info","event":"Fetching URL: https://thecourseforum.com/course/NUIP/2311/All","logger":"task.stdout"}
{"timestamp":"2026-02-11T05:40:42.075476Z","level":"info","event":"Fetching URL: https://thecourseforum.com/course/NUIP/2430/All","logger":"task.stdout"}
{"timestamp":"2026-02-11T05:40:42.077624Z","level":"info","event":"Fetching URL: https://thecourseforum.com/course/NUIP/3230/All","logger":"task.stdout"}
{"timestamp":"2026-02-11T05:40:42.079692Z","level":"info","event":"Fetching URL: https://thecourseforum.com/course/NUIP/3311/All","logger":"task.stdout"}
{"timestamp":"2026-02-11T05:40:42.081413Z","level":"info","event":"Fetching URL: https://thecourseforum.com/course/NUIP/3420/All","logger":"task.stdout"}
{"timestamp":"2026-02-11T05:40:42.082847Z","level":"info","event":"Fetching URL: https://thecourseforum.com/course/NUIP/3430/All","logger":"task.stdout"}
{"timestamp":"2026-02-11T05:40:42.084528Z","level":"info","event":"Fetching URL: https://thecourseforum.com/course/NUIP/4006/All","logger":"task.stdout"}
{"timestamp":"2026-02-11T05:40:42.085904Z","level":"info","event":"Fetching URL: https://thecourseforum.com/course/NUIP/4430/All","logger":"task.stdout"}
{"timestamp":"2026-02-11T05:40:42.088037Z","level":"info","event":"Fetching URL: https://thecourseforum.com/course/NUIP/4420/All","logger":"task.stdout"}
{"timestamp":"2026-02-11T05:40:42.090828Z","level":"info","event":"Fetching URL: https://thecourseforum.com/course/NURS/3003/All","logger":"task.stdout"}
{"timestamp":"2026-02-11T05:40:42.093061Z","level":"info","event":"Fetching URL: https://thecourseforum.com/course/NURS/3005/All","logger":"task.stdout"}
{"timestamp":"2026-02-11T05:40:42.095049Z","level":"info","event":"Fetching URL: https://thecourseforum.com/course/NURS/3006/All","logger":"task.stdout"}
{"timestamp":"2026-02-11T05:40:42.096526Z","level":"info","event":"Fetching URL: https://thecourseforum.com/course/NURS/4006/All","logger":"task.stdout"}
{"timestamp":"2026-02-11T05:40:42.099000Z","level":"info","event":"Fetching URL: https://thecourseforum.com/course/NURS/4951/All","logger":"task.stdout"}
{"timestamp":"2026-02-11T05:40:42.101172Z","level":"info","event":"Fetching URL: https://thecourseforum.com/course/NURS/4993/All","logger":"task.stdout"}
{"timestamp":"2026-02-11T05:40:42.104016Z","level":"info","event":"Fetching URL: https://thecourseforum.com/course/PHIL/3330/All","logger":"task.stdout"}
{"timestamp":"2026-02-11T05:40:42.106034Z","level":"info","event":"Fetching URL: https://thecourseforum.com/course/PHIL/3500/All","logger":"task.stdout"}
{"timestamp":"2026-02-11T05:40:42.107704Z","level":"info","event":"Fetching URL: https://thecourseforum.com/course/PHIL/3520/All","logger":"task.stdout"}
{"timestamp":"2026-02-11T05:40:42.109566Z","level":"info","event":"Fetching URL: https://thecourseforum.com/course/PHIL/3640/All","logger":"task.stdout"}
{"timestamp":"2026-02-11T05:40:42.111754Z","level":"info","event":"Fetching URL: https://thecourseforum.com/course/PHIL/3720/All","logger":"task.stdout"}
{"timestamp":"2026-02-11T05:40:42.113627Z","level":"info","event":"Fetching URL: https://thecourseforum.com/course/PHIL/4993/All","logger":"task.stdout"}
{"timestamp":"2026-02-11T05:40:42.115656Z","level":"info","event":"Fetching URL: https://thecourseforum.com/course/PHIL/4995/All","logger":"task.stdout"}
{"timestamp":"2026-02-11T05:40:42.117264Z","level":"info","event":"Fetching URL: https://thecourseforum.com/course/PHIL/4999/All","logger":"task.stdout"}
{"timestamp":"2026-02-11T05:40:42.118543Z","level":"info","event":"Fetching URL: https://thecourseforum.com/course/PHIL/1410/All","logger":"task.stdout"}
{"timestamp":"2026-02-11T05:40:42.119948Z","level":"info","event":"Fetching URL: https://thecourseforum.com/course/PHIL/1510/All","logger":"task.stdout"}
{"timestamp":"2026-02-11T05:40:42.123582Z","level":"info","event":"Fetching URL: https://thecourseforum.com/course/PHIL/1730/All","logger":"task.stdout"}
{"timestamp":"2026-02-11T05:40:42.126852Z","level":"info","event":"Fetching URL: https://thecourseforum.com/course/PHIL/2060/All","logger":"task.stdout"}
{"timestamp":"2026-02-11T05:40:42.129931Z","level":"info","event":"Fetching URL: https://thecourseforum.com/course/PHIL/2120/All","logger":"task.stdout"}
{"timestamp":"2026-02-11T05:40:42.131915Z","level":"info","event":"Fetching URL: https://thecourseforum.com/course/PHIL/2350/All","logger":"task.stdout"}
{"timestamp":"2026-02-11T05:40:42.133944Z","level":"info","event":"Fetching URL: https://thecourseforum.com/course/PHIL/2500/All","logger":"task.stdout"}
{"timestamp":"2026-02-11T05:40:42.136500Z","level":"info","event":"Fetching URL: https://thecourseforum.com/course/PHIL/2510/All","logger":"task.stdout"}
{"timestamp":"2026-02-11T05:40:42.138790Z","level":"info","event":"Fetching URL: https://thecourseforum.com/course/PHIL/2660/All","logger":"task.stdout"}
{"timestamp":"2026-02-11T05:40:42.140607Z","level":"info","event":"Fetching URL: https://thecourseforum.com/course/PHIL/3160/All","logger":"task.stdout"}
{"timestamp":"2026-02-11T05:40:42.142582Z","level":"info","event":"Fetching URL: https://thecourseforum.com/course/PHIL/3310/All","logger":"task.stdout"}
{"timestamp":"2026-02-11T05:40:42.143780Z","level":"info","event":"Fetching URL: https://thecourseforum.com/course/PHS/3050/All","logger":"task.stdout"}
{"timestamp":"2026-02-11T05:40:42.146219Z","level":"info","event":"Fetching URL: https://thecourseforum.com/course/PHS/3102/All","logger":"task.stdout"}
{"timestamp":"2026-02-11T05:40:42.148633Z","level":"info","event":"Fetching URL: https://thecourseforum.com/course/PHS/3104/All","logger":"task.stdout"}
{"timestamp":"2026-02-11T05:40:42.151098Z","level":"info","event":"Fetching URL: https://thecourseforum.com/course/PHS/3825/All","logger":"task.stdout"}
{"timestamp":"2026-02-11T05:40:42.153704Z","level":"info","event":"Fetching URL: https://thecourseforum.com/course/PHS/4050/All","logger":"task.stdout"}
{"timestamp":"2026-02-11T05:40:42.154987Z","level":"info","event":"Fetching URL: https://thecourseforum.com/course/PHS/4991/All","logger":"task.stdout"}
{"timestamp":"2026-02-11T05:40:42.157851Z","level":"info","event":"Fetching URL: https://thecourseforum.com/course/PHYS/1010/All","logger":"task.stdout"}
{"timestamp":"2026-02-11T05:40:42.160362Z","level":"info","event":"Fetching URL: https://thecourseforum.com/course/PHYS/1060/All","logger":"task.stdout"}
{"timestamp":"2026-02-11T05:40:42.162029Z","level":"info","event":"Fetching URL: https://thecourseforum.com/course/PHYS/1420/All","logger":"task.stdout"}
{"timestamp":"2026-02-11T05:40:42.164432Z","level":"info","event":"Fetching URL: https://thecourseforum.com/course/PHYS/1425/All","logger":"task.stdout"}
{"timestamp":"2026-02-11T05:40:42.165942Z","level":"info","event":"Fetching URL: https://thecourseforum.com/course/PHYS/1429/All","logger":"task.stdout"}
{"timestamp":"2026-02-11T05:40:42.167519Z","level":"info","event":"Fetching URL: https://thecourseforum.com/course/PHYS/1655/All","logger":"task.stdout"}
{"timestamp":"2026-02-11T05:40:42.168955Z","level":"info","event":"Fetching URL: https://thecourseforum.com/course/PHYS/1660/All","logger":"task.stdout"}
{"timestamp":"2026-02-11T05:40:42.171949Z","level":"info","event":"Fetching URL: https://thecourseforum.com/course/PHYS/2020/All","logger":"task.stdout"}
{"timestamp":"2026-02-11T05:40:42.174551Z","level":"info","event":"Fetching URL: https://thecourseforum.com/course/PHYS/2040/All","logger":"task.stdout"}
{"timestamp":"2026-02-11T05:40:42.176694Z","level":"info","event":"Fetching URL: https://thecourseforum.com/course/PHYS/2415/All","logger":"task.stdout"}
{"timestamp":"2026-02-11T05:40:42.177889Z","level":"info","event":"Fetching URL: https://thecourseforum.com/course/PHYS/2419/All","logger":"task.stdout"}
{"timestamp":"2026-02-11T05:40:42.180076Z","level":"info","event":"Fetching URL: https://thecourseforum.com/course/PHYS/2620/All","logger":"task.stdout"}
{"timestamp":"2026-02-11T05:40:42.181813Z","level":"info","event":"Fetching URL: https://thecourseforum.com/course/PHYS/2720/All","logger":"task.stdout"}
{"timestamp":"2026-02-11T05:40:42.183814Z","level":"info","event":"Fetching URL: https://thecourseforum.com/course/PHYS/3040/All","logger":"task.stdout"}
{"timestamp":"2026-02-11T05:40:42.186250Z","level":"info","event":"Fetching URL: https://thecourseforum.com/course/PHYS/3120/All","logger":"task.stdout"}
{"timestamp":"2026-02-11T05:40:42.187467Z","level":"info","event":"Fetching URL: https://thecourseforum.com/course/PHYS/3140/All","logger":"task.stdout"}
{"timestamp":"2026-02-11T05:40:42.189031Z","level":"info","event":"Fetching URL: https://thecourseforum.com/course/PHYS/3180/All","logger":"task.stdout"}
{"timestamp":"2026-02-11T05:40:42.190954Z","level":"info","event":"Fetching URL: https://thecourseforum.com/course/PHYS/3250/All","logger":"task.stdout"}
{"timestamp":"2026-02-11T05:40:42.193773Z","level":"info","event":"Fetching URL: https://thecourseforum.com/course/PHYS/3340/All","logger":"task.stdout"}
{"timestamp":"2026-02-11T05:40:42.195195Z","level":"info","event":"Fetching URL: https://thecourseforum.com/course/PHYS/3420/All","logger":"task.stdout"}
{"timestamp":"2026-02-11T05:40:42.196649Z","level":"info","event":"Fetching URL: https://thecourseforum.com/course/PHYS/3620/All","logger":"task.stdout"}
{"timestamp":"2026-02-11T05:40:42.198519Z","level":"info","event":"Fetching URL: https://thecourseforum.com/course/PHYS/3660/All","logger":"task.stdout"}
{"timestamp":"2026-02-11T05:40:42.200794Z","level":"info","event":"Fetching URL: https://thecourseforum.com/course/PHYS/3993/All","logger":"task.stdout"}
{"timestamp":"2026-02-11T05:40:42.202866Z","level":"info","event":"Fetching URL: https://thecourseforum.com/course/PHYS/3995/All","logger":"task.stdout"}
{"timestamp":"2026-02-11T05:40:42.205415Z","level":"info","event":"Fetching URL: https://thecourseforum.com/course/PLCP/3500/All","logger":"task.stdout"}
{"timestamp":"2026-02-11T05:40:42.207859Z","level":"info","event":"Fetching URL: https://thecourseforum.com/course/PLCP/4150/All","logger":"task.stdout"}
{"timestamp":"2026-02-11T05:40:42.209342Z","level":"info","event":"Fetching URL: https://thecourseforum.com/course/PLCP/4201/All","logger":"task.stdout"}
{"timestamp":"2026-02-11T05:40:42.210853Z","level":"info","event":"Fetching URL: https://thecourseforum.com/course/PLCP/4270/All","logger":"task.stdout"}
{"timestamp":"2026-02-11T05:40:42.212503Z","level":"info","event":"Fetching URL: https://thecourseforum.com/course/PLCP/4280/All","logger":"task.stdout"}
{"timestamp":"2026-02-11T05:40:42.214442Z","level":"info","event":"Fetching URL: https://thecourseforum.com/course/PLCP/4500/All","logger":"task.stdout"}
{"timestamp":"2026-02-11T05:40:42.217577Z","level":"info","event":"Fetching URL: https://thecourseforum.com/course/PLCP/3150/All","logger":"task.stdout"}
{"timestamp":"2026-02-11T05:40:42.220801Z","level":"info","event":"Fetching URL: https://thecourseforum.com/course/PLIR/2020/All","logger":"task.stdout"}
{"timestamp":"2026-02-11T05:40:42.223286Z","level":"info","event":"Fetching URL: https://thecourseforum.com/course/PLIR/2030/All","logger":"task.stdout"}
{"timestamp":"2026-02-11T05:40:42.226894Z","level":"info","event":"Fetching URL: https://thecourseforum.com/course/PLIR/3080/All","logger":"task.stdout"}
{"timestamp":"2026-02-11T05:40:42.228395Z","level":"info","event":"Fetching URL: https://thecourseforum.com/course/PLIR/3500/All","logger":"task.stdout"}
{"timestamp":"2026-02-11T05:40:42.230741Z","level":"info","event":"Fetching URL: https://thecourseforum.com/course/PLIR/4150/All","logger":"task.stdout"}
{"timestamp":"2026-02-11T05:40:42.232498Z","level":"info","event":"Fetching URL: https://thecourseforum.com/course/PLIR/4380/All","logger":"task.stdout"}
{"timestamp":"2026-02-11T05:40:42.233775Z","level":"info","event":"Fetching URL: https://thecourseforum.com/course/PLIR/4410/All","logger":"task.stdout"}
{"timestamp":"2026-02-11T05:40:42.235445Z","level":"info","event":"Fetching URL: https://thecourseforum.com/course/PLIR/4431/All","logger":"task.stdout"}
{"timestamp":"2026-02-11T05:40:42.237505Z","level":"info","event":"Fetching URL: https://thecourseforum.com/course/PLIR/4500/All","logger":"task.stdout"}
{"timestamp":"2026-02-11T05:40:42.239928Z","level":"info","event":"Fetching URL: https://thecourseforum.com/course/PLIR/4990/All","logger":"task.stdout"}
{"timestamp":"2026-02-11T05:40:42.241761Z","level":"info","event":"Fetching URL: https://thecourseforum.com/course/PSYC/3490/All","logger":"task.stdout"}
{"timestamp":"2026-02-11T05:40:42.243815Z","level":"info","event":"Fetching URL: https://thecourseforum.com/course/PSYC/3160/All","logger":"task.stdout"}
{"timestamp":"2026-02-11T05:40:42.246677Z","level":"info","event":"Fetching URL: https://thecourseforum.com/course/PSYC/3200/All","logger":"task.stdout"}
{"timestamp":"2026-02-11T05:40:42.248864Z","level":"info","event":"Fetching URL: https://thecourseforum.com/course/PSYC/3500/All","logger":"task.stdout"}
{"timestamp":"2026-02-11T05:40:42.250811Z","level":"info","event":"Fetching URL: https://thecourseforum.com/course/PSYC/3560/All","logger":"task.stdout"}
{"timestamp":"2026-02-11T05:40:42.252801Z","level":"info","event":"Fetching URL: https://thecourseforum.com/course/PSYC/3310/All","logger":"task.stdout"}
{"timestamp":"2026-02-11T05:40:42.254764Z","level":"info","event":"Fetching URL: https://thecourseforum.com/course/PSYC/1020/All","logger":"task.stdout"}
{"timestamp":"2026-02-11T05:40:42.256529Z","level":"info","event":"Fetching URL: https://thecourseforum.com/course/PSYC/2005/All","logger":"task.stdout"}
{"timestamp":"2026-02-11T05:40:42.258291Z","level":"info","event":"Fetching URL: https://thecourseforum.com/course/PSYC/2150/All","logger":"task.stdout"}
{"timestamp":"2026-02-11T05:40:42.260658Z","level":"info","event":"Fetching URL: https://thecourseforum.com/course/PSYC/2200/All","logger":"task.stdout"}
{"timestamp":"2026-02-11T05:40:42.262818Z","level":"info","event":"Fetching URL: https://thecourseforum.com/course/PSYC/2410/All","logger":"task.stdout"}
{"timestamp":"2026-02-11T05:40:42.265074Z","level":"info","event":"Fetching URL: https://thecourseforum.com/course/PSYC/2600/All","logger":"task.stdout"}
{"timestamp":"2026-02-11T05:40:42.268587Z","level":"info","event":"Fetching URL: https://thecourseforum.com/course/PSYC/2700/All","logger":"task.stdout"}
{"timestamp":"2026-02-11T05:40:42.270542Z","level":"info","event":"Fetching URL: https://thecourseforum.com/course/PSYC/3006/All","logger":"task.stdout"}
{"timestamp":"2026-02-11T05:40:42.271895Z","level":"info","event":"Fetching URL: https://thecourseforum.com/course/PSYC/3415/All","logger":"task.stdout"}
{"timestamp":"2026-02-11T05:40:42.273690Z","level":"info","event":"Fetching URL: https://thecourseforum.com/course/PSYC/3420/All","logger":"task.stdout"}
{"timestamp":"2026-02-11T05:40:42.275707Z","level":"info","event":"Fetching URL: https://thecourseforum.com/course/PSYC/3440/All","logger":"task.stdout"}
{"timestamp":"2026-02-11T05:40:42.277387Z","level":"info","event":"Fetching URL: https://thecourseforum.com/course/PSYC/3445/All","logger":"task.stdout"}
{"timestamp":"2026-02-11T05:40:42.279014Z","level":"info","event":"Fetching URL: https://thecourseforum.com/course/PSYC/3590/All","logger":"task.stdout"}
{"timestamp":"2026-02-11T05:40:42.281502Z","level":"info","event":"Fetching URL: https://thecourseforum.com/course/PSYC/3990/All","logger":"task.stdout"}
{"timestamp":"2026-02-11T05:40:42.283784Z","level":"info","event":"Fetching URL: https://thecourseforum.com/course/PSYC/3991/All","logger":"task.stdout"}
{"timestamp":"2026-02-11T05:40:42.285864Z","level":"info","event":"Fetching URL: https://thecourseforum.com/course/PSYC/4100/All","logger":"task.stdout"}
{"timestamp":"2026-02-11T05:40:42.288655Z","level":"info","event":"Fetching URL: https://thecourseforum.com/course/PSYC/4110/All","logger":"task.stdout"}
{"timestamp":"2026-02-11T05:40:42.290615Z","level":"info","event":"Fetching URL: https://thecourseforum.com/course/PSYC/4200/All","logger":"task.stdout"}
{"timestamp":"2026-02-11T05:40:42.292531Z","level":"info","event":"Fetching URL: https://thecourseforum.com/course/PSYC/4310/All","logger":"task.stdout"}
{"timestamp":"2026-02-11T05:40:42.294495Z","level":"info","event":"Fetching URL: https://thecourseforum.com/course/PSYC/4500/All","logger":"task.stdout"}
{"timestamp":"2026-02-11T05:40:42.296761Z","level":"info","event":"Fetching URL: https://thecourseforum.com/course/PSYC/4580/All","logger":"task.stdout"}
{"timestamp":"2026-02-11T05:40:42.299187Z","level":"info","event":"Fetching URL: https://thecourseforum.com/course/PSYC/4640/All","logger":"task.stdout"}
{"timestamp":"2026-02-11T05:40:42.301613Z","level":"info","event":"Fetching URL: https://thecourseforum.com/course/PSYC/4645/All","logger":"task.stdout"}
{"timestamp":"2026-02-11T05:40:42.303787Z","level":"info","event":"Fetching URL: https://thecourseforum.com/course/PSYC/4980/All","logger":"task.stdout"}
{"timestamp":"2026-02-11T05:40:42.306207Z","level":"info","event":"Fetching URL: https://thecourseforum.com/course/PLPT/3500/All","logger":"task.stdout"}
{"timestamp":"2026-02-11T05:40:42.307558Z","level":"info","event":"Fetching URL: https://thecourseforum.com/course/PLPT/4110/All","logger":"task.stdout"}
{"timestamp":"2026-02-11T05:40:42.309770Z","level":"info","event":"Fetching URL: https://thecourseforum.com/course/PLPT/4500/All","logger":"task.stdout"}
{"timestamp":"2026-02-11T05:40:42.311723Z","level":"info","event":"Fetching URL: https://thecourseforum.com/course/PLPT/1010/All","logger":"task.stdout"}
{"timestamp":"2026-02-11T05:40:42.312896Z","level":"info","event":"Fetching URL: https://thecourseforum.com/course/PLPT/3020/All","logger":"task.stdout"}
{"timestamp":"2026-02-11T05:40:42.314682Z","level":"info","event":"Fetching URL: https://thecourseforum.com/course/PLPT/3050/All","logger":"task.stdout"}
{"timestamp":"2026-02-11T05:40:42.317325Z","level":"info","event":"Fetching URL: https://thecourseforum.com/course/PLPT/3220/All","logger":"task.stdout"}
{"timestamp":"2026-02-11T05:40:42.319131Z","level":"info","event":"Fetching URL: https://thecourseforum.com/course/POL/1220/All","logger":"task.stdout"}
{"timestamp":"2026-02-11T05:40:42.321122Z","level":"info","event":"Fetching URL: https://thecourseforum.com/course/POL/2220/All","logger":"task.stdout"}
{"timestamp":"2026-02-11T05:40:42.323696Z","level":"info","event":"Fetching URL: https://thecourseforum.com/course/PORT/2050/All","logger":"task.stdout"}
{"timestamp":"2026-02-11T05:40:42.325947Z","level":"info","event":"Fetching URL: https://thecourseforum.com/course/PORT/2120/All","logger":"task.stdout"}
{"timestamp":"2026-02-11T05:40:42.328719Z","level":"info","event":"Fetching URL: https://thecourseforum.com/course/PORT/4920/All","logger":"task.stdout"}
{"timestamp":"2026-02-11T05:40:42.330445Z","level":"info","event":"Fetching URL: https://thecourseforum.com/course/POTR/4240/All","logger":"task.stdout"}
{"timestamp":"2026-02-11T05:40:42.332828Z","level":"info","event":"Fetching URL: https://thecourseforum.com/course/PPL/4010/All","logger":"task.stdout"}
{"timestamp":"2026-02-11T05:40:42.335540Z","level":"info","event":"Fetching URL: https://thecourseforum.com/course/PSHM/3080/All","logger":"task.stdout"}
{"timestamp":"2026-02-11T05:40:42.338082Z","level":"info","event":"Fetching URL: https://thecourseforum.com/course/PSHM/3805/All","logger":"task.stdout"}
{"timestamp":"2026-02-11T05:40:42.340661Z","level":"info","event":"Fetching URL: https://thecourseforum.com/course/PSHM/4650/All","logger":"task.stdout"}
{"timestamp":"2026-02-11T05:40:42.343670Z","level":"info","event":"Fetching URL: https://thecourseforum.com/course/PSHM/4700/All","logger":"task.stdout"}
{"timestamp":"2026-02-11T05:40:42.345469Z","level":"info","event":"Fetching URL: https://thecourseforum.com/course/PSHM/4750/All","logger":"task.stdout"}
{"timestamp":"2026-02-11T05:40:42.346545Z","level":"info","event":"Fetching URL: https://thecourseforum.com/course/PST/4870/All","logger":"task.stdout"}
{"timestamp":"2026-02-11T05:40:42.352150Z","level":"info","event":"Fetching URL: https://thecourseforum.com/course/PST/4989/All","logger":"task.stdout"}
{"timestamp":"2026-02-11T05:40:42.354418Z","level":"info","event":"Fetching URL: https://thecourseforum.com/course/PST/4993/All","logger":"task.stdout"}
{"timestamp":"2026-02-11T05:40:42.356627Z","level":"info","event":"Fetching URL: https://thecourseforum.com/course/PST/4999/All","logger":"task.stdout"}
{"timestamp":"2026-02-11T05:40:42.358713Z","level":"info","event":"Fetching URL: https://thecourseforum.com/course/RELG/4900/All","logger":"task.stdout"}
{"timestamp":"2026-02-11T05:40:42.360595Z","level":"info","event":"Fetching URL: https://thecourseforum.com/course/RELG/1000/All","logger":"task.stdout"}
{"timestamp":"2026-02-11T05:40:42.362888Z","level":"info","event":"Fetching URL: https://thecourseforum.com/course/RELG/1040/All","logger":"task.stdout"}
{"timestamp":"2026-02-11T05:40:42.365241Z","level":"info","event":"Fetching URL: https://thecourseforum.com/course/RELG/1200/All","logger":"task.stdout"}
{"timestamp":"2026-02-11T05:40:42.367500Z","level":"info","event":"Fetching URL: https://thecourseforum.com/course/RELG/2210/All","logger":"task.stdout"}
{"timestamp":"2026-02-11T05:40:42.370731Z","level":"info","event":"Fetching URL: https://thecourseforum.com/course/RELG/2266/All","logger":"task.stdout"}
{"timestamp":"2026-02-11T05:40:42.373217Z","level":"info","event":"Fetching URL: https://thecourseforum.com/course/RELG/2300/All","logger":"task.stdout"}
{"timestamp":"2026-02-11T05:40:42.375770Z","level":"info","event":"Fetching URL: https://thecourseforum.com/course/RELG/2464/All","logger":"task.stdout"}
{"timestamp":"2026-02-11T05:40:42.377875Z","level":"info","event":"Fetching URL: https://thecourseforum.com/course/RELG/2495/All","logger":"task.stdout"}
{"timestamp":"2026-02-11T05:40:42.380577Z","level":"info","event":"Fetching URL: https://thecourseforum.com/course/RELG/2660/All","logger":"task.stdout"}
{"timestamp":"2026-02-11T05:40:42.382809Z","level":"info","event":"Fetching URL: https://thecourseforum.com/course/RELG/3559/All","logger":"task.stdout"}
{"timestamp":"2026-02-11T05:40:42.384140Z","level":"info","event":"Fetching URL: https://thecourseforum.com/course/RELG/3713/All","logger":"task.stdout"}
{"timestamp":"2026-02-11T05:40:42.385551Z","level":"info","event":"Fetching URL: https://thecourseforum.com/course/RELG/3730/All","logger":"task.stdout"}
{"timestamp":"2026-02-11T05:40:42.387987Z","level":"info","event":"Fetching URL: https://thecourseforum.com/course/RELG/4500/All","logger":"task.stdout"}
{"timestamp":"2026-02-11T05:40:42.390406Z","level":"info","event":"Fetching URL: https://thecourseforum.com/course/RELS/4995/All","logger":"task.stdout"}
{"timestamp":"2026-02-11T05:40:42.392440Z","level":"info","event":"Fetching URL: https://thecourseforum.com/course/SANS/4993/All","logger":"task.stdout"}
{"timestamp":"2026-02-11T05:40:42.394810Z","level":"info","event":"Fetching URL: https://thecourseforum.com/course/SANS/1020/All","logger":"task.stdout"}
{"timestamp":"2026-02-11T05:40:42.397271Z","level":"info","event":"Fetching URL: https://thecourseforum.com/course/SANS/3024/All","logger":"task.stdout"}
{"timestamp":"2026-02-11T05:40:42.399482Z","level":"info","event":"Fetching URL: https://thecourseforum.com/course/RELH/2090/All","logger":"task.stdout"}
{"timestamp":"2026-02-11T05:40:42.401456Z","level":"info","event":"Fetching URL: https://thecourseforum.com/course/RELH/3180/All","logger":"task.stdout"}
{"timestamp":"2026-02-11T05:40:42.403489Z","level":"info","event":"Fetching URL: https://thecourseforum.com/course/RELI/2085/All","logger":"task.stdout"}
{"timestamp":"2026-02-11T05:40:42.406421Z","level":"info","event":"Fetching URL: https://thecourseforum.com/course/RELI/3110/All","logger":"task.stdout"}
{"timestamp":"2026-02-11T05:40:42.408543Z","level":"info","event":"Fetching URL: https://thecourseforum.com/course/RELI/3200/All","logger":"task.stdout"}
{"timestamp":"2026-02-11T05:40:42.410543Z","level":"info","event":"Fetching URL: https://thecourseforum.com/course/RELJ/1210/All","logger":"task.stdout"}
{"timestamp":"2026-02-11T05:40:42.412050Z","level":"info","event":"Fetching URL: https://thecourseforum.com/course/RELJ/2040/All","logger":"task.stdout"}
{"timestamp":"2026-02-11T05:40:42.414523Z","level":"info","event":"Fetching URL: https://thecourseforum.com/course/RELJ/2420/All","logger":"task.stdout"}
{"timestamp":"2026-02-11T05:40:42.416005Z","level":"info","event":"Fetching URL: https://thecourseforum.com/course/RELJ/3052/All","logger":"task.stdout"}
{"timestamp":"2026-02-11T05:40:42.419330Z","level":"info","event":"Fetching URL: https://thecourseforum.com/course/RELJ/3310/All","logger":"task.stdout"}
{"timestamp":"2026-02-11T05:40:42.421525Z","level":"info","event":"Fetching URL: https://thecourseforum.com/course/RELJ/3708/All","logger":"task.stdout"}
{"timestamp":"2026-02-11T05:40:42.423162Z","level":"info","event":"Fetching URL: https://thecourseforum.com/course/RUSS/1020/All","logger":"task.stdout"}
{"timestamp":"2026-02-11T05:40:42.425249Z","level":"info","event":"Fetching URL: https://thecourseforum.com/course/RUSS/2020/All","logger":"task.stdout"}
{"timestamp":"2026-02-11T05:40:42.427169Z","level":"info","event":"Fetching URL: https://thecourseforum.com/course/RUSS/3000/All","logger":"task.stdout"}
{"timestamp":"2026-02-11T05:40:42.428919Z","level":"info","event":"Fetching URL: https://thecourseforum.com/course/RUSS/3020/All","logger":"task.stdout"}
{"timestamp":"2026-02-11T05:40:42.431471Z","level":"info","event":"Fetching URL: https://thecourseforum.com/course/RUSS/3030/All","logger":"task.stdout"}
{"timestamp":"2026-02-11T05:40:42.433737Z","level":"info","event":"Fetching URL: https://thecourseforum.com/course/RUSS/4020/All","logger":"task.stdout"}
{"timestamp":"2026-02-11T05:40:42.436103Z","level":"info","event":"Fetching URL: https://thecourseforum.com/course/RUTR/2470/All","logger":"task.stdout"}
{"timestamp":"2026-02-11T05:40:42.438380Z","level":"info","event":"Fetching URL: https://thecourseforum.com/course/RUTR/2730/All","logger":"task.stdout"}
{"timestamp":"2026-02-11T05:40:42.440503Z","level":"info","event":"Fetching URL: https://thecourseforum.com/course/RUTR/3360/All","logger":"task.stdout"}
{"timestamp":"2026-02-11T05:40:42.442123Z","level":"info","event":"Fetching URL: https://thecourseforum.com/course/RUTR/3500/All","logger":"task.stdout"}
{"timestamp":"2026-02-11T05:40:42.443632Z","level":"info","event":"Fetching URL: https://thecourseforum.com/course/SATR/2110/All","logger":"task.stdout"}
{"timestamp":"2026-02-11T05:40:42.445943Z","level":"info","event":"Fetching URL: https://thecourseforum.com/course/SATR/3000/All","logger":"task.stdout"}
{"timestamp":"2026-02-11T05:40:42.447990Z","level":"info","event":"Fetching URL: https://thecourseforum.com/course/SEC/3010/All","logger":"task.stdout"}
{"timestamp":"2026-02-11T05:40:42.450715Z","level":"info","event":"Fetching URL: https://thecourseforum.com/course/SEC/3040/All","logger":"task.stdout"}
{"timestamp":"2026-02-11T05:40:42.452759Z","level":"info","event":"Fetching URL: https://thecourseforum.com/course/SLAV/2360/All","logger":"task.stdout"}
{"timestamp":"2026-02-11T05:40:42.454517Z","level":"info","event":"Fetching URL: https://thecourseforum.com/course/SLAV/3993/All","logger":"task.stdout"}
{"timestamp":"2026-02-11T05:40:42.456789Z","level":"info","event":"Fetching URL: https://thecourseforum.com/course/SLFK/2120/All","logger":"task.stdout"}
{"timestamp":"2026-02-11T05:40:42.459061Z","level":"info","event":"Fetching URL: https://thecourseforum.com/course/SLTR/3200/All","logger":"task.stdout"}
{"timestamp":"2026-02-11T05:40:42.460952Z","level":"info","event":"Fetching URL: https://thecourseforum.com/course/SOC/4981/All","logger":"task.stdout"}
{"timestamp":"2026-02-11T05:40:42.463824Z","level":"info","event":"Fetching URL: https://thecourseforum.com/course/SOC/3020/All","logger":"task.stdout"}
{"timestamp":"2026-02-11T05:40:42.465792Z","level":"info","event":"Fetching URL: https://thecourseforum.com/course/SOC/3056/All","logger":"task.stdout"}
{"timestamp":"2026-02-11T05:40:42.468893Z","level":"info","event":"Fetching URL: https://thecourseforum.com/course/SOC/3130/All","logger":"task.stdout"}
{"timestamp":"2026-02-11T05:40:42.472730Z","level":"info","event":"Fetching URL: https://thecourseforum.com/course/SOC/3290/All","logger":"task.stdout"}
{"timestamp":"2026-02-11T05:40:42.474785Z","level":"info","event":"Fetching URL: https://thecourseforum.com/course/SOC/3820/All","logger":"task.stdout"}
{"timestamp":"2026-02-11T05:40:42.476560Z","level":"info","event":"Fetching URL: https://thecourseforum.com/course/SOC/3320/All","logger":"task.stdout"}
{"timestamp":"2026-02-11T05:40:42.478476Z","level":"info","event":"Fetching URL: https://thecourseforum.com/course/SOC/3410/All","logger":"task.stdout"}
{"timestamp":"2026-02-11T05:40:42.480513Z","level":"info","event":"Fetching URL: https://thecourseforum.com/course/SOC/3490/All","logger":"task.stdout"}
{"timestamp":"2026-02-11T05:40:42.482454Z","level":"info","event":"Fetching URL: https://thecourseforum.com/course/SOC/3559/All","logger":"task.stdout"}
{"timestamp":"2026-02-11T05:40:42.484686Z","level":"info","event":"Fetching URL: https://thecourseforum.com/course/SOC/4100/All","logger":"task.stdout"}
{"timestamp":"2026-02-11T05:40:42.486591Z","level":"info","event":"Fetching URL: https://thecourseforum.com/course/SOC/4400/All","logger":"task.stdout"}
{"timestamp":"2026-02-11T05:40:42.488165Z","level":"info","event":"Fetching URL: https://thecourseforum.com/course/SOC/4520/All","logger":"task.stdout"}
{"timestamp":"2026-02-11T05:40:42.492009Z","level":"info","event":"Fetching URL: https://thecourseforum.com/course/SOC/4530/All","logger":"task.stdout"}
{"timestamp":"2026-02-11T05:40:42.494110Z","level":"info","event":"Fetching URL: https://thecourseforum.com/course/SOC/4550/All","logger":"task.stdout"}
{"timestamp":"2026-02-11T05:40:42.495876Z","level":"info","event":"Fetching URL: https://thecourseforum.com/course/SOC/4559/All","logger":"task.stdout"}
{"timestamp":"2026-02-11T05:40:42.497773Z","level":"info","event":"Fetching URL: https://thecourseforum.com/course/SOC/4560/All","logger":"task.stdout"}
{"timestamp":"2026-02-11T05:40:42.499755Z","level":"info","event":"Fetching URL: https://thecourseforum.com/course/SOC/4970/All","logger":"task.stdout"}
{"timestamp":"2026-02-11T05:40:42.501813Z","level":"info","event":"Fetching URL: https://thecourseforum.com/course/SOC/1010/All","logger":"task.stdout"}
{"timestamp":"2026-02-11T05:40:42.503561Z","level":"info","event":"Fetching URL: https://thecourseforum.com/course/SOC/1220/All","logger":"task.stdout"}
{"timestamp":"2026-02-11T05:40:42.505880Z","level":"info","event":"Fetching URL: https://thecourseforum.com/course/SOC/2010/All","logger":"task.stdout"}
{"timestamp":"2026-02-11T05:40:42.507860Z","level":"info","event":"Fetching URL: https://thecourseforum.com/course/SOC/2052/All","logger":"task.stdout"}
{"timestamp":"2026-02-11T05:40:42.509826Z","level":"info","event":"Fetching URL: https://thecourseforum.com/course/SOC/2280/All","logger":"task.stdout"}
{"timestamp":"2026-02-11T05:40:42.511745Z","level":"info","event":"Fetching URL: https://thecourseforum.com/course/SOC/2320/All","logger":"task.stdout"}
{"timestamp":"2026-02-11T05:40:42.513405Z","level":"info","event":"Fetching URL: https://thecourseforum.com/course/SOC/2442/All","logger":"task.stdout"}
{"timestamp":"2026-02-11T05:40:42.515576Z","level":"info","event":"Fetching URL: https://thecourseforum.com/course/SOC/2595/All","logger":"task.stdout"}
{"timestamp":"2026-02-11T05:40:42.518841Z","level":"info","event":"Fetching URL: https://thecourseforum.com/course/SOC/2900/All","logger":"task.stdout"}
{"timestamp":"2026-02-11T05:40:42.521297Z","level":"info","event":"Fetching URL: https://thecourseforum.com/course/SPAN/1020/All","logger":"task.stdout"}
{"timestamp":"2026-02-11T05:40:42.522806Z","level":"info","event":"Fetching URL: https://thecourseforum.com/course/SPAN/1060/All","logger":"task.stdout"}
{"timestamp":"2026-02-11T05:40:42.526002Z","level":"info","event":"Fetching URL: https://thecourseforum.com/course/SPAN/2010/All","logger":"task.stdout"}
{"timestamp":"2026-02-11T05:40:42.527771Z","level":"info","event":"Fetching URL: https://thecourseforum.com/course/SPAN/4040/All","logger":"task.stdout"}
{"timestamp":"2026-02-11T05:40:42.529596Z","level":"info","event":"Fetching URL: https://thecourseforum.com/course/SPAN/4202/All","logger":"task.stdout"}
{"timestamp":"2026-02-11T05:40:42.531343Z","level":"info","event":"Fetching URL: https://thecourseforum.com/course/SPAN/4203/All","logger":"task.stdout"}
{"timestamp":"2026-02-11T05:40:42.533178Z","level":"info","event":"Fetching URL: https://thecourseforum.com/course/SPAN/4210/All","logger":"task.stdout"}
{"timestamp":"2026-02-11T05:40:42.535079Z","level":"info","event":"Fetching URL: https://thecourseforum.com/course/SPAN/4520/All","logger":"task.stdout"}
{"timestamp":"2026-02-11T05:40:42.537779Z","level":"info","event":"Fetching URL: https://thecourseforum.com/course/SPAN/4530/All","logger":"task.stdout"}
{"timestamp":"2026-02-11T05:40:42.539786Z","level":"info","event":"Fetching URL: https://thecourseforum.com/course/SPAN/4559/All","logger":"task.stdout"}
{"timestamp":"2026-02-11T05:40:42.541574Z","level":"info","event":"Fetching URL: https://thecourseforum.com/course/SPAN/4710/All","logger":"task.stdout"}
{"timestamp":"2026-02-11T05:40:42.543601Z","level":"info","event":"Fetching URL: https://thecourseforum.com/course/SPAN/4800/All","logger":"task.stdout"}
{"timestamp":"2026-02-11T05:40:42.545555Z","level":"info","event":"Fetching URL: https://thecourseforum.com/course/SPAN/4989/All","logger":"task.stdout"}
{"timestamp":"2026-02-11T05:40:42.548549Z","level":"info","event":"Fetching URL: https://thecourseforum.com/course/SPAN/2020/All","logger":"task.stdout"}
{"timestamp":"2026-02-11T05:40:42.550882Z","level":"info","event":"Fetching URL: https://thecourseforum.com/course/SPAN/3000/All","logger":"task.stdout"}
{"timestamp":"2026-02-11T05:40:42.552789Z","level":"info","event":"Fetching URL: https://thecourseforum.com/course/SPAN/3010/All","logger":"task.stdout"}
{"timestamp":"2026-02-11T05:40:42.554693Z","level":"info","event":"Fetching URL: https://thecourseforum.com/course/SPAN/3015/All","logger":"task.stdout"}
{"timestamp":"2026-02-11T05:40:42.556538Z","level":"info","event":"Fetching URL: https://thecourseforum.com/course/SPAN/3030/All","logger":"task.stdout"}
{"timestamp":"2026-02-11T05:40:42.558419Z","level":"info","event":"Fetching URL: https://thecourseforum.com/course/SPAN/3040/All","logger":"task.stdout"}
{"timestamp":"2026-02-11T05:40:42.560486Z","level":"info","event":"Fetching URL: https://thecourseforum.com/course/SPAN/3050/All","logger":"task.stdout"}
{"timestamp":"2026-02-11T05:40:42.562515Z","level":"info","event":"Fetching URL: https://thecourseforum.com/course/SPAN/3070/All","logger":"task.stdout"}
{"timestamp":"2026-02-11T05:40:42.564966Z","level":"info","event":"Fetching URL: https://thecourseforum.com/course/SPAN/3200/All","logger":"task.stdout"}
{"timestamp":"2026-02-11T05:40:42.568618Z","level":"info","event":"Fetching URL: https://thecourseforum.com/course/SPAN/3300/All","logger":"task.stdout"}
{"timestamp":"2026-02-11T05:40:42.572264Z","level":"info","event":"Fetching URL: https://thecourseforum.com/course/SPAN/3400/All","logger":"task.stdout"}
{"timestamp":"2026-02-11T05:40:42.574108Z","level":"info","event":"Fetching URL: https://thecourseforum.com/course/SPAN/3410/All","logger":"task.stdout"}
{"timestamp":"2026-02-11T05:40:42.576468Z","level":"info","event":"Fetching URL: https://thecourseforum.com/course/SPAN/3420/All","logger":"task.stdout"}
{"timestamp":"2026-02-11T05:40:42.579011Z","level":"info","event":"Fetching URL: https://thecourseforum.com/course/SPAN/3430/All","logger":"task.stdout"}
{"timestamp":"2026-02-11T05:40:42.581167Z","level":"info","event":"Fetching URL: https://thecourseforum.com/course/STAT/1100/All","logger":"task.stdout"}
{"timestamp":"2026-02-11T05:40:42.583598Z","level":"info","event":"Fetching URL: https://thecourseforum.com/course/STAT/1601/All","logger":"task.stdout"}
{"timestamp":"2026-02-11T05:40:42.585795Z","level":"info","event":"Fetching URL: https://thecourseforum.com/course/STAT/1602/All","logger":"task.stdout"}
{"timestamp":"2026-02-11T05:40:42.587593Z","level":"info","event":"Fetching URL: https://thecourseforum.com/course/STAT/2020/All","logger":"task.stdout"}
{"timestamp":"2026-02-11T05:40:42.589782Z","level":"info","event":"Fetching URL: https://thecourseforum.com/course/STAT/2120/All","logger":"task.stdout"}
{"timestamp":"2026-02-11T05:40:42.591624Z","level":"info","event":"Fetching URL: https://thecourseforum.com/course/STAT/3080/All","logger":"task.stdout"}
{"timestamp":"2026-02-11T05:40:42.593576Z","level":"info","event":"Fetching URL: https://thecourseforum.com/course/STAT/3110/All","logger":"task.stdout"}
{"timestamp":"2026-02-11T05:40:42.595570Z","level":"info","event":"Fetching URL: https://thecourseforum.com/course/STAT/3120/All","logger":"task.stdout"}
{"timestamp":"2026-02-11T05:40:42.597254Z","level":"info","event":"Fetching URL: https://thecourseforum.com/course/STAT/3220/All","logger":"task.stdout"}
{"timestamp":"2026-02-11T05:40:42.599470Z","level":"info","event":"Fetching URL: https://thecourseforum.com/course/STAT/3250/All","logger":"task.stdout"}
{"timestamp":"2026-02-11T05:40:42.601300Z","level":"info","event":"Fetching URL: https://thecourseforum.com/course/STAT/3280/All","logger":"task.stdout"}
{"timestamp":"2026-02-11T05:40:42.603093Z","level":"info","event":"Fetching URL: https://thecourseforum.com/course/STAT/3480/All","logger":"task.stdout"}
{"timestamp":"2026-02-11T05:40:42.605532Z","level":"info","event":"Fetching URL: https://thecourseforum.com/course/STAT/3559/All","logger":"task.stdout"}
{"timestamp":"2026-02-11T05:40:42.607549Z","level":"info","event":"Fetching URL: https://thecourseforum.com/course/STAT/4120/All","logger":"task.stdout"}
{"timestamp":"2026-02-11T05:40:42.609592Z","level":"info","event":"Fetching URL: https://thecourseforum.com/course/STAT/4160/All","logger":"task.stdout"}
{"timestamp":"2026-02-11T05:40:42.612018Z","level":"info","event":"Fetching URL: https://thecourseforum.com/course/STAT/4220/All","logger":"task.stdout"}
{"timestamp":"2026-02-11T05:40:42.613798Z","level":"info","event":"Fetching URL: https://thecourseforum.com/course/STAT/4993/All","logger":"task.stdout"}
{"timestamp":"2026-02-11T05:40:42.615749Z","level":"info","event":"Fetching URL: https://thecourseforum.com/course/STAT/4996/All","logger":"task.stdout"}
{"timestamp":"2026-02-11T05:40:42.618314Z","level":"info","event":"Fetching URL: https://thecourseforum.com/course/URDU/4993/All","logger":"task.stdout"}
{"timestamp":"2026-02-11T05:40:42.620594Z","level":"info","event":"Fetching URL: https://thecourseforum.com/course/URDU/2020/All","logger":"task.stdout"}
{"timestamp":"2026-02-11T05:40:42.622722Z","level":"info","event":"Fetching URL: https://thecourseforum.com/course/URDU/3050/All","logger":"task.stdout"}
{"timestamp":"2026-02-11T05:40:42.624516Z","level":"info","event":"Fetching URL: https://thecourseforum.com/course/WGS/3993/All","logger":"task.stdout"}
{"timestamp":"2026-02-11T05:40:42.626225Z","level":"info","event":"Fetching URL: https://thecourseforum.com/course/WGS/2100/All","logger":"task.stdout"}
{"timestamp":"2026-02-11T05:40:42.629017Z","level":"info","event":"Fetching URL: https://thecourseforum.com/course/WGS/2559/All","logger":"task.stdout"}
{"timestamp":"2026-02-11T05:40:42.631603Z","level":"info","event":"Fetching URL: https://thecourseforum.com/course/WGS/2600/All","logger":"task.stdout"}
{"timestamp":"2026-02-11T05:40:42.633938Z","level":"info","event":"Fetching URL: https://thecourseforum.com/course/WGS/2700/All","logger":"task.stdout"}
{"timestamp":"2026-02-11T05:40:42.635889Z","level":"info","event":"Fetching URL: https://thecourseforum.com/course/WGS/3100/All","logger":"task.stdout"}
{"timestamp":"2026-02-11T05:40:42.637400Z","level":"info","event":"Fetching URL: https://thecourseforum.com/course/WGS/3125/All","logger":"task.stdout"}
{"timestamp":"2026-02-11T05:40:42.639729Z","level":"info","event":"Fetching URL: https://thecourseforum.com/course/WGS/3150/All","logger":"task.stdout"}
{"timestamp":"2026-02-11T05:40:42.641692Z","level":"info","event":"Fetching URL: https://thecourseforum.com/course/WGS/3230/All","logger":"task.stdout"}
{"timestamp":"2026-02-11T05:40:42.643434Z","level":"info","event":"Fetching URL: https://thecourseforum.com/course/WGS/3500/All","logger":"task.stdout"}
{"timestamp":"2026-02-11T05:40:42.645162Z","level":"info","event":"Fetching URL: https://thecourseforum.com/course/WGS/3600/All","logger":"task.stdout"}
{"timestamp":"2026-02-11T05:40:42.646843Z","level":"info","event":"Fetching URL: https://thecourseforum.com/course/WGS/3612/All","logger":"task.stdout"}
{"timestamp":"2026-02-11T05:40:42.648761Z","level":"info","event":"Fetching URL: https://thecourseforum.com/course/WGS/3896/All","logger":"task.stdout"}
{"timestamp":"2026-02-11T05:40:42.650559Z","level":"info","event":"Fetching URL: https://thecourseforum.com/course/WGS/4500/All","logger":"task.stdout"}
{"timestamp":"2026-02-11T05:40:42.652956Z","level":"info","event":"Fetching URL: https://thecourseforum.com/course/WGS/4800/All","logger":"task.stdout"}
{"timestamp":"2026-02-11T05:40:42.656999Z","level":"info","event":"Fetching URL: https://thecourseforum.com/course/WGS/4820/All","logger":"task.stdout"}
{"timestamp":"2026-02-11T05:40:42.659920Z","level":"info","event":"Fetching URL: https://thecourseforum.com/course/WGS/4999/All","logger":"task.stdout"}
{"timestamp":"2026-02-11T05:40:42.662550Z","level":"info","event":"Fetching URL: https://thecourseforum.com/course/SYS/4053/All","logger":"task.stdout"}
{"timestamp":"2026-02-11T05:40:42.664739Z","level":"info","event":"Fetching URL: https://thecourseforum.com/course/SYS/2001/All","logger":"task.stdout"}
{"timestamp":"2026-02-11T05:40:42.666800Z","level":"info","event":"Fetching URL: https://thecourseforum.com/course/SYS/2202/All","logger":"task.stdout"}
{"timestamp":"2026-02-11T05:40:42.668741Z","level":"info","event":"Fetching URL: https://thecourseforum.com/course/SYS/2620/All","logger":"task.stdout"}
{"timestamp":"2026-02-11T05:40:42.670657Z","level":"info","event":"Fetching URL: https://thecourseforum.com/course/SYS/3034/All","logger":"task.stdout"}
{"timestamp":"2026-02-11T05:40:42.672284Z","level":"info","event":"Fetching URL: https://thecourseforum.com/course/SYS/3060/All","logger":"task.stdout"}
{"timestamp":"2026-02-11T05:40:42.674505Z","level":"info","event":"Fetching URL: https://thecourseforum.com/course/SYS/3062/All","logger":"task.stdout"}
{"timestamp":"2026-02-11T05:40:42.676322Z","level":"info","event":"Fetching URL: https://thecourseforum.com/course/SYS/4050/All","logger":"task.stdout"}
{"timestamp":"2026-02-11T05:40:42.678289Z","level":"info","event":"Fetching URL: https://thecourseforum.com/course/SYS/4054/All","logger":"task.stdout"}
{"timestamp":"2026-02-11T05:40:42.680676Z","level":"info","event":"Fetching URL: https://thecourseforum.com/course/SYS/4582/All","logger":"task.stdout"}
{"timestamp":"2026-02-11T05:40:42.684484Z","level":"info","event":"Fetching URL: https://thecourseforum.com/course/SYS/4995/All","logger":"task.stdout"}
{"timestamp":"2026-02-11T05:40:42.687255Z","level":"info","event":"Fetching URL: https://thecourseforum.com/course/STS/4600/All","logger":"task.stdout"}
{"timestamp":"2026-02-11T05:40:42.689249Z","level":"info","event":"Fetching URL: https://thecourseforum.com/course/STS/2050/All","logger":"task.stdout"}
{"timestamp":"2026-02-11T05:40:42.691585Z","level":"info","event":"Fetching URL: https://thecourseforum.com/course/STS/2600/All","logger":"task.stdout"}
{"timestamp":"2026-02-11T05:40:42.693452Z","level":"info","event":"Fetching URL: https://thecourseforum.com/course/STS/2620/All","logger":"task.stdout"}
{"timestamp":"2026-02-11T05:40:42.695566Z","level":"info","event":"Fetching URL: https://thecourseforum.com/course/STS/3020/All","logger":"task.stdout"}
{"timestamp":"2026-02-11T05:40:42.697896Z","level":"info","event":"Fetching URL: https://thecourseforum.com/course/STS/3300/All","logger":"task.stdout"}
{"timestamp":"2026-02-11T05:40:42.699976Z","level":"info","event":"Fetching URL: https://thecourseforum.com/course/STS/4500/All","logger":"task.stdout"}
{"timestamp":"2026-02-11T05:40:42.703210Z","level":"info","event":"Fetching URL: https://thecourseforum.com/course/SWAH/1020/All","logger":"task.stdout"}
{"timestamp":"2026-02-11T05:40:42.705520Z","level":"info","event":"Fetching URL: https://thecourseforum.com/course/SWAH/2020/All","logger":"task.stdout"}
{"timestamp":"2026-02-11T05:40:42.707814Z","level":"info","event":"Fetching URL: https://thecourseforum.com/course/ARH/1020/All","logger":"task.stdout"}
{"timestamp":"2026-02-11T05:40:42.710613Z","level":"info","event":"Fetching URL: https://thecourseforum.com/course/ARH/2702/All","logger":"task.stdout"}
{"timestamp":"2026-02-11T05:40:42.712546Z","level":"info","event":"Fetching URL: https://thecourseforum.com/course/ARH/3060/All","logger":"task.stdout"}
{"timestamp":"2026-02-11T05:40:42.714536Z","level":"info","event":"Fetching URL: https://thecourseforum.com/course/ARH/3403/All","logger":"task.stdout"}
{"timestamp":"2026-02-11T05:40:42.716886Z","level":"info","event":"Fetching URL: https://thecourseforum.com/course/ARH/3500/All","logger":"task.stdout"}
{"timestamp":"2026-02-11T05:40:42.719617Z","level":"info","event":"Fetching URL: https://thecourseforum.com/course/ARH/3604/All","logger":"task.stdout"}
{"timestamp":"2026-02-11T05:40:42.721611Z","level":"info","event":"Fetching URL: https://thecourseforum.com/course/ARH/4591/All","logger":"task.stdout"}
{"timestamp":"2026-02-11T05:40:42.723807Z","level":"info","event":"Fetching URL: https://thecourseforum.com/course/ARH/4993/All","logger":"task.stdout"}
{"timestamp":"2026-02-11T05:40:42.726868Z","level":"info","event":"Fetching URL: https://thecourseforum.com/course/ARH/4999/All","logger":"task.stdout"}
{"timestamp":"2026-02-11T05:40:42.728917Z","level":"info","event":"Fetching URL: https://thecourseforum.com/course/ASL/1020/All","logger":"task.stdout"}
{"timestamp":"2026-02-11T05:40:42.730743Z","level":"info","event":"Fetching URL: https://thecourseforum.com/course/ASL/2020/All","logger":"task.stdout"}
{"timestamp":"2026-02-11T05:40:42.732736Z","level":"info","event":"Fetching URL: https://thecourseforum.com/course/ASL/3015/All","logger":"task.stdout"}
{"timestamp":"2026-02-11T05:40:42.734710Z","level":"info","event":"Fetching URL: https://thecourseforum.com/course/ASL/3020/All","logger":"task.stdout"}
{"timestamp":"2026-02-11T05:40:42.737157Z","level":"info","event":"Fetching URL: https://thecourseforum.com/course/ASL/3460/All","logger":"task.stdout"}
{"timestamp":"2026-02-11T05:40:42.739869Z","level":"info","event":"Fetching URL: https://thecourseforum.com/course/ASL/3559/All","logger":"task.stdout"}
{"timestamp":"2026-02-11T05:40:42.741611Z","level":"info","event":"Fetching URL: https://thecourseforum.com/course/ASL/4450/All","logger":"task.stdout"}
{"timestamp":"2026-02-11T05:40:42.743450Z","level":"info","event":"Fetching URL: https://thecourseforum.com/course/ASL/4750/All","logger":"task.stdout"}
{"timestamp":"2026-02-11T05:40:42.744844Z","level":"info","event":"Fetching URL: https://thecourseforum.com/course/ASL/4993/All","logger":"task.stdout"}
{"timestamp":"2026-02-11T05:40:42.746955Z","level":"info","event":"Fetching URL: https://thecourseforum.com/course/CGBM/2110/All","logger":"task.stdout"}
{"timestamp":"2026-02-11T05:40:42.749538Z","level":"info","event":"Fetching URL: https://thecourseforum.com/course/CGBM/2210/All","logger":"task.stdout"}
{"timestamp":"2026-02-11T05:40:42.751952Z","level":"info","event":"Fetching URL: https://thecourseforum.com/course/CGBM/2310/All","logger":"task.stdout"}
{"timestamp":"2026-02-11T05:40:42.753868Z","level":"info","event":"Fetching URL: https://thecourseforum.com/course/CGBM/2710/All","logger":"task.stdout"}
{"timestamp":"2026-02-11T05:40:42.755940Z","level":"info","event":"Fetching URL: https://thecourseforum.com/course/CHE/1501/All","logger":"task.stdout"}
{"timestamp":"2026-02-11T05:40:42.757853Z","level":"info","event":"Fetching URL: https://thecourseforum.com/course/CHE/2202/All","logger":"task.stdout"}
{"timestamp":"2026-02-11T05:40:42.760251Z","level":"info","event":"Fetching URL: https://thecourseforum.com/course/CHE/2216/All","logger":"task.stdout"}
{"timestamp":"2026-02-11T05:40:42.762828Z","level":"info","event":"Fetching URL: https://thecourseforum.com/course/CHE/2595/All","logger":"task.stdout"}
{"timestamp":"2026-02-11T05:40:42.765537Z","level":"info","event":"Fetching URL: https://thecourseforum.com/course/CHE/3318/All","logger":"task.stdout"}
{"timestamp":"2026-02-11T05:40:42.768816Z","level":"info","event":"Fetching URL: https://thecourseforum.com/course/CHE/3322/All","logger":"task.stdout"}
{"timestamp":"2026-02-11T05:40:42.771548Z","level":"info","event":"Fetching URL: https://thecourseforum.com/course/CHE/3347/All","logger":"task.stdout"}
{"timestamp":"2026-02-11T05:40:42.774741Z","level":"info","event":"Fetching URL: https://thecourseforum.com/course/CHE/3398/All","logger":"task.stdout"}
{"timestamp":"2026-02-11T05:40:42.776842Z","level":"info","event":"Fetching URL: https://thecourseforum.com/course/CHE/4417/All","logger":"task.stdout"}
{"timestamp":"2026-02-11T05:40:42.778930Z","level":"info","event":"Fetching URL: https://thecourseforum.com/course/CHE/4442/All","logger":"task.stdout"}
{"timestamp":"2026-02-11T05:40:42.781507Z","level":"info","event":"Fetching URL: https://thecourseforum.com/course/CHE/4445/All","logger":"task.stdout"}
{"timestamp":"2026-02-11T05:40:42.783605Z","level":"info","event":"Fetching URL: https://thecourseforum.com/course/CHE/4456/All","logger":"task.stdout"}
{"timestamp":"2026-02-11T05:40:42.785644Z","level":"info","event":"Fetching URL: https://thecourseforum.com/course/CHE/4476/All","logger":"task.stdout"}
{"timestamp":"2026-02-11T05:40:42.788951Z","level":"info","event":"Fetching URL: https://thecourseforum.com/course/CHE/4561/All","logger":"task.stdout"}
{"timestamp":"2026-02-11T05:40:42.792732Z","level":"info","event":"Fetching URL: https://thecourseforum.com/course/CHE/4995/All","logger":"task.stdout"}
{"timestamp":"2026-02-11T05:40:42.800059Z","level":"info","event":"Fetching URL: https://thecourseforum.com/course/CHIN/1010/All","logger":"task.stdout"}
{"timestamp":"2026-02-11T05:40:42.806829Z","level":"info","event":"Fetching URL: https://thecourseforum.com/course/CHIN/1020/All","logger":"task.stdout"}
{"timestamp":"2026-02-11T05:40:42.810543Z","level":"info","event":"Fetching URL: https://thecourseforum.com/course/CHIN/2010/All","logger":"task.stdout"}
{"timestamp":"2026-02-11T05:40:42.813593Z","level":"info","event":"Fetching URL: https://thecourseforum.com/course/CHIN/2020/All","logger":"task.stdout"}
{"timestamp":"2026-02-11T05:40:42.815657Z","level":"info","event":"Fetching URL: https://thecourseforum.com/course/CHIN/2060/All","logger":"task.stdout"}
{"timestamp":"2026-02-11T05:40:42.818014Z","level":"info","event":"Fetching URL: https://thecourseforum.com/course/CHIN/3010/All","logger":"task.stdout"}
{"timestamp":"2026-02-11T05:40:42.821617Z","level":"info","event":"Fetching URL: https://thecourseforum.com/course/CHIN/3020/All","logger":"task.stdout"}
{"timestamp":"2026-02-11T05:40:42.823861Z","level":"info","event":"Fetching URL: https://thecourseforum.com/course/CHIN/3025/All","logger":"task.stdout"}
{"timestamp":"2026-02-11T05:40:42.826650Z","level":"info","event":"Fetching URL: https://thecourseforum.com/course/CHIN/4020/All","logger":"task.stdout"}
{"timestamp":"2026-02-11T05:40:42.828656Z","level":"info","event":"Fetching URL: https://thecourseforum.com/course/CHIN/4030/All","logger":"task.stdout"}
{"timestamp":"2026-02-11T05:40:42.830925Z","level":"info","event":"Fetching URL: https://thecourseforum.com/course/CHIN/4830/All","logger":"task.stdout"}
{"timestamp":"2026-02-11T05:40:42.833814Z","level":"info","event":"Fetching URL: https://thecourseforum.com/course/CHIN/4993/All","logger":"task.stdout"}
{"timestamp":"2026-02-11T05:40:42.837001Z","level":"info","event":"Fetching URL: https://thecourseforum.com/course/CHRK/1020/All","logger":"task.stdout"}
{"timestamp":"2026-02-11T05:40:42.839736Z","level":"info","event":"Fetching URL: https://thecourseforum.com/course/CHTR/2850/All","logger":"task.stdout"}
{"timestamp":"2026-02-11T05:40:42.843035Z","level":"info","event":"Fetching URL: https://thecourseforum.com/course/CHTR/3840/All","logger":"task.stdout"}
{"timestamp":"2026-02-11T05:40:42.844880Z","level":"info","event":"Fetching URL: https://thecourseforum.com/course/CHTR/4991/All","logger":"task.stdout"}
{"timestamp":"2026-02-11T05:40:42.846589Z","level":"info","event":"Fetching URL: https://thecourseforum.com/course/CREO/1020/All","logger":"task.stdout"}
{"timestamp":"2026-02-11T05:40:42.848432Z","level":"info","event":"Fetching URL: https://thecourseforum.com/course/CREO/2020/All","logger":"task.stdout"}
{"timestamp":"2026-02-11T05:40:42.850523Z","level":"info","event":"Fetching URL: https://thecourseforum.com/course/EALC/4999/All","logger":"task.stdout"}
{"timestamp":"2026-02-11T05:40:42.852106Z","level":"info","event":"Fetching URL: https://thecourseforum.com/course/EAST/1010/All","logger":"task.stdout"}
{"timestamp":"2026-02-11T05:40:42.853677Z","level":"info","event":"Fetching URL: https://thecourseforum.com/course/EAST/1200/All","logger":"task.stdout"}
{"timestamp":"2026-02-11T05:40:42.856643Z","level":"info","event":"Fetching URL: https://thecourseforum.com/course/EAST/4991/All","logger":"task.stdout"}
{"timestamp":"2026-02-11T05:40:42.858667Z","level":"info","event":"Fetching URL: https://thecourseforum.com/course/EAST/4999/All","logger":"task.stdout"}
{"timestamp":"2026-02-11T05:40:42.860588Z","level":"info","event":"Fetching URL: https://thecourseforum.com/course/EBUS/1800/All","logger":"task.stdout"}
{"timestamp":"2026-02-11T05:40:42.862603Z","level":"info","event":"Fetching URL: https://thecourseforum.com/course/EBUS/2730/All","logger":"task.stdout"}
{"timestamp":"2026-02-11T05:40:42.864650Z","level":"info","event":"Fetching URL: https://thecourseforum.com/course/EBUS/2830/All","logger":"task.stdout"}
{"timestamp":"2026-02-11T05:40:42.868077Z","level":"info","event":"Fetching URL: https://thecourseforum.com/course/EBUS/2850/All","logger":"task.stdout"}
{"timestamp":"2026-02-11T05:40:42.870005Z","level":"info","event":"Fetching URL: https://thecourseforum.com/course/EBUS/4700/All","logger":"task.stdout"}
{"timestamp":"2026-02-11T05:40:42.871765Z","level":"info","event":"Fetching URL: https://thecourseforum.com/course/EBUS/4810/All","logger":"task.stdout"}
{"timestamp":"2026-02-11T05:40:42.874653Z","level":"info","event":"Fetching URL: https://thecourseforum.com/course/ENGR/1020/All","logger":"task.stdout"}
{"timestamp":"2026-02-11T05:40:42.877027Z","level":"info","event":"Fetching URL: https://thecourseforum.com/course/ENGR/1420/All","logger":"task.stdout"}
{"timestamp":"2026-02-11T05:40:42.879441Z","level":"info","event":"Fetching URL: https://thecourseforum.com/course/ENGR/1501/All","logger":"task.stdout"}
{"timestamp":"2026-02-11T05:40:42.881325Z","level":"info","event":"Fetching URL: https://thecourseforum.com/course/ENGR/2500/All","logger":"task.stdout"}
{"timestamp":"2026-02-11T05:40:42.883343Z","level":"info","event":"Fetching URL: https://thecourseforum.com/course/ENGR/2595/All","logger":"task.stdout"}
{"timestamp":"2026-02-11T05:40:42.885469Z","level":"info","event":"Fetching URL: https://thecourseforum.com/course/ENGR/2993/All","logger":"task.stdout"}
{"timestamp":"2026-02-11T05:40:42.887990Z","level":"info","event":"Fetching URL: https://thecourseforum.com/course/ENGR/2995/All","logger":"task.stdout"}
{"timestamp":"2026-02-11T05:40:42.890170Z","level":"info","event":"Fetching URL: https://thecourseforum.com/course/ENGR/3580/All","logger":"task.stdout"}
{"timestamp":"2026-02-11T05:40:42.893612Z","level":"info","event":"Fetching URL: https://thecourseforum.com/course/ENGR/4595/All","logger":"task.stdout"}
{"timestamp":"2026-02-11T05:40:42.895777Z","level":"info","event":"Fetching URL: https://thecourseforum.com/course/ENGR/4880/All","logger":"task.stdout"}
{"timestamp":"2026-02-11T05:40:42.898118Z","level":"info","event":"Fetching URL: https://thecourseforum.com/course/GCCS/4991/All","logger":"task.stdout"}
{"timestamp":"2026-02-11T05:40:42.900659Z","level":"info","event":"Fetching URL: https://thecourseforum.com/course/GERM/1010/All","logger":"task.stdout"}
{"timestamp":"2026-02-11T05:40:42.903212Z","level":"info","event":"Fetching URL: https://thecourseforum.com/course/GERM/1020/All","logger":"task.stdout"}
{"timestamp":"2026-02-11T05:40:42.905542Z","level":"info","event":"Fetching URL: https://thecourseforum.com/course/GERM/2010/All","logger":"task.stdout"}
{"timestamp":"2026-02-11T05:40:42.908113Z","level":"info","event":"Fetching URL: https://thecourseforum.com/course/GERM/2020/All","logger":"task.stdout"}
{"timestamp":"2026-02-11T05:40:42.912135Z","level":"info","event":"Fetching URL: https://thecourseforum.com/course/GERM/3000/All","logger":"task.stdout"}
{"timestamp":"2026-02-11T05:40:42.914526Z","level":"info","event":"Fetching URL: https://thecourseforum.com/course/GERM/3230/All","logger":"task.stdout"}
{"timestamp":"2026-02-11T05:40:42.917569Z","level":"info","event":"Fetching URL: https://thecourseforum.com/course/GERM/3300/All","logger":"task.stdout"}
{"timestamp":"2026-02-11T05:40:42.919847Z","level":"info","event":"Fetching URL: https://thecourseforum.com/course/GERM/4600/All","logger":"task.stdout"}
{"timestamp":"2026-02-11T05:40:42.922646Z","level":"info","event":"Fetching URL: https://thecourseforum.com/course/GERM/4993/All","logger":"task.stdout"}
{"timestamp":"2026-02-11T05:40:42.924701Z","level":"info","event":"Fetching URL: https://thecourseforum.com/course/GERM/4999/All","logger":"task.stdout"}
{"timestamp":"2026-02-11T05:40:42.927416Z","level":"info","event":"Fetching URL: https://thecourseforum.com/course/GETR/3360/All","logger":"task.stdout"}
{"timestamp":"2026-02-11T05:40:42.929052Z","level":"info","event":"Fetching URL: https://thecourseforum.com/course/GETR/3372/All","logger":"task.stdout"}
{"timestamp":"2026-02-11T05:40:42.930764Z","level":"info","event":"Fetching URL: https://thecourseforum.com/course/GETR/3464/All","logger":"task.stdout"}
{"timestamp":"2026-02-11T05:40:42.932135Z","level":"info","event":"Fetching URL: https://thecourseforum.com/course/GETR/3470/All","logger":"task.stdout"}
{"timestamp":"2026-02-11T05:40:42.934592Z","level":"info","event":"Fetching URL: https://thecourseforum.com/course/GETR/3505/All","logger":"task.stdout"}
{"timestamp":"2026-02-11T05:40:42.937014Z","level":"info","event":"Fetching URL: https://thecourseforum.com/course/GETR/3590/All","logger":"task.stdout"}
{"timestamp":"2026-02-11T05:40:42.939242Z","level":"info","event":"Fetching URL: https://thecourseforum.com/course/HIEA/1501/All","logger":"task.stdout"}
{"timestamp":"2026-02-11T05:40:42.942081Z","level":"info","event":"Fetching URL: https://thecourseforum.com/course/HIEA/2101/All","logger":"task.stdout"}
{"timestamp":"2026-02-11T05:40:42.944320Z","level":"info","event":"Fetching URL: https://thecourseforum.com/course/HIEA/3171/All","logger":"task.stdout"}
{"timestamp":"2026-02-11T05:40:42.946836Z","level":"info","event":"Fetching URL: https://thecourseforum.com/course/HIEA/3559/All","logger":"task.stdout"}
{"timestamp":"2026-02-11T05:40:42.949733Z","level":"info","event":"Fetching URL: https://thecourseforum.com/course/HIEA/4501/All","logger":"task.stdout"}
{"timestamp":"2026-02-11T05:40:42.952707Z","level":"info","event":"Fetching URL: https://thecourseforum.com/course/HIEU/1501/All","logger":"task.stdout"}
{"timestamp":"2026-02-11T05:40:42.956033Z","level":"info","event":"Fetching URL: https://thecourseforum.com/course/HIEU/2041/All","logger":"task.stdout"}
{"timestamp":"2026-02-11T05:40:42.959105Z","level":"info","event":"Fetching URL: https://thecourseforum.com/course/HIEU/2072/All","logger":"task.stdout"}
{"timestamp":"2026-02-11T05:40:42.964015Z","level":"info","event":"Fetching URL: https://thecourseforum.com/course/HIEU/2102/All","logger":"task.stdout"}
{"timestamp":"2026-02-11T05:40:42.966816Z","level":"info","event":"Fetching URL: https://thecourseforum.com/course/HIEU/2112/All","logger":"task.stdout"}
{"timestamp":"2026-02-11T05:40:42.969678Z","level":"info","event":"Fetching URL: https://thecourseforum.com/course/HIEU/2721/All","logger":"task.stdout"}
{"timestamp":"2026-02-11T05:40:42.972949Z","level":"info","event":"Fetching URL: https://thecourseforum.com/course/HIEU/3141/All","logger":"task.stdout"}
{"timestamp":"2026-02-11T05:40:42.975388Z","level":"info","event":"Fetching URL: https://thecourseforum.com/course/HIEU/3501/All","logger":"task.stdout"}
{"timestamp":"2026-02-11T05:40:42.977671Z","level":"info","event":"Fetching URL: https://thecourseforum.com/course/HIEU/3505/All","logger":"task.stdout"}
{"timestamp":"2026-02-11T05:40:42.980558Z","level":"info","event":"Fetching URL: https://thecourseforum.com/course/HIEU/4502/All","logger":"task.stdout"}
{"timestamp":"2026-02-11T05:40:42.982672Z","level":"info","event":"Fetching URL: https://thecourseforum.com/course/HIEU/4511/All","logger":"task.stdout"}
{"timestamp":"2026-02-11T05:40:42.984816Z","level":"info","event":"Fetching URL: https://thecourseforum.com/course/HILA/3021/All","logger":"task.stdout"}
{"timestamp":"2026-02-11T05:40:42.987871Z","level":"info","event":"Fetching URL: https://thecourseforum.com/course/HILA/3501/All","logger":"task.stdout"}
{"timestamp":"2026-02-11T05:40:42.990731Z","level":"info","event":"Fetching URL: https://thecourseforum.com/course/HIME/1501/All","logger":"task.stdout"}
{"timestamp":"2026-02-11T05:40:42.993241Z","level":"info","event":"Fetching URL: https://thecourseforum.com/course/HIME/2001/All","logger":"task.stdout"}
{"timestamp":"2026-02-11T05:40:42.995468Z","level":"info","event":"Fetching URL: https://thecourseforum.com/course/HIME/2010/All","logger":"task.stdout"}
{"timestamp":"2026-02-11T05:40:42.996887Z","level":"info","event":"Fetching URL: https://thecourseforum.com/course/HIND/1020/All","logger":"task.stdout"}
{"timestamp":"2026-02-11T05:40:42.999877Z","level":"info","event":"Fetching URL: https://thecourseforum.com/course/HIND/1310/All","logger":"task.stdout"}
{"timestamp":"2026-02-11T05:40:43.002215Z","level":"info","event":"Fetching URL: https://thecourseforum.com/course/HIND/2020/All","logger":"task.stdout"}
{"timestamp":"2026-02-11T05:40:43.004340Z","level":"info","event":"Fetching URL: https://thecourseforum.com/course/HIND/3012/All","logger":"task.stdout"}
{"timestamp":"2026-02-11T05:40:43.005869Z","level":"info","event":"Fetching URL: https://thecourseforum.com/course/HIND/4993/All","logger":"task.stdout"}
{"timestamp":"2026-02-11T05:40:43.007983Z","level":"info","event":"Fetching URL: https://thecourseforum.com/course/HSCI/1011/All","logger":"task.stdout"}
{"timestamp":"2026-02-11T05:40:43.009603Z","level":"info","event":"Fetching URL: https://thecourseforum.com/course/IMP/4600/All","logger":"task.stdout"}
{"timestamp":"2026-02-11T05:40:43.011283Z","level":"info","event":"Fetching URL: https://thecourseforum.com/course/IMP/4971/All","logger":"task.stdout"}
{"timestamp":"2026-02-11T05:40:43.015086Z","level":"info","event":"Fetching URL: https://thecourseforum.com/course/INST/1550/All","logger":"task.stdout"}
{"timestamp":"2026-02-11T05:40:43.017628Z","level":"info","event":"Fetching URL: https://thecourseforum.com/course/INST/2550/All","logger":"task.stdout"}
{"timestamp":"2026-02-11T05:40:43.019543Z","level":"info","event":"Fetching URL: https://thecourseforum.com/course/INST/2570/All","logger":"task.stdout"}
{"timestamp":"2026-02-11T05:40:43.021832Z","level":"info","event":"Fetching URL: https://thecourseforum.com/course/INST/3600/All","logger":"task.stdout"}
{"timestamp":"2026-02-11T05:40:43.023745Z","level":"info","event":"Fetching URL: https://thecourseforum.com/course/INST/4200/All","logger":"task.stdout"}
{"timestamp":"2026-02-11T05:40:43.026213Z","level":"info","event":"Fetching URL: https://thecourseforum.com/course/INST/4983/All","logger":"task.stdout"}
{"timestamp":"2026-02-11T05:40:43.029640Z","level":"info","event":"Fetching URL: https://thecourseforum.com/course/ISBU/3410/All","logger":"task.stdout"}
{"timestamp":"2026-02-11T05:40:43.032015Z","level":"info","event":"Fetching URL: https://thecourseforum.com/course/ISBU/3710/All","logger":"task.stdout"}
{"timestamp":"2026-02-11T05:40:43.034599Z","level":"info","event":"Fetching URL: https://thecourseforum.com/course/ISBU/3760/All","logger":"task.stdout"}
{"timestamp":"2026-02-11T05:40:43.037724Z","level":"info","event":"Fetching URL: https://thecourseforum.com/course/ISBU/3888/All","logger":"task.stdout"}
{"timestamp":"2026-02-11T05:40:43.040085Z","level":"info","event":"Fetching URL: https://thecourseforum.com/course/ISHU/3170/All","logger":"task.stdout"}
{"timestamp":"2026-02-11T05:40:43.042166Z","level":"info","event":"Fetching URL: https://thecourseforum.com/course/ISHU/3501/All","logger":"task.stdout"}
{"timestamp":"2026-02-11T05:40:43.044695Z","level":"info","event":"Fetching URL: https://thecourseforum.com/course/ISHU/4020/All","logger":"task.stdout"}
{"timestamp":"2026-02-11T05:40:43.047733Z","level":"info","event":"Fetching URL: https://thecourseforum.com/course/ISHU/4190/All","logger":"task.stdout"}
{"timestamp":"2026-02-11T05:40:43.051151Z","level":"info","event":"Fetching URL: https://thecourseforum.com/course/ISIN/4510/All","logger":"task.stdout"}
{"timestamp":"2026-02-11T05:40:43.056440Z","level":"info","event":"Fetching URL: https://thecourseforum.com/course/ISIN/4520/All","logger":"task.stdout"}
{"timestamp":"2026-02-11T05:40:43.060984Z","level":"info","event":"Fetching URL: https://thecourseforum.com/course/ITAL/1020/All","logger":"task.stdout"}
{"timestamp":"2026-02-11T05:40:43.065696Z","level":"info","event":"Fetching URL: https://thecourseforum.com/course/ITAL/2020/All","logger":"task.stdout"}
{"timestamp":"2026-02-11T05:40:43.071851Z","level":"info","event":"Fetching URL: https://thecourseforum.com/course/ITAL/2030/All","logger":"task.stdout"}
{"timestamp":"2026-02-11T05:40:43.075749Z","level":"info","event":"Fetching URL: https://thecourseforum.com/course/ITAL/3020/All","logger":"task.stdout"}
{"timestamp":"2026-02-11T05:40:43.077719Z","level":"info","event":"Fetching URL: https://thecourseforum.com/course/ITAL/3559/All","logger":"task.stdout"}
{"timestamp":"2026-02-11T05:40:43.080083Z","level":"info","event":"Fetching URL: https://thecourseforum.com/course/ITAL/4993/All","logger":"task.stdout"}
{"timestamp":"2026-02-11T05:40:43.082838Z","level":"info","event":"Fetching URL: https://thecourseforum.com/course/ITTR/3760/All","logger":"task.stdout"}
{"timestamp":"2026-02-11T05:40:43.085222Z","level":"info","event":"Fetching URL: https://thecourseforum.com/course/JAPN/1000/All","logger":"task.stdout"}
{"timestamp":"2026-02-11T05:40:43.088316Z","level":"info","event":"Fetching URL: https://thecourseforum.com/course/JAPN/1010/All","logger":"task.stdout"}
{"timestamp":"2026-02-11T05:40:43.091647Z","level":"info","event":"Fetching URL: https://thecourseforum.com/course/JAPN/1020/All","logger":"task.stdout"}
{"timestamp":"2026-02-11T05:40:43.094865Z","level":"info","event":"Fetching URL: https://thecourseforum.com/course/JAPN/1559/All","logger":"task.stdout"}
{"timestamp":"2026-02-11T05:40:43.097171Z","level":"info","event":"Fetching URL: https://thecourseforum.com/course/JAPN/2020/All","logger":"task.stdout"}
{"timestamp":"2026-02-11T05:40:43.099466Z","level":"info","event":"Fetching URL: https://thecourseforum.com/course/JAPN/3020/All","logger":"task.stdout"}
{"timestamp":"2026-02-11T05:40:43.101529Z","level":"info","event":"Fetching URL: https://thecourseforum.com/course/JAPN/3025/All","logger":"task.stdout"}
{"timestamp":"2026-02-11T05:40:43.103777Z","level":"info","event":"Fetching URL: https://thecourseforum.com/course/JAPN/3559/All","logger":"task.stdout"}
{"timestamp":"2026-02-11T05:40:43.106152Z","level":"info","event":"Fetching URL: https://thecourseforum.com/course/JAPN/4710/All","logger":"task.stdout"}
{"timestamp":"2026-02-11T05:40:43.108597Z","level":"info","event":"Fetching URL: https://thecourseforum.com/course/JAPN/4801/All","logger":"task.stdout"}
{"timestamp":"2026-02-11T05:40:43.110865Z","level":"info","event":"Fetching URL: https://thecourseforum.com/course/JPTR/3020/All","logger":"task.stdout"}
{"timestamp":"2026-02-11T05:40:43.113908Z","level":"info","event":"Fetching URL: https://thecourseforum.com/course/JPTR/3310/All","logger":"task.stdout"}
{"timestamp":"2026-02-11T05:40:43.117010Z","level":"info","event":"Fetching URL: https://thecourseforum.com/course/JPTR/3391/All","logger":"task.stdout"}
{"timestamp":"2026-02-11T05:40:43.120155Z","level":"info","event":"Fetching URL: https://thecourseforum.com/course/JPTR/4991/All","logger":"task.stdout"}
{"timestamp":"2026-02-11T05:40:43.122736Z","level":"info","event":"Fetching URL: https://thecourseforum.com/course/JWST/4980/All","logger":"task.stdout"}
{"timestamp":"2026-02-11T05:40:43.124837Z","level":"info","event":"Fetching URL: https://thecourseforum.com/course/KICH/1020/All","logger":"task.stdout"}
{"timestamp":"2026-02-11T05:40:43.127974Z","level":"info","event":"Fetching URL: https://thecourseforum.com/course/KICH/2020/All","logger":"task.stdout"}
{"timestamp":"2026-02-11T05:40:43.129930Z","level":"info","event":"Fetching URL: https://thecourseforum.com/course/KINE/2200/All","logger":"task.stdout"}
{"timestamp":"2026-02-11T05:40:43.132239Z","level":"info","event":"Fetching URL: https://thecourseforum.com/course/KINE/2420/All","logger":"task.stdout"}
{"timestamp":"2026-02-11T05:40:43.135920Z","level":"info","event":"Fetching URL: https://thecourseforum.com/course/KINE/2850/All","logger":"task.stdout"}
{"timestamp":"2026-02-11T05:40:43.138648Z","level":"info","event":"Fetching URL: https://thecourseforum.com/course/KINE/3400/All","logger":"task.stdout"}
{"timestamp":"2026-02-11T05:40:43.140678Z","level":"info","event":"Fetching URL: https://thecourseforum.com/course/KINE/3410/All","logger":"task.stdout"}
{"timestamp":"2026-02-11T05:40:43.142843Z","level":"info","event":"Fetching URL: https://thecourseforum.com/course/KINE/3420/All","logger":"task.stdout"}
{"timestamp":"2026-02-11T05:40:43.145727Z","level":"info","event":"Fetching URL: https://thecourseforum.com/course/KINE/3430/All","logger":"task.stdout"}
{"timestamp":"2026-02-11T05:40:43.149610Z","level":"info","event":"Fetching URL: https://thecourseforum.com/course/KINE/3440/All","logger":"task.stdout"}
{"timestamp":"2026-02-11T05:40:43.152711Z","level":"info","event":"Fetching URL: https://thecourseforum.com/course/KINE/3450/All","logger":"task.stdout"}
{"timestamp":"2026-02-11T05:40:43.155591Z","level":"info","event":"Fetching URL: https://thecourseforum.com/course/KINE/3600/All","logger":"task.stdout"}
{"timestamp":"2026-02-11T05:40:43.157888Z","level":"info","event":"Fetching URL: https://thecourseforum.com/course/KINE/3615/All","logger":"task.stdout"}
{"timestamp":"2026-02-11T05:40:43.160040Z","level":"info","event":"Fetching URL: https://thecourseforum.com/course/KINE/3617/All","logger":"task.stdout"}
{"timestamp":"2026-02-11T05:40:43.164086Z","level":"info","event":"Fetching URL: https://thecourseforum.com/course/KINE/3620/All","logger":"task.stdout"}
{"timestamp":"2026-02-11T05:40:43.166778Z","level":"info","event":"Fetching URL: https://thecourseforum.com/course/KINE/3630/All","logger":"task.stdout"}
{"timestamp":"2026-02-11T05:40:43.169620Z","level":"info","event":"Fetching URL: https://thecourseforum.com/course/KINE/3660/All","logger":"task.stdout"}
{"timestamp":"2026-02-11T05:40:43.172251Z","level":"info","event":"Fetching URL: https://thecourseforum.com/course/KINE/4000/All","logger":"task.stdout"}
{"timestamp":"2026-02-11T05:40:43.174612Z","level":"info","event":"Fetching URL: https://thecourseforum.com/course/KINE/4400/All","logger":"task.stdout"}
{"timestamp":"2026-02-11T05:40:43.177949Z","level":"info","event":"Fetching URL: https://thecourseforum.com/course/KINE/4420/All","logger":"task.stdout"}
{"timestamp":"2026-02-11T05:40:43.180880Z","level":"info","event":"Fetching URL: https://thecourseforum.com/course/KINE/4600/All","logger":"task.stdout"}
{"timestamp":"2026-02-11T05:40:43.184971Z","level":"info","event":"Fetching URL: https://thecourseforum.com/course/KINE/4601/All","logger":"task.stdout"}
{"timestamp":"2026-02-11T05:40:43.187846Z","level":"info","event":"Fetching URL: https://thecourseforum.com/course/KINE/4802/All","logger":"task.stdout"}
{"timestamp":"2026-02-11T05:40:43.190101Z","level":"info","event":"Fetching URL: https://thecourseforum.com/course/KINE/4993/All","logger":"task.stdout"}
{"timestamp":"2026-02-11T05:40:43.192891Z","level":"info","event":"Fetching URL: https://thecourseforum.com/course/KOR/1020/All","logger":"task.stdout"}
{"timestamp":"2026-02-11T05:40:43.195964Z","level":"info","event":"Fetching URL: https://thecourseforum.com/course/KOR/2020/All","logger":"task.stdout"}
{"timestamp":"2026-02-11T05:40:43.198313Z","level":"info","event":"Fetching URL: https://thecourseforum.com/course/KOR/2060/All","logger":"task.stdout"}
{"timestamp":"2026-02-11T05:40:43.200718Z","level":"info","event":"Fetching URL: https://thecourseforum.com/course/KOR/2559/All","logger":"task.stdout"}
{"timestamp":"2026-02-11T05:40:43.202942Z","level":"info","event":"Fetching URL: https://thecourseforum.com/course/KOR/3015/All","logger":"task.stdout"}
{"timestamp":"2026-02-11T05:40:43.205919Z","level":"info","event":"Fetching URL: https://thecourseforum.com/course/KOR/3020/All","logger":"task.stdout"}
{"timestamp":"2026-02-11T05:40:43.209555Z","level":"info","event":"Fetching URL: https://thecourseforum.com/course/KOR/3559/All","logger":"task.stdout"}
{"timestamp":"2026-02-11T05:40:43.211868Z","level":"info","event":"Fetching URL: https://thecourseforum.com/course/LASE/2400/All","logger":"task.stdout"}
{"timestamp":"2026-02-11T05:40:43.213965Z","level":"info","event":"Fetching URL: https://thecourseforum.com/course/LASE/2515/All","logger":"task.stdout"}
{"timestamp":"2026-02-11T05:40:43.216185Z","level":"info","event":"Fetching URL: https://thecourseforum.com/course/LASE/3510/All","logger":"task.stdout"}
{"timestamp":"2026-02-11T05:40:43.219894Z","level":"info","event":"Fetching URL: https://thecourseforum.com/course/LASE/3559/All","logger":"task.stdout"}
{"timestamp":"2026-02-11T05:40:43.223668Z","level":"info","event":"Fetching URL: https://thecourseforum.com/course/LASE/3601/All","logger":"task.stdout"}
{"timestamp":"2026-02-11T05:40:43.228133Z","level":"info","event":"Fetching URL: https://thecourseforum.com/course/LASE/3602/All","logger":"task.stdout"}
{"timestamp":"2026-02-11T05:40:43.232076Z","level":"info","event":"Fetching URL: https://thecourseforum.com/course/LAST/2050/All","logger":"task.stdout"}
{"timestamp":"2026-02-11T05:40:43.234792Z","level":"info","event":"Fetching URL: https://thecourseforum.com/course/LAST/4999/All","logger":"task.stdout"}
{"timestamp":"2026-02-11T05:40:43.236740Z","level":"info","event":"Fetching URL: https://thecourseforum.com/course/LATI/1020/All","logger":"task.stdout"}
{"timestamp":"2026-02-11T05:40:43.239530Z","level":"info","event":"Fetching URL: https://thecourseforum.com/course/LATI/2010/All","logger":"task.stdout"}
{"timestamp":"2026-02-11T05:40:43.241807Z","level":"info","event":"Fetching URL: https://thecourseforum.com/course/LATI/2020/All","logger":"task.stdout"}
{"timestamp":"2026-02-11T05:40:43.244013Z","level":"info","event":"Fetching URL: https://thecourseforum.com/course/LATI/3030/All","logger":"task.stdout"}
{"timestamp":"2026-02-11T05:40:43.246216Z","level":"info","event":"Fetching URL: https://thecourseforum.com/course/LATI/3160/All","logger":"task.stdout"}
{"timestamp":"2026-02-11T05:40:43.249055Z","level":"info","event":"Fetching URL: https://thecourseforum.com/course/LATI/4559/All","logger":"task.stdout"}
{"timestamp":"2026-02-11T05:40:43.253169Z","level":"info","event":"Fetching URL: https://thecourseforum.com/course/LATI/4999/All","logger":"task.stdout"}
{"timestamp":"2026-02-11T05:40:43.257192Z","level":"info","event":"Fetching URL: https://thecourseforum.com/course/LING/2430/All","logger":"task.stdout"}
{"timestamp":"2026-02-11T05:40:43.260498Z","level":"info","event":"Fetching URL: https://thecourseforum.com/course/LING/3090/All","logger":"task.stdout"}
{"timestamp":"2026-02-11T05:40:43.264856Z","level":"info","event":"Fetching URL: https://thecourseforum.com/course/LING/3101/All","logger":"task.stdout"}
{"timestamp":"2026-02-11T05:40:43.266870Z","level":"info","event":"Fetching URL: https://thecourseforum.com/course/LING/3102/All","logger":"task.stdout"}
{"timestamp":"2026-02-11T05:40:43.269133Z","level":"info","event":"Fetching URL: https://thecourseforum.com/course/LING/3103/All","logger":"task.stdout"}
{"timestamp":"2026-02-11T05:40:43.271681Z","level":"info","event":"Fetching URL: https://thecourseforum.com/course/LING/4650/All","logger":"task.stdout"}
{"timestamp":"2026-02-11T05:40:43.274345Z","level":"info","event":"Fetching URL: https://thecourseforum.com/course/LING/4993/All","logger":"task.stdout"}
{"timestamp":"2026-02-11T05:40:43.276295Z","level":"info","event":"Fetching URL: https://thecourseforum.com/course/LING/4999/All","logger":"task.stdout"}
{"timestamp":"2026-02-11T05:40:43.279176Z","level":"info","event":"Fetching URL: https://thecourseforum.com/course/LNGS/2240/All","logger":"task.stdout"}
{"timestamp":"2026-02-11T05:40:43.282870Z","level":"info","event":"Fetching URL: https://thecourseforum.com/course/LNGS/3260/All","logger":"task.stdout"}
{"timestamp":"2026-02-11T05:40:43.285587Z","level":"info","event":"Fetching URL: https://thecourseforum.com/course/LPPA/3650/All","logger":"task.stdout"}
{"timestamp":"2026-02-11T05:40:43.288128Z","level":"info","event":"Fetching URL: https://thecourseforum.com/course/MESA/2430/All","logger":"task.stdout"}
{"timestamp":"2026-02-11T05:40:43.292131Z","level":"info","event":"Fetching URL: https://thecourseforum.com/course/MESA/3270/All","logger":"task.stdout"}
{"timestamp":"2026-02-11T05:40:43.301866Z","level":"info","event":"Fetching URL: https://thecourseforum.com/course/MESA/3640/All","logger":"task.stdout"}
{"timestamp":"2026-02-11T05:40:43.327761Z","level":"info","event":"Fetching URL: https://thecourseforum.com/course/MESA/4991/All","logger":"task.stdout"}
{"timestamp":"2026-02-11T05:40:43.333788Z","level":"info","event":"Fetching URL: https://thecourseforum.com/course/MESA/4993/All","logger":"task.stdout"}
{"timestamp":"2026-02-11T05:40:43.337497Z","level":"info","event":"Fetching URL: https://thecourseforum.com/course/MESA/4999/All","logger":"task.stdout"}
{"timestamp":"2026-02-11T05:40:43.342774Z","level":"info","event":"Fetching URL: https://thecourseforum.com/course/MEST/2270/All","logger":"task.stdout"}
{"timestamp":"2026-02-11T05:40:43.345840Z","level":"info","event":"Fetching URL: https://thecourseforum.com/course/MEST/3232/All","logger":"task.stdout"}
{"timestamp":"2026-02-11T05:40:43.348755Z","level":"info","event":"Fetching URL: https://thecourseforum.com/course/MEST/3282/All","logger":"task.stdout"}
{"timestamp":"2026-02-11T05:40:43.351110Z","level":"info","event":"Fetching URL: https://thecourseforum.com/course/MEST/3491/All","logger":"task.stdout"}
{"timestamp":"2026-02-11T05:40:43.355106Z","level":"info","event":"Fetching URL: https://thecourseforum.com/course/MISC/1020/All","logger":"task.stdout"}
{"timestamp":"2026-02-11T05:40:43.357750Z","level":"info","event":"Fetching URL: https://thecourseforum.com/course/MISC/1025/All","logger":"task.stdout"}
{"timestamp":"2026-02-11T05:40:43.363489Z","level":"info","event":"Fetching URL: https://thecourseforum.com/course/MISC/2020/All","logger":"task.stdout"}
{"timestamp":"2026-02-11T05:40:43.367638Z","level":"info","event":"Fetching URL: https://thecourseforum.com/course/MISC/2025/All","logger":"task.stdout"}
{"timestamp":"2026-02-11T05:40:43.370739Z","level":"info","event":"Fetching URL: https://thecourseforum.com/course/MISC/3020/All","logger":"task.stdout"}
{"timestamp":"2026-02-11T05:40:43.373282Z","level":"info","event":"Fetching URL: https://thecourseforum.com/course/MISC/3025/All","logger":"task.stdout"}
{"timestamp":"2026-02-11T05:40:43.375545Z","level":"info","event":"Fetching URL: https://thecourseforum.com/course/MISC/4020/All","logger":"task.stdout"}
{"timestamp":"2026-02-11T05:40:43.377794Z","level":"info","event":"Fetching URL: https://thecourseforum.com/course/MISC/4025/All","logger":"task.stdout"}
{"timestamp":"2026-02-11T05:40:43.380106Z","level":"info","event":"Fetching URL: https://thecourseforum.com/course/MISC/4993/All","logger":"task.stdout"}
{"timestamp":"2026-02-11T05:40:43.384082Z","level":"info","event":"Fetching URL: https://thecourseforum.com/course/PERS/1020/All","logger":"task.stdout"}
{"timestamp":"2026-02-11T05:40:43.386704Z","level":"info","event":"Fetching URL: https://thecourseforum.com/course/PERS/2020/All","logger":"task.stdout"}
{"timestamp":"2026-02-11T05:40:43.390640Z","level":"info","event":"Fetching URL: https://thecourseforum.com/course/PERS/3020/All","logger":"task.stdout"}
{"timestamp":"2026-02-11T05:40:43.393949Z","level":"info","event":"Fetching URL: https://thecourseforum.com/course/PERS/4993/All","logger":"task.stdout"}
{"timestamp":"2026-02-11T05:40:43.402632Z","level":"info","event":"Fetching URL: https://thecourseforum.com/course/PETR/3131/All","logger":"task.stdout"}
{"timestamp":"2026-02-11T05:40:43.407019Z","level":"info","event":"Fetching URL: https://thecourseforum.com/course/PETR/3380/All","logger":"task.stdout"}
{"timestamp":"2026-02-11T05:40:43.409721Z","level":"info","event":"Fetching URL: https://thecourseforum.com/course/PLAC/4993/All","logger":"task.stdout"}
{"timestamp":"2026-02-11T05:40:43.412753Z","level":"info","event":"Fetching URL: https://thecourseforum.com/course/PLAD/4430/All","logger":"task.stdout"}
{"timestamp":"2026-02-11T05:40:43.415528Z","level":"info","event":"Fetching URL: https://thecourseforum.com/course/PLAD/4500/All","logger":"task.stdout"}
{"timestamp":"2026-02-11T05:40:43.418834Z","level":"info","event":"Fetching URL: https://thecourseforum.com/course/PLAD/4961/All","logger":"task.stdout"}
{"timestamp":"2026-02-11T05:40:43.420821Z","level":"info","event":"Fetching URL: https://thecourseforum.com/course/PLAD/4999/All","logger":"task.stdout"}
{"timestamp":"2026-02-11T05:40:43.424159Z","level":"info","event":"Fetching URL: https://thecourseforum.com/course/PLAN/2020/All","logger":"task.stdout"}
{"timestamp":"2026-02-11T05:40:43.427714Z","level":"info","event":"Fetching URL: https://thecourseforum.com/course/PLAN/3030/All","logger":"task.stdout"}
{"timestamp":"2026-02-11T05:40:43.432071Z","level":"info","event":"Fetching URL: https://thecourseforum.com/course/PLAN/3040/All","logger":"task.stdout"}
{"timestamp":"2026-02-11T05:40:43.434669Z","level":"info","event":"Fetching URL: https://thecourseforum.com/course/PLAN/3050/All","logger":"task.stdout"}
{"timestamp":"2026-02-11T05:40:43.436898Z","level":"info","event":"Fetching URL: https://thecourseforum.com/course/PLAN/3500/All","logger":"task.stdout"}
{"timestamp":"2026-02-11T05:40:43.439978Z","level":"info","event":"Fetching URL: https://thecourseforum.com/course/PLAN/3860/All","logger":"task.stdout"}
{"timestamp":"2026-02-11T05:40:43.443756Z","level":"info","event":"Fetching URL: https://thecourseforum.com/course/PLAN/4800/All","logger":"task.stdout"}
{"timestamp":"2026-02-11T05:40:43.446149Z","level":"info","event":"Fetching URL: https://thecourseforum.com/course/PLAN/4902/All","logger":"task.stdout"}
{"timestamp":"2026-02-11T05:40:43.449008Z","level":"info","event":"Fetching URL: https://thecourseforum.com/course/PLAN/4993/All","logger":"task.stdout"}
{"timestamp":"2026-02-11T05:40:43.451666Z","level":"info","event":"Fetching URL: https://thecourseforum.com/course/PLAP/2030/All","logger":"task.stdout"}
{"timestamp":"2026-02-11T05:40:43.453899Z","level":"info","event":"Fetching URL: https://thecourseforum.com/course/PLAP/3270/All","logger":"task.stdout"}
{"timestamp":"2026-02-11T05:40:43.456064Z","level":"info","event":"Fetching URL: https://thecourseforum.com/course/PLAP/3370/All","logger":"task.stdout"}
{"timestamp":"2026-02-11T05:40:43.458544Z","level":"info","event":"Fetching URL: https://thecourseforum.com/course/PLAP/3400/All","logger":"task.stdout"}
{"timestamp":"2026-02-11T05:40:43.460881Z","level":"info","event":"Fetching URL: https://thecourseforum.com/course/PLAP/4150/All","logger":"task.stdout"}
{"timestamp":"2026-02-11T05:40:43.463550Z","level":"info","event":"Fetching URL: https://thecourseforum.com/course/PLAP/4210/All","logger":"task.stdout"}
{"timestamp":"2026-02-11T05:40:43.465680Z","level":"info","event":"Fetching URL: https://thecourseforum.com/course/PLAP/4500/All","logger":"task.stdout"}
{"timestamp":"2026-02-11T05:40:43.468556Z","level":"info","event":"Fetching URL: https://thecourseforum.com/course/PLAP/4990/All","logger":"task.stdout"}
{"timestamp":"2026-02-11T05:40:43.470852Z","level":"info","event":"Fetching URL: https://thecourseforum.com/course/RELA/2800/All","logger":"task.stdout"}
{"timestamp":"2026-02-11T05:40:43.473734Z","level":"info","event":"Fetching URL: https://thecourseforum.com/course/RELB/2067/All","logger":"task.stdout"}
{"timestamp":"2026-02-11T05:40:43.475909Z","level":"info","event":"Fetching URL: https://thecourseforum.com/course/RELB/2100/All","logger":"task.stdout"}
{"timestamp":"2026-02-11T05:40:43.477991Z","level":"info","event":"Fetching URL: https://thecourseforum.com/course/RELB/2559/All","logger":"task.stdout"}
{"timestamp":"2026-02-11T05:40:43.480289Z","level":"info","event":"Fetching URL: https://thecourseforum.com/course/RELB/2900/All","logger":"task.stdout"}
{"timestamp":"2026-02-11T05:40:43.483657Z","level":"info","event":"Fetching URL: https://thecourseforum.com/course/RELB/3180/All","logger":"task.stdout"}
{"timestamp":"2026-02-11T05:40:43.486780Z","level":"info","event":"Fetching URL: https://thecourseforum.com/course/RELB/3559/All","logger":"task.stdout"}
{"timestamp":"2026-02-11T05:40:43.490160Z","level":"info","event":"Fetching URL: https://thecourseforum.com/course/RELC/1210/All","logger":"task.stdout"}
{"timestamp":"2026-02-11T05:40:43.492703Z","level":"info","event":"Fetching URL: https://thecourseforum.com/course/RELC/2215/All","logger":"task.stdout"}
{"timestamp":"2026-02-11T05:40:43.495767Z","level":"info","event":"Fetching URL: https://thecourseforum.com/course/RELC/2360/All","logger":"task.stdout"}
{"timestamp":"2026-02-11T05:40:43.500028Z","level":"info","event":"Fetching URL: https://thecourseforum.com/course/RELC/2401/All","logger":"task.stdout"}
{"timestamp":"2026-02-11T05:40:43.503109Z","level":"info","event":"Fetching URL: https://thecourseforum.com/course/RELC/3030/All","logger":"task.stdout"}
{"timestamp":"2026-02-11T05:40:43.507372Z","level":"info","event":"Fetching URL: https://thecourseforum.com/course/RELC/3447/All","logger":"task.stdout"}
{"timestamp":"2026-02-11T05:40:43.510755Z","level":"info","event":"Fetching URL: https://thecourseforum.com/course/TURK/2020/All","logger":"task.stdout"}
{"timestamp":"2026-02-11T05:40:43.514289Z","level":"info","event":"Fetching URL: https://thecourseforum.com/course/TURK/3020/All","logger":"task.stdout"}
{"timestamp":"2026-02-11T05:40:43.519123Z","level":"info","event":"Fetching URL: https://thecourseforum.com/course/UNST/1220/All","logger":"task.stdout"}
{"timestamp":"2026-02-11T05:40:43.522037Z","level":"info","event":"Fetching URL: https://thecourseforum.com/course/UNST/1410/All","logger":"task.stdout"}
{"timestamp":"2026-02-11T05:40:43.526289Z","level":"info","event":"Fetching URL: https://thecourseforum.com/course/UNST/2811/All","logger":"task.stdout"}
{"timestamp":"2026-02-11T05:40:43.530078Z","level":"info","event":"Fetching URL: https://thecourseforum.com/course/UNST/3910/All","logger":"task.stdout"}
{"timestamp":"2026-02-11T05:40:43.532207Z","level":"info","event":"Fetching URL: https://thecourseforum.com/course/UNST/3920/All","logger":"task.stdout"}
{"timestamp":"2026-02-11T05:40:43.534685Z","level":"info","event":"Fetching URL: https://thecourseforum.com/course/USEM/1570/All","logger":"task.stdout"}
{"timestamp":"2026-02-11T05:40:43.537316Z","level":"info","event":"Fetching URL: https://thecourseforum.com/course/USEM/2570/All","logger":"task.stdout"}
{"timestamp":"2026-02-11T05:40:43.555475Z","level":"error","event":"Task failed with exception","logger":"task","filename":"task_runner.py","lineno":1142,"error_detail":[{"exc_type":"IntegrityError","exc_value":"(psycopg2.errors.NotNullViolation) null value in column \"raw_html\" of relation \"professor_rating_raw_html\" violates not-null constraint\nDETAIL:  Failing row contains (1262, AMST, 2421, 48321, https://thecourseforum.com/course/AMST/2421/All, null, 2026-02-11 05:40:39.827035+00).\n\n[SQL: INSERT INTO professor_rating_raw_html (term, subject, catalog_nbr, course_id, url, raw_html, fetched_at) VALUES (%(term)s, %(subject)s, %(catalog_nbr)s, %(course_id)s, %(url)s, %(raw_html)s, %(fetched_at)s)]\n[parameters: [{'term': '1262', 'subject': 'AMST', 'catalog_nbr': 2421, 'course_id': 48321, 'url': 'https://thecourseforum.com/course/AMST/2421/All', 'raw_html': None, 'fetched_at': datetime.datetime(2026, 2, 11, 5, 40, 39, 827035, tzinfo=datetime.timezone.utc)}, {'term': '1262', 'subject': 'AMST', 'catalog_nbr': 2500, 'course_id': 454, 'url': 'https://thecourseforum.com/course/AMST/2500/All', 'raw_html': None, 'fetched_at': datetime.datetime(2026, 2, 11, 5, 40, 39, 854589, tzinfo=datetime.timezone.utc)}, {'term': '1262', 'subject': 'AMST', 'catalog_nbr': 2559, 'course_id': 38535, 'url': 'https://thecourseforum.com/course/AMST/2559/All', 'raw_html': None, 'fetched_at': datetime.datetime(2026, 2, 11, 5, 40, 39, 859085, tzinfo=datetime.timezone.utc)}, {'term': '1262', 'subject': 'AMST', 'catalog_nbr': 3001, 'course_id': 457, 'url': 'https://thecourseforum.com/course/AMST/3001/All', 'raw_html': None, 'fetched_at': datetime.datetime(2026, 2, 11, 5, 40, 39, 863821, tzinfo=datetime.timezone.utc)}, {'term': '1262', 'subject': 'AMST', 'catalog_nbr': 3180, 'course_id': 39585, 'url': 'https://thecourseforum.com/course/AMST/3180/All', 'raw_html': None, 'fetched_at': datetime.datetime(2026, 2, 11, 5, 40, 39, 867698, tzinfo=datetime.timezone.utc)}, {'term': '1262', 'subject': 'AMST', 'catalog_nbr': 3280, 'course_id': 46072, 'url': 'https://thecourseforum.com/course/AMST/3280/All', 'raw_html': None, 'fetched_at': datetime.datetime(2026, 2, 11, 5, 40, 39, 870017, tzinfo=datetime.timezone.utc)}, {'term': '1262', 'subject': 'AMST', 'catalog_nbr': 3326, 'course_id': 47970, 'url': 'https://thecourseforum.com/course/AMST/3326/All', 'raw_html': None, 'fetched_at': datetime.datetime(2026, 2, 11, 5, 40, 39, 873826, tzinfo=datetime.timezone.utc)}, {'term': '1262', 'subject': 'AMST', 'catalog_nbr': 3428, 'course_id': 48322, 'url': 'https://thecourseforum.com/course/AMST/3428/All', 'raw_html': None, 'fetched_at': datetime.datetime(2026, 2, 11, 5, 40, 39, 875952, tzinfo=datetime.timezone.utc)}  ... displaying 10 of 1562 total bound parameter sets ...  {'term': '1262', 'subject': 'USEM', 'catalog_nbr': 1570, 'course_id': 37196, 'url': 'https://thecourseforum.com/course/USEM/1570/All', 'raw_html': None, 'fetched_at': datetime.datetime(2026, 2, 11, 5, 40, 43, 534627, tzinfo=datetime.timezone.utc)}, {'term': '1262', 'subject': 'USEM', 'catalog_nbr': 2570, 'course_id': 46883, 'url': 'https://thecourseforum.com/course/USEM/2570/All', 'raw_html': None, 'fetched_at': datetime.datetime(2026, 2, 11, 5, 40, 43, 537372, tzinfo=datetime.timezone.utc)}]]\n(Background on this error at: https://sqlalche.me/e/20/gkpj)","exc_notes":[],"syntax_error":null,"is_cause":false,"frames":[{"filename":"/home/airflow/.local/lib/python3.12/site-packages/airflow/sdk/execution_time/task_runner.py","lineno":1068,"name":"run"},{"filename":"/home/airflow/.local/lib/python3.12/site-packages/airflow/sdk/execution_time/task_runner.py","lineno":1477,"name":"_execute_task"},{"filename":"/home/airflow/.local/lib/python3.12/site-packages/airflow/sdk/bases/operator.py","lineno":417,"name":"wrapper"},{"filename":"/home/airflow/.local/lib/python3.12/site-packages/airflow/providers/standard/operators/python.py","lineno":228,"name":"execute"},{"filename":"/home/airflow/.local/lib/python3.12/site-packages/airflow/providers/standard/operators/python.py","lineno":251,"name":"execute_callable"},{"filename":"/home/airflow/.local/lib/python3.12/site-packages/airflow/sdk/execution_time/callback_runner.py","lineno":82,"name":"run"},{"filename":"/opt/airflow/dags/professor_rating_dag.py","lineno":56,"name":"pull_professor_rating_raw_html"},{"filename":"/home/airflow/.local/lib/python3.12/site-packages/sqlalchemy/engine/base.py","lineno":1419,"name":"execute"},{"filename":"/home/airflow/.local/lib/python3.12/site-packages/sqlalchemy/sql/elements.py","lineno":527,"name":"_execute_on_connection"},{"filename":"/home/airflow/.local/lib/python3.12/site-packages/sqlalchemy/engine/base.py","lineno":1641,"name":"_execute_clauseelement"},{"filename":"/home/airflow/.local/lib/python3.12/site-packages/sqlalchemy/engine/base.py","lineno":1846,"name":"_execute_context"},{"filename":"/home/airflow/.local/lib/python3.12/site-packages/sqlalchemy/engine/base.py","lineno":1986,"name":"_exec_single_context"},{"filename":"/home/airflow/.local/lib/python3.12/site-packages/sqlalchemy/engine/base.py","lineno":2363,"name":"_handle_dbapi_exception"},{"filename":"/home/airflow/.local/lib/python3.12/site-packages/sqlalchemy/engine/base.py","lineno":1936,"name":"_exec_single_context"},{"filename":"/home/airflow/.local/lib/python3.12/site-packages/sqlalchemy/dialects/postgresql/psycopg2.py","lineno":800,"name":"do_executemany"}],"is_group":false,"exceptions":[]},{"exc_type":"NotNullViolation","exc_value":"null value in column \"raw_html\" of relation \"professor_rating_raw_html\" violates not-null constraint\nDETAIL:  Failing row contains (1262, AMST, 2421, 48321, https://thecourseforum.com/course/AMST/2421/All, null, 2026-02-11 05:40:39.827035+00).\n","exc_notes":[],"syntax_error":null,"is_cause":true,"frames":[{"filename":"/home/airflow/.local/lib/python3.12/site-packages/sqlalchemy/engine/base.py","lineno":1936,"name":"_exec_single_context"},{"filename":"/home/airflow/.local/lib/python3.12/site-packages/sqlalchemy/dialects/postgresql/psycopg2.py","lineno":800,"name":"do_executemany"}],"is_group":false,"exceptions":[]}]}
