{"timestamp":"2026-02-11T05:15:52.408159Z","level":"info","event":"Filling up the DagBag from /opt/airflow/dags/professor_rating_dag.py","logger":"airflow.models.dagbag.BundleDagBag","filename":"dagbag.py","lineno":593}
{"timestamp":"2026-02-11T05:16:22.887660Z","level":"info","event":"Filling up the DagBag from /opt/airflow/dags/professor_rating_dag.py","logger":"airflow.models.dagbag.BundleDagBag","filename":"dagbag.py","lineno":593}
{"timestamp":"2026-02-11T05:16:51.415724Z","level":"info","event":"Filling up the DagBag from /opt/airflow/dags/professor_rating_dag.py","logger":"airflow.models.dagbag.BundleDagBag","filename":"dagbag.py","lineno":593}
{"timestamp":"2026-02-11T05:17:00.821522Z","level":"info","event":"Filling up the DagBag from /opt/airflow/dags/professor_rating_dag.py","logger":"airflow.models.dagbag.BundleDagBag","filename":"dagbag.py","lineno":593}
{"timestamp":"2026-02-11T05:17:31.527016Z","level":"info","event":"Filling up the DagBag from /opt/airflow/dags/professor_rating_dag.py","logger":"airflow.models.dagbag.BundleDagBag","filename":"dagbag.py","lineno":593}
{"timestamp":"2026-02-11T05:18:02.403561Z","level":"info","event":"Filling up the DagBag from /opt/airflow/dags/professor_rating_dag.py","logger":"airflow.models.dagbag.BundleDagBag","filename":"dagbag.py","lineno":593}
{"timestamp":"2026-02-11T05:18:33.193582Z","level":"info","event":"Filling up the DagBag from /opt/airflow/dags/professor_rating_dag.py","logger":"airflow.models.dagbag.BundleDagBag","filename":"dagbag.py","lineno":593}
{"timestamp":"2026-02-11T05:19:03.867469Z","level":"info","event":"Filling up the DagBag from /opt/airflow/dags/professor_rating_dag.py","logger":"airflow.models.dagbag.BundleDagBag","filename":"dagbag.py","lineno":593}
{"timestamp":"2026-02-11T05:19:24.386634Z","level":"info","event":"Filling up the DagBag from /opt/airflow/dags/professor_rating_dag.py","logger":"airflow.models.dagbag.BundleDagBag","filename":"dagbag.py","lineno":593}
{"timestamp":"2026-02-11T05:19:55.330553Z","level":"info","event":"Filling up the DagBag from /opt/airflow/dags/professor_rating_dag.py","logger":"airflow.models.dagbag.BundleDagBag","filename":"dagbag.py","lineno":593}
{"timestamp":"2026-02-11T05:20:25.892609Z","level":"info","event":"Filling up the DagBag from /opt/airflow/dags/professor_rating_dag.py","logger":"airflow.models.dagbag.BundleDagBag","filename":"dagbag.py","lineno":593}
{"timestamp":"2026-02-11T05:20:31.202900Z","level":"info","event":"Filling up the DagBag from /opt/airflow/dags/professor_rating_dag.py","logger":"airflow.models.dagbag.BundleDagBag","filename":"dagbag.py","lineno":593}
{"timestamp":"2026-02-11T05:21:02.154698Z","level":"info","event":"Filling up the DagBag from /opt/airflow/dags/professor_rating_dag.py","logger":"airflow.models.dagbag.BundleDagBag","filename":"dagbag.py","lineno":593}
{"timestamp":"2026-02-11T05:21:29.723375Z","level":"info","event":"Filling up the DagBag from /opt/airflow/dags/professor_rating_dag.py","logger":"airflow.models.dagbag.BundleDagBag","filename":"dagbag.py","lineno":593}
{"timestamp":"2026-02-11T05:21:29.727978Z","level":"error","event":"Failed to import: /opt/airflow/dags/professor_rating_dag.py","logger":"airflow.models.dagbag.BundleDagBag","filename":"dagbag.py","lineno":415,"error_detail":[{"exc_type":"SyntaxError","exc_value":"invalid syntax (professor_rating_dag.py, line 19)","exc_notes":[],"syntax_error":{"offset":32,"filename":"/opt/airflow/dags/professor_rating_dag.py","line":"    results = conn.execute(text\"SELECT subject_id, catalog_nbr, course_id FROM course;\").mappings()\n","lineno":19,"msg":"invalid syntax"},"is_cause":false,"frames":[{"filename":"/home/airflow/.local/lib/python3.12/site-packages/airflow/models/dagbag.py","lineno":405,"name":"parse"},{"filename":"<frozen importlib._bootstrap_external>","lineno":995,"name":"exec_module"},{"filename":"<frozen importlib._bootstrap_external>","lineno":1133,"name":"get_code"},{"filename":"<frozen importlib._bootstrap_external>","lineno":1063,"name":"source_to_code"},{"filename":"<frozen importlib._bootstrap>","lineno":488,"name":"_call_with_frames_removed"}],"is_group":false,"exceptions":[]}]}
{"timestamp":"2026-02-11T05:21:31.973130Z","level":"info","event":"Filling up the DagBag from /opt/airflow/dags/professor_rating_dag.py","logger":"airflow.models.dagbag.BundleDagBag","filename":"dagbag.py","lineno":593}
{"timestamp":"2026-02-11T05:21:41.196922Z","level":"info","event":"Filling up the DagBag from /opt/airflow/dags/professor_rating_dag.py","logger":"airflow.models.dagbag.BundleDagBag","filename":"dagbag.py","lineno":593}
{"timestamp":"2026-02-11T05:21:41.202733Z","level":"error","event":"Failed to import: /opt/airflow/dags/professor_rating_dag.py","logger":"airflow.models.dagbag.BundleDagBag","filename":"dagbag.py","lineno":415,"error_detail":[{"exc_type":"SyntaxError","exc_value":"invalid syntax (professor_rating_dag.py, line 87)","exc_notes":[],"syntax_error":{"offset":65,"filename":"/opt/airflow/dags/professor_rating_dag.py","line":"                                professor_id = conn.execute(text\"SELECT professor_id FROM professor WHERE name = ?\", (name,)).one_or_none()\n","lineno":87,"msg":"invalid syntax"},"is_cause":false,"frames":[{"filename":"/home/airflow/.local/lib/python3.12/site-packages/airflow/models/dagbag.py","lineno":405,"name":"parse"},{"filename":"<frozen importlib._bootstrap_external>","lineno":995,"name":"exec_module"},{"filename":"<frozen importlib._bootstrap_external>","lineno":1133,"name":"get_code"},{"filename":"<frozen importlib._bootstrap_external>","lineno":1063,"name":"source_to_code"},{"filename":"<frozen importlib._bootstrap>","lineno":488,"name":"_call_with_frames_removed"}],"is_group":false,"exceptions":[]}]}
{"timestamp":"2026-02-11T05:21:42.233768Z","level":"info","event":"Filling up the DagBag from /opt/airflow/dags/professor_rating_dag.py","logger":"airflow.models.dagbag.BundleDagBag","filename":"dagbag.py","lineno":593}
{"timestamp":"2026-02-11T05:21:42.237064Z","level":"error","event":"Failed to import: /opt/airflow/dags/professor_rating_dag.py","logger":"airflow.models.dagbag.BundleDagBag","filename":"dagbag.py","lineno":415,"error_detail":[{"exc_type":"SyntaxError","exc_value":"invalid syntax. Perhaps you forgot a comma? (professor_rating_dag.py, line 87)","exc_notes":[],"syntax_error":{"offset":61,"filename":"/opt/airflow/dags/professor_rating_dag.py","line":"                                professor_id = conn.execute(text()\"SELECT professor_id FROM professor WHERE name = ?\", (name,)).one_or_none()\n","lineno":87,"msg":"invalid syntax. Perhaps you forgot a comma?"},"is_cause":false,"frames":[{"filename":"/home/airflow/.local/lib/python3.12/site-packages/airflow/models/dagbag.py","lineno":405,"name":"parse"},{"filename":"<frozen importlib._bootstrap_external>","lineno":995,"name":"exec_module"},{"filename":"<frozen importlib._bootstrap_external>","lineno":1133,"name":"get_code"},{"filename":"<frozen importlib._bootstrap_external>","lineno":1063,"name":"source_to_code"},{"filename":"<frozen importlib._bootstrap>","lineno":488,"name":"_call_with_frames_removed"}],"is_group":false,"exceptions":[]}]}
{"timestamp":"2026-02-11T05:21:43.285028Z","level":"info","event":"Filling up the DagBag from /opt/airflow/dags/professor_rating_dag.py","logger":"airflow.models.dagbag.BundleDagBag","filename":"dagbag.py","lineno":593}
{"timestamp":"2026-02-11T05:21:44.432429Z","level":"info","event":"Filling up the DagBag from /opt/airflow/dags/professor_rating_dag.py","logger":"airflow.models.dagbag.BundleDagBag","filename":"dagbag.py","lineno":593}
{"timestamp":"2026-02-11T05:21:45.553833Z","level":"info","event":"Filling up the DagBag from /opt/airflow/dags/professor_rating_dag.py","logger":"airflow.models.dagbag.BundleDagBag","filename":"dagbag.py","lineno":593}
{"timestamp":"2026-02-11T05:22:16.264729Z","level":"info","event":"Filling up the DagBag from /opt/airflow/dags/professor_rating_dag.py","logger":"airflow.models.dagbag.BundleDagBag","filename":"dagbag.py","lineno":593}
{"timestamp":"2026-02-11T05:22:47.038679Z","level":"info","event":"Filling up the DagBag from /opt/airflow/dags/professor_rating_dag.py","logger":"airflow.models.dagbag.BundleDagBag","filename":"dagbag.py","lineno":593}
{"timestamp":"2026-02-11T05:23:17.779094Z","level":"info","event":"Filling up the DagBag from /opt/airflow/dags/professor_rating_dag.py","logger":"airflow.models.dagbag.BundleDagBag","filename":"dagbag.py","lineno":593}
{"timestamp":"2026-02-11T05:23:48.700315Z","level":"info","event":"Filling up the DagBag from /opt/airflow/dags/professor_rating_dag.py","logger":"airflow.models.dagbag.BundleDagBag","filename":"dagbag.py","lineno":593}
{"timestamp":"2026-02-11T05:24:19.382171Z","level":"info","event":"Filling up the DagBag from /opt/airflow/dags/professor_rating_dag.py","logger":"airflow.models.dagbag.BundleDagBag","filename":"dagbag.py","lineno":593}
{"timestamp":"2026-02-11T05:24:49.992627Z","level":"info","event":"Filling up the DagBag from /opt/airflow/dags/professor_rating_dag.py","logger":"airflow.models.dagbag.BundleDagBag","filename":"dagbag.py","lineno":593}
{"timestamp":"2026-02-11T05:25:20.695428Z","level":"info","event":"Filling up the DagBag from /opt/airflow/dags/professor_rating_dag.py","logger":"airflow.models.dagbag.BundleDagBag","filename":"dagbag.py","lineno":593}
{"timestamp":"2026-02-11T05:25:51.357673Z","level":"info","event":"Filling up the DagBag from /opt/airflow/dags/professor_rating_dag.py","logger":"airflow.models.dagbag.BundleDagBag","filename":"dagbag.py","lineno":593}
{"timestamp":"2026-02-11T05:26:22.066484Z","level":"info","event":"Filling up the DagBag from /opt/airflow/dags/professor_rating_dag.py","logger":"airflow.models.dagbag.BundleDagBag","filename":"dagbag.py","lineno":593}
{"timestamp":"2026-02-11T05:26:53.013220Z","level":"info","event":"Filling up the DagBag from /opt/airflow/dags/professor_rating_dag.py","logger":"airflow.models.dagbag.BundleDagBag","filename":"dagbag.py","lineno":593}
{"timestamp":"2026-02-11T05:27:23.652428Z","level":"info","event":"Filling up the DagBag from /opt/airflow/dags/professor_rating_dag.py","logger":"airflow.models.dagbag.BundleDagBag","filename":"dagbag.py","lineno":593}
{"timestamp":"2026-02-11T05:27:54.443070Z","level":"info","event":"Filling up the DagBag from /opt/airflow/dags/professor_rating_dag.py","logger":"airflow.models.dagbag.BundleDagBag","filename":"dagbag.py","lineno":593}
{"timestamp":"2026-02-11T05:28:25.200304Z","level":"info","event":"Filling up the DagBag from /opt/airflow/dags/professor_rating_dag.py","logger":"airflow.models.dagbag.BundleDagBag","filename":"dagbag.py","lineno":593}
{"timestamp":"2026-02-11T05:28:55.720307Z","level":"info","event":"Filling up the DagBag from /opt/airflow/dags/professor_rating_dag.py","logger":"airflow.models.dagbag.BundleDagBag","filename":"dagbag.py","lineno":593}
{"timestamp":"2026-02-11T05:29:26.615377Z","level":"info","event":"Filling up the DagBag from /opt/airflow/dags/professor_rating_dag.py","logger":"airflow.models.dagbag.BundleDagBag","filename":"dagbag.py","lineno":593}
{"timestamp":"2026-02-11T05:35:18.067175Z","level":"info","event":"Filling up the DagBag from /opt/airflow/dags/professor_rating_dag.py","logger":"airflow.models.dagbag.BundleDagBag","filename":"dagbag.py","lineno":593}
{"timestamp":"2026-02-11T05:35:21.177877Z","level":"info","event":"Filling up the DagBag from /opt/airflow/dags/professor_rating_dag.py","logger":"airflow.models.dagbag.BundleDagBag","filename":"dagbag.py","lineno":593}
{"timestamp":"2026-02-11T05:35:21.451362Z","level":"warning","event":"Callback requested but no callback found","dag_id":"fetching_raw_html_from_course_forum","task_id":"fetching_the_raw_html_file_for_professor_rating","run_id":"manual__2026-02-11T05:16:25.027976+00:00","ti_id":"019c4b25-b55b-7c85-81a0-fabb511c6e74","logger":"task","filename":"processor.py","lineno":361}
{"timestamp":"2026-02-11T05:35:21.451626Z","level":"warning","event":"Callback requested but no callback found","dag_id":"fetching_raw_html_from_course_forum","task_id":"fetching_the_raw_html_file_for_professor_rating","run_id":"manual__2026-02-11T05:19:30.706093+00:00","ti_id":"019c4b23-eb67-7251-a4e7-dc869cdf917e","logger":"task","filename":"processor.py","lineno":361}
{"timestamp":"2026-02-11T05:35:21.451722Z","level":"warning","event":"Callback requested but no callback found","dag_id":"fetching_raw_html_from_course_forum","task_id":"fetching_the_raw_html_file_for_professor_rating","run_id":"manual__2026-02-11T05:20:50.588213+00:00","ti_id":"019c4b25-253a-7032-b917-da025204c21b","logger":"task","filename":"processor.py","lineno":361}
{"timestamp":"2026-02-11T05:35:21.451819Z","level":"warning","event":"Callback requested but no callback found","dag_id":"fetching_raw_html_from_course_forum","task_id":"fetching_the_raw_html_file_for_professor_rating","run_id":"manual__2026-02-11T05:21:57.375179+00:00","ti_id":"019c4b26-268e-7c8c-9bea-44e2b00d410a","logger":"task","filename":"processor.py","lineno":361}
{"timestamp":"2026-02-11T05:35:21.519497Z","level":"info","event":"Filling up the DagBag from /opt/airflow/dags/professor_rating_dag.py","logger":"airflow.models.dagbag.BundleDagBag","filename":"dagbag.py","lineno":593}
{"timestamp":"2026-02-11T05:35:54.487276Z","level":"info","event":"Filling up the DagBag from /opt/airflow/dags/professor_rating_dag.py","logger":"airflow.models.dagbag.BundleDagBag","filename":"dagbag.py","lineno":593}
{"timestamp":"2026-02-11T05:36:36.176635Z","level":"info","event":"Filling up the DagBag from /opt/airflow/dags/professor_rating_dag.py","logger":"airflow.models.dagbag.BundleDagBag","filename":"dagbag.py","lineno":593}
{"timestamp":"2026-02-11T05:37:06.794323Z","level":"info","event":"Filling up the DagBag from /opt/airflow/dags/professor_rating_dag.py","logger":"airflow.models.dagbag.BundleDagBag","filename":"dagbag.py","lineno":593}
{"timestamp":"2026-02-11T05:40:39.670079Z","level":"info","event":"Filling up the DagBag from /opt/airflow/dags/professor_rating_dag.py","logger":"airflow.models.dagbag.BundleDagBag","filename":"dagbag.py","lineno":593}
{"timestamp":"2026-02-11T05:56:43.896600Z","level":"info","event":"Filling up the DagBag from /opt/airflow/dags/professor_rating_dag.py","logger":"airflow.models.dagbag.BundleDagBag","filename":"dagbag.py","lineno":593}
{"timestamp":"2026-02-11T06:38:16.539197Z","level":"info","event":"Filling up the DagBag from /opt/airflow/dags/professor_rating_dag.py","logger":"airflow.models.dagbag.BundleDagBag","filename":"dagbag.py","lineno":593}
{"timestamp":"2026-02-11T06:38:47.465942Z","level":"info","event":"Filling up the DagBag from /opt/airflow/dags/professor_rating_dag.py","logger":"airflow.models.dagbag.BundleDagBag","filename":"dagbag.py","lineno":593}
{"timestamp":"2026-02-11T06:39:18.454932Z","level":"info","event":"Filling up the DagBag from /opt/airflow/dags/professor_rating_dag.py","logger":"airflow.models.dagbag.BundleDagBag","filename":"dagbag.py","lineno":593}
{"timestamp":"2026-02-11T06:39:48.985331Z","level":"info","event":"Filling up the DagBag from /opt/airflow/dags/professor_rating_dag.py","logger":"airflow.models.dagbag.BundleDagBag","filename":"dagbag.py","lineno":593}
{"timestamp":"2026-02-11T06:40:28.801998Z","level":"info","event":"Filling up the DagBag from /opt/airflow/dags/professor_rating_dag.py","logger":"airflow.models.dagbag.BundleDagBag","filename":"dagbag.py","lineno":593}
{"timestamp":"2026-02-11T06:58:32.692073Z","level":"info","event":"Filling up the DagBag from /opt/airflow/dags/professor_rating_dag.py","logger":"airflow.models.dagbag.BundleDagBag","filename":"dagbag.py","lineno":593}
{"timestamp":"2026-02-11T07:13:20.434542Z","level":"info","event":"Filling up the DagBag from /opt/airflow/dags/professor_rating_dag.py","logger":"airflow.models.dagbag.BundleDagBag","filename":"dagbag.py","lineno":593}
{"timestamp":"2026-02-11T07:14:08.102869Z","level":"info","event":"Filling up the DagBag from /opt/airflow/dags/professor_rating_dag.py","logger":"airflow.models.dagbag.BundleDagBag","filename":"dagbag.py","lineno":593}
{"timestamp":"2026-02-11T07:14:38.672591Z","level":"info","event":"Filling up the DagBag from /opt/airflow/dags/professor_rating_dag.py","logger":"airflow.models.dagbag.BundleDagBag","filename":"dagbag.py","lineno":593}
{"timestamp":"2026-02-11T07:30:05.096576Z","level":"info","event":"Filling up the DagBag from /opt/airflow/dags/professor_rating_dag.py","logger":"airflow.models.dagbag.BundleDagBag","filename":"dagbag.py","lineno":593}
{"timestamp":"2026-02-11T07:30:35.563485Z","level":"info","event":"Filling up the DagBag from /opt/airflow/dags/professor_rating_dag.py","logger":"airflow.models.dagbag.BundleDagBag","filename":"dagbag.py","lineno":593}
{"timestamp":"2026-02-11T07:31:06.425270Z","level":"info","event":"Filling up the DagBag from /opt/airflow/dags/professor_rating_dag.py","logger":"airflow.models.dagbag.BundleDagBag","filename":"dagbag.py","lineno":593}
{"timestamp":"2026-02-11T07:31:37.003793Z","level":"info","event":"Filling up the DagBag from /opt/airflow/dags/professor_rating_dag.py","logger":"airflow.models.dagbag.BundleDagBag","filename":"dagbag.py","lineno":593}
{"timestamp":"2026-02-11T07:32:07.517937Z","level":"info","event":"Filling up the DagBag from /opt/airflow/dags/professor_rating_dag.py","logger":"airflow.models.dagbag.BundleDagBag","filename":"dagbag.py","lineno":593}
{"timestamp":"2026-02-11T07:32:38.045794Z","level":"info","event":"Filling up the DagBag from /opt/airflow/dags/professor_rating_dag.py","logger":"airflow.models.dagbag.BundleDagBag","filename":"dagbag.py","lineno":593}
{"timestamp":"2026-02-11T07:33:08.593274Z","level":"info","event":"Filling up the DagBag from /opt/airflow/dags/professor_rating_dag.py","logger":"airflow.models.dagbag.BundleDagBag","filename":"dagbag.py","lineno":593}
{"timestamp":"2026-02-11T07:33:39.120512Z","level":"info","event":"Filling up the DagBag from /opt/airflow/dags/professor_rating_dag.py","logger":"airflow.models.dagbag.BundleDagBag","filename":"dagbag.py","lineno":593}
{"timestamp":"2026-02-11T07:34:09.706084Z","level":"info","event":"Filling up the DagBag from /opt/airflow/dags/professor_rating_dag.py","logger":"airflow.models.dagbag.BundleDagBag","filename":"dagbag.py","lineno":593}
{"timestamp":"2026-02-11T07:34:40.198219Z","level":"info","event":"Filling up the DagBag from /opt/airflow/dags/professor_rating_dag.py","logger":"airflow.models.dagbag.BundleDagBag","filename":"dagbag.py","lineno":593}
{"timestamp":"2026-02-11T07:35:10.693587Z","level":"info","event":"Filling up the DagBag from /opt/airflow/dags/professor_rating_dag.py","logger":"airflow.models.dagbag.BundleDagBag","filename":"dagbag.py","lineno":593}
{"timestamp":"2026-02-11T07:35:41.222050Z","level":"info","event":"Filling up the DagBag from /opt/airflow/dags/professor_rating_dag.py","logger":"airflow.models.dagbag.BundleDagBag","filename":"dagbag.py","lineno":593}
{"timestamp":"2026-02-11T07:36:11.669597Z","level":"info","event":"Filling up the DagBag from /opt/airflow/dags/professor_rating_dag.py","logger":"airflow.models.dagbag.BundleDagBag","filename":"dagbag.py","lineno":593}
{"timestamp":"2026-02-11T07:36:42.214820Z","level":"info","event":"Filling up the DagBag from /opt/airflow/dags/professor_rating_dag.py","logger":"airflow.models.dagbag.BundleDagBag","filename":"dagbag.py","lineno":593}
{"timestamp":"2026-02-11T07:37:12.818906Z","level":"info","event":"Filling up the DagBag from /opt/airflow/dags/professor_rating_dag.py","logger":"airflow.models.dagbag.BundleDagBag","filename":"dagbag.py","lineno":593}
{"timestamp":"2026-02-11T07:37:43.410090Z","level":"info","event":"Filling up the DagBag from /opt/airflow/dags/professor_rating_dag.py","logger":"airflow.models.dagbag.BundleDagBag","filename":"dagbag.py","lineno":593}
{"timestamp":"2026-02-11T07:38:13.968938Z","level":"info","event":"Filling up the DagBag from /opt/airflow/dags/professor_rating_dag.py","logger":"airflow.models.dagbag.BundleDagBag","filename":"dagbag.py","lineno":593}
{"timestamp":"2026-02-11T07:38:44.542439Z","level":"info","event":"Filling up the DagBag from /opt/airflow/dags/professor_rating_dag.py","logger":"airflow.models.dagbag.BundleDagBag","filename":"dagbag.py","lineno":593}
{"timestamp":"2026-02-11T07:39:15.086478Z","level":"info","event":"Filling up the DagBag from /opt/airflow/dags/professor_rating_dag.py","logger":"airflow.models.dagbag.BundleDagBag","filename":"dagbag.py","lineno":593}
{"timestamp":"2026-02-11T07:39:45.594433Z","level":"info","event":"Filling up the DagBag from /opt/airflow/dags/professor_rating_dag.py","logger":"airflow.models.dagbag.BundleDagBag","filename":"dagbag.py","lineno":593}
{"timestamp":"2026-02-11T07:40:16.074637Z","level":"info","event":"Filling up the DagBag from /opt/airflow/dags/professor_rating_dag.py","logger":"airflow.models.dagbag.BundleDagBag","filename":"dagbag.py","lineno":593}
{"timestamp":"2026-02-11T07:40:46.628576Z","level":"info","event":"Filling up the DagBag from /opt/airflow/dags/professor_rating_dag.py","logger":"airflow.models.dagbag.BundleDagBag","filename":"dagbag.py","lineno":593}
{"timestamp":"2026-02-11T07:41:17.192438Z","level":"info","event":"Filling up the DagBag from /opt/airflow/dags/professor_rating_dag.py","logger":"airflow.models.dagbag.BundleDagBag","filename":"dagbag.py","lineno":593}
{"timestamp":"2026-02-11T07:41:47.744844Z","level":"info","event":"Filling up the DagBag from /opt/airflow/dags/professor_rating_dag.py","logger":"airflow.models.dagbag.BundleDagBag","filename":"dagbag.py","lineno":593}
{"timestamp":"2026-02-11T07:42:18.286662Z","level":"info","event":"Filling up the DagBag from /opt/airflow/dags/professor_rating_dag.py","logger":"airflow.models.dagbag.BundleDagBag","filename":"dagbag.py","lineno":593}
{"timestamp":"2026-02-11T07:42:48.849650Z","level":"info","event":"Filling up the DagBag from /opt/airflow/dags/professor_rating_dag.py","logger":"airflow.models.dagbag.BundleDagBag","filename":"dagbag.py","lineno":593}
{"timestamp":"2026-02-11T07:43:19.409663Z","level":"info","event":"Filling up the DagBag from /opt/airflow/dags/professor_rating_dag.py","logger":"airflow.models.dagbag.BundleDagBag","filename":"dagbag.py","lineno":593}
{"timestamp":"2026-02-11T07:43:49.898197Z","level":"info","event":"Filling up the DagBag from /opt/airflow/dags/professor_rating_dag.py","logger":"airflow.models.dagbag.BundleDagBag","filename":"dagbag.py","lineno":593}
{"timestamp":"2026-02-11T07:44:20.434097Z","level":"info","event":"Filling up the DagBag from /opt/airflow/dags/professor_rating_dag.py","logger":"airflow.models.dagbag.BundleDagBag","filename":"dagbag.py","lineno":593}
{"timestamp":"2026-02-11T07:44:50.967720Z","level":"info","event":"Filling up the DagBag from /opt/airflow/dags/professor_rating_dag.py","logger":"airflow.models.dagbag.BundleDagBag","filename":"dagbag.py","lineno":593}
{"timestamp":"2026-02-11T07:45:21.491921Z","level":"info","event":"Filling up the DagBag from /opt/airflow/dags/professor_rating_dag.py","logger":"airflow.models.dagbag.BundleDagBag","filename":"dagbag.py","lineno":593}
{"timestamp":"2026-02-11T07:45:52.035986Z","level":"info","event":"Filling up the DagBag from /opt/airflow/dags/professor_rating_dag.py","logger":"airflow.models.dagbag.BundleDagBag","filename":"dagbag.py","lineno":593}
{"timestamp":"2026-02-11T07:46:22.594193Z","level":"info","event":"Filling up the DagBag from /opt/airflow/dags/professor_rating_dag.py","logger":"airflow.models.dagbag.BundleDagBag","filename":"dagbag.py","lineno":593}
{"timestamp":"2026-02-11T07:46:53.092838Z","level":"info","event":"Filling up the DagBag from /opt/airflow/dags/professor_rating_dag.py","logger":"airflow.models.dagbag.BundleDagBag","filename":"dagbag.py","lineno":593}
{"timestamp":"2026-02-11T07:47:23.645064Z","level":"info","event":"Filling up the DagBag from /opt/airflow/dags/professor_rating_dag.py","logger":"airflow.models.dagbag.BundleDagBag","filename":"dagbag.py","lineno":593}
{"timestamp":"2026-02-11T07:47:54.325476Z","level":"info","event":"Filling up the DagBag from /opt/airflow/dags/professor_rating_dag.py","logger":"airflow.models.dagbag.BundleDagBag","filename":"dagbag.py","lineno":593}
{"timestamp":"2026-02-11T07:48:24.858072Z","level":"info","event":"Filling up the DagBag from /opt/airflow/dags/professor_rating_dag.py","logger":"airflow.models.dagbag.BundleDagBag","filename":"dagbag.py","lineno":593}
{"timestamp":"2026-02-11T07:48:55.382566Z","level":"info","event":"Filling up the DagBag from /opt/airflow/dags/professor_rating_dag.py","logger":"airflow.models.dagbag.BundleDagBag","filename":"dagbag.py","lineno":593}
{"timestamp":"2026-02-11T07:49:25.918093Z","level":"info","event":"Filling up the DagBag from /opt/airflow/dags/professor_rating_dag.py","logger":"airflow.models.dagbag.BundleDagBag","filename":"dagbag.py","lineno":593}
{"timestamp":"2026-02-11T07:49:56.486346Z","level":"info","event":"Filling up the DagBag from /opt/airflow/dags/professor_rating_dag.py","logger":"airflow.models.dagbag.BundleDagBag","filename":"dagbag.py","lineno":593}
{"timestamp":"2026-02-11T07:50:27.050445Z","level":"info","event":"Filling up the DagBag from /opt/airflow/dags/professor_rating_dag.py","logger":"airflow.models.dagbag.BundleDagBag","filename":"dagbag.py","lineno":593}
{"timestamp":"2026-02-11T07:50:57.636383Z","level":"info","event":"Filling up the DagBag from /opt/airflow/dags/professor_rating_dag.py","logger":"airflow.models.dagbag.BundleDagBag","filename":"dagbag.py","lineno":593}
{"timestamp":"2026-02-11T07:51:28.287176Z","level":"info","event":"Filling up the DagBag from /opt/airflow/dags/professor_rating_dag.py","logger":"airflow.models.dagbag.BundleDagBag","filename":"dagbag.py","lineno":593}
{"timestamp":"2026-02-11T07:51:58.908298Z","level":"info","event":"Filling up the DagBag from /opt/airflow/dags/professor_rating_dag.py","logger":"airflow.models.dagbag.BundleDagBag","filename":"dagbag.py","lineno":593}
{"timestamp":"2026-02-11T07:52:29.483488Z","level":"info","event":"Filling up the DagBag from /opt/airflow/dags/professor_rating_dag.py","logger":"airflow.models.dagbag.BundleDagBag","filename":"dagbag.py","lineno":593}
{"timestamp":"2026-02-11T07:53:00.030770Z","level":"info","event":"Filling up the DagBag from /opt/airflow/dags/professor_rating_dag.py","logger":"airflow.models.dagbag.BundleDagBag","filename":"dagbag.py","lineno":593}
{"timestamp":"2026-02-11T07:53:30.593901Z","level":"info","event":"Filling up the DagBag from /opt/airflow/dags/professor_rating_dag.py","logger":"airflow.models.dagbag.BundleDagBag","filename":"dagbag.py","lineno":593}
{"timestamp":"2026-02-11T07:54:01.181868Z","level":"info","event":"Filling up the DagBag from /opt/airflow/dags/professor_rating_dag.py","logger":"airflow.models.dagbag.BundleDagBag","filename":"dagbag.py","lineno":593}
{"timestamp":"2026-02-11T07:54:31.793050Z","level":"info","event":"Filling up the DagBag from /opt/airflow/dags/professor_rating_dag.py","logger":"airflow.models.dagbag.BundleDagBag","filename":"dagbag.py","lineno":593}
{"timestamp":"2026-02-11T07:55:02.392196Z","level":"info","event":"Filling up the DagBag from /opt/airflow/dags/professor_rating_dag.py","logger":"airflow.models.dagbag.BundleDagBag","filename":"dagbag.py","lineno":593}
{"timestamp":"2026-02-11T07:55:33.086994Z","level":"info","event":"Filling up the DagBag from /opt/airflow/dags/professor_rating_dag.py","logger":"airflow.models.dagbag.BundleDagBag","filename":"dagbag.py","lineno":593}
{"timestamp":"2026-02-11T07:56:03.659071Z","level":"info","event":"Filling up the DagBag from /opt/airflow/dags/professor_rating_dag.py","logger":"airflow.models.dagbag.BundleDagBag","filename":"dagbag.py","lineno":593}
{"timestamp":"2026-02-11T07:56:34.168072Z","level":"info","event":"Filling up the DagBag from /opt/airflow/dags/professor_rating_dag.py","logger":"airflow.models.dagbag.BundleDagBag","filename":"dagbag.py","lineno":593}
{"timestamp":"2026-02-11T07:57:04.728733Z","level":"info","event":"Filling up the DagBag from /opt/airflow/dags/professor_rating_dag.py","logger":"airflow.models.dagbag.BundleDagBag","filename":"dagbag.py","lineno":593}
{"timestamp":"2026-02-11T07:57:35.295849Z","level":"info","event":"Filling up the DagBag from /opt/airflow/dags/professor_rating_dag.py","logger":"airflow.models.dagbag.BundleDagBag","filename":"dagbag.py","lineno":593}
{"timestamp":"2026-02-11T07:58:05.811620Z","level":"info","event":"Filling up the DagBag from /opt/airflow/dags/professor_rating_dag.py","logger":"airflow.models.dagbag.BundleDagBag","filename":"dagbag.py","lineno":593}
{"timestamp":"2026-02-11T07:58:36.337182Z","level":"info","event":"Filling up the DagBag from /opt/airflow/dags/professor_rating_dag.py","logger":"airflow.models.dagbag.BundleDagBag","filename":"dagbag.py","lineno":593}
{"timestamp":"2026-02-11T07:59:06.874162Z","level":"info","event":"Filling up the DagBag from /opt/airflow/dags/professor_rating_dag.py","logger":"airflow.models.dagbag.BundleDagBag","filename":"dagbag.py","lineno":593}
{"timestamp":"2026-02-11T07:59:37.413885Z","level":"info","event":"Filling up the DagBag from /opt/airflow/dags/professor_rating_dag.py","logger":"airflow.models.dagbag.BundleDagBag","filename":"dagbag.py","lineno":593}
{"timestamp":"2026-02-11T08:00:07.974843Z","level":"info","event":"Filling up the DagBag from /opt/airflow/dags/professor_rating_dag.py","logger":"airflow.models.dagbag.BundleDagBag","filename":"dagbag.py","lineno":593}
{"timestamp":"2026-02-11T08:00:38.546454Z","level":"info","event":"Filling up the DagBag from /opt/airflow/dags/professor_rating_dag.py","logger":"airflow.models.dagbag.BundleDagBag","filename":"dagbag.py","lineno":593}
{"timestamp":"2026-02-11T08:01:09.151594Z","level":"info","event":"Filling up the DagBag from /opt/airflow/dags/professor_rating_dag.py","logger":"airflow.models.dagbag.BundleDagBag","filename":"dagbag.py","lineno":593}
{"timestamp":"2026-02-11T08:01:39.696792Z","level":"info","event":"Filling up the DagBag from /opt/airflow/dags/professor_rating_dag.py","logger":"airflow.models.dagbag.BundleDagBag","filename":"dagbag.py","lineno":593}
{"timestamp":"2026-02-11T08:02:10.239399Z","level":"info","event":"Filling up the DagBag from /opt/airflow/dags/professor_rating_dag.py","logger":"airflow.models.dagbag.BundleDagBag","filename":"dagbag.py","lineno":593}
{"timestamp":"2026-02-11T08:02:40.764376Z","level":"info","event":"Filling up the DagBag from /opt/airflow/dags/professor_rating_dag.py","logger":"airflow.models.dagbag.BundleDagBag","filename":"dagbag.py","lineno":593}
{"timestamp":"2026-02-11T08:03:11.302176Z","level":"info","event":"Filling up the DagBag from /opt/airflow/dags/professor_rating_dag.py","logger":"airflow.models.dagbag.BundleDagBag","filename":"dagbag.py","lineno":593}
{"timestamp":"2026-02-11T08:03:41.846141Z","level":"info","event":"Filling up the DagBag from /opt/airflow/dags/professor_rating_dag.py","logger":"airflow.models.dagbag.BundleDagBag","filename":"dagbag.py","lineno":593}
{"timestamp":"2026-02-11T08:04:12.397973Z","level":"info","event":"Filling up the DagBag from /opt/airflow/dags/professor_rating_dag.py","logger":"airflow.models.dagbag.BundleDagBag","filename":"dagbag.py","lineno":593}
{"timestamp":"2026-02-11T08:04:42.959698Z","level":"info","event":"Filling up the DagBag from /opt/airflow/dags/professor_rating_dag.py","logger":"airflow.models.dagbag.BundleDagBag","filename":"dagbag.py","lineno":593}
{"timestamp":"2026-02-11T08:05:13.539901Z","level":"info","event":"Filling up the DagBag from /opt/airflow/dags/professor_rating_dag.py","logger":"airflow.models.dagbag.BundleDagBag","filename":"dagbag.py","lineno":593}
{"timestamp":"2026-02-11T08:05:44.103630Z","level":"info","event":"Filling up the DagBag from /opt/airflow/dags/professor_rating_dag.py","logger":"airflow.models.dagbag.BundleDagBag","filename":"dagbag.py","lineno":593}
{"timestamp":"2026-02-11T08:06:14.643967Z","level":"info","event":"Filling up the DagBag from /opt/airflow/dags/professor_rating_dag.py","logger":"airflow.models.dagbag.BundleDagBag","filename":"dagbag.py","lineno":593}
{"timestamp":"2026-02-11T08:06:45.204797Z","level":"info","event":"Filling up the DagBag from /opt/airflow/dags/professor_rating_dag.py","logger":"airflow.models.dagbag.BundleDagBag","filename":"dagbag.py","lineno":593}
{"timestamp":"2026-02-11T08:07:15.747020Z","level":"info","event":"Filling up the DagBag from /opt/airflow/dags/professor_rating_dag.py","logger":"airflow.models.dagbag.BundleDagBag","filename":"dagbag.py","lineno":593}
{"timestamp":"2026-02-11T08:07:46.336341Z","level":"info","event":"Filling up the DagBag from /opt/airflow/dags/professor_rating_dag.py","logger":"airflow.models.dagbag.BundleDagBag","filename":"dagbag.py","lineno":593}
{"timestamp":"2026-02-11T08:08:16.853354Z","level":"info","event":"Filling up the DagBag from /opt/airflow/dags/professor_rating_dag.py","logger":"airflow.models.dagbag.BundleDagBag","filename":"dagbag.py","lineno":593}
{"timestamp":"2026-02-11T08:08:47.416605Z","level":"info","event":"Filling up the DagBag from /opt/airflow/dags/professor_rating_dag.py","logger":"airflow.models.dagbag.BundleDagBag","filename":"dagbag.py","lineno":593}
{"timestamp":"2026-02-11T08:09:17.955382Z","level":"info","event":"Filling up the DagBag from /opt/airflow/dags/professor_rating_dag.py","logger":"airflow.models.dagbag.BundleDagBag","filename":"dagbag.py","lineno":593}
{"timestamp":"2026-02-11T08:09:48.496490Z","level":"info","event":"Filling up the DagBag from /opt/airflow/dags/professor_rating_dag.py","logger":"airflow.models.dagbag.BundleDagBag","filename":"dagbag.py","lineno":593}
{"timestamp":"2026-02-11T08:10:19.028424Z","level":"info","event":"Filling up the DagBag from /opt/airflow/dags/professor_rating_dag.py","logger":"airflow.models.dagbag.BundleDagBag","filename":"dagbag.py","lineno":593}
{"timestamp":"2026-02-11T08:10:49.591569Z","level":"info","event":"Filling up the DagBag from /opt/airflow/dags/professor_rating_dag.py","logger":"airflow.models.dagbag.BundleDagBag","filename":"dagbag.py","lineno":593}
{"timestamp":"2026-02-11T08:11:20.104633Z","level":"info","event":"Filling up the DagBag from /opt/airflow/dags/professor_rating_dag.py","logger":"airflow.models.dagbag.BundleDagBag","filename":"dagbag.py","lineno":593}
{"timestamp":"2026-02-11T08:11:50.647881Z","level":"info","event":"Filling up the DagBag from /opt/airflow/dags/professor_rating_dag.py","logger":"airflow.models.dagbag.BundleDagBag","filename":"dagbag.py","lineno":593}
{"timestamp":"2026-02-11T08:12:21.210520Z","level":"info","event":"Filling up the DagBag from /opt/airflow/dags/professor_rating_dag.py","logger":"airflow.models.dagbag.BundleDagBag","filename":"dagbag.py","lineno":593}
{"timestamp":"2026-02-11T08:12:51.753088Z","level":"info","event":"Filling up the DagBag from /opt/airflow/dags/professor_rating_dag.py","logger":"airflow.models.dagbag.BundleDagBag","filename":"dagbag.py","lineno":593}
{"timestamp":"2026-02-11T08:13:22.348054Z","level":"info","event":"Filling up the DagBag from /opt/airflow/dags/professor_rating_dag.py","logger":"airflow.models.dagbag.BundleDagBag","filename":"dagbag.py","lineno":593}
{"timestamp":"2026-02-11T08:13:52.914809Z","level":"info","event":"Filling up the DagBag from /opt/airflow/dags/professor_rating_dag.py","logger":"airflow.models.dagbag.BundleDagBag","filename":"dagbag.py","lineno":593}
{"timestamp":"2026-02-11T08:14:23.454029Z","level":"info","event":"Filling up the DagBag from /opt/airflow/dags/professor_rating_dag.py","logger":"airflow.models.dagbag.BundleDagBag","filename":"dagbag.py","lineno":593}
{"timestamp":"2026-02-11T08:14:54.004814Z","level":"info","event":"Filling up the DagBag from /opt/airflow/dags/professor_rating_dag.py","logger":"airflow.models.dagbag.BundleDagBag","filename":"dagbag.py","lineno":593}
{"timestamp":"2026-02-11T08:15:24.577837Z","level":"info","event":"Filling up the DagBag from /opt/airflow/dags/professor_rating_dag.py","logger":"airflow.models.dagbag.BundleDagBag","filename":"dagbag.py","lineno":593}
{"timestamp":"2026-02-11T08:15:55.073588Z","level":"info","event":"Filling up the DagBag from /opt/airflow/dags/professor_rating_dag.py","logger":"airflow.models.dagbag.BundleDagBag","filename":"dagbag.py","lineno":593}
{"timestamp":"2026-02-11T08:16:25.631561Z","level":"info","event":"Filling up the DagBag from /opt/airflow/dags/professor_rating_dag.py","logger":"airflow.models.dagbag.BundleDagBag","filename":"dagbag.py","lineno":593}
{"timestamp":"2026-02-11T08:16:56.169772Z","level":"info","event":"Filling up the DagBag from /opt/airflow/dags/professor_rating_dag.py","logger":"airflow.models.dagbag.BundleDagBag","filename":"dagbag.py","lineno":593}
{"timestamp":"2026-02-11T08:17:26.692242Z","level":"info","event":"Filling up the DagBag from /opt/airflow/dags/professor_rating_dag.py","logger":"airflow.models.dagbag.BundleDagBag","filename":"dagbag.py","lineno":593}
{"timestamp":"2026-02-11T08:17:57.233495Z","level":"info","event":"Filling up the DagBag from /opt/airflow/dags/professor_rating_dag.py","logger":"airflow.models.dagbag.BundleDagBag","filename":"dagbag.py","lineno":593}
{"timestamp":"2026-02-11T08:18:27.846892Z","level":"info","event":"Filling up the DagBag from /opt/airflow/dags/professor_rating_dag.py","logger":"airflow.models.dagbag.BundleDagBag","filename":"dagbag.py","lineno":593}
{"timestamp":"2026-02-11T08:18:58.408605Z","level":"info","event":"Filling up the DagBag from /opt/airflow/dags/professor_rating_dag.py","logger":"airflow.models.dagbag.BundleDagBag","filename":"dagbag.py","lineno":593}
{"timestamp":"2026-02-11T08:19:28.964138Z","level":"info","event":"Filling up the DagBag from /opt/airflow/dags/professor_rating_dag.py","logger":"airflow.models.dagbag.BundleDagBag","filename":"dagbag.py","lineno":593}
{"timestamp":"2026-02-11T08:19:59.554137Z","level":"info","event":"Filling up the DagBag from /opt/airflow/dags/professor_rating_dag.py","logger":"airflow.models.dagbag.BundleDagBag","filename":"dagbag.py","lineno":593}
{"timestamp":"2026-02-11T08:20:30.036162Z","level":"info","event":"Filling up the DagBag from /opt/airflow/dags/professor_rating_dag.py","logger":"airflow.models.dagbag.BundleDagBag","filename":"dagbag.py","lineno":593}
{"timestamp":"2026-02-11T08:21:00.628780Z","level":"info","event":"Filling up the DagBag from /opt/airflow/dags/professor_rating_dag.py","logger":"airflow.models.dagbag.BundleDagBag","filename":"dagbag.py","lineno":593}
{"timestamp":"2026-02-11T08:21:31.218778Z","level":"info","event":"Filling up the DagBag from /opt/airflow/dags/professor_rating_dag.py","logger":"airflow.models.dagbag.BundleDagBag","filename":"dagbag.py","lineno":593}
{"timestamp":"2026-02-11T08:22:01.762176Z","level":"info","event":"Filling up the DagBag from /opt/airflow/dags/professor_rating_dag.py","logger":"airflow.models.dagbag.BundleDagBag","filename":"dagbag.py","lineno":593}
{"timestamp":"2026-02-11T08:22:32.336728Z","level":"info","event":"Filling up the DagBag from /opt/airflow/dags/professor_rating_dag.py","logger":"airflow.models.dagbag.BundleDagBag","filename":"dagbag.py","lineno":593}
{"timestamp":"2026-02-11T08:23:02.961015Z","level":"info","event":"Filling up the DagBag from /opt/airflow/dags/professor_rating_dag.py","logger":"airflow.models.dagbag.BundleDagBag","filename":"dagbag.py","lineno":593}
{"timestamp":"2026-02-11T08:23:33.518031Z","level":"info","event":"Filling up the DagBag from /opt/airflow/dags/professor_rating_dag.py","logger":"airflow.models.dagbag.BundleDagBag","filename":"dagbag.py","lineno":593}
{"timestamp":"2026-02-11T08:24:04.150706Z","level":"info","event":"Filling up the DagBag from /opt/airflow/dags/professor_rating_dag.py","logger":"airflow.models.dagbag.BundleDagBag","filename":"dagbag.py","lineno":593}
{"timestamp":"2026-02-11T08:24:34.672957Z","level":"info","event":"Filling up the DagBag from /opt/airflow/dags/professor_rating_dag.py","logger":"airflow.models.dagbag.BundleDagBag","filename":"dagbag.py","lineno":593}
{"timestamp":"2026-02-11T08:25:05.203387Z","level":"info","event":"Filling up the DagBag from /opt/airflow/dags/professor_rating_dag.py","logger":"airflow.models.dagbag.BundleDagBag","filename":"dagbag.py","lineno":593}
{"timestamp":"2026-02-11T08:25:35.761273Z","level":"info","event":"Filling up the DagBag from /opt/airflow/dags/professor_rating_dag.py","logger":"airflow.models.dagbag.BundleDagBag","filename":"dagbag.py","lineno":593}
{"timestamp":"2026-02-11T08:26:06.317481Z","level":"info","event":"Filling up the DagBag from /opt/airflow/dags/professor_rating_dag.py","logger":"airflow.models.dagbag.BundleDagBag","filename":"dagbag.py","lineno":593}
{"timestamp":"2026-02-11T08:26:36.878815Z","level":"info","event":"Filling up the DagBag from /opt/airflow/dags/professor_rating_dag.py","logger":"airflow.models.dagbag.BundleDagBag","filename":"dagbag.py","lineno":593}
{"timestamp":"2026-02-11T08:27:07.396252Z","level":"info","event":"Filling up the DagBag from /opt/airflow/dags/professor_rating_dag.py","logger":"airflow.models.dagbag.BundleDagBag","filename":"dagbag.py","lineno":593}
{"timestamp":"2026-02-11T08:27:37.934014Z","level":"info","event":"Filling up the DagBag from /opt/airflow/dags/professor_rating_dag.py","logger":"airflow.models.dagbag.BundleDagBag","filename":"dagbag.py","lineno":593}
{"timestamp":"2026-02-11T08:28:08.485595Z","level":"info","event":"Filling up the DagBag from /opt/airflow/dags/professor_rating_dag.py","logger":"airflow.models.dagbag.BundleDagBag","filename":"dagbag.py","lineno":593}
{"timestamp":"2026-02-11T08:28:39.067415Z","level":"info","event":"Filling up the DagBag from /opt/airflow/dags/professor_rating_dag.py","logger":"airflow.models.dagbag.BundleDagBag","filename":"dagbag.py","lineno":593}
{"timestamp":"2026-02-11T08:29:09.555056Z","level":"info","event":"Filling up the DagBag from /opt/airflow/dags/professor_rating_dag.py","logger":"airflow.models.dagbag.BundleDagBag","filename":"dagbag.py","lineno":593}
{"timestamp":"2026-02-11T08:29:40.111647Z","level":"info","event":"Filling up the DagBag from /opt/airflow/dags/professor_rating_dag.py","logger":"airflow.models.dagbag.BundleDagBag","filename":"dagbag.py","lineno":593}
{"timestamp":"2026-02-11T08:30:10.644407Z","level":"info","event":"Filling up the DagBag from /opt/airflow/dags/professor_rating_dag.py","logger":"airflow.models.dagbag.BundleDagBag","filename":"dagbag.py","lineno":593}
{"timestamp":"2026-02-11T08:30:41.206530Z","level":"info","event":"Filling up the DagBag from /opt/airflow/dags/professor_rating_dag.py","logger":"airflow.models.dagbag.BundleDagBag","filename":"dagbag.py","lineno":593}
{"timestamp":"2026-02-11T08:31:11.718379Z","level":"info","event":"Filling up the DagBag from /opt/airflow/dags/professor_rating_dag.py","logger":"airflow.models.dagbag.BundleDagBag","filename":"dagbag.py","lineno":593}
{"timestamp":"2026-02-11T08:31:42.333289Z","level":"info","event":"Filling up the DagBag from /opt/airflow/dags/professor_rating_dag.py","logger":"airflow.models.dagbag.BundleDagBag","filename":"dagbag.py","lineno":593}
{"timestamp":"2026-02-11T08:32:12.889581Z","level":"info","event":"Filling up the DagBag from /opt/airflow/dags/professor_rating_dag.py","logger":"airflow.models.dagbag.BundleDagBag","filename":"dagbag.py","lineno":593}
{"timestamp":"2026-02-11T08:32:43.514373Z","level":"info","event":"Filling up the DagBag from /opt/airflow/dags/professor_rating_dag.py","logger":"airflow.models.dagbag.BundleDagBag","filename":"dagbag.py","lineno":593}
{"timestamp":"2026-02-11T08:33:14.096264Z","level":"info","event":"Filling up the DagBag from /opt/airflow/dags/professor_rating_dag.py","logger":"airflow.models.dagbag.BundleDagBag","filename":"dagbag.py","lineno":593}
{"timestamp":"2026-02-11T08:33:44.596275Z","level":"info","event":"Filling up the DagBag from /opt/airflow/dags/professor_rating_dag.py","logger":"airflow.models.dagbag.BundleDagBag","filename":"dagbag.py","lineno":593}
{"timestamp":"2026-02-11T08:34:15.195779Z","level":"info","event":"Filling up the DagBag from /opt/airflow/dags/professor_rating_dag.py","logger":"airflow.models.dagbag.BundleDagBag","filename":"dagbag.py","lineno":593}
{"timestamp":"2026-02-11T08:34:45.747383Z","level":"info","event":"Filling up the DagBag from /opt/airflow/dags/professor_rating_dag.py","logger":"airflow.models.dagbag.BundleDagBag","filename":"dagbag.py","lineno":593}
{"timestamp":"2026-02-11T08:35:16.315591Z","level":"info","event":"Filling up the DagBag from /opt/airflow/dags/professor_rating_dag.py","logger":"airflow.models.dagbag.BundleDagBag","filename":"dagbag.py","lineno":593}
{"timestamp":"2026-02-11T08:35:46.904102Z","level":"info","event":"Filling up the DagBag from /opt/airflow/dags/professor_rating_dag.py","logger":"airflow.models.dagbag.BundleDagBag","filename":"dagbag.py","lineno":593}
{"timestamp":"2026-02-11T08:36:17.481048Z","level":"info","event":"Filling up the DagBag from /opt/airflow/dags/professor_rating_dag.py","logger":"airflow.models.dagbag.BundleDagBag","filename":"dagbag.py","lineno":593}
{"timestamp":"2026-02-11T08:36:48.051051Z","level":"info","event":"Filling up the DagBag from /opt/airflow/dags/professor_rating_dag.py","logger":"airflow.models.dagbag.BundleDagBag","filename":"dagbag.py","lineno":593}
{"timestamp":"2026-02-11T08:37:18.596539Z","level":"info","event":"Filling up the DagBag from /opt/airflow/dags/professor_rating_dag.py","logger":"airflow.models.dagbag.BundleDagBag","filename":"dagbag.py","lineno":593}
{"timestamp":"2026-02-11T08:37:49.228770Z","level":"info","event":"Filling up the DagBag from /opt/airflow/dags/professor_rating_dag.py","logger":"airflow.models.dagbag.BundleDagBag","filename":"dagbag.py","lineno":593}
{"timestamp":"2026-02-11T08:38:19.777751Z","level":"info","event":"Filling up the DagBag from /opt/airflow/dags/professor_rating_dag.py","logger":"airflow.models.dagbag.BundleDagBag","filename":"dagbag.py","lineno":593}
{"timestamp":"2026-02-11T08:38:50.340055Z","level":"info","event":"Filling up the DagBag from /opt/airflow/dags/professor_rating_dag.py","logger":"airflow.models.dagbag.BundleDagBag","filename":"dagbag.py","lineno":593}
{"timestamp":"2026-02-11T08:39:20.880776Z","level":"info","event":"Filling up the DagBag from /opt/airflow/dags/professor_rating_dag.py","logger":"airflow.models.dagbag.BundleDagBag","filename":"dagbag.py","lineno":593}
{"timestamp":"2026-02-11T08:39:51.439859Z","level":"info","event":"Filling up the DagBag from /opt/airflow/dags/professor_rating_dag.py","logger":"airflow.models.dagbag.BundleDagBag","filename":"dagbag.py","lineno":593}
{"timestamp":"2026-02-11T08:40:22.003734Z","level":"info","event":"Filling up the DagBag from /opt/airflow/dags/professor_rating_dag.py","logger":"airflow.models.dagbag.BundleDagBag","filename":"dagbag.py","lineno":593}
{"timestamp":"2026-02-11T08:40:52.580888Z","level":"info","event":"Filling up the DagBag from /opt/airflow/dags/professor_rating_dag.py","logger":"airflow.models.dagbag.BundleDagBag","filename":"dagbag.py","lineno":593}
{"timestamp":"2026-02-11T08:41:23.155908Z","level":"info","event":"Filling up the DagBag from /opt/airflow/dags/professor_rating_dag.py","logger":"airflow.models.dagbag.BundleDagBag","filename":"dagbag.py","lineno":593}
{"timestamp":"2026-02-11T08:41:53.726116Z","level":"info","event":"Filling up the DagBag from /opt/airflow/dags/professor_rating_dag.py","logger":"airflow.models.dagbag.BundleDagBag","filename":"dagbag.py","lineno":593}
{"timestamp":"2026-02-11T08:42:24.272425Z","level":"info","event":"Filling up the DagBag from /opt/airflow/dags/professor_rating_dag.py","logger":"airflow.models.dagbag.BundleDagBag","filename":"dagbag.py","lineno":593}
{"timestamp":"2026-02-11T08:42:54.871904Z","level":"info","event":"Filling up the DagBag from /opt/airflow/dags/professor_rating_dag.py","logger":"airflow.models.dagbag.BundleDagBag","filename":"dagbag.py","lineno":593}
{"timestamp":"2026-02-11T08:43:25.441595Z","level":"info","event":"Filling up the DagBag from /opt/airflow/dags/professor_rating_dag.py","logger":"airflow.models.dagbag.BundleDagBag","filename":"dagbag.py","lineno":593}
{"timestamp":"2026-02-11T08:43:55.953703Z","level":"info","event":"Filling up the DagBag from /opt/airflow/dags/professor_rating_dag.py","logger":"airflow.models.dagbag.BundleDagBag","filename":"dagbag.py","lineno":593}
{"timestamp":"2026-02-11T08:44:26.531460Z","level":"info","event":"Filling up the DagBag from /opt/airflow/dags/professor_rating_dag.py","logger":"airflow.models.dagbag.BundleDagBag","filename":"dagbag.py","lineno":593}
{"timestamp":"2026-02-11T08:44:57.084150Z","level":"info","event":"Filling up the DagBag from /opt/airflow/dags/professor_rating_dag.py","logger":"airflow.models.dagbag.BundleDagBag","filename":"dagbag.py","lineno":593}
{"timestamp":"2026-02-11T08:45:27.684150Z","level":"info","event":"Filling up the DagBag from /opt/airflow/dags/professor_rating_dag.py","logger":"airflow.models.dagbag.BundleDagBag","filename":"dagbag.py","lineno":593}
{"timestamp":"2026-02-11T08:45:58.246515Z","level":"info","event":"Filling up the DagBag from /opt/airflow/dags/professor_rating_dag.py","logger":"airflow.models.dagbag.BundleDagBag","filename":"dagbag.py","lineno":593}
{"timestamp":"2026-02-11T08:46:28.870013Z","level":"info","event":"Filling up the DagBag from /opt/airflow/dags/professor_rating_dag.py","logger":"airflow.models.dagbag.BundleDagBag","filename":"dagbag.py","lineno":593}
{"timestamp":"2026-02-11T08:46:59.402558Z","level":"info","event":"Filling up the DagBag from /opt/airflow/dags/professor_rating_dag.py","logger":"airflow.models.dagbag.BundleDagBag","filename":"dagbag.py","lineno":593}
{"timestamp":"2026-02-11T08:47:29.953952Z","level":"info","event":"Filling up the DagBag from /opt/airflow/dags/professor_rating_dag.py","logger":"airflow.models.dagbag.BundleDagBag","filename":"dagbag.py","lineno":593}
{"timestamp":"2026-02-11T08:48:00.536947Z","level":"info","event":"Filling up the DagBag from /opt/airflow/dags/professor_rating_dag.py","logger":"airflow.models.dagbag.BundleDagBag","filename":"dagbag.py","lineno":593}
{"timestamp":"2026-02-11T08:48:31.043280Z","level":"info","event":"Filling up the DagBag from /opt/airflow/dags/professor_rating_dag.py","logger":"airflow.models.dagbag.BundleDagBag","filename":"dagbag.py","lineno":593}
{"timestamp":"2026-02-11T08:49:01.592888Z","level":"info","event":"Filling up the DagBag from /opt/airflow/dags/professor_rating_dag.py","logger":"airflow.models.dagbag.BundleDagBag","filename":"dagbag.py","lineno":593}
{"timestamp":"2026-02-11T08:49:32.180200Z","level":"info","event":"Filling up the DagBag from /opt/airflow/dags/professor_rating_dag.py","logger":"airflow.models.dagbag.BundleDagBag","filename":"dagbag.py","lineno":593}
{"timestamp":"2026-02-11T08:50:02.648275Z","level":"info","event":"Filling up the DagBag from /opt/airflow/dags/professor_rating_dag.py","logger":"airflow.models.dagbag.BundleDagBag","filename":"dagbag.py","lineno":593}
{"timestamp":"2026-02-11T08:50:33.172851Z","level":"info","event":"Filling up the DagBag from /opt/airflow/dags/professor_rating_dag.py","logger":"airflow.models.dagbag.BundleDagBag","filename":"dagbag.py","lineno":593}
{"timestamp":"2026-02-11T08:51:03.725092Z","level":"info","event":"Filling up the DagBag from /opt/airflow/dags/professor_rating_dag.py","logger":"airflow.models.dagbag.BundleDagBag","filename":"dagbag.py","lineno":593}
{"timestamp":"2026-02-11T08:51:34.278953Z","level":"info","event":"Filling up the DagBag from /opt/airflow/dags/professor_rating_dag.py","logger":"airflow.models.dagbag.BundleDagBag","filename":"dagbag.py","lineno":593}
{"timestamp":"2026-02-11T08:52:04.830162Z","level":"info","event":"Filling up the DagBag from /opt/airflow/dags/professor_rating_dag.py","logger":"airflow.models.dagbag.BundleDagBag","filename":"dagbag.py","lineno":593}
{"timestamp":"2026-02-11T08:52:35.380306Z","level":"info","event":"Filling up the DagBag from /opt/airflow/dags/professor_rating_dag.py","logger":"airflow.models.dagbag.BundleDagBag","filename":"dagbag.py","lineno":593}
{"timestamp":"2026-02-11T08:53:05.912422Z","level":"info","event":"Filling up the DagBag from /opt/airflow/dags/professor_rating_dag.py","logger":"airflow.models.dagbag.BundleDagBag","filename":"dagbag.py","lineno":593}
{"timestamp":"2026-02-11T08:53:36.511306Z","level":"info","event":"Filling up the DagBag from /opt/airflow/dags/professor_rating_dag.py","logger":"airflow.models.dagbag.BundleDagBag","filename":"dagbag.py","lineno":593}
{"timestamp":"2026-02-11T08:54:07.117673Z","level":"info","event":"Filling up the DagBag from /opt/airflow/dags/professor_rating_dag.py","logger":"airflow.models.dagbag.BundleDagBag","filename":"dagbag.py","lineno":593}
{"timestamp":"2026-02-11T08:54:37.636945Z","level":"info","event":"Filling up the DagBag from /opt/airflow/dags/professor_rating_dag.py","logger":"airflow.models.dagbag.BundleDagBag","filename":"dagbag.py","lineno":593}
{"timestamp":"2026-02-11T08:55:08.225376Z","level":"info","event":"Filling up the DagBag from /opt/airflow/dags/professor_rating_dag.py","logger":"airflow.models.dagbag.BundleDagBag","filename":"dagbag.py","lineno":593}
{"timestamp":"2026-02-11T08:55:38.851593Z","level":"info","event":"Filling up the DagBag from /opt/airflow/dags/professor_rating_dag.py","logger":"airflow.models.dagbag.BundleDagBag","filename":"dagbag.py","lineno":593}
{"timestamp":"2026-02-11T08:56:09.332237Z","level":"info","event":"Filling up the DagBag from /opt/airflow/dags/professor_rating_dag.py","logger":"airflow.models.dagbag.BundleDagBag","filename":"dagbag.py","lineno":593}
{"timestamp":"2026-02-11T08:56:39.904845Z","level":"info","event":"Filling up the DagBag from /opt/airflow/dags/professor_rating_dag.py","logger":"airflow.models.dagbag.BundleDagBag","filename":"dagbag.py","lineno":593}
{"timestamp":"2026-02-11T08:57:10.464428Z","level":"info","event":"Filling up the DagBag from /opt/airflow/dags/professor_rating_dag.py","logger":"airflow.models.dagbag.BundleDagBag","filename":"dagbag.py","lineno":593}
{"timestamp":"2026-02-11T08:57:40.973750Z","level":"info","event":"Filling up the DagBag from /opt/airflow/dags/professor_rating_dag.py","logger":"airflow.models.dagbag.BundleDagBag","filename":"dagbag.py","lineno":593}
{"timestamp":"2026-02-11T08:58:11.544325Z","level":"info","event":"Filling up the DagBag from /opt/airflow/dags/professor_rating_dag.py","logger":"airflow.models.dagbag.BundleDagBag","filename":"dagbag.py","lineno":593}
{"timestamp":"2026-02-11T08:58:42.065120Z","level":"info","event":"Filling up the DagBag from /opt/airflow/dags/professor_rating_dag.py","logger":"airflow.models.dagbag.BundleDagBag","filename":"dagbag.py","lineno":593}
{"timestamp":"2026-02-11T08:59:12.575135Z","level":"info","event":"Filling up the DagBag from /opt/airflow/dags/professor_rating_dag.py","logger":"airflow.models.dagbag.BundleDagBag","filename":"dagbag.py","lineno":593}
{"timestamp":"2026-02-11T08:59:43.165820Z","level":"info","event":"Filling up the DagBag from /opt/airflow/dags/professor_rating_dag.py","logger":"airflow.models.dagbag.BundleDagBag","filename":"dagbag.py","lineno":593}
{"timestamp":"2026-02-11T09:00:13.783060Z","level":"info","event":"Filling up the DagBag from /opt/airflow/dags/professor_rating_dag.py","logger":"airflow.models.dagbag.BundleDagBag","filename":"dagbag.py","lineno":593}
{"timestamp":"2026-02-11T09:00:44.427820Z","level":"info","event":"Filling up the DagBag from /opt/airflow/dags/professor_rating_dag.py","logger":"airflow.models.dagbag.BundleDagBag","filename":"dagbag.py","lineno":593}
{"timestamp":"2026-02-11T09:01:15.049109Z","level":"info","event":"Filling up the DagBag from /opt/airflow/dags/professor_rating_dag.py","logger":"airflow.models.dagbag.BundleDagBag","filename":"dagbag.py","lineno":593}
{"timestamp":"2026-02-11T09:01:45.695671Z","level":"info","event":"Filling up the DagBag from /opt/airflow/dags/professor_rating_dag.py","logger":"airflow.models.dagbag.BundleDagBag","filename":"dagbag.py","lineno":593}
{"timestamp":"2026-02-11T09:17:32.036192Z","level":"info","event":"Filling up the DagBag from /opt/airflow/dags/professor_rating_dag.py","logger":"airflow.models.dagbag.BundleDagBag","filename":"dagbag.py","lineno":593}
{"timestamp":"2026-02-11T09:18:03.163342Z","level":"info","event":"Filling up the DagBag from /opt/airflow/dags/professor_rating_dag.py","logger":"airflow.models.dagbag.BundleDagBag","filename":"dagbag.py","lineno":593}
{"timestamp":"2026-02-11T09:18:33.747838Z","level":"info","event":"Filling up the DagBag from /opt/airflow/dags/professor_rating_dag.py","logger":"airflow.models.dagbag.BundleDagBag","filename":"dagbag.py","lineno":593}
{"timestamp":"2026-02-11T09:19:04.305188Z","level":"info","event":"Filling up the DagBag from /opt/airflow/dags/professor_rating_dag.py","logger":"airflow.models.dagbag.BundleDagBag","filename":"dagbag.py","lineno":593}
{"timestamp":"2026-02-11T09:19:34.817169Z","level":"info","event":"Filling up the DagBag from /opt/airflow/dags/professor_rating_dag.py","logger":"airflow.models.dagbag.BundleDagBag","filename":"dagbag.py","lineno":593}
{"timestamp":"2026-02-11T09:20:05.342912Z","level":"info","event":"Filling up the DagBag from /opt/airflow/dags/professor_rating_dag.py","logger":"airflow.models.dagbag.BundleDagBag","filename":"dagbag.py","lineno":593}
{"timestamp":"2026-02-11T09:37:37.261232Z","level":"info","event":"Filling up the DagBag from /opt/airflow/dags/professor_rating_dag.py","logger":"airflow.models.dagbag.BundleDagBag","filename":"dagbag.py","lineno":593}
{"timestamp":"2026-02-11T09:38:07.655283Z","level":"info","event":"Filling up the DagBag from /opt/airflow/dags/professor_rating_dag.py","logger":"airflow.models.dagbag.BundleDagBag","filename":"dagbag.py","lineno":593}
{"timestamp":"2026-02-11T09:38:38.261208Z","level":"info","event":"Filling up the DagBag from /opt/airflow/dags/professor_rating_dag.py","logger":"airflow.models.dagbag.BundleDagBag","filename":"dagbag.py","lineno":593}
{"timestamp":"2026-02-11T09:39:08.913304Z","level":"info","event":"Filling up the DagBag from /opt/airflow/dags/professor_rating_dag.py","logger":"airflow.models.dagbag.BundleDagBag","filename":"dagbag.py","lineno":593}
{"timestamp":"2026-02-11T09:56:11.457757Z","level":"info","event":"Filling up the DagBag from /opt/airflow/dags/professor_rating_dag.py","logger":"airflow.models.dagbag.BundleDagBag","filename":"dagbag.py","lineno":593}
{"timestamp":"2026-02-11T09:56:42.688194Z","level":"info","event":"Filling up the DagBag from /opt/airflow/dags/professor_rating_dag.py","logger":"airflow.models.dagbag.BundleDagBag","filename":"dagbag.py","lineno":593}
{"timestamp":"2026-02-11T09:57:13.261540Z","level":"info","event":"Filling up the DagBag from /opt/airflow/dags/professor_rating_dag.py","logger":"airflow.models.dagbag.BundleDagBag","filename":"dagbag.py","lineno":593}
{"timestamp":"2026-02-11T09:57:43.851939Z","level":"info","event":"Filling up the DagBag from /opt/airflow/dags/professor_rating_dag.py","logger":"airflow.models.dagbag.BundleDagBag","filename":"dagbag.py","lineno":593}
{"timestamp":"2026-02-11T09:58:14.489977Z","level":"info","event":"Filling up the DagBag from /opt/airflow/dags/professor_rating_dag.py","logger":"airflow.models.dagbag.BundleDagBag","filename":"dagbag.py","lineno":593}
{"timestamp":"2026-02-11T10:15:42.231676Z","level":"info","event":"Filling up the DagBag from /opt/airflow/dags/professor_rating_dag.py","logger":"airflow.models.dagbag.BundleDagBag","filename":"dagbag.py","lineno":593}
{"timestamp":"2026-02-11T10:16:12.830660Z","level":"info","event":"Filling up the DagBag from /opt/airflow/dags/professor_rating_dag.py","logger":"airflow.models.dagbag.BundleDagBag","filename":"dagbag.py","lineno":593}
{"timestamp":"2026-02-11T10:33:00.543336Z","level":"info","event":"Filling up the DagBag from /opt/airflow/dags/professor_rating_dag.py","logger":"airflow.models.dagbag.BundleDagBag","filename":"dagbag.py","lineno":593}
{"timestamp":"2026-02-11T10:33:31.121841Z","level":"info","event":"Filling up the DagBag from /opt/airflow/dags/professor_rating_dag.py","logger":"airflow.models.dagbag.BundleDagBag","filename":"dagbag.py","lineno":593}
{"timestamp":"2026-02-11T10:34:01.631389Z","level":"info","event":"Filling up the DagBag from /opt/airflow/dags/professor_rating_dag.py","logger":"airflow.models.dagbag.BundleDagBag","filename":"dagbag.py","lineno":593}
{"timestamp":"2026-02-11T10:50:40.418773Z","level":"info","event":"Filling up the DagBag from /opt/airflow/dags/professor_rating_dag.py","logger":"airflow.models.dagbag.BundleDagBag","filename":"dagbag.py","lineno":593}
{"timestamp":"2026-02-11T10:51:11.109680Z","level":"info","event":"Filling up the DagBag from /opt/airflow/dags/professor_rating_dag.py","logger":"airflow.models.dagbag.BundleDagBag","filename":"dagbag.py","lineno":593}
{"timestamp":"2026-02-11T10:51:41.713400Z","level":"info","event":"Filling up the DagBag from /opt/airflow/dags/professor_rating_dag.py","logger":"airflow.models.dagbag.BundleDagBag","filename":"dagbag.py","lineno":593}
{"timestamp":"2026-02-11T10:52:12.328948Z","level":"info","event":"Filling up the DagBag from /opt/airflow/dags/professor_rating_dag.py","logger":"airflow.models.dagbag.BundleDagBag","filename":"dagbag.py","lineno":593}
{"timestamp":"2026-02-11T10:52:42.940306Z","level":"info","event":"Filling up the DagBag from /opt/airflow/dags/professor_rating_dag.py","logger":"airflow.models.dagbag.BundleDagBag","filename":"dagbag.py","lineno":593}
{"timestamp":"2026-02-11T10:53:13.541764Z","level":"info","event":"Filling up the DagBag from /opt/airflow/dags/professor_rating_dag.py","logger":"airflow.models.dagbag.BundleDagBag","filename":"dagbag.py","lineno":593}
{"timestamp":"2026-02-11T10:53:44.120533Z","level":"info","event":"Filling up the DagBag from /opt/airflow/dags/professor_rating_dag.py","logger":"airflow.models.dagbag.BundleDagBag","filename":"dagbag.py","lineno":593}
{"timestamp":"2026-02-11T10:54:14.651779Z","level":"info","event":"Filling up the DagBag from /opt/airflow/dags/professor_rating_dag.py","logger":"airflow.models.dagbag.BundleDagBag","filename":"dagbag.py","lineno":593}
{"timestamp":"2026-02-11T10:54:45.139755Z","level":"info","event":"Filling up the DagBag from /opt/airflow/dags/professor_rating_dag.py","logger":"airflow.models.dagbag.BundleDagBag","filename":"dagbag.py","lineno":593}
{"timestamp":"2026-02-11T10:55:15.752568Z","level":"info","event":"Filling up the DagBag from /opt/airflow/dags/professor_rating_dag.py","logger":"airflow.models.dagbag.BundleDagBag","filename":"dagbag.py","lineno":593}
{"timestamp":"2026-02-11T10:55:46.329543Z","level":"info","event":"Filling up the DagBag from /opt/airflow/dags/professor_rating_dag.py","logger":"airflow.models.dagbag.BundleDagBag","filename":"dagbag.py","lineno":593}
{"timestamp":"2026-02-11T10:56:16.940934Z","level":"info","event":"Filling up the DagBag from /opt/airflow/dags/professor_rating_dag.py","logger":"airflow.models.dagbag.BundleDagBag","filename":"dagbag.py","lineno":593}
{"timestamp":"2026-02-11T10:56:47.500733Z","level":"info","event":"Filling up the DagBag from /opt/airflow/dags/professor_rating_dag.py","logger":"airflow.models.dagbag.BundleDagBag","filename":"dagbag.py","lineno":593}
{"timestamp":"2026-02-11T10:57:18.034061Z","level":"info","event":"Filling up the DagBag from /opt/airflow/dags/professor_rating_dag.py","logger":"airflow.models.dagbag.BundleDagBag","filename":"dagbag.py","lineno":593}
{"timestamp":"2026-02-11T10:57:48.621521Z","level":"info","event":"Filling up the DagBag from /opt/airflow/dags/professor_rating_dag.py","logger":"airflow.models.dagbag.BundleDagBag","filename":"dagbag.py","lineno":593}
{"timestamp":"2026-02-11T10:58:19.103517Z","level":"info","event":"Filling up the DagBag from /opt/airflow/dags/professor_rating_dag.py","logger":"airflow.models.dagbag.BundleDagBag","filename":"dagbag.py","lineno":593}
{"timestamp":"2026-02-11T11:14:21.088265Z","level":"info","event":"Filling up the DagBag from /opt/airflow/dags/professor_rating_dag.py","logger":"airflow.models.dagbag.BundleDagBag","filename":"dagbag.py","lineno":593}
{"timestamp":"2026-02-11T11:14:51.698391Z","level":"info","event":"Filling up the DagBag from /opt/airflow/dags/professor_rating_dag.py","logger":"airflow.models.dagbag.BundleDagBag","filename":"dagbag.py","lineno":593}
{"timestamp":"2026-02-11T11:25:56.671567Z","level":"info","event":"Filling up the DagBag from /opt/airflow/dags/professor_rating_dag.py","logger":"airflow.models.dagbag.BundleDagBag","filename":"dagbag.py","lineno":593}
{"timestamp":"2026-02-11T11:26:27.285640Z","level":"info","event":"Filling up the DagBag from /opt/airflow/dags/professor_rating_dag.py","logger":"airflow.models.dagbag.BundleDagBag","filename":"dagbag.py","lineno":593}
{"timestamp":"2026-02-11T11:26:57.923181Z","level":"info","event":"Filling up the DagBag from /opt/airflow/dags/professor_rating_dag.py","logger":"airflow.models.dagbag.BundleDagBag","filename":"dagbag.py","lineno":593}
{"timestamp":"2026-02-11T11:27:28.543698Z","level":"info","event":"Filling up the DagBag from /opt/airflow/dags/professor_rating_dag.py","logger":"airflow.models.dagbag.BundleDagBag","filename":"dagbag.py","lineno":593}
{"timestamp":"2026-02-11T11:27:59.103330Z","level":"info","event":"Filling up the DagBag from /opt/airflow/dags/professor_rating_dag.py","logger":"airflow.models.dagbag.BundleDagBag","filename":"dagbag.py","lineno":593}
{"timestamp":"2026-02-11T11:43:29.912805Z","level":"info","event":"Filling up the DagBag from /opt/airflow/dags/professor_rating_dag.py","logger":"airflow.models.dagbag.BundleDagBag","filename":"dagbag.py","lineno":593}
{"timestamp":"2026-02-11T11:44:00.550587Z","level":"info","event":"Filling up the DagBag from /opt/airflow/dags/professor_rating_dag.py","logger":"airflow.models.dagbag.BundleDagBag","filename":"dagbag.py","lineno":593}
{"timestamp":"2026-02-11T11:44:31.138571Z","level":"info","event":"Filling up the DagBag from /opt/airflow/dags/professor_rating_dag.py","logger":"airflow.models.dagbag.BundleDagBag","filename":"dagbag.py","lineno":593}
{"timestamp":"2026-02-11T11:45:01.684758Z","level":"info","event":"Filling up the DagBag from /opt/airflow/dags/professor_rating_dag.py","logger":"airflow.models.dagbag.BundleDagBag","filename":"dagbag.py","lineno":593}
{"timestamp":"2026-02-11T11:45:32.275183Z","level":"info","event":"Filling up the DagBag from /opt/airflow/dags/professor_rating_dag.py","logger":"airflow.models.dagbag.BundleDagBag","filename":"dagbag.py","lineno":593}
{"timestamp":"2026-02-11T11:46:02.823717Z","level":"info","event":"Filling up the DagBag from /opt/airflow/dags/professor_rating_dag.py","logger":"airflow.models.dagbag.BundleDagBag","filename":"dagbag.py","lineno":593}
{"timestamp":"2026-02-11T11:46:33.434098Z","level":"info","event":"Filling up the DagBag from /opt/airflow/dags/professor_rating_dag.py","logger":"airflow.models.dagbag.BundleDagBag","filename":"dagbag.py","lineno":593}
{"timestamp":"2026-02-11T11:47:03.979305Z","level":"info","event":"Filling up the DagBag from /opt/airflow/dags/professor_rating_dag.py","logger":"airflow.models.dagbag.BundleDagBag","filename":"dagbag.py","lineno":593}
{"timestamp":"2026-02-11T11:47:34.601087Z","level":"info","event":"Filling up the DagBag from /opt/airflow/dags/professor_rating_dag.py","logger":"airflow.models.dagbag.BundleDagBag","filename":"dagbag.py","lineno":593}
{"timestamp":"2026-02-11T11:48:05.157278Z","level":"info","event":"Filling up the DagBag from /opt/airflow/dags/professor_rating_dag.py","logger":"airflow.models.dagbag.BundleDagBag","filename":"dagbag.py","lineno":593}
{"timestamp":"2026-02-11T11:48:35.752392Z","level":"info","event":"Filling up the DagBag from /opt/airflow/dags/professor_rating_dag.py","logger":"airflow.models.dagbag.BundleDagBag","filename":"dagbag.py","lineno":593}
{"timestamp":"2026-02-11T11:49:06.263340Z","level":"info","event":"Filling up the DagBag from /opt/airflow/dags/professor_rating_dag.py","logger":"airflow.models.dagbag.BundleDagBag","filename":"dagbag.py","lineno":593}
{"timestamp":"2026-02-11T11:49:36.797971Z","level":"info","event":"Filling up the DagBag from /opt/airflow/dags/professor_rating_dag.py","logger":"airflow.models.dagbag.BundleDagBag","filename":"dagbag.py","lineno":593}
{"timestamp":"2026-02-11T11:50:07.318270Z","level":"info","event":"Filling up the DagBag from /opt/airflow/dags/professor_rating_dag.py","logger":"airflow.models.dagbag.BundleDagBag","filename":"dagbag.py","lineno":593}
{"timestamp":"2026-02-11T11:50:37.870490Z","level":"info","event":"Filling up the DagBag from /opt/airflow/dags/professor_rating_dag.py","logger":"airflow.models.dagbag.BundleDagBag","filename":"dagbag.py","lineno":593}
{"timestamp":"2026-02-11T11:51:08.408023Z","level":"info","event":"Filling up the DagBag from /opt/airflow/dags/professor_rating_dag.py","logger":"airflow.models.dagbag.BundleDagBag","filename":"dagbag.py","lineno":593}
{"timestamp":"2026-02-11T11:51:38.970012Z","level":"info","event":"Filling up the DagBag from /opt/airflow/dags/professor_rating_dag.py","logger":"airflow.models.dagbag.BundleDagBag","filename":"dagbag.py","lineno":593}
{"timestamp":"2026-02-11T11:52:09.407986Z","level":"info","event":"Filling up the DagBag from /opt/airflow/dags/professor_rating_dag.py","logger":"airflow.models.dagbag.BundleDagBag","filename":"dagbag.py","lineno":593}
{"timestamp":"2026-02-11T11:52:39.942679Z","level":"info","event":"Filling up the DagBag from /opt/airflow/dags/professor_rating_dag.py","logger":"airflow.models.dagbag.BundleDagBag","filename":"dagbag.py","lineno":593}
{"timestamp":"2026-02-11T11:53:10.517939Z","level":"info","event":"Filling up the DagBag from /opt/airflow/dags/professor_rating_dag.py","logger":"airflow.models.dagbag.BundleDagBag","filename":"dagbag.py","lineno":593}
{"timestamp":"2026-02-11T11:54:48.925618Z","level":"info","event":"Filling up the DagBag from /opt/airflow/dags/professor_rating_dag.py","logger":"airflow.models.dagbag.BundleDagBag","filename":"dagbag.py","lineno":593}
{"timestamp":"2026-02-11T11:55:19.506227Z","level":"info","event":"Filling up the DagBag from /opt/airflow/dags/professor_rating_dag.py","logger":"airflow.models.dagbag.BundleDagBag","filename":"dagbag.py","lineno":593}
{"timestamp":"2026-02-11T12:12:28.206697Z","level":"info","event":"Filling up the DagBag from /opt/airflow/dags/professor_rating_dag.py","logger":"airflow.models.dagbag.BundleDagBag","filename":"dagbag.py","lineno":593}
{"timestamp":"2026-02-11T12:12:59.393788Z","level":"info","event":"Filling up the DagBag from /opt/airflow/dags/professor_rating_dag.py","logger":"airflow.models.dagbag.BundleDagBag","filename":"dagbag.py","lineno":593}
{"timestamp":"2026-02-11T12:13:29.870328Z","level":"info","event":"Filling up the DagBag from /opt/airflow/dags/professor_rating_dag.py","logger":"airflow.models.dagbag.BundleDagBag","filename":"dagbag.py","lineno":593}
{"timestamp":"2026-02-11T12:29:38.750195Z","level":"info","event":"Filling up the DagBag from /opt/airflow/dags/professor_rating_dag.py","logger":"airflow.models.dagbag.BundleDagBag","filename":"dagbag.py","lineno":593}
{"timestamp":"2026-02-11T12:30:09.469118Z","level":"info","event":"Filling up the DagBag from /opt/airflow/dags/professor_rating_dag.py","logger":"airflow.models.dagbag.BundleDagBag","filename":"dagbag.py","lineno":593}
{"timestamp":"2026-02-11T12:30:40.030439Z","level":"info","event":"Filling up the DagBag from /opt/airflow/dags/professor_rating_dag.py","logger":"airflow.models.dagbag.BundleDagBag","filename":"dagbag.py","lineno":593}
{"timestamp":"2026-02-11T12:31:10.640059Z","level":"info","event":"Filling up the DagBag from /opt/airflow/dags/professor_rating_dag.py","logger":"airflow.models.dagbag.BundleDagBag","filename":"dagbag.py","lineno":593}
{"timestamp":"2026-02-11T12:31:41.158434Z","level":"info","event":"Filling up the DagBag from /opt/airflow/dags/professor_rating_dag.py","logger":"airflow.models.dagbag.BundleDagBag","filename":"dagbag.py","lineno":593}
{"timestamp":"2026-02-11T12:32:11.706223Z","level":"info","event":"Filling up the DagBag from /opt/airflow/dags/professor_rating_dag.py","logger":"airflow.models.dagbag.BundleDagBag","filename":"dagbag.py","lineno":593}
{"timestamp":"2026-02-11T12:32:42.231669Z","level":"info","event":"Filling up the DagBag from /opt/airflow/dags/professor_rating_dag.py","logger":"airflow.models.dagbag.BundleDagBag","filename":"dagbag.py","lineno":593}
{"timestamp":"2026-02-11T12:33:12.824787Z","level":"info","event":"Filling up the DagBag from /opt/airflow/dags/professor_rating_dag.py","logger":"airflow.models.dagbag.BundleDagBag","filename":"dagbag.py","lineno":593}
{"timestamp":"2026-02-11T12:33:43.439151Z","level":"info","event":"Filling up the DagBag from /opt/airflow/dags/professor_rating_dag.py","logger":"airflow.models.dagbag.BundleDagBag","filename":"dagbag.py","lineno":593}
{"timestamp":"2026-02-11T12:34:14.097996Z","level":"info","event":"Filling up the DagBag from /opt/airflow/dags/professor_rating_dag.py","logger":"airflow.models.dagbag.BundleDagBag","filename":"dagbag.py","lineno":593}
{"timestamp":"2026-02-11T12:34:44.622144Z","level":"info","event":"Filling up the DagBag from /opt/airflow/dags/professor_rating_dag.py","logger":"airflow.models.dagbag.BundleDagBag","filename":"dagbag.py","lineno":593}
{"timestamp":"2026-02-11T12:35:15.171007Z","level":"info","event":"Filling up the DagBag from /opt/airflow/dags/professor_rating_dag.py","logger":"airflow.models.dagbag.BundleDagBag","filename":"dagbag.py","lineno":593}
{"timestamp":"2026-02-11T12:35:45.711226Z","level":"info","event":"Filling up the DagBag from /opt/airflow/dags/professor_rating_dag.py","logger":"airflow.models.dagbag.BundleDagBag","filename":"dagbag.py","lineno":593}
{"timestamp":"2026-02-11T12:36:16.159537Z","level":"info","event":"Filling up the DagBag from /opt/airflow/dags/professor_rating_dag.py","logger":"airflow.models.dagbag.BundleDagBag","filename":"dagbag.py","lineno":593}
{"timestamp":"2026-02-11T12:36:46.677267Z","level":"info","event":"Filling up the DagBag from /opt/airflow/dags/professor_rating_dag.py","logger":"airflow.models.dagbag.BundleDagBag","filename":"dagbag.py","lineno":593}
{"timestamp":"2026-02-11T12:37:17.201556Z","level":"info","event":"Filling up the DagBag from /opt/airflow/dags/professor_rating_dag.py","logger":"airflow.models.dagbag.BundleDagBag","filename":"dagbag.py","lineno":593}
{"timestamp":"2026-02-11T12:54:59.726655Z","level":"info","event":"Filling up the DagBag from /opt/airflow/dags/professor_rating_dag.py","logger":"airflow.models.dagbag.BundleDagBag","filename":"dagbag.py","lineno":593}
{"timestamp":"2026-02-11T12:55:30.303168Z","level":"info","event":"Filling up the DagBag from /opt/airflow/dags/professor_rating_dag.py","logger":"airflow.models.dagbag.BundleDagBag","filename":"dagbag.py","lineno":593}
{"timestamp":"2026-02-11T12:56:00.817310Z","level":"info","event":"Filling up the DagBag from /opt/airflow/dags/professor_rating_dag.py","logger":"airflow.models.dagbag.BundleDagBag","filename":"dagbag.py","lineno":593}
{"timestamp":"2026-02-11T12:56:31.358651Z","level":"info","event":"Filling up the DagBag from /opt/airflow/dags/professor_rating_dag.py","logger":"airflow.models.dagbag.BundleDagBag","filename":"dagbag.py","lineno":593}
{"timestamp":"2026-02-11T13:02:09.525627Z","level":"info","event":"Filling up the DagBag from /opt/airflow/dags/professor_rating_dag.py","logger":"airflow.models.dagbag.BundleDagBag","filename":"dagbag.py","lineno":593}
{"timestamp":"2026-02-11T13:02:40.143444Z","level":"info","event":"Filling up the DagBag from /opt/airflow/dags/professor_rating_dag.py","logger":"airflow.models.dagbag.BundleDagBag","filename":"dagbag.py","lineno":593}
{"timestamp":"2026-02-11T13:03:10.702553Z","level":"info","event":"Filling up the DagBag from /opt/airflow/dags/professor_rating_dag.py","logger":"airflow.models.dagbag.BundleDagBag","filename":"dagbag.py","lineno":593}
{"timestamp":"2026-02-11T13:03:41.228650Z","level":"info","event":"Filling up the DagBag from /opt/airflow/dags/professor_rating_dag.py","logger":"airflow.models.dagbag.BundleDagBag","filename":"dagbag.py","lineno":593}
{"timestamp":"2026-02-11T13:04:11.857302Z","level":"info","event":"Filling up the DagBag from /opt/airflow/dags/professor_rating_dag.py","logger":"airflow.models.dagbag.BundleDagBag","filename":"dagbag.py","lineno":593}
{"timestamp":"2026-02-11T13:19:49.675921Z","level":"info","event":"Filling up the DagBag from /opt/airflow/dags/professor_rating_dag.py","logger":"airflow.models.dagbag.BundleDagBag","filename":"dagbag.py","lineno":593}
{"timestamp":"2026-02-11T13:20:20.301528Z","level":"info","event":"Filling up the DagBag from /opt/airflow/dags/professor_rating_dag.py","logger":"airflow.models.dagbag.BundleDagBag","filename":"dagbag.py","lineno":593}
{"timestamp":"2026-02-11T13:20:50.847360Z","level":"info","event":"Filling up the DagBag from /opt/airflow/dags/professor_rating_dag.py","logger":"airflow.models.dagbag.BundleDagBag","filename":"dagbag.py","lineno":593}
{"timestamp":"2026-02-11T13:21:21.352746Z","level":"info","event":"Filling up the DagBag from /opt/airflow/dags/professor_rating_dag.py","logger":"airflow.models.dagbag.BundleDagBag","filename":"dagbag.py","lineno":593}
{"timestamp":"2026-02-11T13:21:51.890881Z","level":"info","event":"Filling up the DagBag from /opt/airflow/dags/professor_rating_dag.py","logger":"airflow.models.dagbag.BundleDagBag","filename":"dagbag.py","lineno":593}
{"timestamp":"2026-02-11T13:22:22.396565Z","level":"info","event":"Filling up the DagBag from /opt/airflow/dags/professor_rating_dag.py","logger":"airflow.models.dagbag.BundleDagBag","filename":"dagbag.py","lineno":593}
{"timestamp":"2026-02-11T13:22:52.969103Z","level":"info","event":"Filling up the DagBag from /opt/airflow/dags/professor_rating_dag.py","logger":"airflow.models.dagbag.BundleDagBag","filename":"dagbag.py","lineno":593}
{"timestamp":"2026-02-11T13:23:23.539882Z","level":"info","event":"Filling up the DagBag from /opt/airflow/dags/professor_rating_dag.py","logger":"airflow.models.dagbag.BundleDagBag","filename":"dagbag.py","lineno":593}
{"timestamp":"2026-02-11T13:23:54.003124Z","level":"info","event":"Filling up the DagBag from /opt/airflow/dags/professor_rating_dag.py","logger":"airflow.models.dagbag.BundleDagBag","filename":"dagbag.py","lineno":593}
{"timestamp":"2026-02-11T13:24:24.563198Z","level":"info","event":"Filling up the DagBag from /opt/airflow/dags/professor_rating_dag.py","logger":"airflow.models.dagbag.BundleDagBag","filename":"dagbag.py","lineno":593}
{"timestamp":"2026-02-11T13:24:55.068194Z","level":"info","event":"Filling up the DagBag from /opt/airflow/dags/professor_rating_dag.py","logger":"airflow.models.dagbag.BundleDagBag","filename":"dagbag.py","lineno":593}
{"timestamp":"2026-02-11T13:25:25.530985Z","level":"info","event":"Filling up the DagBag from /opt/airflow/dags/professor_rating_dag.py","logger":"airflow.models.dagbag.BundleDagBag","filename":"dagbag.py","lineno":593}
{"timestamp":"2026-02-11T13:25:56.107872Z","level":"info","event":"Filling up the DagBag from /opt/airflow/dags/professor_rating_dag.py","logger":"airflow.models.dagbag.BundleDagBag","filename":"dagbag.py","lineno":593}
{"timestamp":"2026-02-11T13:26:26.674940Z","level":"info","event":"Filling up the DagBag from /opt/airflow/dags/professor_rating_dag.py","logger":"airflow.models.dagbag.BundleDagBag","filename":"dagbag.py","lineno":593}
{"timestamp":"2026-02-11T13:26:57.200115Z","level":"info","event":"Filling up the DagBag from /opt/airflow/dags/professor_rating_dag.py","logger":"airflow.models.dagbag.BundleDagBag","filename":"dagbag.py","lineno":593}
{"timestamp":"2026-02-11T13:27:27.712926Z","level":"info","event":"Filling up the DagBag from /opt/airflow/dags/professor_rating_dag.py","logger":"airflow.models.dagbag.BundleDagBag","filename":"dagbag.py","lineno":593}
{"timestamp":"2026-02-11T13:27:58.232399Z","level":"info","event":"Filling up the DagBag from /opt/airflow/dags/professor_rating_dag.py","logger":"airflow.models.dagbag.BundleDagBag","filename":"dagbag.py","lineno":593}
{"timestamp":"2026-02-11T13:28:28.843460Z","level":"info","event":"Filling up the DagBag from /opt/airflow/dags/professor_rating_dag.py","logger":"airflow.models.dagbag.BundleDagBag","filename":"dagbag.py","lineno":593}
{"timestamp":"2026-02-11T13:44:08.600348Z","level":"info","event":"Filling up the DagBag from /opt/airflow/dags/professor_rating_dag.py","logger":"airflow.models.dagbag.BundleDagBag","filename":"dagbag.py","lineno":593}
{"timestamp":"2026-02-11T13:44:39.253299Z","level":"info","event":"Filling up the DagBag from /opt/airflow/dags/professor_rating_dag.py","logger":"airflow.models.dagbag.BundleDagBag","filename":"dagbag.py","lineno":593}
{"timestamp":"2026-02-11T14:01:24.296687Z","level":"info","event":"Filling up the DagBag from /opt/airflow/dags/professor_rating_dag.py","logger":"airflow.models.dagbag.BundleDagBag","filename":"dagbag.py","lineno":593}
{"timestamp":"2026-02-11T14:01:54.930589Z","level":"info","event":"Filling up the DagBag from /opt/airflow/dags/professor_rating_dag.py","logger":"airflow.models.dagbag.BundleDagBag","filename":"dagbag.py","lineno":593}
{"timestamp":"2026-02-11T14:02:25.489986Z","level":"info","event":"Filling up the DagBag from /opt/airflow/dags/professor_rating_dag.py","logger":"airflow.models.dagbag.BundleDagBag","filename":"dagbag.py","lineno":593}
{"timestamp":"2026-02-11T14:02:56.054660Z","level":"info","event":"Filling up the DagBag from /opt/airflow/dags/professor_rating_dag.py","logger":"airflow.models.dagbag.BundleDagBag","filename":"dagbag.py","lineno":593}
{"timestamp":"2026-02-11T14:03:26.637869Z","level":"info","event":"Filling up the DagBag from /opt/airflow/dags/professor_rating_dag.py","logger":"airflow.models.dagbag.BundleDagBag","filename":"dagbag.py","lineno":593}
{"timestamp":"2026-02-11T14:03:57.213725Z","level":"info","event":"Filling up the DagBag from /opt/airflow/dags/professor_rating_dag.py","logger":"airflow.models.dagbag.BundleDagBag","filename":"dagbag.py","lineno":593}
{"timestamp":"2026-02-11T14:04:27.793526Z","level":"info","event":"Filling up the DagBag from /opt/airflow/dags/professor_rating_dag.py","logger":"airflow.models.dagbag.BundleDagBag","filename":"dagbag.py","lineno":593}
{"timestamp":"2026-02-11T14:04:58.340509Z","level":"info","event":"Filling up the DagBag from /opt/airflow/dags/professor_rating_dag.py","logger":"airflow.models.dagbag.BundleDagBag","filename":"dagbag.py","lineno":593}
{"timestamp":"2026-02-11T14:05:28.904682Z","level":"info","event":"Filling up the DagBag from /opt/airflow/dags/professor_rating_dag.py","logger":"airflow.models.dagbag.BundleDagBag","filename":"dagbag.py","lineno":593}
{"timestamp":"2026-02-11T14:05:59.436194Z","level":"info","event":"Filling up the DagBag from /opt/airflow/dags/professor_rating_dag.py","logger":"airflow.models.dagbag.BundleDagBag","filename":"dagbag.py","lineno":593}
{"timestamp":"2026-02-11T14:06:29.966935Z","level":"info","event":"Filling up the DagBag from /opt/airflow/dags/professor_rating_dag.py","logger":"airflow.models.dagbag.BundleDagBag","filename":"dagbag.py","lineno":593}
{"timestamp":"2026-02-11T14:07:00.454281Z","level":"info","event":"Filling up the DagBag from /opt/airflow/dags/professor_rating_dag.py","logger":"airflow.models.dagbag.BundleDagBag","filename":"dagbag.py","lineno":593}
{"timestamp":"2026-02-11T14:07:30.979844Z","level":"info","event":"Filling up the DagBag from /opt/airflow/dags/professor_rating_dag.py","logger":"airflow.models.dagbag.BundleDagBag","filename":"dagbag.py","lineno":593}
{"timestamp":"2026-02-11T14:08:01.482182Z","level":"info","event":"Filling up the DagBag from /opt/airflow/dags/professor_rating_dag.py","logger":"airflow.models.dagbag.BundleDagBag","filename":"dagbag.py","lineno":593}
{"timestamp":"2026-02-11T14:08:31.989840Z","level":"info","event":"Filling up the DagBag from /opt/airflow/dags/professor_rating_dag.py","logger":"airflow.models.dagbag.BundleDagBag","filename":"dagbag.py","lineno":593}
{"timestamp":"2026-02-11T14:09:02.539789Z","level":"info","event":"Filling up the DagBag from /opt/airflow/dags/professor_rating_dag.py","logger":"airflow.models.dagbag.BundleDagBag","filename":"dagbag.py","lineno":593}
{"timestamp":"2026-02-11T14:09:33.103310Z","level":"info","event":"Filling up the DagBag from /opt/airflow/dags/professor_rating_dag.py","logger":"airflow.models.dagbag.BundleDagBag","filename":"dagbag.py","lineno":593}
{"timestamp":"2026-02-11T14:10:03.507569Z","level":"info","event":"Filling up the DagBag from /opt/airflow/dags/professor_rating_dag.py","logger":"airflow.models.dagbag.BundleDagBag","filename":"dagbag.py","lineno":593}
{"timestamp":"2026-02-11T14:10:34.036638Z","level":"info","event":"Filling up the DagBag from /opt/airflow/dags/professor_rating_dag.py","logger":"airflow.models.dagbag.BundleDagBag","filename":"dagbag.py","lineno":593}
{"timestamp":"2026-02-11T14:11:04.581835Z","level":"info","event":"Filling up the DagBag from /opt/airflow/dags/professor_rating_dag.py","logger":"airflow.models.dagbag.BundleDagBag","filename":"dagbag.py","lineno":593}
{"timestamp":"2026-02-11T14:11:35.061964Z","level":"info","event":"Filling up the DagBag from /opt/airflow/dags/professor_rating_dag.py","logger":"airflow.models.dagbag.BundleDagBag","filename":"dagbag.py","lineno":593}
{"timestamp":"2026-02-11T14:12:05.602525Z","level":"info","event":"Filling up the DagBag from /opt/airflow/dags/professor_rating_dag.py","logger":"airflow.models.dagbag.BundleDagBag","filename":"dagbag.py","lineno":593}
{"timestamp":"2026-02-11T14:12:36.160374Z","level":"info","event":"Filling up the DagBag from /opt/airflow/dags/professor_rating_dag.py","logger":"airflow.models.dagbag.BundleDagBag","filename":"dagbag.py","lineno":593}
{"timestamp":"2026-02-11T14:13:06.778449Z","level":"info","event":"Filling up the DagBag from /opt/airflow/dags/professor_rating_dag.py","logger":"airflow.models.dagbag.BundleDagBag","filename":"dagbag.py","lineno":593}
{"timestamp":"2026-02-11T14:13:37.385626Z","level":"info","event":"Filling up the DagBag from /opt/airflow/dags/professor_rating_dag.py","logger":"airflow.models.dagbag.BundleDagBag","filename":"dagbag.py","lineno":593}
{"timestamp":"2026-02-11T14:14:07.981993Z","level":"info","event":"Filling up the DagBag from /opt/airflow/dags/professor_rating_dag.py","logger":"airflow.models.dagbag.BundleDagBag","filename":"dagbag.py","lineno":593}
{"timestamp":"2026-02-11T14:14:38.552592Z","level":"info","event":"Filling up the DagBag from /opt/airflow/dags/professor_rating_dag.py","logger":"airflow.models.dagbag.BundleDagBag","filename":"dagbag.py","lineno":593}
{"timestamp":"2026-02-11T14:15:09.159090Z","level":"info","event":"Filling up the DagBag from /opt/airflow/dags/professor_rating_dag.py","logger":"airflow.models.dagbag.BundleDagBag","filename":"dagbag.py","lineno":593}
{"timestamp":"2026-02-11T14:15:39.727815Z","level":"info","event":"Filling up the DagBag from /opt/airflow/dags/professor_rating_dag.py","logger":"airflow.models.dagbag.BundleDagBag","filename":"dagbag.py","lineno":593}
{"timestamp":"2026-02-11T14:16:10.346036Z","level":"info","event":"Filling up the DagBag from /opt/airflow/dags/professor_rating_dag.py","logger":"airflow.models.dagbag.BundleDagBag","filename":"dagbag.py","lineno":593}
{"timestamp":"2026-02-11T14:16:40.909967Z","level":"info","event":"Filling up the DagBag from /opt/airflow/dags/professor_rating_dag.py","logger":"airflow.models.dagbag.BundleDagBag","filename":"dagbag.py","lineno":593}
{"timestamp":"2026-02-11T14:17:11.463159Z","level":"info","event":"Filling up the DagBag from /opt/airflow/dags/professor_rating_dag.py","logger":"airflow.models.dagbag.BundleDagBag","filename":"dagbag.py","lineno":593}
{"timestamp":"2026-02-11T14:17:42.072257Z","level":"info","event":"Filling up the DagBag from /opt/airflow/dags/professor_rating_dag.py","logger":"airflow.models.dagbag.BundleDagBag","filename":"dagbag.py","lineno":593}
{"timestamp":"2026-02-11T14:18:12.557216Z","level":"info","event":"Filling up the DagBag from /opt/airflow/dags/professor_rating_dag.py","logger":"airflow.models.dagbag.BundleDagBag","filename":"dagbag.py","lineno":593}
{"timestamp":"2026-02-11T14:18:43.072234Z","level":"info","event":"Filling up the DagBag from /opt/airflow/dags/professor_rating_dag.py","logger":"airflow.models.dagbag.BundleDagBag","filename":"dagbag.py","lineno":593}
{"timestamp":"2026-02-11T14:19:13.613761Z","level":"info","event":"Filling up the DagBag from /opt/airflow/dags/professor_rating_dag.py","logger":"airflow.models.dagbag.BundleDagBag","filename":"dagbag.py","lineno":593}
{"timestamp":"2026-02-11T14:19:44.186923Z","level":"info","event":"Filling up the DagBag from /opt/airflow/dags/professor_rating_dag.py","logger":"airflow.models.dagbag.BundleDagBag","filename":"dagbag.py","lineno":593}
{"timestamp":"2026-02-11T14:20:14.773221Z","level":"info","event":"Filling up the DagBag from /opt/airflow/dags/professor_rating_dag.py","logger":"airflow.models.dagbag.BundleDagBag","filename":"dagbag.py","lineno":593}
{"timestamp":"2026-02-11T14:20:45.314682Z","level":"info","event":"Filling up the DagBag from /opt/airflow/dags/professor_rating_dag.py","logger":"airflow.models.dagbag.BundleDagBag","filename":"dagbag.py","lineno":593}
{"timestamp":"2026-02-11T14:21:15.837830Z","level":"info","event":"Filling up the DagBag from /opt/airflow/dags/professor_rating_dag.py","logger":"airflow.models.dagbag.BundleDagBag","filename":"dagbag.py","lineno":593}
{"timestamp":"2026-02-11T14:21:46.425473Z","level":"info","event":"Filling up the DagBag from /opt/airflow/dags/professor_rating_dag.py","logger":"airflow.models.dagbag.BundleDagBag","filename":"dagbag.py","lineno":593}
{"timestamp":"2026-02-11T14:22:16.937485Z","level":"info","event":"Filling up the DagBag from /opt/airflow/dags/professor_rating_dag.py","logger":"airflow.models.dagbag.BundleDagBag","filename":"dagbag.py","lineno":593}
{"timestamp":"2026-02-11T14:22:47.499999Z","level":"info","event":"Filling up the DagBag from /opt/airflow/dags/professor_rating_dag.py","logger":"airflow.models.dagbag.BundleDagBag","filename":"dagbag.py","lineno":593}
{"timestamp":"2026-02-11T14:23:18.035723Z","level":"info","event":"Filling up the DagBag from /opt/airflow/dags/professor_rating_dag.py","logger":"airflow.models.dagbag.BundleDagBag","filename":"dagbag.py","lineno":593}
{"timestamp":"2026-02-11T14:23:48.619890Z","level":"info","event":"Filling up the DagBag from /opt/airflow/dags/professor_rating_dag.py","logger":"airflow.models.dagbag.BundleDagBag","filename":"dagbag.py","lineno":593}
{"timestamp":"2026-02-11T14:24:19.099564Z","level":"info","event":"Filling up the DagBag from /opt/airflow/dags/professor_rating_dag.py","logger":"airflow.models.dagbag.BundleDagBag","filename":"dagbag.py","lineno":593}
{"timestamp":"2026-02-11T14:24:49.622962Z","level":"info","event":"Filling up the DagBag from /opt/airflow/dags/professor_rating_dag.py","logger":"airflow.models.dagbag.BundleDagBag","filename":"dagbag.py","lineno":593}
{"timestamp":"2026-02-11T14:25:20.146577Z","level":"info","event":"Filling up the DagBag from /opt/airflow/dags/professor_rating_dag.py","logger":"airflow.models.dagbag.BundleDagBag","filename":"dagbag.py","lineno":593}
{"timestamp":"2026-02-11T14:25:50.701279Z","level":"info","event":"Filling up the DagBag from /opt/airflow/dags/professor_rating_dag.py","logger":"airflow.models.dagbag.BundleDagBag","filename":"dagbag.py","lineno":593}
{"timestamp":"2026-02-11T14:26:21.223668Z","level":"info","event":"Filling up the DagBag from /opt/airflow/dags/professor_rating_dag.py","logger":"airflow.models.dagbag.BundleDagBag","filename":"dagbag.py","lineno":593}
{"timestamp":"2026-02-11T14:26:51.757400Z","level":"info","event":"Filling up the DagBag from /opt/airflow/dags/professor_rating_dag.py","logger":"airflow.models.dagbag.BundleDagBag","filename":"dagbag.py","lineno":593}
{"timestamp":"2026-02-11T14:27:22.387568Z","level":"info","event":"Filling up the DagBag from /opt/airflow/dags/professor_rating_dag.py","logger":"airflow.models.dagbag.BundleDagBag","filename":"dagbag.py","lineno":593}
{"timestamp":"2026-02-11T14:27:52.901974Z","level":"info","event":"Filling up the DagBag from /opt/airflow/dags/professor_rating_dag.py","logger":"airflow.models.dagbag.BundleDagBag","filename":"dagbag.py","lineno":593}
{"timestamp":"2026-02-11T14:28:23.521343Z","level":"info","event":"Filling up the DagBag from /opt/airflow/dags/professor_rating_dag.py","logger":"airflow.models.dagbag.BundleDagBag","filename":"dagbag.py","lineno":593}
{"timestamp":"2026-02-11T14:28:54.032445Z","level":"info","event":"Filling up the DagBag from /opt/airflow/dags/professor_rating_dag.py","logger":"airflow.models.dagbag.BundleDagBag","filename":"dagbag.py","lineno":593}
{"timestamp":"2026-02-11T14:29:24.627423Z","level":"info","event":"Filling up the DagBag from /opt/airflow/dags/professor_rating_dag.py","logger":"airflow.models.dagbag.BundleDagBag","filename":"dagbag.py","lineno":593}
{"timestamp":"2026-02-11T14:29:55.206453Z","level":"info","event":"Filling up the DagBag from /opt/airflow/dags/professor_rating_dag.py","logger":"airflow.models.dagbag.BundleDagBag","filename":"dagbag.py","lineno":593}
{"timestamp":"2026-02-11T14:30:25.749377Z","level":"info","event":"Filling up the DagBag from /opt/airflow/dags/professor_rating_dag.py","logger":"airflow.models.dagbag.BundleDagBag","filename":"dagbag.py","lineno":593}
{"timestamp":"2026-02-11T14:30:56.373763Z","level":"info","event":"Filling up the DagBag from /opt/airflow/dags/professor_rating_dag.py","logger":"airflow.models.dagbag.BundleDagBag","filename":"dagbag.py","lineno":593}
{"timestamp":"2026-02-11T14:31:26.972285Z","level":"info","event":"Filling up the DagBag from /opt/airflow/dags/professor_rating_dag.py","logger":"airflow.models.dagbag.BundleDagBag","filename":"dagbag.py","lineno":593}
{"timestamp":"2026-02-11T14:31:57.485384Z","level":"info","event":"Filling up the DagBag from /opt/airflow/dags/professor_rating_dag.py","logger":"airflow.models.dagbag.BundleDagBag","filename":"dagbag.py","lineno":593}
{"timestamp":"2026-02-11T14:32:28.005984Z","level":"info","event":"Filling up the DagBag from /opt/airflow/dags/professor_rating_dag.py","logger":"airflow.models.dagbag.BundleDagBag","filename":"dagbag.py","lineno":593}
{"timestamp":"2026-02-11T14:32:58.591193Z","level":"info","event":"Filling up the DagBag from /opt/airflow/dags/professor_rating_dag.py","logger":"airflow.models.dagbag.BundleDagBag","filename":"dagbag.py","lineno":593}
{"timestamp":"2026-02-11T14:33:29.006959Z","level":"info","event":"Filling up the DagBag from /opt/airflow/dags/professor_rating_dag.py","logger":"airflow.models.dagbag.BundleDagBag","filename":"dagbag.py","lineno":593}
{"timestamp":"2026-02-11T14:33:59.522101Z","level":"info","event":"Filling up the DagBag from /opt/airflow/dags/professor_rating_dag.py","logger":"airflow.models.dagbag.BundleDagBag","filename":"dagbag.py","lineno":593}
{"timestamp":"2026-02-11T14:34:30.000349Z","level":"info","event":"Filling up the DagBag from /opt/airflow/dags/professor_rating_dag.py","logger":"airflow.models.dagbag.BundleDagBag","filename":"dagbag.py","lineno":593}
{"timestamp":"2026-02-11T14:35:00.547094Z","level":"info","event":"Filling up the DagBag from /opt/airflow/dags/professor_rating_dag.py","logger":"airflow.models.dagbag.BundleDagBag","filename":"dagbag.py","lineno":593}
{"timestamp":"2026-02-11T14:35:31.027863Z","level":"info","event":"Filling up the DagBag from /opt/airflow/dags/professor_rating_dag.py","logger":"airflow.models.dagbag.BundleDagBag","filename":"dagbag.py","lineno":593}
{"timestamp":"2026-02-11T14:36:01.567904Z","level":"info","event":"Filling up the DagBag from /opt/airflow/dags/professor_rating_dag.py","logger":"airflow.models.dagbag.BundleDagBag","filename":"dagbag.py","lineno":593}
{"timestamp":"2026-02-11T14:36:32.172786Z","level":"info","event":"Filling up the DagBag from /opt/airflow/dags/professor_rating_dag.py","logger":"airflow.models.dagbag.BundleDagBag","filename":"dagbag.py","lineno":593}
{"timestamp":"2026-02-11T14:37:02.745439Z","level":"info","event":"Filling up the DagBag from /opt/airflow/dags/professor_rating_dag.py","logger":"airflow.models.dagbag.BundleDagBag","filename":"dagbag.py","lineno":593}
{"timestamp":"2026-02-11T14:37:33.301319Z","level":"info","event":"Filling up the DagBag from /opt/airflow/dags/professor_rating_dag.py","logger":"airflow.models.dagbag.BundleDagBag","filename":"dagbag.py","lineno":593}
{"timestamp":"2026-02-11T14:38:03.857749Z","level":"info","event":"Filling up the DagBag from /opt/airflow/dags/professor_rating_dag.py","logger":"airflow.models.dagbag.BundleDagBag","filename":"dagbag.py","lineno":593}
{"timestamp":"2026-02-11T14:38:34.416027Z","level":"info","event":"Filling up the DagBag from /opt/airflow/dags/professor_rating_dag.py","logger":"airflow.models.dagbag.BundleDagBag","filename":"dagbag.py","lineno":593}
{"timestamp":"2026-02-11T14:39:04.951078Z","level":"info","event":"Filling up the DagBag from /opt/airflow/dags/professor_rating_dag.py","logger":"airflow.models.dagbag.BundleDagBag","filename":"dagbag.py","lineno":593}
{"timestamp":"2026-02-11T14:39:35.554874Z","level":"info","event":"Filling up the DagBag from /opt/airflow/dags/professor_rating_dag.py","logger":"airflow.models.dagbag.BundleDagBag","filename":"dagbag.py","lineno":593}
{"timestamp":"2026-02-11T14:40:06.042739Z","level":"info","event":"Filling up the DagBag from /opt/airflow/dags/professor_rating_dag.py","logger":"airflow.models.dagbag.BundleDagBag","filename":"dagbag.py","lineno":593}
{"timestamp":"2026-02-11T14:40:36.574092Z","level":"info","event":"Filling up the DagBag from /opt/airflow/dags/professor_rating_dag.py","logger":"airflow.models.dagbag.BundleDagBag","filename":"dagbag.py","lineno":593}
{"timestamp":"2026-02-11T14:41:07.076615Z","level":"info","event":"Filling up the DagBag from /opt/airflow/dags/professor_rating_dag.py","logger":"airflow.models.dagbag.BundleDagBag","filename":"dagbag.py","lineno":593}
{"timestamp":"2026-02-11T14:41:37.582188Z","level":"info","event":"Filling up the DagBag from /opt/airflow/dags/professor_rating_dag.py","logger":"airflow.models.dagbag.BundleDagBag","filename":"dagbag.py","lineno":593}
{"timestamp":"2026-02-11T14:42:08.205659Z","level":"info","event":"Filling up the DagBag from /opt/airflow/dags/professor_rating_dag.py","logger":"airflow.models.dagbag.BundleDagBag","filename":"dagbag.py","lineno":593}
{"timestamp":"2026-02-11T14:42:38.825218Z","level":"info","event":"Filling up the DagBag from /opt/airflow/dags/professor_rating_dag.py","logger":"airflow.models.dagbag.BundleDagBag","filename":"dagbag.py","lineno":593}
{"timestamp":"2026-02-11T14:43:09.414412Z","level":"info","event":"Filling up the DagBag from /opt/airflow/dags/professor_rating_dag.py","logger":"airflow.models.dagbag.BundleDagBag","filename":"dagbag.py","lineno":593}
{"timestamp":"2026-02-11T14:43:40.016622Z","level":"info","event":"Filling up the DagBag from /opt/airflow/dags/professor_rating_dag.py","logger":"airflow.models.dagbag.BundleDagBag","filename":"dagbag.py","lineno":593}
{"timestamp":"2026-02-11T14:44:10.686863Z","level":"info","event":"Filling up the DagBag from /opt/airflow/dags/professor_rating_dag.py","logger":"airflow.models.dagbag.BundleDagBag","filename":"dagbag.py","lineno":593}
{"timestamp":"2026-02-11T14:44:41.341692Z","level":"info","event":"Filling up the DagBag from /opt/airflow/dags/professor_rating_dag.py","logger":"airflow.models.dagbag.BundleDagBag","filename":"dagbag.py","lineno":593}
{"timestamp":"2026-02-11T14:45:11.897838Z","level":"info","event":"Filling up the DagBag from /opt/airflow/dags/professor_rating_dag.py","logger":"airflow.models.dagbag.BundleDagBag","filename":"dagbag.py","lineno":593}
{"timestamp":"2026-02-11T14:45:42.384036Z","level":"info","event":"Filling up the DagBag from /opt/airflow/dags/professor_rating_dag.py","logger":"airflow.models.dagbag.BundleDagBag","filename":"dagbag.py","lineno":593}
{"timestamp":"2026-02-11T14:46:12.974829Z","level":"info","event":"Filling up the DagBag from /opt/airflow/dags/professor_rating_dag.py","logger":"airflow.models.dagbag.BundleDagBag","filename":"dagbag.py","lineno":593}
{"timestamp":"2026-02-11T14:46:43.570042Z","level":"info","event":"Filling up the DagBag from /opt/airflow/dags/professor_rating_dag.py","logger":"airflow.models.dagbag.BundleDagBag","filename":"dagbag.py","lineno":593}
{"timestamp":"2026-02-11T14:47:14.144407Z","level":"info","event":"Filling up the DagBag from /opt/airflow/dags/professor_rating_dag.py","logger":"airflow.models.dagbag.BundleDagBag","filename":"dagbag.py","lineno":593}
{"timestamp":"2026-02-11T14:47:44.757394Z","level":"info","event":"Filling up the DagBag from /opt/airflow/dags/professor_rating_dag.py","logger":"airflow.models.dagbag.BundleDagBag","filename":"dagbag.py","lineno":593}
{"timestamp":"2026-02-11T14:48:15.371760Z","level":"info","event":"Filling up the DagBag from /opt/airflow/dags/professor_rating_dag.py","logger":"airflow.models.dagbag.BundleDagBag","filename":"dagbag.py","lineno":593}
{"timestamp":"2026-02-11T14:48:45.961186Z","level":"info","event":"Filling up the DagBag from /opt/airflow/dags/professor_rating_dag.py","logger":"airflow.models.dagbag.BundleDagBag","filename":"dagbag.py","lineno":593}
{"timestamp":"2026-02-11T14:49:16.510604Z","level":"info","event":"Filling up the DagBag from /opt/airflow/dags/professor_rating_dag.py","logger":"airflow.models.dagbag.BundleDagBag","filename":"dagbag.py","lineno":593}
{"timestamp":"2026-02-11T14:49:46.967936Z","level":"info","event":"Filling up the DagBag from /opt/airflow/dags/professor_rating_dag.py","logger":"airflow.models.dagbag.BundleDagBag","filename":"dagbag.py","lineno":593}
{"timestamp":"2026-02-11T14:50:17.427157Z","level":"info","event":"Filling up the DagBag from /opt/airflow/dags/professor_rating_dag.py","logger":"airflow.models.dagbag.BundleDagBag","filename":"dagbag.py","lineno":593}
{"timestamp":"2026-02-11T14:50:47.955393Z","level":"info","event":"Filling up the DagBag from /opt/airflow/dags/professor_rating_dag.py","logger":"airflow.models.dagbag.BundleDagBag","filename":"dagbag.py","lineno":593}
{"timestamp":"2026-02-11T14:51:18.493642Z","level":"info","event":"Filling up the DagBag from /opt/airflow/dags/professor_rating_dag.py","logger":"airflow.models.dagbag.BundleDagBag","filename":"dagbag.py","lineno":593}
{"timestamp":"2026-02-11T14:51:48.886197Z","level":"info","event":"Filling up the DagBag from /opt/airflow/dags/professor_rating_dag.py","logger":"airflow.models.dagbag.BundleDagBag","filename":"dagbag.py","lineno":593}
{"timestamp":"2026-02-11T14:52:19.374691Z","level":"info","event":"Filling up the DagBag from /opt/airflow/dags/professor_rating_dag.py","logger":"airflow.models.dagbag.BundleDagBag","filename":"dagbag.py","lineno":593}
{"timestamp":"2026-02-11T14:52:49.864540Z","level":"info","event":"Filling up the DagBag from /opt/airflow/dags/professor_rating_dag.py","logger":"airflow.models.dagbag.BundleDagBag","filename":"dagbag.py","lineno":593}
{"timestamp":"2026-02-11T14:53:20.428526Z","level":"info","event":"Filling up the DagBag from /opt/airflow/dags/professor_rating_dag.py","logger":"airflow.models.dagbag.BundleDagBag","filename":"dagbag.py","lineno":593}
{"timestamp":"2026-02-11T14:53:51.030272Z","level":"info","event":"Filling up the DagBag from /opt/airflow/dags/professor_rating_dag.py","logger":"airflow.models.dagbag.BundleDagBag","filename":"dagbag.py","lineno":593}
{"timestamp":"2026-02-11T14:54:21.586801Z","level":"info","event":"Filling up the DagBag from /opt/airflow/dags/professor_rating_dag.py","logger":"airflow.models.dagbag.BundleDagBag","filename":"dagbag.py","lineno":593}
{"timestamp":"2026-02-11T14:54:52.153894Z","level":"info","event":"Filling up the DagBag from /opt/airflow/dags/professor_rating_dag.py","logger":"airflow.models.dagbag.BundleDagBag","filename":"dagbag.py","lineno":593}
{"timestamp":"2026-02-11T14:55:22.685335Z","level":"info","event":"Filling up the DagBag from /opt/airflow/dags/professor_rating_dag.py","logger":"airflow.models.dagbag.BundleDagBag","filename":"dagbag.py","lineno":593}
{"timestamp":"2026-02-11T14:55:53.231054Z","level":"info","event":"Filling up the DagBag from /opt/airflow/dags/professor_rating_dag.py","logger":"airflow.models.dagbag.BundleDagBag","filename":"dagbag.py","lineno":593}
{"timestamp":"2026-02-11T14:56:23.764252Z","level":"info","event":"Filling up the DagBag from /opt/airflow/dags/professor_rating_dag.py","logger":"airflow.models.dagbag.BundleDagBag","filename":"dagbag.py","lineno":593}
{"timestamp":"2026-02-11T14:56:54.225277Z","level":"info","event":"Filling up the DagBag from /opt/airflow/dags/professor_rating_dag.py","logger":"airflow.models.dagbag.BundleDagBag","filename":"dagbag.py","lineno":593}
{"timestamp":"2026-02-11T14:57:24.788454Z","level":"info","event":"Filling up the DagBag from /opt/airflow/dags/professor_rating_dag.py","logger":"airflow.models.dagbag.BundleDagBag","filename":"dagbag.py","lineno":593}
{"timestamp":"2026-02-11T14:57:55.429875Z","level":"info","event":"Filling up the DagBag from /opt/airflow/dags/professor_rating_dag.py","logger":"airflow.models.dagbag.BundleDagBag","filename":"dagbag.py","lineno":593}
{"timestamp":"2026-02-11T14:58:25.935249Z","level":"info","event":"Filling up the DagBag from /opt/airflow/dags/professor_rating_dag.py","logger":"airflow.models.dagbag.BundleDagBag","filename":"dagbag.py","lineno":593}
{"timestamp":"2026-02-11T14:58:56.472399Z","level":"info","event":"Filling up the DagBag from /opt/airflow/dags/professor_rating_dag.py","logger":"airflow.models.dagbag.BundleDagBag","filename":"dagbag.py","lineno":593}
{"timestamp":"2026-02-11T14:59:27.010273Z","level":"info","event":"Filling up the DagBag from /opt/airflow/dags/professor_rating_dag.py","logger":"airflow.models.dagbag.BundleDagBag","filename":"dagbag.py","lineno":593}
{"timestamp":"2026-02-11T14:59:57.555396Z","level":"info","event":"Filling up the DagBag from /opt/airflow/dags/professor_rating_dag.py","logger":"airflow.models.dagbag.BundleDagBag","filename":"dagbag.py","lineno":593}
{"timestamp":"2026-02-11T15:00:28.123150Z","level":"info","event":"Filling up the DagBag from /opt/airflow/dags/professor_rating_dag.py","logger":"airflow.models.dagbag.BundleDagBag","filename":"dagbag.py","lineno":593}
{"timestamp":"2026-02-11T15:00:58.706958Z","level":"info","event":"Filling up the DagBag from /opt/airflow/dags/professor_rating_dag.py","logger":"airflow.models.dagbag.BundleDagBag","filename":"dagbag.py","lineno":593}
{"timestamp":"2026-02-11T15:01:29.208804Z","level":"info","event":"Filling up the DagBag from /opt/airflow/dags/professor_rating_dag.py","logger":"airflow.models.dagbag.BundleDagBag","filename":"dagbag.py","lineno":593}
{"timestamp":"2026-02-11T15:01:59.819893Z","level":"info","event":"Filling up the DagBag from /opt/airflow/dags/professor_rating_dag.py","logger":"airflow.models.dagbag.BundleDagBag","filename":"dagbag.py","lineno":593}
{"timestamp":"2026-02-11T15:02:30.428695Z","level":"info","event":"Filling up the DagBag from /opt/airflow/dags/professor_rating_dag.py","logger":"airflow.models.dagbag.BundleDagBag","filename":"dagbag.py","lineno":593}
{"timestamp":"2026-02-11T15:03:01.022679Z","level":"info","event":"Filling up the DagBag from /opt/airflow/dags/professor_rating_dag.py","logger":"airflow.models.dagbag.BundleDagBag","filename":"dagbag.py","lineno":593}
{"timestamp":"2026-02-11T15:03:31.582535Z","level":"info","event":"Filling up the DagBag from /opt/airflow/dags/professor_rating_dag.py","logger":"airflow.models.dagbag.BundleDagBag","filename":"dagbag.py","lineno":593}
{"timestamp":"2026-02-11T15:04:02.138996Z","level":"info","event":"Filling up the DagBag from /opt/airflow/dags/professor_rating_dag.py","logger":"airflow.models.dagbag.BundleDagBag","filename":"dagbag.py","lineno":593}
{"timestamp":"2026-02-11T15:04:32.758901Z","level":"info","event":"Filling up the DagBag from /opt/airflow/dags/professor_rating_dag.py","logger":"airflow.models.dagbag.BundleDagBag","filename":"dagbag.py","lineno":593}
{"timestamp":"2026-02-11T15:05:03.394349Z","level":"info","event":"Filling up the DagBag from /opt/airflow/dags/professor_rating_dag.py","logger":"airflow.models.dagbag.BundleDagBag","filename":"dagbag.py","lineno":593}
{"timestamp":"2026-02-11T15:05:33.888412Z","level":"info","event":"Filling up the DagBag from /opt/airflow/dags/professor_rating_dag.py","logger":"airflow.models.dagbag.BundleDagBag","filename":"dagbag.py","lineno":593}
{"timestamp":"2026-02-11T15:06:04.421984Z","level":"info","event":"Filling up the DagBag from /opt/airflow/dags/professor_rating_dag.py","logger":"airflow.models.dagbag.BundleDagBag","filename":"dagbag.py","lineno":593}
{"timestamp":"2026-02-11T15:06:34.965841Z","level":"info","event":"Filling up the DagBag from /opt/airflow/dags/professor_rating_dag.py","logger":"airflow.models.dagbag.BundleDagBag","filename":"dagbag.py","lineno":593}
{"timestamp":"2026-02-11T15:07:05.488173Z","level":"info","event":"Filling up the DagBag from /opt/airflow/dags/professor_rating_dag.py","logger":"airflow.models.dagbag.BundleDagBag","filename":"dagbag.py","lineno":593}
{"timestamp":"2026-02-11T15:07:36.046901Z","level":"info","event":"Filling up the DagBag from /opt/airflow/dags/professor_rating_dag.py","logger":"airflow.models.dagbag.BundleDagBag","filename":"dagbag.py","lineno":593}
{"timestamp":"2026-02-11T15:08:06.608214Z","level":"info","event":"Filling up the DagBag from /opt/airflow/dags/professor_rating_dag.py","logger":"airflow.models.dagbag.BundleDagBag","filename":"dagbag.py","lineno":593}
{"timestamp":"2026-02-11T15:08:37.118376Z","level":"info","event":"Filling up the DagBag from /opt/airflow/dags/professor_rating_dag.py","logger":"airflow.models.dagbag.BundleDagBag","filename":"dagbag.py","lineno":593}
{"timestamp":"2026-02-11T15:09:07.618771Z","level":"info","event":"Filling up the DagBag from /opt/airflow/dags/professor_rating_dag.py","logger":"airflow.models.dagbag.BundleDagBag","filename":"dagbag.py","lineno":593}
{"timestamp":"2026-02-11T15:09:38.177055Z","level":"info","event":"Filling up the DagBag from /opt/airflow/dags/professor_rating_dag.py","logger":"airflow.models.dagbag.BundleDagBag","filename":"dagbag.py","lineno":593}
{"timestamp":"2026-02-11T15:10:08.727198Z","level":"info","event":"Filling up the DagBag from /opt/airflow/dags/professor_rating_dag.py","logger":"airflow.models.dagbag.BundleDagBag","filename":"dagbag.py","lineno":593}
{"timestamp":"2026-02-11T15:10:39.288673Z","level":"info","event":"Filling up the DagBag from /opt/airflow/dags/professor_rating_dag.py","logger":"airflow.models.dagbag.BundleDagBag","filename":"dagbag.py","lineno":593}
{"timestamp":"2026-02-11T15:11:09.819714Z","level":"info","event":"Filling up the DagBag from /opt/airflow/dags/professor_rating_dag.py","logger":"airflow.models.dagbag.BundleDagBag","filename":"dagbag.py","lineno":593}
{"timestamp":"2026-02-11T15:11:40.423694Z","level":"info","event":"Filling up the DagBag from /opt/airflow/dags/professor_rating_dag.py","logger":"airflow.models.dagbag.BundleDagBag","filename":"dagbag.py","lineno":593}
{"timestamp":"2026-02-11T15:12:11.026557Z","level":"info","event":"Filling up the DagBag from /opt/airflow/dags/professor_rating_dag.py","logger":"airflow.models.dagbag.BundleDagBag","filename":"dagbag.py","lineno":593}
{"timestamp":"2026-02-11T15:12:41.609438Z","level":"info","event":"Filling up the DagBag from /opt/airflow/dags/professor_rating_dag.py","logger":"airflow.models.dagbag.BundleDagBag","filename":"dagbag.py","lineno":593}
{"timestamp":"2026-02-11T15:13:12.211980Z","level":"info","event":"Filling up the DagBag from /opt/airflow/dags/professor_rating_dag.py","logger":"airflow.models.dagbag.BundleDagBag","filename":"dagbag.py","lineno":593}
{"timestamp":"2026-02-11T15:13:42.798701Z","level":"info","event":"Filling up the DagBag from /opt/airflow/dags/professor_rating_dag.py","logger":"airflow.models.dagbag.BundleDagBag","filename":"dagbag.py","lineno":593}
{"timestamp":"2026-02-11T15:14:13.428022Z","level":"info","event":"Filling up the DagBag from /opt/airflow/dags/professor_rating_dag.py","logger":"airflow.models.dagbag.BundleDagBag","filename":"dagbag.py","lineno":593}
{"timestamp":"2026-02-11T15:14:43.989608Z","level":"info","event":"Filling up the DagBag from /opt/airflow/dags/professor_rating_dag.py","logger":"airflow.models.dagbag.BundleDagBag","filename":"dagbag.py","lineno":593}
{"timestamp":"2026-02-11T15:15:14.557506Z","level":"info","event":"Filling up the DagBag from /opt/airflow/dags/professor_rating_dag.py","logger":"airflow.models.dagbag.BundleDagBag","filename":"dagbag.py","lineno":593}
{"timestamp":"2026-02-11T15:15:45.211152Z","level":"info","event":"Filling up the DagBag from /opt/airflow/dags/professor_rating_dag.py","logger":"airflow.models.dagbag.BundleDagBag","filename":"dagbag.py","lineno":593}
{"timestamp":"2026-02-11T15:16:15.795387Z","level":"info","event":"Filling up the DagBag from /opt/airflow/dags/professor_rating_dag.py","logger":"airflow.models.dagbag.BundleDagBag","filename":"dagbag.py","lineno":593}
{"timestamp":"2026-02-11T15:16:46.414923Z","level":"info","event":"Filling up the DagBag from /opt/airflow/dags/professor_rating_dag.py","logger":"airflow.models.dagbag.BundleDagBag","filename":"dagbag.py","lineno":593}
{"timestamp":"2026-02-11T15:17:16.913427Z","level":"info","event":"Filling up the DagBag from /opt/airflow/dags/professor_rating_dag.py","logger":"airflow.models.dagbag.BundleDagBag","filename":"dagbag.py","lineno":593}
{"timestamp":"2026-02-11T15:17:47.426866Z","level":"info","event":"Filling up the DagBag from /opt/airflow/dags/professor_rating_dag.py","logger":"airflow.models.dagbag.BundleDagBag","filename":"dagbag.py","lineno":593}
{"timestamp":"2026-02-11T15:18:17.947920Z","level":"info","event":"Filling up the DagBag from /opt/airflow/dags/professor_rating_dag.py","logger":"airflow.models.dagbag.BundleDagBag","filename":"dagbag.py","lineno":593}
{"timestamp":"2026-02-11T15:18:48.503669Z","level":"info","event":"Filling up the DagBag from /opt/airflow/dags/professor_rating_dag.py","logger":"airflow.models.dagbag.BundleDagBag","filename":"dagbag.py","lineno":593}
{"timestamp":"2026-02-11T15:19:19.031125Z","level":"info","event":"Filling up the DagBag from /opt/airflow/dags/professor_rating_dag.py","logger":"airflow.models.dagbag.BundleDagBag","filename":"dagbag.py","lineno":593}
{"timestamp":"2026-02-11T15:19:49.616871Z","level":"info","event":"Filling up the DagBag from /opt/airflow/dags/professor_rating_dag.py","logger":"airflow.models.dagbag.BundleDagBag","filename":"dagbag.py","lineno":593}
{"timestamp":"2026-02-11T15:20:20.190517Z","level":"info","event":"Filling up the DagBag from /opt/airflow/dags/professor_rating_dag.py","logger":"airflow.models.dagbag.BundleDagBag","filename":"dagbag.py","lineno":593}
{"timestamp":"2026-02-11T15:20:50.768516Z","level":"info","event":"Filling up the DagBag from /opt/airflow/dags/professor_rating_dag.py","logger":"airflow.models.dagbag.BundleDagBag","filename":"dagbag.py","lineno":593}
{"timestamp":"2026-02-11T15:21:21.336808Z","level":"info","event":"Filling up the DagBag from /opt/airflow/dags/professor_rating_dag.py","logger":"airflow.models.dagbag.BundleDagBag","filename":"dagbag.py","lineno":593}
{"timestamp":"2026-02-11T15:21:51.850619Z","level":"info","event":"Filling up the DagBag from /opt/airflow/dags/professor_rating_dag.py","logger":"airflow.models.dagbag.BundleDagBag","filename":"dagbag.py","lineno":593}
{"timestamp":"2026-02-11T15:22:22.405688Z","level":"info","event":"Filling up the DagBag from /opt/airflow/dags/professor_rating_dag.py","logger":"airflow.models.dagbag.BundleDagBag","filename":"dagbag.py","lineno":593}
{"timestamp":"2026-02-11T15:22:52.922459Z","level":"info","event":"Filling up the DagBag from /opt/airflow/dags/professor_rating_dag.py","logger":"airflow.models.dagbag.BundleDagBag","filename":"dagbag.py","lineno":593}
{"timestamp":"2026-02-11T15:23:23.398102Z","level":"info","event":"Filling up the DagBag from /opt/airflow/dags/professor_rating_dag.py","logger":"airflow.models.dagbag.BundleDagBag","filename":"dagbag.py","lineno":593}
{"timestamp":"2026-02-11T15:23:54.018108Z","level":"info","event":"Filling up the DagBag from /opt/airflow/dags/professor_rating_dag.py","logger":"airflow.models.dagbag.BundleDagBag","filename":"dagbag.py","lineno":593}
{"timestamp":"2026-02-11T15:27:16.275941Z","level":"info","event":"Filling up the DagBag from /opt/airflow/dags/professor_rating_dag.py","logger":"airflow.models.dagbag.BundleDagBag","filename":"dagbag.py","lineno":593}
{"timestamp":"2026-02-11T15:27:46.823104Z","level":"info","event":"Filling up the DagBag from /opt/airflow/dags/professor_rating_dag.py","logger":"airflow.models.dagbag.BundleDagBag","filename":"dagbag.py","lineno":593}
{"timestamp":"2026-02-11T15:28:17.398610Z","level":"info","event":"Filling up the DagBag from /opt/airflow/dags/professor_rating_dag.py","logger":"airflow.models.dagbag.BundleDagBag","filename":"dagbag.py","lineno":593}
{"timestamp":"2026-02-11T15:28:47.945013Z","level":"info","event":"Filling up the DagBag from /opt/airflow/dags/professor_rating_dag.py","logger":"airflow.models.dagbag.BundleDagBag","filename":"dagbag.py","lineno":593}
{"timestamp":"2026-02-11T15:29:18.560826Z","level":"info","event":"Filling up the DagBag from /opt/airflow/dags/professor_rating_dag.py","logger":"airflow.models.dagbag.BundleDagBag","filename":"dagbag.py","lineno":593}
{"timestamp":"2026-02-11T15:29:49.172820Z","level":"info","event":"Filling up the DagBag from /opt/airflow/dags/professor_rating_dag.py","logger":"airflow.models.dagbag.BundleDagBag","filename":"dagbag.py","lineno":593}
{"timestamp":"2026-02-11T15:45:49.224780Z","level":"info","event":"Filling up the DagBag from /opt/airflow/dags/professor_rating_dag.py","logger":"airflow.models.dagbag.BundleDagBag","filename":"dagbag.py","lineno":593}
{"timestamp":"2026-02-11T15:46:19.872337Z","level":"info","event":"Filling up the DagBag from /opt/airflow/dags/professor_rating_dag.py","logger":"airflow.models.dagbag.BundleDagBag","filename":"dagbag.py","lineno":593}
{"timestamp":"2026-02-11T15:46:50.494021Z","level":"info","event":"Filling up the DagBag from /opt/airflow/dags/professor_rating_dag.py","logger":"airflow.models.dagbag.BundleDagBag","filename":"dagbag.py","lineno":593}
{"timestamp":"2026-02-11T15:47:21.005797Z","level":"info","event":"Filling up the DagBag from /opt/airflow/dags/professor_rating_dag.py","logger":"airflow.models.dagbag.BundleDagBag","filename":"dagbag.py","lineno":593}
{"timestamp":"2026-02-11T15:47:52.718222Z","level":"info","event":"Filling up the DagBag from /opt/airflow/dags/professor_rating_dag.py","logger":"airflow.models.dagbag.BundleDagBag","filename":"dagbag.py","lineno":593}
{"timestamp":"2026-02-11T16:00:39.718869Z","level":"info","event":"Filling up the DagBag from /opt/airflow/dags/professor_rating_dag.py","logger":"airflow.models.dagbag.BundleDagBag","filename":"dagbag.py","lineno":593}
{"timestamp":"2026-02-11T16:01:10.966125Z","level":"info","event":"Filling up the DagBag from /opt/airflow/dags/professor_rating_dag.py","logger":"airflow.models.dagbag.BundleDagBag","filename":"dagbag.py","lineno":593}
{"timestamp":"2026-02-11T16:03:48.047983Z","level":"info","event":"Filling up the DagBag from /opt/airflow/dags/professor_rating_dag.py","logger":"airflow.models.dagbag.BundleDagBag","filename":"dagbag.py","lineno":593}
{"timestamp":"2026-02-11T16:04:18.736129Z","level":"info","event":"Filling up the DagBag from /opt/airflow/dags/professor_rating_dag.py","logger":"airflow.models.dagbag.BundleDagBag","filename":"dagbag.py","lineno":593}
{"timestamp":"2026-02-11T16:04:57.882892Z","level":"info","event":"Filling up the DagBag from /opt/airflow/dags/professor_rating_dag.py","logger":"airflow.models.dagbag.BundleDagBag","filename":"dagbag.py","lineno":593}
{"timestamp":"2026-02-11T16:06:16.974248Z","level":"info","event":"Filling up the DagBag from /opt/airflow/dags/professor_rating_dag.py","logger":"airflow.models.dagbag.BundleDagBag","filename":"dagbag.py","lineno":593}
{"timestamp":"2026-02-11T16:07:06.694229Z","level":"info","event":"Filling up the DagBag from /opt/airflow/dags/professor_rating_dag.py","logger":"airflow.models.dagbag.BundleDagBag","filename":"dagbag.py","lineno":593}
{"timestamp":"2026-02-11T16:07:37.795192Z","level":"info","event":"Filling up the DagBag from /opt/airflow/dags/professor_rating_dag.py","logger":"airflow.models.dagbag.BundleDagBag","filename":"dagbag.py","lineno":593}
{"timestamp":"2026-02-11T16:08:08.594474Z","level":"info","event":"Filling up the DagBag from /opt/airflow/dags/professor_rating_dag.py","logger":"airflow.models.dagbag.BundleDagBag","filename":"dagbag.py","lineno":593}
{"timestamp":"2026-02-11T21:23:49.459829Z","level":"info","event":"Filling up the DagBag from /opt/airflow/dags/professor_rating_dag.py","logger":"airflow.models.dagbag.BundleDagBag","filename":"dagbag.py","lineno":593}
{"timestamp":"2026-02-11T21:24:20.015912Z","level":"info","event":"Filling up the DagBag from /opt/airflow/dags/professor_rating_dag.py","logger":"airflow.models.dagbag.BundleDagBag","filename":"dagbag.py","lineno":593}
{"timestamp":"2026-02-11T21:24:50.634925Z","level":"info","event":"Filling up the DagBag from /opt/airflow/dags/professor_rating_dag.py","logger":"airflow.models.dagbag.BundleDagBag","filename":"dagbag.py","lineno":593}
{"timestamp":"2026-02-11T21:25:56.601566Z","level":"info","event":"Filling up the DagBag from /opt/airflow/dags/professor_rating_dag.py","logger":"airflow.models.dagbag.BundleDagBag","filename":"dagbag.py","lineno":593}
{"timestamp":"2026-02-11T21:26:27.285300Z","level":"info","event":"Filling up the DagBag from /opt/airflow/dags/professor_rating_dag.py","logger":"airflow.models.dagbag.BundleDagBag","filename":"dagbag.py","lineno":593}
{"timestamp":"2026-02-11T21:26:58.062576Z","level":"info","event":"Filling up the DagBag from /opt/airflow/dags/professor_rating_dag.py","logger":"airflow.models.dagbag.BundleDagBag","filename":"dagbag.py","lineno":593}
{"timestamp":"2026-02-11T21:27:28.645867Z","level":"info","event":"Filling up the DagBag from /opt/airflow/dags/professor_rating_dag.py","logger":"airflow.models.dagbag.BundleDagBag","filename":"dagbag.py","lineno":593}
{"timestamp":"2026-02-11T21:27:59.164448Z","level":"info","event":"Filling up the DagBag from /opt/airflow/dags/professor_rating_dag.py","logger":"airflow.models.dagbag.BundleDagBag","filename":"dagbag.py","lineno":593}
{"timestamp":"2026-02-11T21:28:29.639825Z","level":"info","event":"Filling up the DagBag from /opt/airflow/dags/professor_rating_dag.py","logger":"airflow.models.dagbag.BundleDagBag","filename":"dagbag.py","lineno":593}
{"timestamp":"2026-02-11T21:29:00.368060Z","level":"info","event":"Filling up the DagBag from /opt/airflow/dags/professor_rating_dag.py","logger":"airflow.models.dagbag.BundleDagBag","filename":"dagbag.py","lineno":593}
{"timestamp":"2026-02-11T21:29:31.011209Z","level":"info","event":"Filling up the DagBag from /opt/airflow/dags/professor_rating_dag.py","logger":"airflow.models.dagbag.BundleDagBag","filename":"dagbag.py","lineno":593}
{"timestamp":"2026-02-11T21:30:01.648231Z","level":"info","event":"Filling up the DagBag from /opt/airflow/dags/professor_rating_dag.py","logger":"airflow.models.dagbag.BundleDagBag","filename":"dagbag.py","lineno":593}
{"timestamp":"2026-02-11T21:30:32.183973Z","level":"info","event":"Filling up the DagBag from /opt/airflow/dags/professor_rating_dag.py","logger":"airflow.models.dagbag.BundleDagBag","filename":"dagbag.py","lineno":593}
{"timestamp":"2026-02-11T21:31:02.738558Z","level":"info","event":"Filling up the DagBag from /opt/airflow/dags/professor_rating_dag.py","logger":"airflow.models.dagbag.BundleDagBag","filename":"dagbag.py","lineno":593}
{"timestamp":"2026-02-11T21:31:33.249397Z","level":"info","event":"Filling up the DagBag from /opt/airflow/dags/professor_rating_dag.py","logger":"airflow.models.dagbag.BundleDagBag","filename":"dagbag.py","lineno":593}
{"timestamp":"2026-02-11T21:32:03.772453Z","level":"info","event":"Filling up the DagBag from /opt/airflow/dags/professor_rating_dag.py","logger":"airflow.models.dagbag.BundleDagBag","filename":"dagbag.py","lineno":593}
{"timestamp":"2026-02-11T21:32:34.269039Z","level":"info","event":"Filling up the DagBag from /opt/airflow/dags/professor_rating_dag.py","logger":"airflow.models.dagbag.BundleDagBag","filename":"dagbag.py","lineno":593}
{"timestamp":"2026-02-11T21:33:04.838980Z","level":"info","event":"Filling up the DagBag from /opt/airflow/dags/professor_rating_dag.py","logger":"airflow.models.dagbag.BundleDagBag","filename":"dagbag.py","lineno":593}
{"timestamp":"2026-02-11T21:33:35.346982Z","level":"info","event":"Filling up the DagBag from /opt/airflow/dags/professor_rating_dag.py","logger":"airflow.models.dagbag.BundleDagBag","filename":"dagbag.py","lineno":593}
{"timestamp":"2026-02-11T21:34:05.875003Z","level":"info","event":"Filling up the DagBag from /opt/airflow/dags/professor_rating_dag.py","logger":"airflow.models.dagbag.BundleDagBag","filename":"dagbag.py","lineno":593}
{"timestamp":"2026-02-11T21:34:36.381623Z","level":"info","event":"Filling up the DagBag from /opt/airflow/dags/professor_rating_dag.py","logger":"airflow.models.dagbag.BundleDagBag","filename":"dagbag.py","lineno":593}
{"timestamp":"2026-02-11T21:35:06.909124Z","level":"info","event":"Filling up the DagBag from /opt/airflow/dags/professor_rating_dag.py","logger":"airflow.models.dagbag.BundleDagBag","filename":"dagbag.py","lineno":593}
{"timestamp":"2026-02-11T21:35:37.421217Z","level":"info","event":"Filling up the DagBag from /opt/airflow/dags/professor_rating_dag.py","logger":"airflow.models.dagbag.BundleDagBag","filename":"dagbag.py","lineno":593}
{"timestamp":"2026-02-11T21:36:07.955718Z","level":"info","event":"Filling up the DagBag from /opt/airflow/dags/professor_rating_dag.py","logger":"airflow.models.dagbag.BundleDagBag","filename":"dagbag.py","lineno":593}
{"timestamp":"2026-02-11T21:36:38.414926Z","level":"info","event":"Filling up the DagBag from /opt/airflow/dags/professor_rating_dag.py","logger":"airflow.models.dagbag.BundleDagBag","filename":"dagbag.py","lineno":593}
{"timestamp":"2026-02-11T21:37:08.925132Z","level":"info","event":"Filling up the DagBag from /opt/airflow/dags/professor_rating_dag.py","logger":"airflow.models.dagbag.BundleDagBag","filename":"dagbag.py","lineno":593}
{"timestamp":"2026-02-11T21:37:39.738679Z","level":"info","event":"Filling up the DagBag from /opt/airflow/dags/professor_rating_dag.py","logger":"airflow.models.dagbag.BundleDagBag","filename":"dagbag.py","lineno":593}
{"timestamp":"2026-02-11T21:38:10.225668Z","level":"info","event":"Filling up the DagBag from /opt/airflow/dags/professor_rating_dag.py","logger":"airflow.models.dagbag.BundleDagBag","filename":"dagbag.py","lineno":593}
{"timestamp":"2026-02-11T21:38:40.750159Z","level":"info","event":"Filling up the DagBag from /opt/airflow/dags/professor_rating_dag.py","logger":"airflow.models.dagbag.BundleDagBag","filename":"dagbag.py","lineno":593}
{"timestamp":"2026-02-11T21:39:11.243772Z","level":"info","event":"Filling up the DagBag from /opt/airflow/dags/professor_rating_dag.py","logger":"airflow.models.dagbag.BundleDagBag","filename":"dagbag.py","lineno":593}
{"timestamp":"2026-02-11T21:39:41.742720Z","level":"info","event":"Filling up the DagBag from /opt/airflow/dags/professor_rating_dag.py","logger":"airflow.models.dagbag.BundleDagBag","filename":"dagbag.py","lineno":593}
{"timestamp":"2026-02-11T21:40:12.276094Z","level":"info","event":"Filling up the DagBag from /opt/airflow/dags/professor_rating_dag.py","logger":"airflow.models.dagbag.BundleDagBag","filename":"dagbag.py","lineno":593}
{"timestamp":"2026-02-11T21:40:42.746977Z","level":"info","event":"Filling up the DagBag from /opt/airflow/dags/professor_rating_dag.py","logger":"airflow.models.dagbag.BundleDagBag","filename":"dagbag.py","lineno":593}
{"timestamp":"2026-02-11T21:41:13.332263Z","level":"info","event":"Filling up the DagBag from /opt/airflow/dags/professor_rating_dag.py","logger":"airflow.models.dagbag.BundleDagBag","filename":"dagbag.py","lineno":593}
{"timestamp":"2026-02-11T21:41:15.578706Z","level":"info","event":"Filling up the DagBag from /opt/airflow/dags/professor_rating_dag.py","logger":"airflow.models.dagbag.BundleDagBag","filename":"dagbag.py","lineno":593}
{"timestamp":"2026-02-11T21:41:26.860915Z","level":"info","event":"Filling up the DagBag from /opt/airflow/dags/professor_rating_dag.py","logger":"airflow.models.dagbag.BundleDagBag","filename":"dagbag.py","lineno":593}
{"timestamp":"2026-02-11T21:41:41.229405Z","level":"info","event":"Filling up the DagBag from /opt/airflow/dags/professor_rating_dag.py","logger":"airflow.models.dagbag.BundleDagBag","filename":"dagbag.py","lineno":593}
{"timestamp":"2026-02-11T21:42:12.038772Z","level":"info","event":"Filling up the DagBag from /opt/airflow/dags/professor_rating_dag.py","logger":"airflow.models.dagbag.BundleDagBag","filename":"dagbag.py","lineno":593}
{"timestamp":"2026-02-11T21:42:42.568371Z","level":"info","event":"Filling up the DagBag from /opt/airflow/dags/professor_rating_dag.py","logger":"airflow.models.dagbag.BundleDagBag","filename":"dagbag.py","lineno":593}
{"timestamp":"2026-02-11T21:43:13.160197Z","level":"info","event":"Filling up the DagBag from /opt/airflow/dags/professor_rating_dag.py","logger":"airflow.models.dagbag.BundleDagBag","filename":"dagbag.py","lineno":593}
{"timestamp":"2026-02-11T21:43:43.635193Z","level":"info","event":"Filling up the DagBag from /opt/airflow/dags/professor_rating_dag.py","logger":"airflow.models.dagbag.BundleDagBag","filename":"dagbag.py","lineno":593}
{"timestamp":"2026-02-11T21:44:14.200519Z","level":"info","event":"Filling up the DagBag from /opt/airflow/dags/professor_rating_dag.py","logger":"airflow.models.dagbag.BundleDagBag","filename":"dagbag.py","lineno":593}
{"timestamp":"2026-02-11T21:44:44.728438Z","level":"info","event":"Filling up the DagBag from /opt/airflow/dags/professor_rating_dag.py","logger":"airflow.models.dagbag.BundleDagBag","filename":"dagbag.py","lineno":593}
{"timestamp":"2026-02-11T21:45:15.257357Z","level":"info","event":"Filling up the DagBag from /opt/airflow/dags/professor_rating_dag.py","logger":"airflow.models.dagbag.BundleDagBag","filename":"dagbag.py","lineno":593}
{"timestamp":"2026-02-11T21:45:45.879878Z","level":"info","event":"Filling up the DagBag from /opt/airflow/dags/professor_rating_dag.py","logger":"airflow.models.dagbag.BundleDagBag","filename":"dagbag.py","lineno":593}
{"timestamp":"2026-02-11T21:46:16.411748Z","level":"info","event":"Filling up the DagBag from /opt/airflow/dags/professor_rating_dag.py","logger":"airflow.models.dagbag.BundleDagBag","filename":"dagbag.py","lineno":593}
{"timestamp":"2026-02-11T21:46:47.003038Z","level":"info","event":"Filling up the DagBag from /opt/airflow/dags/professor_rating_dag.py","logger":"airflow.models.dagbag.BundleDagBag","filename":"dagbag.py","lineno":593}
{"timestamp":"2026-02-11T21:47:03.363961Z","level":"info","event":"Filling up the DagBag from /opt/airflow/dags/professor_rating_dag.py","logger":"airflow.models.dagbag.BundleDagBag","filename":"dagbag.py","lineno":593}
{"timestamp":"2026-02-11T21:47:34.041202Z","level":"info","event":"Filling up the DagBag from /opt/airflow/dags/professor_rating_dag.py","logger":"airflow.models.dagbag.BundleDagBag","filename":"dagbag.py","lineno":593}
{"timestamp":"2026-02-11T21:48:04.681975Z","level":"info","event":"Filling up the DagBag from /opt/airflow/dags/professor_rating_dag.py","logger":"airflow.models.dagbag.BundleDagBag","filename":"dagbag.py","lineno":593}
{"timestamp":"2026-02-11T21:48:34.896510Z","level":"info","event":"Filling up the DagBag from /opt/airflow/dags/professor_rating_dag.py","logger":"airflow.models.dagbag.BundleDagBag","filename":"dagbag.py","lineno":593}
{"timestamp":"2026-02-11T21:49:05.586236Z","level":"info","event":"Filling up the DagBag from /opt/airflow/dags/professor_rating_dag.py","logger":"airflow.models.dagbag.BundleDagBag","filename":"dagbag.py","lineno":593}
{"timestamp":"2026-02-11T21:49:36.258852Z","level":"info","event":"Filling up the DagBag from /opt/airflow/dags/professor_rating_dag.py","logger":"airflow.models.dagbag.BundleDagBag","filename":"dagbag.py","lineno":593}
{"timestamp":"2026-02-11T21:50:06.831502Z","level":"info","event":"Filling up the DagBag from /opt/airflow/dags/professor_rating_dag.py","logger":"airflow.models.dagbag.BundleDagBag","filename":"dagbag.py","lineno":593}
{"timestamp":"2026-02-11T21:50:37.443176Z","level":"info","event":"Filling up the DagBag from /opt/airflow/dags/professor_rating_dag.py","logger":"airflow.models.dagbag.BundleDagBag","filename":"dagbag.py","lineno":593}
{"timestamp":"2026-02-11T21:51:08.287752Z","level":"info","event":"Filling up the DagBag from /opt/airflow/dags/professor_rating_dag.py","logger":"airflow.models.dagbag.BundleDagBag","filename":"dagbag.py","lineno":593}
{"timestamp":"2026-02-11T21:51:38.931491Z","level":"info","event":"Filling up the DagBag from /opt/airflow/dags/professor_rating_dag.py","logger":"airflow.models.dagbag.BundleDagBag","filename":"dagbag.py","lineno":593}
{"timestamp":"2026-02-11T21:52:09.508784Z","level":"info","event":"Filling up the DagBag from /opt/airflow/dags/professor_rating_dag.py","logger":"airflow.models.dagbag.BundleDagBag","filename":"dagbag.py","lineno":593}
{"timestamp":"2026-02-11T21:52:40.123098Z","level":"info","event":"Filling up the DagBag from /opt/airflow/dags/professor_rating_dag.py","logger":"airflow.models.dagbag.BundleDagBag","filename":"dagbag.py","lineno":593}
{"timestamp":"2026-02-11T21:53:10.805954Z","level":"info","event":"Filling up the DagBag from /opt/airflow/dags/professor_rating_dag.py","logger":"airflow.models.dagbag.BundleDagBag","filename":"dagbag.py","lineno":593}
{"timestamp":"2026-02-11T21:53:41.356552Z","level":"info","event":"Filling up the DagBag from /opt/airflow/dags/professor_rating_dag.py","logger":"airflow.models.dagbag.BundleDagBag","filename":"dagbag.py","lineno":593}
{"timestamp":"2026-02-11T21:54:11.969587Z","level":"info","event":"Filling up the DagBag from /opt/airflow/dags/professor_rating_dag.py","logger":"airflow.models.dagbag.BundleDagBag","filename":"dagbag.py","lineno":593}
{"timestamp":"2026-02-11T21:54:42.638492Z","level":"info","event":"Filling up the DagBag from /opt/airflow/dags/professor_rating_dag.py","logger":"airflow.models.dagbag.BundleDagBag","filename":"dagbag.py","lineno":593}
{"timestamp":"2026-02-11T21:55:13.163999Z","level":"info","event":"Filling up the DagBag from /opt/airflow/dags/professor_rating_dag.py","logger":"airflow.models.dagbag.BundleDagBag","filename":"dagbag.py","lineno":593}
{"timestamp":"2026-02-11T21:55:43.841286Z","level":"info","event":"Filling up the DagBag from /opt/airflow/dags/professor_rating_dag.py","logger":"airflow.models.dagbag.BundleDagBag","filename":"dagbag.py","lineno":593}
{"timestamp":"2026-02-11T21:56:14.501562Z","level":"info","event":"Filling up the DagBag from /opt/airflow/dags/professor_rating_dag.py","logger":"airflow.models.dagbag.BundleDagBag","filename":"dagbag.py","lineno":593}
{"timestamp":"2026-02-11T21:56:45.194170Z","level":"info","event":"Filling up the DagBag from /opt/airflow/dags/professor_rating_dag.py","logger":"airflow.models.dagbag.BundleDagBag","filename":"dagbag.py","lineno":593}
{"timestamp":"2026-02-11T21:57:09.700865Z","level":"info","event":"Filling up the DagBag from /opt/airflow/dags/professor_rating_dag.py","logger":"airflow.models.dagbag.BundleDagBag","filename":"dagbag.py","lineno":593}
{"timestamp":"2026-02-11T21:57:40.347733Z","level":"info","event":"Filling up the DagBag from /opt/airflow/dags/professor_rating_dag.py","logger":"airflow.models.dagbag.BundleDagBag","filename":"dagbag.py","lineno":593}
{"timestamp":"2026-02-11T21:58:10.958108Z","level":"info","event":"Filling up the DagBag from /opt/airflow/dags/professor_rating_dag.py","logger":"airflow.models.dagbag.BundleDagBag","filename":"dagbag.py","lineno":593}
{"timestamp":"2026-02-11T21:58:41.526338Z","level":"info","event":"Filling up the DagBag from /opt/airflow/dags/professor_rating_dag.py","logger":"airflow.models.dagbag.BundleDagBag","filename":"dagbag.py","lineno":593}
{"timestamp":"2026-02-11T21:59:12.367126Z","level":"info","event":"Filling up the DagBag from /opt/airflow/dags/professor_rating_dag.py","logger":"airflow.models.dagbag.BundleDagBag","filename":"dagbag.py","lineno":593}
{"timestamp":"2026-02-11T21:59:43.097368Z","level":"info","event":"Filling up the DagBag from /opt/airflow/dags/professor_rating_dag.py","logger":"airflow.models.dagbag.BundleDagBag","filename":"dagbag.py","lineno":593}
{"timestamp":"2026-02-11T22:00:13.772996Z","level":"info","event":"Filling up the DagBag from /opt/airflow/dags/professor_rating_dag.py","logger":"airflow.models.dagbag.BundleDagBag","filename":"dagbag.py","lineno":593}
{"timestamp":"2026-02-11T22:00:44.595734Z","level":"info","event":"Filling up the DagBag from /opt/airflow/dags/professor_rating_dag.py","logger":"airflow.models.dagbag.BundleDagBag","filename":"dagbag.py","lineno":593}
{"timestamp":"2026-02-11T22:01:13.264285Z","level":"info","event":"Filling up the DagBag from /opt/airflow/dags/professor_rating_dag.py","logger":"airflow.models.dagbag.BundleDagBag","filename":"dagbag.py","lineno":593}
{"timestamp":"2026-02-11T22:01:15.394972Z","level":"info","event":"Filling up the DagBag from /opt/airflow/dags/professor_rating_dag.py","logger":"airflow.models.dagbag.BundleDagBag","filename":"dagbag.py","lineno":593}
{"timestamp":"2026-02-11T22:01:46.039339Z","level":"info","event":"Filling up the DagBag from /opt/airflow/dags/professor_rating_dag.py","logger":"airflow.models.dagbag.BundleDagBag","filename":"dagbag.py","lineno":593}
{"timestamp":"2026-02-11T22:02:16.624048Z","level":"info","event":"Filling up the DagBag from /opt/airflow/dags/professor_rating_dag.py","logger":"airflow.models.dagbag.BundleDagBag","filename":"dagbag.py","lineno":593}
{"timestamp":"2026-02-11T22:02:47.261996Z","level":"info","event":"Filling up the DagBag from /opt/airflow/dags/professor_rating_dag.py","logger":"airflow.models.dagbag.BundleDagBag","filename":"dagbag.py","lineno":593}
{"timestamp":"2026-02-11T22:03:17.777501Z","level":"info","event":"Filling up the DagBag from /opt/airflow/dags/professor_rating_dag.py","logger":"airflow.models.dagbag.BundleDagBag","filename":"dagbag.py","lineno":593}
{"timestamp":"2026-02-11T22:03:46.426329Z","level":"info","event":"Filling up the DagBag from /opt/airflow/dags/professor_rating_dag.py","logger":"airflow.models.dagbag.BundleDagBag","filename":"dagbag.py","lineno":593}
{"timestamp":"2026-02-11T22:03:49.554109Z","level":"info","event":"Filling up the DagBag from /opt/airflow/dags/professor_rating_dag.py","logger":"airflow.models.dagbag.BundleDagBag","filename":"dagbag.py","lineno":593}
{"timestamp":"2026-02-11T22:03:50.667987Z","level":"info","event":"Filling up the DagBag from /opt/airflow/dags/professor_rating_dag.py","logger":"airflow.models.dagbag.BundleDagBag","filename":"dagbag.py","lineno":593}
{"timestamp":"2026-02-11T22:03:53.800159Z","level":"info","event":"Filling up the DagBag from /opt/airflow/dags/professor_rating_dag.py","logger":"airflow.models.dagbag.BundleDagBag","filename":"dagbag.py","lineno":593}
{"timestamp":"2026-02-11T22:04:24.387980Z","level":"info","event":"Filling up the DagBag from /opt/airflow/dags/professor_rating_dag.py","logger":"airflow.models.dagbag.BundleDagBag","filename":"dagbag.py","lineno":593}
{"timestamp":"2026-02-11T22:04:55.042225Z","level":"info","event":"Filling up the DagBag from /opt/airflow/dags/professor_rating_dag.py","logger":"airflow.models.dagbag.BundleDagBag","filename":"dagbag.py","lineno":593}
{"timestamp":"2026-02-11T22:05:25.744305Z","level":"info","event":"Filling up the DagBag from /opt/airflow/dags/professor_rating_dag.py","logger":"airflow.models.dagbag.BundleDagBag","filename":"dagbag.py","lineno":593}
{"timestamp":"2026-02-11T22:05:56.313449Z","level":"info","event":"Filling up the DagBag from /opt/airflow/dags/professor_rating_dag.py","logger":"airflow.models.dagbag.BundleDagBag","filename":"dagbag.py","lineno":593}
{"timestamp":"2026-02-11T22:06:27.072910Z","level":"info","event":"Filling up the DagBag from /opt/airflow/dags/professor_rating_dag.py","logger":"airflow.models.dagbag.BundleDagBag","filename":"dagbag.py","lineno":593}
{"timestamp":"2026-02-11T22:07:33.068919Z","level":"info","event":"Filling up the DagBag from /opt/airflow/dags/professor_rating_dag.py","logger":"airflow.models.dagbag.BundleDagBag","filename":"dagbag.py","lineno":593}
{"timestamp":"2026-02-11T22:09:41.875505Z","level":"info","event":"Filling up the DagBag from /opt/airflow/dags/professor_rating_dag.py","logger":"airflow.models.dagbag.BundleDagBag","filename":"dagbag.py","lineno":593}
{"timestamp":"2026-02-11T22:10:12.526485Z","level":"info","event":"Filling up the DagBag from /opt/airflow/dags/professor_rating_dag.py","logger":"airflow.models.dagbag.BundleDagBag","filename":"dagbag.py","lineno":593}
{"timestamp":"2026-02-11T22:10:43.057465Z","level":"info","event":"Filling up the DagBag from /opt/airflow/dags/professor_rating_dag.py","logger":"airflow.models.dagbag.BundleDagBag","filename":"dagbag.py","lineno":593}
{"timestamp":"2026-02-11T22:11:13.514017Z","level":"info","event":"Filling up the DagBag from /opt/airflow/dags/professor_rating_dag.py","logger":"airflow.models.dagbag.BundleDagBag","filename":"dagbag.py","lineno":593}
{"timestamp":"2026-02-11T22:11:44.146418Z","level":"info","event":"Filling up the DagBag from /opt/airflow/dags/professor_rating_dag.py","logger":"airflow.models.dagbag.BundleDagBag","filename":"dagbag.py","lineno":593}
{"timestamp":"2026-02-11T22:12:14.722017Z","level":"info","event":"Filling up the DagBag from /opt/airflow/dags/professor_rating_dag.py","logger":"airflow.models.dagbag.BundleDagBag","filename":"dagbag.py","lineno":593}
{"timestamp":"2026-02-11T22:12:45.333505Z","level":"info","event":"Filling up the DagBag from /opt/airflow/dags/professor_rating_dag.py","logger":"airflow.models.dagbag.BundleDagBag","filename":"dagbag.py","lineno":593}
{"timestamp":"2026-02-11T22:13:15.877992Z","level":"info","event":"Filling up the DagBag from /opt/airflow/dags/professor_rating_dag.py","logger":"airflow.models.dagbag.BundleDagBag","filename":"dagbag.py","lineno":593}
{"timestamp":"2026-02-11T22:13:46.427064Z","level":"info","event":"Filling up the DagBag from /opt/airflow/dags/professor_rating_dag.py","logger":"airflow.models.dagbag.BundleDagBag","filename":"dagbag.py","lineno":593}
{"timestamp":"2026-02-11T22:14:16.916771Z","level":"info","event":"Filling up the DagBag from /opt/airflow/dags/professor_rating_dag.py","logger":"airflow.models.dagbag.BundleDagBag","filename":"dagbag.py","lineno":593}
{"timestamp":"2026-02-11T22:14:47.467892Z","level":"info","event":"Filling up the DagBag from /opt/airflow/dags/professor_rating_dag.py","logger":"airflow.models.dagbag.BundleDagBag","filename":"dagbag.py","lineno":593}
{"timestamp":"2026-02-11T22:15:18.011304Z","level":"info","event":"Filling up the DagBag from /opt/airflow/dags/professor_rating_dag.py","logger":"airflow.models.dagbag.BundleDagBag","filename":"dagbag.py","lineno":593}
{"timestamp":"2026-02-11T22:15:48.545883Z","level":"info","event":"Filling up the DagBag from /opt/airflow/dags/professor_rating_dag.py","logger":"airflow.models.dagbag.BundleDagBag","filename":"dagbag.py","lineno":593}
{"timestamp":"2026-02-11T22:16:19.026816Z","level":"info","event":"Filling up the DagBag from /opt/airflow/dags/professor_rating_dag.py","logger":"airflow.models.dagbag.BundleDagBag","filename":"dagbag.py","lineno":593}
{"timestamp":"2026-02-11T22:16:42.565066Z","level":"info","event":"Filling up the DagBag from /opt/airflow/dags/professor_rating_dag.py","logger":"airflow.models.dagbag.BundleDagBag","filename":"dagbag.py","lineno":593}
{"timestamp":"2026-02-11T22:17:04.288897Z","level":"info","event":"Filling up the DagBag from /opt/airflow/dags/professor_rating_dag.py","logger":"airflow.models.dagbag.BundleDagBag","filename":"dagbag.py","lineno":593}
{"timestamp":"2026-02-11T22:17:30.919111Z","level":"info","event":"Filling up the DagBag from /opt/airflow/dags/professor_rating_dag.py","logger":"airflow.models.dagbag.BundleDagBag","filename":"dagbag.py","lineno":593}
{"timestamp":"2026-02-11T22:18:01.585239Z","level":"info","event":"Filling up the DagBag from /opt/airflow/dags/professor_rating_dag.py","logger":"airflow.models.dagbag.BundleDagBag","filename":"dagbag.py","lineno":593}
{"timestamp":"2026-02-11T22:18:32.235890Z","level":"info","event":"Filling up the DagBag from /opt/airflow/dags/professor_rating_dag.py","logger":"airflow.models.dagbag.BundleDagBag","filename":"dagbag.py","lineno":593}
{"timestamp":"2026-02-11T22:19:02.974073Z","level":"info","event":"Filling up the DagBag from /opt/airflow/dags/professor_rating_dag.py","logger":"airflow.models.dagbag.BundleDagBag","filename":"dagbag.py","lineno":593}
{"timestamp":"2026-02-11T22:19:33.687456Z","level":"info","event":"Filling up the DagBag from /opt/airflow/dags/professor_rating_dag.py","logger":"airflow.models.dagbag.BundleDagBag","filename":"dagbag.py","lineno":593}
{"timestamp":"2026-02-11T22:20:04.399761Z","level":"info","event":"Filling up the DagBag from /opt/airflow/dags/professor_rating_dag.py","logger":"airflow.models.dagbag.BundleDagBag","filename":"dagbag.py","lineno":593}
{"timestamp":"2026-02-11T22:20:35.117036Z","level":"info","event":"Filling up the DagBag from /opt/airflow/dags/professor_rating_dag.py","logger":"airflow.models.dagbag.BundleDagBag","filename":"dagbag.py","lineno":593}
{"timestamp":"2026-02-11T22:21:05.722401Z","level":"info","event":"Filling up the DagBag from /opt/airflow/dags/professor_rating_dag.py","logger":"airflow.models.dagbag.BundleDagBag","filename":"dagbag.py","lineno":593}
{"timestamp":"2026-02-11T22:21:36.451980Z","level":"info","event":"Filling up the DagBag from /opt/airflow/dags/professor_rating_dag.py","logger":"airflow.models.dagbag.BundleDagBag","filename":"dagbag.py","lineno":593}
{"timestamp":"2026-02-11T22:22:07.220857Z","level":"info","event":"Filling up the DagBag from /opt/airflow/dags/professor_rating_dag.py","logger":"airflow.models.dagbag.BundleDagBag","filename":"dagbag.py","lineno":593}
{"timestamp":"2026-02-11T22:22:38.101103Z","level":"info","event":"Filling up the DagBag from /opt/airflow/dags/professor_rating_dag.py","logger":"airflow.models.dagbag.BundleDagBag","filename":"dagbag.py","lineno":593}
{"timestamp":"2026-02-11T22:23:08.816129Z","level":"info","event":"Filling up the DagBag from /opt/airflow/dags/professor_rating_dag.py","logger":"airflow.models.dagbag.BundleDagBag","filename":"dagbag.py","lineno":593}
{"timestamp":"2026-02-11T22:23:39.518172Z","level":"info","event":"Filling up the DagBag from /opt/airflow/dags/professor_rating_dag.py","logger":"airflow.models.dagbag.BundleDagBag","filename":"dagbag.py","lineno":593}
{"timestamp":"2026-02-11T22:24:10.154089Z","level":"info","event":"Filling up the DagBag from /opt/airflow/dags/professor_rating_dag.py","logger":"airflow.models.dagbag.BundleDagBag","filename":"dagbag.py","lineno":593}
{"timestamp":"2026-02-11T22:24:40.915367Z","level":"info","event":"Filling up the DagBag from /opt/airflow/dags/professor_rating_dag.py","logger":"airflow.models.dagbag.BundleDagBag","filename":"dagbag.py","lineno":593}
{"timestamp":"2026-02-11T22:25:11.633460Z","level":"info","event":"Filling up the DagBag from /opt/airflow/dags/professor_rating_dag.py","logger":"airflow.models.dagbag.BundleDagBag","filename":"dagbag.py","lineno":593}
{"timestamp":"2026-02-11T22:25:42.358876Z","level":"info","event":"Filling up the DagBag from /opt/airflow/dags/professor_rating_dag.py","logger":"airflow.models.dagbag.BundleDagBag","filename":"dagbag.py","lineno":593}
{"timestamp":"2026-02-11T22:26:12.954270Z","level":"info","event":"Filling up the DagBag from /opt/airflow/dags/professor_rating_dag.py","logger":"airflow.models.dagbag.BundleDagBag","filename":"dagbag.py","lineno":593}
{"timestamp":"2026-02-11T22:26:43.623309Z","level":"info","event":"Filling up the DagBag from /opt/airflow/dags/professor_rating_dag.py","logger":"airflow.models.dagbag.BundleDagBag","filename":"dagbag.py","lineno":593}
{"timestamp":"2026-02-11T22:27:14.328546Z","level":"info","event":"Filling up the DagBag from /opt/airflow/dags/professor_rating_dag.py","logger":"airflow.models.dagbag.BundleDagBag","filename":"dagbag.py","lineno":593}
{"timestamp":"2026-02-11T22:27:45.221640Z","level":"info","event":"Filling up the DagBag from /opt/airflow/dags/professor_rating_dag.py","logger":"airflow.models.dagbag.BundleDagBag","filename":"dagbag.py","lineno":593}
{"timestamp":"2026-02-11T22:28:16.125552Z","level":"info","event":"Filling up the DagBag from /opt/airflow/dags/professor_rating_dag.py","logger":"airflow.models.dagbag.BundleDagBag","filename":"dagbag.py","lineno":593}
{"timestamp":"2026-02-11T22:28:47.179882Z","level":"info","event":"Filling up the DagBag from /opt/airflow/dags/professor_rating_dag.py","logger":"airflow.models.dagbag.BundleDagBag","filename":"dagbag.py","lineno":593}
{"timestamp":"2026-02-11T22:29:17.826556Z","level":"info","event":"Filling up the DagBag from /opt/airflow/dags/professor_rating_dag.py","logger":"airflow.models.dagbag.BundleDagBag","filename":"dagbag.py","lineno":593}
{"timestamp":"2026-02-11T22:29:48.457249Z","level":"info","event":"Filling up the DagBag from /opt/airflow/dags/professor_rating_dag.py","logger":"airflow.models.dagbag.BundleDagBag","filename":"dagbag.py","lineno":593}
{"timestamp":"2026-02-11T22:30:08.974704Z","level":"info","event":"Filling up the DagBag from /opt/airflow/dags/professor_rating_dag.py","logger":"airflow.models.dagbag.BundleDagBag","filename":"dagbag.py","lineno":593}
{"timestamp":"2026-02-11T22:30:12.119394Z","level":"info","event":"Filling up the DagBag from /opt/airflow/dags/professor_rating_dag.py","logger":"airflow.models.dagbag.BundleDagBag","filename":"dagbag.py","lineno":593}
{"timestamp":"2026-02-11T22:30:12.123346Z","level":"error","event":"Failed to import: /opt/airflow/dags/professor_rating_dag.py","logger":"airflow.models.dagbag.BundleDagBag","filename":"dagbag.py","lineno":415,"error_detail":[{"exc_type":"IndentationError","exc_value":"expected an indented block after 'if' statement on line 86 (professor_rating_dag.py, line 87)","exc_notes":[],"syntax_error":{"offset":33,"filename":"/opt/airflow/dags/professor_rating_dag.py","line":"                                if professor_id:\n","lineno":87,"msg":"expected an indented block after 'if' statement on line 86"},"is_cause":false,"frames":[{"filename":"/home/airflow/.local/lib/python3.12/site-packages/airflow/models/dagbag.py","lineno":405,"name":"parse"},{"filename":"<frozen importlib._bootstrap_external>","lineno":995,"name":"exec_module"},{"filename":"<frozen importlib._bootstrap_external>","lineno":1133,"name":"get_code"},{"filename":"<frozen importlib._bootstrap_external>","lineno":1063,"name":"source_to_code"},{"filename":"<frozen importlib._bootstrap>","lineno":488,"name":"_call_with_frames_removed"}],"is_group":false,"exceptions":[]}]}
{"timestamp":"2026-02-11T22:30:14.181821Z","level":"info","event":"Filling up the DagBag from /opt/airflow/dags/professor_rating_dag.py","logger":"airflow.models.dagbag.BundleDagBag","filename":"dagbag.py","lineno":593}
{"timestamp":"2026-02-11T22:30:14.187398Z","level":"error","event":"Failed to import: /opt/airflow/dags/professor_rating_dag.py","logger":"airflow.models.dagbag.BundleDagBag","filename":"dagbag.py","lineno":415,"error_detail":[{"exc_type":"SyntaxError","exc_value":"expected ':' (professor_rating_dag.py, line 86)","exc_notes":[],"syntax_error":{"offset":49,"filename":"/opt/airflow/dags/professor_rating_dag.py","line":"                                if professor_id \n","lineno":86,"msg":"expected ':'"},"is_cause":false,"frames":[{"filename":"/home/airflow/.local/lib/python3.12/site-packages/airflow/models/dagbag.py","lineno":405,"name":"parse"},{"filename":"<frozen importlib._bootstrap_external>","lineno":995,"name":"exec_module"},{"filename":"<frozen importlib._bootstrap_external>","lineno":1133,"name":"get_code"},{"filename":"<frozen importlib._bootstrap_external>","lineno":1063,"name":"source_to_code"},{"filename":"<frozen importlib._bootstrap>","lineno":488,"name":"_call_with_frames_removed"}],"is_group":false,"exceptions":[]}]}
{"timestamp":"2026-02-11T22:30:18.375773Z","level":"info","event":"Filling up the DagBag from /opt/airflow/dags/professor_rating_dag.py","logger":"airflow.models.dagbag.BundleDagBag","filename":"dagbag.py","lineno":593}
{"timestamp":"2026-02-11T22:30:20.585182Z","level":"info","event":"Filling up the DagBag from /opt/airflow/dags/professor_rating_dag.py","logger":"airflow.models.dagbag.BundleDagBag","filename":"dagbag.py","lineno":593}
{"timestamp":"2026-02-11T22:30:29.930458Z","level":"info","event":"Filling up the DagBag from /opt/airflow/dags/professor_rating_dag.py","logger":"airflow.models.dagbag.BundleDagBag","filename":"dagbag.py","lineno":593}
{"timestamp":"2026-02-11T22:30:45.420482Z","level":"info","event":"Filling up the DagBag from /opt/airflow/dags/professor_rating_dag.py","logger":"airflow.models.dagbag.BundleDagBag","filename":"dagbag.py","lineno":593}
{"timestamp":"2026-02-11T22:30:48.603087Z","level":"info","event":"Filling up the DagBag from /opt/airflow/dags/professor_rating_dag.py","logger":"airflow.models.dagbag.BundleDagBag","filename":"dagbag.py","lineno":593}
{"timestamp":"2026-02-11T22:30:48.608536Z","level":"error","event":"Failed to import: /opt/airflow/dags/professor_rating_dag.py","logger":"airflow.models.dagbag.BundleDagBag","filename":"dagbag.py","lineno":415,"error_detail":[{"exc_type":"SyntaxError","exc_value":"invalid syntax (professor_rating_dag.py, line 87)","exc_notes":[],"syntax_error":{"offset":49,"filename":"/opt/airflow/dags/professor_rating_dag.py","line":"                                    class_nbr = \n","lineno":87,"msg":"invalid syntax"},"is_cause":false,"frames":[{"filename":"/home/airflow/.local/lib/python3.12/site-packages/airflow/models/dagbag.py","lineno":405,"name":"parse"},{"filename":"<frozen importlib._bootstrap_external>","lineno":995,"name":"exec_module"},{"filename":"<frozen importlib._bootstrap_external>","lineno":1133,"name":"get_code"},{"filename":"<frozen importlib._bootstrap_external>","lineno":1063,"name":"source_to_code"},{"filename":"<frozen importlib._bootstrap>","lineno":488,"name":"_call_with_frames_removed"}],"is_group":false,"exceptions":[]}]}
{"timestamp":"2026-02-11T22:30:49.676955Z","level":"info","event":"Filling up the DagBag from /opt/airflow/dags/professor_rating_dag.py","logger":"airflow.models.dagbag.BundleDagBag","filename":"dagbag.py","lineno":593}
{"timestamp":"2026-02-11T22:31:20.317191Z","level":"info","event":"Filling up the DagBag from /opt/airflow/dags/professor_rating_dag.py","logger":"airflow.models.dagbag.BundleDagBag","filename":"dagbag.py","lineno":593}
{"timestamp":"2026-02-11T22:31:41.775512Z","level":"info","event":"Filling up the DagBag from /opt/airflow/dags/professor_rating_dag.py","logger":"airflow.models.dagbag.BundleDagBag","filename":"dagbag.py","lineno":593}
{"timestamp":"2026-02-11T22:31:41.780061Z","level":"error","event":"Failed to import: /opt/airflow/dags/professor_rating_dag.py","logger":"airflow.models.dagbag.BundleDagBag","filename":"dagbag.py","lineno":415,"error_detail":[{"exc_type":"SyntaxError","exc_value":"unterminated string literal (detected at line 87) (professor_rating_dag.py, line 87)","exc_notes":[],"syntax_error":{"offset":202,"filename":"/opt/airflow/dags/professor_rating_dag.py","line":"                                    class_nbr = conn.execute(text(\"SELECT class_nbr FROM section_professor WHERE professor_id = :professor_id), {\"professor_id\": professor_id[\"professor_id\"], \"course_id\": course_id}).mappings()","lineno":87,"msg":"unterminated string literal (detected at line 87)"},"is_cause":false,"frames":[{"filename":"/home/airflow/.local/lib/python3.12/site-packages/airflow/models/dagbag.py","lineno":405,"name":"parse"},{"filename":"<frozen importlib._bootstrap_external>","lineno":995,"name":"exec_module"},{"filename":"<frozen importlib._bootstrap_external>","lineno":1133,"name":"get_code"},{"filename":"<frozen importlib._bootstrap_external>","lineno":1063,"name":"source_to_code"},{"filename":"<frozen importlib._bootstrap>","lineno":488,"name":"_call_with_frames_removed"}],"is_group":false,"exceptions":[]}]}
{"timestamp":"2026-02-11T22:31:51.002983Z","level":"info","event":"Filling up the DagBag from /opt/airflow/dags/professor_rating_dag.py","logger":"airflow.models.dagbag.BundleDagBag","filename":"dagbag.py","lineno":593}
{"timestamp":"2026-02-11T22:31:51.008589Z","level":"error","event":"Failed to import: /opt/airflow/dags/professor_rating_dag.py","logger":"airflow.models.dagbag.BundleDagBag","filename":"dagbag.py","lineno":415,"error_detail":[{"exc_type":"SyntaxError","exc_value":"unterminated string literal (detected at line 87) (professor_rating_dag.py, line 87)","exc_notes":[],"syntax_error":{"offset":188,"filename":"/opt/airflow/dags/professor_rating_dag.py","line":"                                    class_nbr = conn.execute(text(\"SELECT class_nbr FROM section_professor WHERE professor_id = :professor_id), {\"professor_id\": professor_id[\"professor_id\"]).mappings()","lineno":87,"msg":"unterminated string literal (detected at line 87)"},"is_cause":false,"frames":[{"filename":"/home/airflow/.local/lib/python3.12/site-packages/airflow/models/dagbag.py","lineno":405,"name":"parse"},{"filename":"<frozen importlib._bootstrap_external>","lineno":995,"name":"exec_module"},{"filename":"<frozen importlib._bootstrap_external>","lineno":1133,"name":"get_code"},{"filename":"<frozen importlib._bootstrap_external>","lineno":1063,"name":"source_to_code"},{"filename":"<frozen importlib._bootstrap>","lineno":488,"name":"_call_with_frames_removed"}],"is_group":false,"exceptions":[]}]}
{"timestamp":"2026-02-11T22:31:54.120290Z","level":"info","event":"Filling up the DagBag from /opt/airflow/dags/professor_rating_dag.py","logger":"airflow.models.dagbag.BundleDagBag","filename":"dagbag.py","lineno":593}
{"timestamp":"2026-02-11T22:31:54.126949Z","level":"error","event":"Failed to import: /opt/airflow/dags/professor_rating_dag.py","logger":"airflow.models.dagbag.BundleDagBag","filename":"dagbag.py","lineno":415,"error_detail":[{"exc_type":"SyntaxError","exc_value":"unterminated string literal (detected at line 87) (professor_rating_dag.py, line 87)","exc_notes":[],"syntax_error":{"offset":188,"filename":"/opt/airflow/dags/professor_rating_dag.py","line":"                                    class_nbr = conn.execute(text(\"SELECT class_nbr FROM section_professor WHERE professor_id = :professor_id), {\"professor_id\": professor_id[\"professor_id\"]).mappings()","lineno":87,"msg":"unterminated string literal (detected at line 87)"},"is_cause":false,"frames":[{"filename":"/home/airflow/.local/lib/python3.12/site-packages/airflow/models/dagbag.py","lineno":405,"name":"parse"},{"filename":"<frozen importlib._bootstrap_external>","lineno":995,"name":"exec_module"},{"filename":"<frozen importlib._bootstrap_external>","lineno":1133,"name":"get_code"},{"filename":"<frozen importlib._bootstrap_external>","lineno":1063,"name":"source_to_code"},{"filename":"<frozen importlib._bootstrap>","lineno":488,"name":"_call_with_frames_removed"}],"is_group":false,"exceptions":[]}]}
{"timestamp":"2026-02-11T22:32:00.231804Z","level":"info","event":"Filling up the DagBag from /opt/airflow/dags/professor_rating_dag.py","logger":"airflow.models.dagbag.BundleDagBag","filename":"dagbag.py","lineno":593}
{"timestamp":"2026-02-11T22:32:00.237877Z","level":"error","event":"Failed to import: /opt/airflow/dags/professor_rating_dag.py","logger":"airflow.models.dagbag.BundleDagBag","filename":"dagbag.py","lineno":415,"error_detail":[{"exc_type":"SyntaxError","exc_value":"unterminated string literal (detected at line 87) (professor_rating_dag.py, line 87)","exc_notes":[],"syntax_error":{"offset":188,"filename":"/opt/airflow/dags/professor_rating_dag.py","line":"                                    class_nbr = conn.execute(text(\"SELECT class_nbr FROM section_professor WHERE professor_id = :professor_id), {\"professor_id\": professor_id[\"professor_id\"]).mappings())","lineno":87,"msg":"unterminated string literal (detected at line 87)"},"is_cause":false,"frames":[{"filename":"/home/airflow/.local/lib/python3.12/site-packages/airflow/models/dagbag.py","lineno":405,"name":"parse"},{"filename":"<frozen importlib._bootstrap_external>","lineno":995,"name":"exec_module"},{"filename":"<frozen importlib._bootstrap_external>","lineno":1133,"name":"get_code"},{"filename":"<frozen importlib._bootstrap_external>","lineno":1063,"name":"source_to_code"},{"filename":"<frozen importlib._bootstrap>","lineno":488,"name":"_call_with_frames_removed"}],"is_group":false,"exceptions":[]}]}
{"timestamp":"2026-02-11T22:32:03.412350Z","level":"info","event":"Filling up the DagBag from /opt/airflow/dags/professor_rating_dag.py","logger":"airflow.models.dagbag.BundleDagBag","filename":"dagbag.py","lineno":593}
{"timestamp":"2026-02-11T22:32:03.426493Z","level":"error","event":"Failed to import: /opt/airflow/dags/professor_rating_dag.py","logger":"airflow.models.dagbag.BundleDagBag","filename":"dagbag.py","lineno":415,"error_detail":[{"exc_type":"SyntaxError","exc_value":"unterminated string literal (detected at line 87) (professor_rating_dag.py, line 87)","exc_notes":[],"syntax_error":{"offset":188,"filename":"/opt/airflow/dags/professor_rating_dag.py","line":"                                    class_nbr = conn.execute(text(\"SELECT class_nbr FROM section_professor WHERE professor_id = :professor_id), {\"professor_id\": professor_id[\"professor_id\"])","lineno":87,"msg":"unterminated string literal (detected at line 87)"},"is_cause":false,"frames":[{"filename":"/home/airflow/.local/lib/python3.12/site-packages/airflow/models/dagbag.py","lineno":405,"name":"parse"},{"filename":"<frozen importlib._bootstrap_external>","lineno":995,"name":"exec_module"},{"filename":"<frozen importlib._bootstrap_external>","lineno":1133,"name":"get_code"},{"filename":"<frozen importlib._bootstrap_external>","lineno":1063,"name":"source_to_code"},{"filename":"<frozen importlib._bootstrap>","lineno":488,"name":"_call_with_frames_removed"}],"is_group":false,"exceptions":[]}]}
{"timestamp":"2026-02-11T22:32:04.484451Z","level":"info","event":"Filling up the DagBag from /opt/airflow/dags/professor_rating_dag.py","logger":"airflow.models.dagbag.BundleDagBag","filename":"dagbag.py","lineno":593}
{"timestamp":"2026-02-11T22:32:04.493179Z","level":"error","event":"Failed to import: /opt/airflow/dags/professor_rating_dag.py","logger":"airflow.models.dagbag.BundleDagBag","filename":"dagbag.py","lineno":415,"error_detail":[{"exc_type":"SyntaxError","exc_value":"unterminated string literal (detected at line 87) (professor_rating_dag.py, line 87)","exc_notes":[],"syntax_error":{"offset":188,"filename":"/opt/airflow/dags/professor_rating_dag.py","line":"                                    class_nbr = conn.execute(text(\"SELECT class_nbr FROM section_professor WHERE professor_id = :professor_id), {\"professor_id\": professor_id[\"professor_id\"]))","lineno":87,"msg":"unterminated string literal (detected at line 87)"},"is_cause":false,"frames":[{"filename":"/home/airflow/.local/lib/python3.12/site-packages/airflow/models/dagbag.py","lineno":405,"name":"parse"},{"filename":"<frozen importlib._bootstrap_external>","lineno":995,"name":"exec_module"},{"filename":"<frozen importlib._bootstrap_external>","lineno":1133,"name":"get_code"},{"filename":"<frozen importlib._bootstrap_external>","lineno":1063,"name":"source_to_code"},{"filename":"<frozen importlib._bootstrap>","lineno":488,"name":"_call_with_frames_removed"}],"is_group":false,"exceptions":[]}]}
{"timestamp":"2026-02-11T22:32:13.757117Z","level":"info","event":"Filling up the DagBag from /opt/airflow/dags/professor_rating_dag.py","logger":"airflow.models.dagbag.BundleDagBag","filename":"dagbag.py","lineno":593}
{"timestamp":"2026-02-11T22:32:13.762700Z","level":"error","event":"Failed to import: /opt/airflow/dags/professor_rating_dag.py","logger":"airflow.models.dagbag.BundleDagBag","filename":"dagbag.py","lineno":415,"error_detail":[{"exc_type":"SyntaxError","exc_value":"closing parenthesis ')' does not match opening parenthesis '{' (professor_rating_dag.py, line 87)","exc_notes":[],"syntax_error":{"offset":191,"filename":"/opt/airflow/dags/professor_rating_dag.py","line":"                                    class_nbr = conn.execute(text(\"SELECT class_nbr FROM section_professor WHERE professor_id = :professor_id\"), {\"professor_id\": professor_id[\"professor_id\"]))","lineno":87,"msg":"closing parenthesis ')' does not match opening parenthesis '{'"},"is_cause":false,"frames":[{"filename":"/home/airflow/.local/lib/python3.12/site-packages/airflow/models/dagbag.py","lineno":405,"name":"parse"},{"filename":"<frozen importlib._bootstrap_external>","lineno":995,"name":"exec_module"},{"filename":"<frozen importlib._bootstrap_external>","lineno":1133,"name":"get_code"},{"filename":"<frozen importlib._bootstrap_external>","lineno":1063,"name":"source_to_code"},{"filename":"<frozen importlib._bootstrap>","lineno":488,"name":"_call_with_frames_removed"}],"is_group":false,"exceptions":[]}]}
{"timestamp":"2026-02-11T22:32:20.997729Z","level":"info","event":"Filling up the DagBag from /opt/airflow/dags/professor_rating_dag.py","logger":"airflow.models.dagbag.BundleDagBag","filename":"dagbag.py","lineno":593}
{"timestamp":"2026-02-11T22:32:21.001651Z","level":"error","event":"Failed to import: /opt/airflow/dags/professor_rating_dag.py","logger":"airflow.models.dagbag.BundleDagBag","filename":"dagbag.py","lineno":415,"error_detail":[{"exc_type":"SyntaxError","exc_value":"closing parenthesis ')' does not match opening parenthesis '{' (professor_rating_dag.py, line 87)","exc_notes":[],"syntax_error":{"offset":191,"filename":"/opt/airflow/dags/professor_rating_dag.py","line":"                                    class_nbr = conn.execute(text(\"SELECT class_nbr FROM section_professor WHERE professor_id = :professor_id\"), {\"professor_id\": professor_id[\"professor_id\"]).","lineno":87,"msg":"closing parenthesis ')' does not match opening parenthesis '{'"},"is_cause":false,"frames":[{"filename":"/home/airflow/.local/lib/python3.12/site-packages/airflow/models/dagbag.py","lineno":405,"name":"parse"},{"filename":"<frozen importlib._bootstrap_external>","lineno":995,"name":"exec_module"},{"filename":"<frozen importlib._bootstrap_external>","lineno":1133,"name":"get_code"},{"filename":"<frozen importlib._bootstrap_external>","lineno":1063,"name":"source_to_code"},{"filename":"<frozen importlib._bootstrap>","lineno":488,"name":"_call_with_frames_removed"}],"is_group":false,"exceptions":[]}]}
{"timestamp":"2026-02-11T22:32:23.053516Z","level":"info","event":"Filling up the DagBag from /opt/airflow/dags/professor_rating_dag.py","logger":"airflow.models.dagbag.BundleDagBag","filename":"dagbag.py","lineno":593}
{"timestamp":"2026-02-11T22:32:23.056951Z","level":"error","event":"Failed to import: /opt/airflow/dags/professor_rating_dag.py","logger":"airflow.models.dagbag.BundleDagBag","filename":"dagbag.py","lineno":415,"error_detail":[{"exc_type":"SyntaxError","exc_value":"closing parenthesis ')' does not match opening parenthesis '{' (professor_rating_dag.py, line 87)","exc_notes":[],"syntax_error":{"offset":191,"filename":"/opt/airflow/dags/professor_rating_dag.py","line":"                                    class_nbr = conn.execute(text(\"SELECT class_nbr FROM section_professor WHERE professor_id = :professor_id\"), {\"professor_id\": professor_id[\"professor_id\"]).m","lineno":87,"msg":"closing parenthesis ')' does not match opening parenthesis '{'"},"is_cause":false,"frames":[{"filename":"/home/airflow/.local/lib/python3.12/site-packages/airflow/models/dagbag.py","lineno":405,"name":"parse"},{"filename":"<frozen importlib._bootstrap_external>","lineno":995,"name":"exec_module"},{"filename":"<frozen importlib._bootstrap_external>","lineno":1133,"name":"get_code"},{"filename":"<frozen importlib._bootstrap_external>","lineno":1063,"name":"source_to_code"},{"filename":"<frozen importlib._bootstrap>","lineno":488,"name":"_call_with_frames_removed"}],"is_group":false,"exceptions":[]}]}
{"timestamp":"2026-02-11T22:32:25.123570Z","level":"info","event":"Filling up the DagBag from /opt/airflow/dags/professor_rating_dag.py","logger":"airflow.models.dagbag.BundleDagBag","filename":"dagbag.py","lineno":593}
{"timestamp":"2026-02-11T22:32:25.128161Z","level":"error","event":"Failed to import: /opt/airflow/dags/professor_rating_dag.py","logger":"airflow.models.dagbag.BundleDagBag","filename":"dagbag.py","lineno":415,"error_detail":[{"exc_type":"SyntaxError","exc_value":"closing parenthesis ')' does not match opening parenthesis '{' (professor_rating_dag.py, line 87)","exc_notes":[],"syntax_error":{"offset":191,"filename":"/opt/airflow/dags/professor_rating_dag.py","line":"                                    class_nbr = conn.execute(text(\"SELECT class_nbr FROM section_professor WHERE professor_id = :professor_id\"), {\"professor_id\": professor_id[\"professor_id\"]).mappings","lineno":87,"msg":"closing parenthesis ')' does not match opening parenthesis '{'"},"is_cause":false,"frames":[{"filename":"/home/airflow/.local/lib/python3.12/site-packages/airflow/models/dagbag.py","lineno":405,"name":"parse"},{"filename":"<frozen importlib._bootstrap_external>","lineno":995,"name":"exec_module"},{"filename":"<frozen importlib._bootstrap_external>","lineno":1133,"name":"get_code"},{"filename":"<frozen importlib._bootstrap_external>","lineno":1063,"name":"source_to_code"},{"filename":"<frozen importlib._bootstrap>","lineno":488,"name":"_call_with_frames_removed"}],"is_group":false,"exceptions":[]}]}
{"timestamp":"2026-02-11T22:32:27.186439Z","level":"info","event":"Filling up the DagBag from /opt/airflow/dags/professor_rating_dag.py","logger":"airflow.models.dagbag.BundleDagBag","filename":"dagbag.py","lineno":593}
{"timestamp":"2026-02-11T22:32:27.189636Z","level":"error","event":"Failed to import: /opt/airflow/dags/professor_rating_dag.py","logger":"airflow.models.dagbag.BundleDagBag","filename":"dagbag.py","lineno":415,"error_detail":[{"exc_type":"SyntaxError","exc_value":"closing parenthesis ')' does not match opening parenthesis '{' (professor_rating_dag.py, line 87)","exc_notes":[],"syntax_error":{"offset":191,"filename":"/opt/airflow/dags/professor_rating_dag.py","line":"                                    class_nbr = conn.execute(text(\"SELECT class_nbr FROM section_professor WHERE professor_id = :professor_id\"), {\"professor_id\": professor_id[\"professor_id\"]).mappings()","lineno":87,"msg":"closing parenthesis ')' does not match opening parenthesis '{'"},"is_cause":false,"frames":[{"filename":"/home/airflow/.local/lib/python3.12/site-packages/airflow/models/dagbag.py","lineno":405,"name":"parse"},{"filename":"<frozen importlib._bootstrap_external>","lineno":995,"name":"exec_module"},{"filename":"<frozen importlib._bootstrap_external>","lineno":1133,"name":"get_code"},{"filename":"<frozen importlib._bootstrap_external>","lineno":1063,"name":"source_to_code"},{"filename":"<frozen importlib._bootstrap>","lineno":488,"name":"_call_with_frames_removed"}],"is_group":false,"exceptions":[]}]}
{"timestamp":"2026-02-11T22:32:37.429594Z","level":"info","event":"Filling up the DagBag from /opt/airflow/dags/professor_rating_dag.py","logger":"airflow.models.dagbag.BundleDagBag","filename":"dagbag.py","lineno":593}
{"timestamp":"2026-02-11T22:32:37.435342Z","level":"error","event":"Failed to import: /opt/airflow/dags/professor_rating_dag.py","logger":"airflow.models.dagbag.BundleDagBag","filename":"dagbag.py","lineno":415,"error_detail":[{"exc_type":"SyntaxError","exc_value":"closing parenthesis '}' does not match opening parenthesis '[' (professor_rating_dag.py, line 87)","exc_notes":[],"syntax_error":{"offset":190,"filename":"/opt/airflow/dags/professor_rating_dag.py","line":"                                    class_nbr = conn.execute(text(\"SELECT class_nbr FROM section_professor WHERE professor_id = :professor_id\"), {\"professor_id\": professor_id[\"professor_id\"}]).mappings()","lineno":87,"msg":"closing parenthesis '}' does not match opening parenthesis '['"},"is_cause":false,"frames":[{"filename":"/home/airflow/.local/lib/python3.12/site-packages/airflow/models/dagbag.py","lineno":405,"name":"parse"},{"filename":"<frozen importlib._bootstrap_external>","lineno":995,"name":"exec_module"},{"filename":"<frozen importlib._bootstrap_external>","lineno":1133,"name":"get_code"},{"filename":"<frozen importlib._bootstrap_external>","lineno":1063,"name":"source_to_code"},{"filename":"<frozen importlib._bootstrap>","lineno":488,"name":"_call_with_frames_removed"}],"is_group":false,"exceptions":[]}]}
{"timestamp":"2026-02-11T22:32:38.497252Z","level":"info","event":"Filling up the DagBag from /opt/airflow/dags/professor_rating_dag.py","logger":"airflow.models.dagbag.BundleDagBag","filename":"dagbag.py","lineno":593}
{"timestamp":"2026-02-11T22:32:38.501565Z","level":"error","event":"Failed to import: /opt/airflow/dags/professor_rating_dag.py","logger":"airflow.models.dagbag.BundleDagBag","filename":"dagbag.py","lineno":415,"error_detail":[{"exc_type":"SyntaxError","exc_value":"closing parenthesis ')' does not match opening parenthesis '{' (professor_rating_dag.py, line 87)","exc_notes":[],"syntax_error":{"offset":191,"filename":"/opt/airflow/dags/professor_rating_dag.py","line":"                                    class_nbr = conn.execute(text(\"SELECT class_nbr FROM section_professor WHERE professor_id = :professor_id\"), {\"professor_id\": professor_id[\"professor_id\"]).mappings()","lineno":87,"msg":"closing parenthesis ')' does not match opening parenthesis '{'"},"is_cause":false,"frames":[{"filename":"/home/airflow/.local/lib/python3.12/site-packages/airflow/models/dagbag.py","lineno":405,"name":"parse"},{"filename":"<frozen importlib._bootstrap_external>","lineno":995,"name":"exec_module"},{"filename":"<frozen importlib._bootstrap_external>","lineno":1133,"name":"get_code"},{"filename":"<frozen importlib._bootstrap_external>","lineno":1063,"name":"source_to_code"},{"filename":"<frozen importlib._bootstrap>","lineno":488,"name":"_call_with_frames_removed"}],"is_group":false,"exceptions":[]}]}
{"timestamp":"2026-02-11T22:32:39.539579Z","level":"info","event":"Filling up the DagBag from /opt/airflow/dags/professor_rating_dag.py","logger":"airflow.models.dagbag.BundleDagBag","filename":"dagbag.py","lineno":593}
{"timestamp":"2026-02-11T22:32:42.057886Z","level":"info","event":"Filling up the DagBag from /opt/airflow/dags/professor_rating_dag.py","logger":"airflow.models.dagbag.BundleDagBag","filename":"dagbag.py","lineno":593}
{"timestamp":"2026-02-11T22:32:45.330770Z","level":"info","event":"Filling up the DagBag from /opt/airflow/dags/professor_rating_dag.py","logger":"airflow.models.dagbag.BundleDagBag","filename":"dagbag.py","lineno":593}
{"timestamp":"2026-02-11T22:32:45.345089Z","level":"error","event":"Failed to import: /opt/airflow/dags/professor_rating_dag.py","logger":"airflow.models.dagbag.BundleDagBag","filename":"dagbag.py","lineno":415,"error_detail":[{"exc_type":"SyntaxError","exc_value":"invalid syntax (professor_rating_dag.py, line 88)","exc_notes":[],"syntax_error":{"offset":40,"filename":"/opt/airflow/dags/professor_rating_dag.py","line":"                                    if \n","lineno":88,"msg":"invalid syntax"},"is_cause":false,"frames":[{"filename":"/home/airflow/.local/lib/python3.12/site-packages/airflow/models/dagbag.py","lineno":405,"name":"parse"},{"filename":"<frozen importlib._bootstrap_external>","lineno":995,"name":"exec_module"},{"filename":"<frozen importlib._bootstrap_external>","lineno":1133,"name":"get_code"},{"filename":"<frozen importlib._bootstrap_external>","lineno":1063,"name":"source_to_code"},{"filename":"<frozen importlib._bootstrap>","lineno":488,"name":"_call_with_frames_removed"}],"is_group":false,"exceptions":[]}]}
{"timestamp":"2026-02-11T22:32:48.604436Z","level":"info","event":"Filling up the DagBag from /opt/airflow/dags/professor_rating_dag.py","logger":"airflow.models.dagbag.BundleDagBag","filename":"dagbag.py","lineno":593}
{"timestamp":"2026-02-11T22:32:48.626869Z","level":"error","event":"Failed to import: /opt/airflow/dags/professor_rating_dag.py","logger":"airflow.models.dagbag.BundleDagBag","filename":"dagbag.py","lineno":415,"error_detail":[{"exc_type":"IndentationError","exc_value":"expected an indented block after 'if' statement on line 88 (professor_rating_dag.py, line 91)","exc_notes":[],"syntax_error":{"offset":37,"filename":"/opt/airflow/dags/professor_rating_dag.py","line":"                                    professor_id = conn.execute()\n","lineno":91,"msg":"expected an indented block after 'if' statement on line 88"},"is_cause":false,"frames":[{"filename":"/home/airflow/.local/lib/python3.12/site-packages/airflow/models/dagbag.py","lineno":405,"name":"parse"},{"filename":"<frozen importlib._bootstrap_external>","lineno":995,"name":"exec_module"},{"filename":"<frozen importlib._bootstrap_external>","lineno":1133,"name":"get_code"},{"filename":"<frozen importlib._bootstrap_external>","lineno":1063,"name":"source_to_code"},{"filename":"<frozen importlib._bootstrap>","lineno":488,"name":"_call_with_frames_removed"}],"is_group":false,"exceptions":[]}]}
{"timestamp":"2026-02-11T22:32:54.851329Z","level":"info","event":"Filling up the DagBag from /opt/airflow/dags/professor_rating_dag.py","logger":"airflow.models.dagbag.BundleDagBag","filename":"dagbag.py","lineno":593}
{"timestamp":"2026-02-11T22:32:54.859928Z","level":"error","event":"Failed to import: /opt/airflow/dags/professor_rating_dag.py","logger":"airflow.models.dagbag.BundleDagBag","filename":"dagbag.py","lineno":415,"error_detail":[{"exc_type":"IndentationError","exc_value":"expected an indented block after 'if' statement on line 88 (professor_rating_dag.py, line 92)","exc_notes":[],"syntax_error":{"offset":37,"filename":"/opt/airflow/dags/professor_rating_dag.py","line":"                                    professor_id = conn.execute()\n","lineno":92,"msg":"expected an indented block after 'if' statement on line 88"},"is_cause":false,"frames":[{"filename":"/home/airflow/.local/lib/python3.12/site-packages/airflow/models/dagbag.py","lineno":405,"name":"parse"},{"filename":"<frozen importlib._bootstrap_external>","lineno":995,"name":"exec_module"},{"filename":"<frozen importlib._bootstrap_external>","lineno":1133,"name":"get_code"},{"filename":"<frozen importlib._bootstrap_external>","lineno":1063,"name":"source_to_code"},{"filename":"<frozen importlib._bootstrap>","lineno":488,"name":"_call_with_frames_removed"}],"is_group":false,"exceptions":[]}]}
{"timestamp":"2026-02-11T22:32:59.974063Z","level":"info","event":"Filling up the DagBag from /opt/airflow/dags/professor_rating_dag.py","logger":"airflow.models.dagbag.BundleDagBag","filename":"dagbag.py","lineno":593}
{"timestamp":"2026-02-11T22:32:59.980360Z","level":"error","event":"Failed to import: /opt/airflow/dags/professor_rating_dag.py","logger":"airflow.models.dagbag.BundleDagBag","filename":"dagbag.py","lineno":415,"error_detail":[{"exc_type":"IndentationError","exc_value":"expected an indented block after 'if' statement on line 88 (professor_rating_dag.py, line 92)","exc_notes":[],"syntax_error":{"offset":37,"filename":"/opt/airflow/dags/professor_rating_dag.py","line":"                                    professor_id = conn.execute()\n","lineno":92,"msg":"expected an indented block after 'if' statement on line 88"},"is_cause":false,"frames":[{"filename":"/home/airflow/.local/lib/python3.12/site-packages/airflow/models/dagbag.py","lineno":405,"name":"parse"},{"filename":"<frozen importlib._bootstrap_external>","lineno":995,"name":"exec_module"},{"filename":"<frozen importlib._bootstrap_external>","lineno":1133,"name":"get_code"},{"filename":"<frozen importlib._bootstrap_external>","lineno":1063,"name":"source_to_code"},{"filename":"<frozen importlib._bootstrap>","lineno":488,"name":"_call_with_frames_removed"}],"is_group":false,"exceptions":[]}]}
{"timestamp":"2026-02-11T22:33:23.637286Z","level":"info","event":"Filling up the DagBag from /opt/airflow/dags/professor_rating_dag.py","logger":"airflow.models.dagbag.BundleDagBag","filename":"dagbag.py","lineno":593}
{"timestamp":"2026-02-11T22:33:23.648537Z","level":"error","event":"Failed to import: /opt/airflow/dags/professor_rating_dag.py","logger":"airflow.models.dagbag.BundleDagBag","filename":"dagbag.py","lineno":415,"error_detail":[{"exc_type":"IndentationError","exc_value":"expected an indented block after 'if' statement on line 88 (professor_rating_dag.py, line 90)","exc_notes":[],"syntax_error":{"offset":32,"filename":"/opt/airflow/dags/professor_rating_dag.py","line":"                                if professor_id:\n","lineno":90,"msg":"expected an indented block after 'if' statement on line 88"},"is_cause":false,"frames":[{"filename":"/home/airflow/.local/lib/python3.12/site-packages/airflow/models/dagbag.py","lineno":405,"name":"parse"},{"filename":"<frozen importlib._bootstrap_external>","lineno":995,"name":"exec_module"},{"filename":"<frozen importlib._bootstrap_external>","lineno":1133,"name":"get_code"},{"filename":"<frozen importlib._bootstrap_external>","lineno":1063,"name":"source_to_code"},{"filename":"<frozen importlib._bootstrap>","lineno":488,"name":"_call_with_frames_removed"}],"is_group":false,"exceptions":[]}]}
{"timestamp":"2026-02-11T22:33:54.263842Z","level":"info","event":"Filling up the DagBag from /opt/airflow/dags/professor_rating_dag.py","logger":"airflow.models.dagbag.BundleDagBag","filename":"dagbag.py","lineno":593}
{"timestamp":"2026-02-11T22:33:54.268788Z","level":"error","event":"Failed to import: /opt/airflow/dags/professor_rating_dag.py","logger":"airflow.models.dagbag.BundleDagBag","filename":"dagbag.py","lineno":415,"error_detail":[{"exc_type":"IndentationError","exc_value":"expected an indented block after 'if' statement on line 88 (professor_rating_dag.py, line 90)","exc_notes":[],"syntax_error":{"offset":32,"filename":"/opt/airflow/dags/professor_rating_dag.py","line":"                                if professor_id:\n","lineno":90,"msg":"expected an indented block after 'if' statement on line 88"},"is_cause":false,"frames":[{"filename":"/home/airflow/.local/lib/python3.12/site-packages/airflow/models/dagbag.py","lineno":405,"name":"parse"},{"filename":"<frozen importlib._bootstrap_external>","lineno":995,"name":"exec_module"},{"filename":"<frozen importlib._bootstrap_external>","lineno":1133,"name":"get_code"},{"filename":"<frozen importlib._bootstrap_external>","lineno":1063,"name":"source_to_code"},{"filename":"<frozen importlib._bootstrap>","lineno":488,"name":"_call_with_frames_removed"}],"is_group":false,"exceptions":[]}]}
{"timestamp":"2026-02-11T22:34:05.437849Z","level":"info","event":"Filling up the DagBag from /opt/airflow/dags/professor_rating_dag.py","logger":"airflow.models.dagbag.BundleDagBag","filename":"dagbag.py","lineno":593}
{"timestamp":"2026-02-11T22:34:07.622573Z","level":"info","event":"Filling up the DagBag from /opt/airflow/dags/professor_rating_dag.py","logger":"airflow.models.dagbag.BundleDagBag","filename":"dagbag.py","lineno":593}
{"timestamp":"2026-02-11T22:34:08.743193Z","level":"info","event":"Filling up the DagBag from /opt/airflow/dags/professor_rating_dag.py","logger":"airflow.models.dagbag.BundleDagBag","filename":"dagbag.py","lineno":593}
{"timestamp":"2026-02-11T22:34:11.952092Z","level":"info","event":"Filling up the DagBag from /opt/airflow/dags/professor_rating_dag.py","logger":"airflow.models.dagbag.BundleDagBag","filename":"dagbag.py","lineno":593}
{"timestamp":"2026-02-11T22:34:22.317873Z","level":"info","event":"Filling up the DagBag from /opt/airflow/dags/professor_rating_dag.py","logger":"airflow.models.dagbag.BundleDagBag","filename":"dagbag.py","lineno":593}
{"timestamp":"2026-02-11T22:34:52.919269Z","level":"info","event":"Filling up the DagBag from /opt/airflow/dags/professor_rating_dag.py","logger":"airflow.models.dagbag.BundleDagBag","filename":"dagbag.py","lineno":593}
{"timestamp":"2026-02-11T22:35:23.559748Z","level":"info","event":"Filling up the DagBag from /opt/airflow/dags/professor_rating_dag.py","logger":"airflow.models.dagbag.BundleDagBag","filename":"dagbag.py","lineno":593}
{"timestamp":"2026-02-11T22:35:25.779188Z","level":"info","event":"Filling up the DagBag from /opt/airflow/dags/professor_rating_dag.py","logger":"airflow.models.dagbag.BundleDagBag","filename":"dagbag.py","lineno":593}
{"timestamp":"2026-02-11T22:35:56.466951Z","level":"info","event":"Filling up the DagBag from /opt/airflow/dags/professor_rating_dag.py","logger":"airflow.models.dagbag.BundleDagBag","filename":"dagbag.py","lineno":593}
{"timestamp":"2026-02-11T22:36:07.733195Z","level":"info","event":"Filling up the DagBag from /opt/airflow/dags/professor_rating_dag.py","logger":"airflow.models.dagbag.BundleDagBag","filename":"dagbag.py","lineno":593}
{"timestamp":"2026-02-11T22:36:09.914339Z","level":"info","event":"Filling up the DagBag from /opt/airflow/dags/professor_rating_dag.py","logger":"airflow.models.dagbag.BundleDagBag","filename":"dagbag.py","lineno":593}
{"timestamp":"2026-02-11T22:36:17.213048Z","level":"info","event":"Filling up the DagBag from /opt/airflow/dags/professor_rating_dag.py","logger":"airflow.models.dagbag.BundleDagBag","filename":"dagbag.py","lineno":593}
{"timestamp":"2026-02-11T22:36:33.713887Z","level":"info","event":"Filling up the DagBag from /opt/airflow/dags/professor_rating_dag.py","logger":"airflow.models.dagbag.BundleDagBag","filename":"dagbag.py","lineno":593}
{"timestamp":"2026-02-11T22:36:33.731656Z","level":"error","event":"Failed to import: /opt/airflow/dags/professor_rating_dag.py","logger":"airflow.models.dagbag.BundleDagBag","filename":"dagbag.py","lineno":415,"error_detail":[{"exc_type":"IndentationError","exc_value":"expected an indented block after 'if' statement on line 88 (professor_rating_dag.py, line 89)","exc_notes":[],"syntax_error":{"offset":32,"filename":"/opt/airflow/dags/professor_rating_dag.py","line":"                                if professor_id:\n","lineno":89,"msg":"expected an indented block after 'if' statement on line 88"},"is_cause":false,"frames":[{"filename":"/home/airflow/.local/lib/python3.12/site-packages/airflow/models/dagbag.py","lineno":405,"name":"parse"},{"filename":"<frozen importlib._bootstrap_external>","lineno":995,"name":"exec_module"},{"filename":"<frozen importlib._bootstrap_external>","lineno":1133,"name":"get_code"},{"filename":"<frozen importlib._bootstrap_external>","lineno":1063,"name":"source_to_code"},{"filename":"<frozen importlib._bootstrap>","lineno":488,"name":"_call_with_frames_removed"}],"is_group":false,"exceptions":[]}]}
{"timestamp":"2026-02-11T22:36:36.966123Z","level":"info","event":"Filling up the DagBag from /opt/airflow/dags/professor_rating_dag.py","logger":"airflow.models.dagbag.BundleDagBag","filename":"dagbag.py","lineno":593}
{"timestamp":"2026-02-11T22:36:36.977503Z","level":"error","event":"Failed to import: /opt/airflow/dags/professor_rating_dag.py","logger":"airflow.models.dagbag.BundleDagBag","filename":"dagbag.py","lineno":415,"error_detail":[{"exc_type":"SyntaxError","exc_value":"invalid syntax (professor_rating_dag.py, line 89)","exc_notes":[],"syntax_error":{"offset":45,"filename":"/opt/airflow/dags/professor_rating_dag.py","line":"                                        for \n","lineno":89,"msg":"invalid syntax"},"is_cause":false,"frames":[{"filename":"/home/airflow/.local/lib/python3.12/site-packages/airflow/models/dagbag.py","lineno":405,"name":"parse"},{"filename":"<frozen importlib._bootstrap_external>","lineno":995,"name":"exec_module"},{"filename":"<frozen importlib._bootstrap_external>","lineno":1133,"name":"get_code"},{"filename":"<frozen importlib._bootstrap_external>","lineno":1063,"name":"source_to_code"},{"filename":"<frozen importlib._bootstrap>","lineno":488,"name":"_call_with_frames_removed"}],"is_group":false,"exceptions":[]}]}
{"timestamp":"2026-02-11T22:36:38.034757Z","level":"info","event":"Filling up the DagBag from /opt/airflow/dags/professor_rating_dag.py","logger":"airflow.models.dagbag.BundleDagBag","filename":"dagbag.py","lineno":593}
{"timestamp":"2026-02-11T22:36:38.046304Z","level":"error","event":"Failed to import: /opt/airflow/dags/professor_rating_dag.py","logger":"airflow.models.dagbag.BundleDagBag","filename":"dagbag.py","lineno":415,"error_detail":[{"exc_type":"IndentationError","exc_value":"expected an indented block after 'for' statement on line 89 (professor_rating_dag.py, line 91)","exc_notes":[],"syntax_error":{"offset":32,"filename":"/opt/airflow/dags/professor_rating_dag.py","line":"                                if professor_id:\n","lineno":91,"msg":"expected an indented block after 'for' statement on line 89"},"is_cause":false,"frames":[{"filename":"/home/airflow/.local/lib/python3.12/site-packages/airflow/models/dagbag.py","lineno":405,"name":"parse"},{"filename":"<frozen importlib._bootstrap_external>","lineno":995,"name":"exec_module"},{"filename":"<frozen importlib._bootstrap_external>","lineno":1133,"name":"get_code"},{"filename":"<frozen importlib._bootstrap_external>","lineno":1063,"name":"source_to_code"},{"filename":"<frozen importlib._bootstrap>","lineno":488,"name":"_call_with_frames_removed"}],"is_group":false,"exceptions":[]}]}
{"timestamp":"2026-02-11T22:36:45.161434Z","level":"info","event":"Filling up the DagBag from /opt/airflow/dags/professor_rating_dag.py","logger":"airflow.models.dagbag.BundleDagBag","filename":"dagbag.py","lineno":593}
{"timestamp":"2026-02-11T22:36:45.167689Z","level":"error","event":"Failed to import: /opt/airflow/dags/professor_rating_dag.py","logger":"airflow.models.dagbag.BundleDagBag","filename":"dagbag.py","lineno":415,"error_detail":[{"exc_type":"IndentationError","exc_value":"expected an indented block after 'for' statement on line 89 (professor_rating_dag.py, line 91)","exc_notes":[],"syntax_error":{"offset":32,"filename":"/opt/airflow/dags/professor_rating_dag.py","line":"                                if professor_id:\n","lineno":91,"msg":"expected an indented block after 'for' statement on line 89"},"is_cause":false,"frames":[{"filename":"/home/airflow/.local/lib/python3.12/site-packages/airflow/models/dagbag.py","lineno":405,"name":"parse"},{"filename":"<frozen importlib._bootstrap_external>","lineno":995,"name":"exec_module"},{"filename":"<frozen importlib._bootstrap_external>","lineno":1133,"name":"get_code"},{"filename":"<frozen importlib._bootstrap_external>","lineno":1063,"name":"source_to_code"},{"filename":"<frozen importlib._bootstrap>","lineno":488,"name":"_call_with_frames_removed"}],"is_group":false,"exceptions":[]}]}
{"timestamp":"2026-02-11T22:36:48.421861Z","level":"info","event":"Filling up the DagBag from /opt/airflow/dags/professor_rating_dag.py","logger":"airflow.models.dagbag.BundleDagBag","filename":"dagbag.py","lineno":593}
{"timestamp":"2026-02-11T22:36:52.579274Z","level":"info","event":"Filling up the DagBag from /opt/airflow/dags/professor_rating_dag.py","logger":"airflow.models.dagbag.BundleDagBag","filename":"dagbag.py","lineno":593}
{"timestamp":"2026-02-11T22:37:04.873600Z","level":"info","event":"Filling up the DagBag from /opt/airflow/dags/professor_rating_dag.py","logger":"airflow.models.dagbag.BundleDagBag","filename":"dagbag.py","lineno":593}
{"timestamp":"2026-02-11T22:37:35.554059Z","level":"info","event":"Filling up the DagBag from /opt/airflow/dags/professor_rating_dag.py","logger":"airflow.models.dagbag.BundleDagBag","filename":"dagbag.py","lineno":593}
{"timestamp":"2026-02-11T22:37:54.044402Z","level":"info","event":"Filling up the DagBag from /opt/airflow/dags/professor_rating_dag.py","logger":"airflow.models.dagbag.BundleDagBag","filename":"dagbag.py","lineno":593}
{"timestamp":"2026-02-11T22:37:54.052531Z","level":"error","event":"Failed to import: /opt/airflow/dags/professor_rating_dag.py","logger":"airflow.models.dagbag.BundleDagBag","filename":"dagbag.py","lineno":415,"error_detail":[{"exc_type":"SyntaxError","exc_value":"invalid syntax (professor_rating_dag.py, line 91)","exc_notes":[],"syntax_error":{"offset":48,"filename":"/opt/airflow/dags/professor_rating_dag.py","line":"                                            if \n","lineno":91,"msg":"invalid syntax"},"is_cause":false,"frames":[{"filename":"/home/airflow/.local/lib/python3.12/site-packages/airflow/models/dagbag.py","lineno":405,"name":"parse"},{"filename":"<frozen importlib._bootstrap_external>","lineno":995,"name":"exec_module"},{"filename":"<frozen importlib._bootstrap_external>","lineno":1133,"name":"get_code"},{"filename":"<frozen importlib._bootstrap_external>","lineno":1063,"name":"source_to_code"},{"filename":"<frozen importlib._bootstrap>","lineno":488,"name":"_call_with_frames_removed"}],"is_group":false,"exceptions":[]}]}
{"timestamp":"2026-02-11T22:37:56.118152Z","level":"info","event":"Filling up the DagBag from /opt/airflow/dags/professor_rating_dag.py","logger":"airflow.models.dagbag.BundleDagBag","filename":"dagbag.py","lineno":593}
{"timestamp":"2026-02-11T22:37:56.124829Z","level":"error","event":"Failed to import: /opt/airflow/dags/professor_rating_dag.py","logger":"airflow.models.dagbag.BundleDagBag","filename":"dagbag.py","lineno":415,"error_detail":[{"exc_type":"SyntaxError","exc_value":"expected ':' (professor_rating_dag.py, line 91)","exc_notes":[],"syntax_error":{"offset":51,"filename":"/opt/airflow/dags/professor_rating_dag.py","line":"                                            if cou\n","lineno":91,"msg":"expected ':'"},"is_cause":false,"frames":[{"filename":"/home/airflow/.local/lib/python3.12/site-packages/airflow/models/dagbag.py","lineno":405,"name":"parse"},{"filename":"<frozen importlib._bootstrap_external>","lineno":995,"name":"exec_module"},{"filename":"<frozen importlib._bootstrap_external>","lineno":1133,"name":"get_code"},{"filename":"<frozen importlib._bootstrap_external>","lineno":1063,"name":"source_to_code"},{"filename":"<frozen importlib._bootstrap>","lineno":488,"name":"_call_with_frames_removed"}],"is_group":false,"exceptions":[]}]}
{"timestamp":"2026-02-11T22:38:01.275552Z","level":"info","event":"Filling up the DagBag from /opt/airflow/dags/professor_rating_dag.py","logger":"airflow.models.dagbag.BundleDagBag","filename":"dagbag.py","lineno":593}
{"timestamp":"2026-02-11T22:38:18.754582Z","level":"info","event":"Filling up the DagBag from /opt/airflow/dags/professor_rating_dag.py","logger":"airflow.models.dagbag.BundleDagBag","filename":"dagbag.py","lineno":593}
{"timestamp":"2026-02-11T22:38:18.758889Z","level":"error","event":"Failed to import: /opt/airflow/dags/professor_rating_dag.py","logger":"airflow.models.dagbag.BundleDagBag","filename":"dagbag.py","lineno":415,"error_detail":[{"exc_type":"SyntaxError","exc_value":"invalid syntax (professor_rating_dag.py, line 91)","exc_notes":[],"syntax_error":{"offset":58,"filename":"/opt/airflow/dags/professor_rating_dag.py","line":"                                            subject_id = \n","lineno":91,"msg":"invalid syntax"},"is_cause":false,"frames":[{"filename":"/home/airflow/.local/lib/python3.12/site-packages/airflow/models/dagbag.py","lineno":405,"name":"parse"},{"filename":"<frozen importlib._bootstrap_external>","lineno":995,"name":"exec_module"},{"filename":"<frozen importlib._bootstrap_external>","lineno":1133,"name":"get_code"},{"filename":"<frozen importlib._bootstrap_external>","lineno":1063,"name":"source_to_code"},{"filename":"<frozen importlib._bootstrap>","lineno":488,"name":"_call_with_frames_removed"}],"is_group":false,"exceptions":[]}]}
{"timestamp":"2026-02-11T22:38:21.903711Z","level":"info","event":"Filling up the DagBag from /opt/airflow/dags/professor_rating_dag.py","logger":"airflow.models.dagbag.BundleDagBag","filename":"dagbag.py","lineno":593}
{"timestamp":"2026-02-11T22:38:24.094572Z","level":"info","event":"Filling up the DagBag from /opt/airflow/dags/professor_rating_dag.py","logger":"airflow.models.dagbag.BundleDagBag","filename":"dagbag.py","lineno":593}
{"timestamp":"2026-02-11T22:38:36.439849Z","level":"info","event":"Filling up the DagBag from /opt/airflow/dags/professor_rating_dag.py","logger":"airflow.models.dagbag.BundleDagBag","filename":"dagbag.py","lineno":593}
{"timestamp":"2026-02-11T22:38:36.453079Z","level":"error","event":"Failed to import: /opt/airflow/dags/professor_rating_dag.py","logger":"airflow.models.dagbag.BundleDagBag","filename":"dagbag.py","lineno":415,"error_detail":[{"exc_type":"SyntaxError","exc_value":"invalid syntax (professor_rating_dag.py, line 92)","exc_notes":[],"syntax_error":{"offset":50,"filename":"/opt/airflow/dags/professor_rating_dag.py","line":"                                            class\n","lineno":92,"msg":"invalid syntax"},"is_cause":false,"frames":[{"filename":"/home/airflow/.local/lib/python3.12/site-packages/airflow/models/dagbag.py","lineno":405,"name":"parse"},{"filename":"<frozen importlib._bootstrap_external>","lineno":995,"name":"exec_module"},{"filename":"<frozen importlib._bootstrap_external>","lineno":1133,"name":"get_code"},{"filename":"<frozen importlib._bootstrap_external>","lineno":1063,"name":"source_to_code"},{"filename":"<frozen importlib._bootstrap>","lineno":488,"name":"_call_with_frames_removed"}],"is_group":false,"exceptions":[]}]}
{"timestamp":"2026-02-11T22:38:42.616229Z","level":"info","event":"Filling up the DagBag from /opt/airflow/dags/professor_rating_dag.py","logger":"airflow.models.dagbag.BundleDagBag","filename":"dagbag.py","lineno":593}
{"timestamp":"2026-02-11T22:38:49.061907Z","level":"info","event":"Filling up the DagBag from /opt/airflow/dags/professor_rating_dag.py","logger":"airflow.models.dagbag.BundleDagBag","filename":"dagbag.py","lineno":593}
{"timestamp":"2026-02-11T22:39:01.406617Z","level":"info","event":"Filling up the DagBag from /opt/airflow/dags/professor_rating_dag.py","logger":"airflow.models.dagbag.BundleDagBag","filename":"dagbag.py","lineno":593}
{"timestamp":"2026-02-11T22:39:02.589524Z","level":"info","event":"Filling up the DagBag from /opt/airflow/dags/professor_rating_dag.py","logger":"airflow.models.dagbag.BundleDagBag","filename":"dagbag.py","lineno":593}
{"timestamp":"2026-02-11T22:39:05.757515Z","level":"info","event":"Filling up the DagBag from /opt/airflow/dags/professor_rating_dag.py","logger":"airflow.models.dagbag.BundleDagBag","filename":"dagbag.py","lineno":593}
{"timestamp":"2026-02-11T22:39:07.996289Z","level":"info","event":"Filling up the DagBag from /opt/airflow/dags/professor_rating_dag.py","logger":"airflow.models.dagbag.BundleDagBag","filename":"dagbag.py","lineno":593}
{"timestamp":"2026-02-11T22:39:12.227899Z","level":"info","event":"Filling up the DagBag from /opt/airflow/dags/professor_rating_dag.py","logger":"airflow.models.dagbag.BundleDagBag","filename":"dagbag.py","lineno":593}
{"timestamp":"2026-02-11T22:39:12.232587Z","level":"error","event":"Failed to import: /opt/airflow/dags/professor_rating_dag.py","logger":"airflow.models.dagbag.BundleDagBag","filename":"dagbag.py","lineno":415,"error_detail":[{"exc_type":"IndentationError","exc_value":"expected an indented block after 'if' statement on line 92 (professor_rating_dag.py, line 93)","exc_notes":[],"syntax_error":{"offset":32,"filename":"/opt/airflow/dags/professor_rating_dag.py","line":"                                if professor_id:\n","lineno":93,"msg":"expected an indented block after 'if' statement on line 92"},"is_cause":false,"frames":[{"filename":"/home/airflow/.local/lib/python3.12/site-packages/airflow/models/dagbag.py","lineno":405,"name":"parse"},{"filename":"<frozen importlib._bootstrap_external>","lineno":995,"name":"exec_module"},{"filename":"<frozen importlib._bootstrap_external>","lineno":1133,"name":"get_code"},{"filename":"<frozen importlib._bootstrap_external>","lineno":1063,"name":"source_to_code"},{"filename":"<frozen importlib._bootstrap>","lineno":488,"name":"_call_with_frames_removed"}],"is_group":false,"exceptions":[]}]}
{"timestamp":"2026-02-11T22:39:18.417045Z","level":"info","event":"Filling up the DagBag from /opt/airflow/dags/professor_rating_dag.py","logger":"airflow.models.dagbag.BundleDagBag","filename":"dagbag.py","lineno":593}
{"timestamp":"2026-02-11T22:39:45.019977Z","level":"info","event":"Filling up the DagBag from /opt/airflow/dags/professor_rating_dag.py","logger":"airflow.models.dagbag.BundleDagBag","filename":"dagbag.py","lineno":593}
{"timestamp":"2026-02-11T22:39:59.563740Z","level":"info","event":"Filling up the DagBag from /opt/airflow/dags/professor_rating_dag.py","logger":"airflow.models.dagbag.BundleDagBag","filename":"dagbag.py","lineno":593}
{"timestamp":"2026-02-11T22:39:59.571023Z","level":"error","event":"Failed to import: /opt/airflow/dags/professor_rating_dag.py","logger":"airflow.models.dagbag.BundleDagBag","filename":"dagbag.py","lineno":415,"error_detail":[{"exc_type":"SyntaxError","exc_value":"closing parenthesis ')' does not match opening parenthesis '{' (professor_rating_dag.py, line 96)","exc_notes":[],"syntax_error":{"offset":203,"filename":"/opt/airflow/dags/professor_rating_dag.py","line":"                                    conn.execute(text(\"UPDATE section_professor SET rating = :rating WHERE professor_id = :professor_id\"), {\"rating\": rating, \"professor_id\": professor_id[\"professor_id\"])","lineno":96,"msg":"closing parenthesis ')' does not match opening parenthesis '{'"},"is_cause":false,"frames":[{"filename":"/home/airflow/.local/lib/python3.12/site-packages/airflow/models/dagbag.py","lineno":405,"name":"parse"},{"filename":"<frozen importlib._bootstrap_external>","lineno":995,"name":"exec_module"},{"filename":"<frozen importlib._bootstrap_external>","lineno":1133,"name":"get_code"},{"filename":"<frozen importlib._bootstrap_external>","lineno":1063,"name":"source_to_code"},{"filename":"<frozen importlib._bootstrap>","lineno":488,"name":"_call_with_frames_removed"}],"is_group":false,"exceptions":[]}]}
{"timestamp":"2026-02-11T22:40:01.664665Z","level":"info","event":"Filling up the DagBag from /opt/airflow/dags/professor_rating_dag.py","logger":"airflow.models.dagbag.BundleDagBag","filename":"dagbag.py","lineno":593}
{"timestamp":"2026-02-11T22:40:07.927468Z","level":"info","event":"Filling up the DagBag from /opt/airflow/dags/professor_rating_dag.py","logger":"airflow.models.dagbag.BundleDagBag","filename":"dagbag.py","lineno":593}
{"timestamp":"2026-02-11T22:40:11.294047Z","level":"info","event":"Filling up the DagBag from /opt/airflow/dags/professor_rating_dag.py","logger":"airflow.models.dagbag.BundleDagBag","filename":"dagbag.py","lineno":593}
{"timestamp":"2026-02-11T22:40:40.192712Z","level":"info","event":"Filling up the DagBag from /opt/airflow/dags/professor_rating_dag.py","logger":"airflow.models.dagbag.BundleDagBag","filename":"dagbag.py","lineno":593}
{"timestamp":"2026-02-11T22:40:44.399221Z","level":"info","event":"Filling up the DagBag from /opt/airflow/dags/professor_rating_dag.py","logger":"airflow.models.dagbag.BundleDagBag","filename":"dagbag.py","lineno":593}
{"timestamp":"2026-02-11T22:41:03.922465Z","level":"info","event":"Filling up the DagBag from /opt/airflow/dags/professor_rating_dag.py","logger":"airflow.models.dagbag.BundleDagBag","filename":"dagbag.py","lineno":593}
{"timestamp":"2026-02-11T22:41:17.322264Z","level":"info","event":"Filling up the DagBag from /opt/airflow/dags/professor_rating_dag.py","logger":"airflow.models.dagbag.BundleDagBag","filename":"dagbag.py","lineno":593}
{"timestamp":"2026-02-11T22:41:17.329396Z","level":"error","event":"Failed to import: /opt/airflow/dags/professor_rating_dag.py","logger":"airflow.models.dagbag.BundleDagBag","filename":"dagbag.py","lineno":415,"error_detail":[{"exc_type":"SyntaxError","exc_value":"invalid syntax (professor_rating_dag.py, line 88)","exc_notes":[],"syntax_error":{"offset":41,"filename":"/opt/airflow/dags/professor_rating_dag.py","line":"                                    for \n","lineno":88,"msg":"invalid syntax"},"is_cause":false,"frames":[{"filename":"/home/airflow/.local/lib/python3.12/site-packages/airflow/models/dagbag.py","lineno":405,"name":"parse"},{"filename":"<frozen importlib._bootstrap_external>","lineno":995,"name":"exec_module"},{"filename":"<frozen importlib._bootstrap_external>","lineno":1133,"name":"get_code"},{"filename":"<frozen importlib._bootstrap_external>","lineno":1063,"name":"source_to_code"},{"filename":"<frozen importlib._bootstrap>","lineno":488,"name":"_call_with_frames_removed"}],"is_group":false,"exceptions":[]}]}
{"timestamp":"2026-02-11T22:41:18.390182Z","level":"info","event":"Filling up the DagBag from /opt/airflow/dags/professor_rating_dag.py","logger":"airflow.models.dagbag.BundleDagBag","filename":"dagbag.py","lineno":593}
{"timestamp":"2026-02-11T22:41:18.395432Z","level":"error","event":"Failed to import: /opt/airflow/dags/professor_rating_dag.py","logger":"airflow.models.dagbag.BundleDagBag","filename":"dagbag.py","lineno":415,"error_detail":[{"exc_type":"IndentationError","exc_value":"expected an indented block after 'for' statement on line 88 (professor_rating_dag.py, line 89)","exc_notes":[],"syntax_error":{"offset":37,"filename":"/opt/airflow/dags/professor_rating_dag.py","line":"                                    class_nbr = conn.execute(text(\"SELECT class_nbr FROM section_professor WHERE professor_id = :professor_id\"), {\"professor_id\": professor_id[\"professor_id\"]}).mappings()\n","lineno":89,"msg":"expected an indented block after 'for' statement on line 88"},"is_cause":false,"frames":[{"filename":"/home/airflow/.local/lib/python3.12/site-packages/airflow/models/dagbag.py","lineno":405,"name":"parse"},{"filename":"<frozen importlib._bootstrap_external>","lineno":995,"name":"exec_module"},{"filename":"<frozen importlib._bootstrap_external>","lineno":1133,"name":"get_code"},{"filename":"<frozen importlib._bootstrap_external>","lineno":1063,"name":"source_to_code"},{"filename":"<frozen importlib._bootstrap>","lineno":488,"name":"_call_with_frames_removed"}],"is_group":false,"exceptions":[]}]}
{"timestamp":"2026-02-11T22:41:21.489522Z","level":"info","event":"Filling up the DagBag from /opt/airflow/dags/professor_rating_dag.py","logger":"airflow.models.dagbag.BundleDagBag","filename":"dagbag.py","lineno":593}
{"timestamp":"2026-02-11T22:41:24.832704Z","level":"info","event":"Filling up the DagBag from /opt/airflow/dags/professor_rating_dag.py","logger":"airflow.models.dagbag.BundleDagBag","filename":"dagbag.py","lineno":593}
{"timestamp":"2026-02-11T22:41:55.535876Z","level":"info","event":"Filling up the DagBag from /opt/airflow/dags/professor_rating_dag.py","logger":"airflow.models.dagbag.BundleDagBag","filename":"dagbag.py","lineno":593}
{"timestamp":"2026-02-11T22:42:03.815633Z","level":"info","event":"Filling up the DagBag from /opt/airflow/dags/professor_rating_dag.py","logger":"airflow.models.dagbag.BundleDagBag","filename":"dagbag.py","lineno":593}
{"timestamp":"2026-02-11T22:42:08.061798Z","level":"info","event":"Filling up the DagBag from /opt/airflow/dags/professor_rating_dag.py","logger":"airflow.models.dagbag.BundleDagBag","filename":"dagbag.py","lineno":593}
{"timestamp":"2026-02-11T22:42:09.266269Z","level":"info","event":"Filling up the DagBag from /opt/airflow/dags/professor_rating_dag.py","logger":"airflow.models.dagbag.BundleDagBag","filename":"dagbag.py","lineno":593}
{"timestamp":"2026-02-11T22:42:09.273005Z","level":"error","event":"Failed to import: /opt/airflow/dags/professor_rating_dag.py","logger":"airflow.models.dagbag.BundleDagBag","filename":"dagbag.py","lineno":415,"error_detail":[{"exc_type":"IndentationError","exc_value":"unexpected indent (professor_rating_dag.py, line 92)","exc_notes":[],"syntax_error":{"offset":48,"filename":"/opt/airflow/dags/professor_rating_dag.py","line":"                                                subject_id, catalog_nbr = conn.execute(text(\"SELECT subject_id, catalog_nbr FROM course WHERE course_id = :course_id\"), {\"course_id\": course_id[\"course_id\"]}).mappings()\n","lineno":92,"msg":"unexpected indent"},"is_cause":false,"frames":[{"filename":"/home/airflow/.local/lib/python3.12/site-packages/airflow/models/dagbag.py","lineno":405,"name":"parse"},{"filename":"<frozen importlib._bootstrap_external>","lineno":995,"name":"exec_module"},{"filename":"<frozen importlib._bootstrap_external>","lineno":1133,"name":"get_code"},{"filename":"<frozen importlib._bootstrap_external>","lineno":1063,"name":"source_to_code"},{"filename":"<frozen importlib._bootstrap>","lineno":488,"name":"_call_with_frames_removed"}],"is_group":false,"exceptions":[]}]}
{"timestamp":"2026-02-11T22:42:11.405382Z","level":"info","event":"Filling up the DagBag from /opt/airflow/dags/professor_rating_dag.py","logger":"airflow.models.dagbag.BundleDagBag","filename":"dagbag.py","lineno":593}
{"timestamp":"2026-02-11T22:42:11.418875Z","level":"error","event":"Failed to import: /opt/airflow/dags/professor_rating_dag.py","logger":"airflow.models.dagbag.BundleDagBag","filename":"dagbag.py","lineno":415,"error_detail":[{"exc_type":"IndentationError","exc_value":"unexpected indent (professor_rating_dag.py, line 93)","exc_notes":[],"syntax_error":{"offset":48,"filename":"/opt/airflow/dags/professor_rating_dag.py","line":"                                                if subject_id and catalog_nbr and subject_id[\"subject_id\"] == subject and catalog_nbr[\"catalog_nbr\"] == catalog:\n","lineno":93,"msg":"unexpected indent"},"is_cause":false,"frames":[{"filename":"/home/airflow/.local/lib/python3.12/site-packages/airflow/models/dagbag.py","lineno":405,"name":"parse"},{"filename":"<frozen importlib._bootstrap_external>","lineno":995,"name":"exec_module"},{"filename":"<frozen importlib._bootstrap_external>","lineno":1133,"name":"get_code"},{"filename":"<frozen importlib._bootstrap_external>","lineno":1063,"name":"source_to_code"},{"filename":"<frozen importlib._bootstrap>","lineno":488,"name":"_call_with_frames_removed"}],"is_group":false,"exceptions":[]}]}
{"timestamp":"2026-02-11T22:42:13.479142Z","level":"info","event":"Filling up the DagBag from /opt/airflow/dags/professor_rating_dag.py","logger":"airflow.models.dagbag.BundleDagBag","filename":"dagbag.py","lineno":593}
{"timestamp":"2026-02-11T22:42:14.651114Z","level":"info","event":"Filling up the DagBag from /opt/airflow/dags/professor_rating_dag.py","logger":"airflow.models.dagbag.BundleDagBag","filename":"dagbag.py","lineno":593}
{"timestamp":"2026-02-11T22:42:14.657253Z","level":"error","event":"Failed to import: /opt/airflow/dags/professor_rating_dag.py","logger":"airflow.models.dagbag.BundleDagBag","filename":"dagbag.py","lineno":415,"error_detail":[{"exc_type":"IndentationError","exc_value":"unexpected indent (professor_rating_dag.py, line 95)","exc_notes":[],"syntax_error":{"offset":52,"filename":"/opt/airflow/dags/professor_rating_dag.py","line":"                                                    break\n","lineno":95,"msg":"unexpected indent"},"is_cause":false,"frames":[{"filename":"/home/airflow/.local/lib/python3.12/site-packages/airflow/models/dagbag.py","lineno":405,"name":"parse"},{"filename":"<frozen importlib._bootstrap_external>","lineno":995,"name":"exec_module"},{"filename":"<frozen importlib._bootstrap_external>","lineno":1133,"name":"get_code"},{"filename":"<frozen importlib._bootstrap_external>","lineno":1063,"name":"source_to_code"},{"filename":"<frozen importlib._bootstrap>","lineno":488,"name":"_call_with_frames_removed"}],"is_group":false,"exceptions":[]}]}
{"timestamp":"2026-02-11T22:42:15.703873Z","level":"info","event":"Filling up the DagBag from /opt/airflow/dags/professor_rating_dag.py","logger":"airflow.models.dagbag.BundleDagBag","filename":"dagbag.py","lineno":593}
{"timestamp":"2026-02-11T22:42:46.648988Z","level":"info","event":"Filling up the DagBag from /opt/airflow/dags/professor_rating_dag.py","logger":"airflow.models.dagbag.BundleDagBag","filename":"dagbag.py","lineno":593}
{"timestamp":"2026-02-11T22:43:17.517040Z","level":"info","event":"Filling up the DagBag from /opt/airflow/dags/professor_rating_dag.py","logger":"airflow.models.dagbag.BundleDagBag","filename":"dagbag.py","lineno":593}
{"timestamp":"2026-02-11T22:43:47.334548Z","level":"info","event":"Filling up the DagBag from /opt/airflow/dags/professor_rating_dag.py","logger":"airflow.models.dagbag.BundleDagBag","filename":"dagbag.py","lineno":593}
{"timestamp":"2026-02-11T22:43:48.529591Z","level":"info","event":"Filling up the DagBag from /opt/airflow/dags/professor_rating_dag.py","logger":"airflow.models.dagbag.BundleDagBag","filename":"dagbag.py","lineno":593}
{"timestamp":"2026-02-11T22:43:53.693417Z","level":"info","event":"Filling up the DagBag from /opt/airflow/dags/professor_rating_dag.py","logger":"airflow.models.dagbag.BundleDagBag","filename":"dagbag.py","lineno":593}
{"timestamp":"2026-02-11T22:43:55.958274Z","level":"info","event":"Filling up the DagBag from /opt/airflow/dags/professor_rating_dag.py","logger":"airflow.models.dagbag.BundleDagBag","filename":"dagbag.py","lineno":593}
{"timestamp":"2026-02-11T22:44:01.168428Z","level":"info","event":"Filling up the DagBag from /opt/airflow/dags/professor_rating_dag.py","logger":"airflow.models.dagbag.BundleDagBag","filename":"dagbag.py","lineno":593}
{"timestamp":"2026-02-11T22:44:31.731270Z","level":"info","event":"Filling up the DagBag from /opt/airflow/dags/professor_rating_dag.py","logger":"airflow.models.dagbag.BundleDagBag","filename":"dagbag.py","lineno":593}
{"timestamp":"2026-02-11T22:44:52.210252Z","level":"info","event":"Filling up the DagBag from /opt/airflow/dags/professor_rating_dag.py","logger":"airflow.models.dagbag.BundleDagBag","filename":"dagbag.py","lineno":593}
{"timestamp":"2026-02-11T22:45:23.064288Z","level":"info","event":"Filling up the DagBag from /opt/airflow/dags/professor_rating_dag.py","logger":"airflow.models.dagbag.BundleDagBag","filename":"dagbag.py","lineno":593}
{"timestamp":"2026-02-11T22:45:53.880694Z","level":"info","event":"Filling up the DagBag from /opt/airflow/dags/professor_rating_dag.py","logger":"airflow.models.dagbag.BundleDagBag","filename":"dagbag.py","lineno":593}
{"timestamp":"2026-02-11T22:46:24.733754Z","level":"info","event":"Filling up the DagBag from /opt/airflow/dags/professor_rating_dag.py","logger":"airflow.models.dagbag.BundleDagBag","filename":"dagbag.py","lineno":593}
{"timestamp":"2026-02-11T22:46:40.435082Z","level":"info","event":"Filling up the DagBag from /opt/airflow/dags/professor_rating_dag.py","logger":"airflow.models.dagbag.BundleDagBag","filename":"dagbag.py","lineno":593}
{"timestamp":"2026-02-11T22:46:43.590536Z","level":"info","event":"Filling up the DagBag from /opt/airflow/dags/professor_rating_dag.py","logger":"airflow.models.dagbag.BundleDagBag","filename":"dagbag.py","lineno":593}
{"timestamp":"2026-02-11T22:47:14.307228Z","level":"info","event":"Filling up the DagBag from /opt/airflow/dags/professor_rating_dag.py","logger":"airflow.models.dagbag.BundleDagBag","filename":"dagbag.py","lineno":593}
{"timestamp":"2026-02-11T22:47:45.037182Z","level":"info","event":"Filling up the DagBag from /opt/airflow/dags/professor_rating_dag.py","logger":"airflow.models.dagbag.BundleDagBag","filename":"dagbag.py","lineno":593}
{"timestamp":"2026-02-11T22:48:00.374109Z","level":"info","event":"Filling up the DagBag from /opt/airflow/dags/professor_rating_dag.py","logger":"airflow.models.dagbag.BundleDagBag","filename":"dagbag.py","lineno":593}
{"timestamp":"2026-02-11T22:48:01.499050Z","level":"info","event":"Filling up the DagBag from /opt/airflow/dags/professor_rating_dag.py","logger":"airflow.models.dagbag.BundleDagBag","filename":"dagbag.py","lineno":593}
{"timestamp":"2026-02-11T22:48:07.747651Z","level":"info","event":"Filling up the DagBag from /opt/airflow/dags/professor_rating_dag.py","logger":"airflow.models.dagbag.BundleDagBag","filename":"dagbag.py","lineno":593}
{"timestamp":"2026-02-11T22:48:09.931322Z","level":"info","event":"Filling up the DagBag from /opt/airflow/dags/professor_rating_dag.py","logger":"airflow.models.dagbag.BundleDagBag","filename":"dagbag.py","lineno":593}
{"timestamp":"2026-02-11T22:48:11.041204Z","level":"info","event":"Filling up the DagBag from /opt/airflow/dags/professor_rating_dag.py","logger":"airflow.models.dagbag.BundleDagBag","filename":"dagbag.py","lineno":593}
{"timestamp":"2026-02-11T22:48:41.685322Z","level":"info","event":"Filling up the DagBag from /opt/airflow/dags/professor_rating_dag.py","logger":"airflow.models.dagbag.BundleDagBag","filename":"dagbag.py","lineno":593}
{"timestamp":"2026-02-11T22:49:12.727238Z","level":"info","event":"Filling up the DagBag from /opt/airflow/dags/professor_rating_dag.py","logger":"airflow.models.dagbag.BundleDagBag","filename":"dagbag.py","lineno":593}
{"timestamp":"2026-02-11T22:49:43.717126Z","level":"info","event":"Filling up the DagBag from /opt/airflow/dags/professor_rating_dag.py","logger":"airflow.models.dagbag.BundleDagBag","filename":"dagbag.py","lineno":593}
{"timestamp":"2026-02-11T22:50:14.431573Z","level":"info","event":"Filling up the DagBag from /opt/airflow/dags/professor_rating_dag.py","logger":"airflow.models.dagbag.BundleDagBag","filename":"dagbag.py","lineno":593}
{"timestamp":"2026-02-11T22:50:45.447753Z","level":"info","event":"Filling up the DagBag from /opt/airflow/dags/professor_rating_dag.py","logger":"airflow.models.dagbag.BundleDagBag","filename":"dagbag.py","lineno":593}
{"timestamp":"2026-02-11T22:51:16.269510Z","level":"info","event":"Filling up the DagBag from /opt/airflow/dags/professor_rating_dag.py","logger":"airflow.models.dagbag.BundleDagBag","filename":"dagbag.py","lineno":593}
{"timestamp":"2026-02-11T22:51:46.983837Z","level":"info","event":"Filling up the DagBag from /opt/airflow/dags/professor_rating_dag.py","logger":"airflow.models.dagbag.BundleDagBag","filename":"dagbag.py","lineno":593}
{"timestamp":"2026-02-11T22:52:17.915125Z","level":"info","event":"Filling up the DagBag from /opt/airflow/dags/professor_rating_dag.py","logger":"airflow.models.dagbag.BundleDagBag","filename":"dagbag.py","lineno":593}
{"timestamp":"2026-02-11T22:52:48.757975Z","level":"info","event":"Filling up the DagBag from /opt/airflow/dags/professor_rating_dag.py","logger":"airflow.models.dagbag.BundleDagBag","filename":"dagbag.py","lineno":593}
{"timestamp":"2026-02-11T22:53:19.489326Z","level":"info","event":"Filling up the DagBag from /opt/airflow/dags/professor_rating_dag.py","logger":"airflow.models.dagbag.BundleDagBag","filename":"dagbag.py","lineno":593}
{"timestamp":"2026-02-11T22:53:50.250103Z","level":"info","event":"Filling up the DagBag from /opt/airflow/dags/professor_rating_dag.py","logger":"airflow.models.dagbag.BundleDagBag","filename":"dagbag.py","lineno":593}
{"timestamp":"2026-02-11T22:54:21.092765Z","level":"info","event":"Filling up the DagBag from /opt/airflow/dags/professor_rating_dag.py","logger":"airflow.models.dagbag.BundleDagBag","filename":"dagbag.py","lineno":593}
{"timestamp":"2026-02-11T22:54:52.197215Z","level":"info","event":"Filling up the DagBag from /opt/airflow/dags/professor_rating_dag.py","logger":"airflow.models.dagbag.BundleDagBag","filename":"dagbag.py","lineno":593}
{"timestamp":"2026-02-11T22:55:37.099139Z","level":"info","event":"Filling up the DagBag from /opt/airflow/dags/professor_rating_dag.py","logger":"airflow.models.dagbag.BundleDagBag","filename":"dagbag.py","lineno":593}
{"timestamp":"2026-02-11T22:57:50.381163Z","level":"info","event":"Filling up the DagBag from /opt/airflow/dags/professor_rating_dag.py","logger":"airflow.models.dagbag.BundleDagBag","filename":"dagbag.py","lineno":593}
{"timestamp":"2026-02-11T22:58:21.100048Z","level":"info","event":"Filling up the DagBag from /opt/airflow/dags/professor_rating_dag.py","logger":"airflow.models.dagbag.BundleDagBag","filename":"dagbag.py","lineno":593}
{"timestamp":"2026-02-11T22:58:51.653223Z","level":"info","event":"Filling up the DagBag from /opt/airflow/dags/professor_rating_dag.py","logger":"airflow.models.dagbag.BundleDagBag","filename":"dagbag.py","lineno":593}
{"timestamp":"2026-02-11T22:59:22.265015Z","level":"info","event":"Filling up the DagBag from /opt/airflow/dags/professor_rating_dag.py","logger":"airflow.models.dagbag.BundleDagBag","filename":"dagbag.py","lineno":593}
{"timestamp":"2026-02-11T22:59:53.093146Z","level":"info","event":"Filling up the DagBag from /opt/airflow/dags/professor_rating_dag.py","logger":"airflow.models.dagbag.BundleDagBag","filename":"dagbag.py","lineno":593}
{"timestamp":"2026-02-11T23:00:24.227713Z","level":"info","event":"Filling up the DagBag from /opt/airflow/dags/professor_rating_dag.py","logger":"airflow.models.dagbag.BundleDagBag","filename":"dagbag.py","lineno":593}
{"timestamp":"2026-02-11T23:00:55.089947Z","level":"info","event":"Filling up the DagBag from /opt/airflow/dags/professor_rating_dag.py","logger":"airflow.models.dagbag.BundleDagBag","filename":"dagbag.py","lineno":593}
{"timestamp":"2026-02-11T23:01:25.919548Z","level":"info","event":"Filling up the DagBag from /opt/airflow/dags/professor_rating_dag.py","logger":"airflow.models.dagbag.BundleDagBag","filename":"dagbag.py","lineno":593}
{"timestamp":"2026-02-11T23:01:56.856633Z","level":"info","event":"Filling up the DagBag from /opt/airflow/dags/professor_rating_dag.py","logger":"airflow.models.dagbag.BundleDagBag","filename":"dagbag.py","lineno":593}
{"timestamp":"2026-02-11T23:02:27.655004Z","level":"info","event":"Filling up the DagBag from /opt/airflow/dags/professor_rating_dag.py","logger":"airflow.models.dagbag.BundleDagBag","filename":"dagbag.py","lineno":593}
{"timestamp":"2026-02-11T23:02:58.367308Z","level":"info","event":"Filling up the DagBag from /opt/airflow/dags/professor_rating_dag.py","logger":"airflow.models.dagbag.BundleDagBag","filename":"dagbag.py","lineno":593}
{"timestamp":"2026-02-11T23:03:29.069365Z","level":"info","event":"Filling up the DagBag from /opt/airflow/dags/professor_rating_dag.py","logger":"airflow.models.dagbag.BundleDagBag","filename":"dagbag.py","lineno":593}
{"timestamp":"2026-02-11T23:03:59.647874Z","level":"info","event":"Filling up the DagBag from /opt/airflow/dags/professor_rating_dag.py","logger":"airflow.models.dagbag.BundleDagBag","filename":"dagbag.py","lineno":593}
{"timestamp":"2026-02-11T23:04:30.214178Z","level":"info","event":"Filling up the DagBag from /opt/airflow/dags/professor_rating_dag.py","logger":"airflow.models.dagbag.BundleDagBag","filename":"dagbag.py","lineno":593}
{"timestamp":"2026-02-11T23:05:00.857061Z","level":"info","event":"Filling up the DagBag from /opt/airflow/dags/professor_rating_dag.py","logger":"airflow.models.dagbag.BundleDagBag","filename":"dagbag.py","lineno":593}
{"timestamp":"2026-02-11T23:05:31.417402Z","level":"info","event":"Filling up the DagBag from /opt/airflow/dags/professor_rating_dag.py","logger":"airflow.models.dagbag.BundleDagBag","filename":"dagbag.py","lineno":593}
{"timestamp":"2026-02-11T23:06:02.056421Z","level":"info","event":"Filling up the DagBag from /opt/airflow/dags/professor_rating_dag.py","logger":"airflow.models.dagbag.BundleDagBag","filename":"dagbag.py","lineno":593}
{"timestamp":"2026-02-11T23:06:32.679570Z","level":"info","event":"Filling up the DagBag from /opt/airflow/dags/professor_rating_dag.py","logger":"airflow.models.dagbag.BundleDagBag","filename":"dagbag.py","lineno":593}
{"timestamp":"2026-02-11T23:07:03.318533Z","level":"info","event":"Filling up the DagBag from /opt/airflow/dags/professor_rating_dag.py","logger":"airflow.models.dagbag.BundleDagBag","filename":"dagbag.py","lineno":593}
{"timestamp":"2026-02-11T23:07:33.924490Z","level":"info","event":"Filling up the DagBag from /opt/airflow/dags/professor_rating_dag.py","logger":"airflow.models.dagbag.BundleDagBag","filename":"dagbag.py","lineno":593}
{"timestamp":"2026-02-11T23:08:04.515826Z","level":"info","event":"Filling up the DagBag from /opt/airflow/dags/professor_rating_dag.py","logger":"airflow.models.dagbag.BundleDagBag","filename":"dagbag.py","lineno":593}
{"timestamp":"2026-02-11T23:08:35.188482Z","level":"info","event":"Filling up the DagBag from /opt/airflow/dags/professor_rating_dag.py","logger":"airflow.models.dagbag.BundleDagBag","filename":"dagbag.py","lineno":593}
{"timestamp":"2026-02-11T23:09:05.914158Z","level":"info","event":"Filling up the DagBag from /opt/airflow/dags/professor_rating_dag.py","logger":"airflow.models.dagbag.BundleDagBag","filename":"dagbag.py","lineno":593}
{"timestamp":"2026-02-11T23:09:36.428509Z","level":"info","event":"Filling up the DagBag from /opt/airflow/dags/professor_rating_dag.py","logger":"airflow.models.dagbag.BundleDagBag","filename":"dagbag.py","lineno":593}
{"timestamp":"2026-02-11T23:10:07.105529Z","level":"info","event":"Filling up the DagBag from /opt/airflow/dags/professor_rating_dag.py","logger":"airflow.models.dagbag.BundleDagBag","filename":"dagbag.py","lineno":593}
{"timestamp":"2026-02-11T23:10:37.729927Z","level":"info","event":"Filling up the DagBag from /opt/airflow/dags/professor_rating_dag.py","logger":"airflow.models.dagbag.BundleDagBag","filename":"dagbag.py","lineno":593}
{"timestamp":"2026-02-11T23:11:08.439956Z","level":"info","event":"Filling up the DagBag from /opt/airflow/dags/professor_rating_dag.py","logger":"airflow.models.dagbag.BundleDagBag","filename":"dagbag.py","lineno":593}
{"timestamp":"2026-02-11T23:11:39.125138Z","level":"info","event":"Filling up the DagBag from /opt/airflow/dags/professor_rating_dag.py","logger":"airflow.models.dagbag.BundleDagBag","filename":"dagbag.py","lineno":593}
{"timestamp":"2026-02-11T23:12:09.777630Z","level":"info","event":"Filling up the DagBag from /opt/airflow/dags/professor_rating_dag.py","logger":"airflow.models.dagbag.BundleDagBag","filename":"dagbag.py","lineno":593}
{"timestamp":"2026-02-11T23:12:40.466507Z","level":"info","event":"Filling up the DagBag from /opt/airflow/dags/professor_rating_dag.py","logger":"airflow.models.dagbag.BundleDagBag","filename":"dagbag.py","lineno":593}
{"timestamp":"2026-02-11T23:13:11.090550Z","level":"info","event":"Filling up the DagBag from /opt/airflow/dags/professor_rating_dag.py","logger":"airflow.models.dagbag.BundleDagBag","filename":"dagbag.py","lineno":593}
{"timestamp":"2026-02-11T23:13:41.787999Z","level":"info","event":"Filling up the DagBag from /opt/airflow/dags/professor_rating_dag.py","logger":"airflow.models.dagbag.BundleDagBag","filename":"dagbag.py","lineno":593}
{"timestamp":"2026-02-11T23:14:12.436974Z","level":"info","event":"Filling up the DagBag from /opt/airflow/dags/professor_rating_dag.py","logger":"airflow.models.dagbag.BundleDagBag","filename":"dagbag.py","lineno":593}
{"timestamp":"2026-02-11T23:14:43.138481Z","level":"info","event":"Filling up the DagBag from /opt/airflow/dags/professor_rating_dag.py","logger":"airflow.models.dagbag.BundleDagBag","filename":"dagbag.py","lineno":593}
{"timestamp":"2026-02-11T23:15:13.779956Z","level":"info","event":"Filling up the DagBag from /opt/airflow/dags/professor_rating_dag.py","logger":"airflow.models.dagbag.BundleDagBag","filename":"dagbag.py","lineno":593}
{"timestamp":"2026-02-11T23:15:44.473466Z","level":"info","event":"Filling up the DagBag from /opt/airflow/dags/professor_rating_dag.py","logger":"airflow.models.dagbag.BundleDagBag","filename":"dagbag.py","lineno":593}
{"timestamp":"2026-02-11T23:16:15.207510Z","level":"info","event":"Filling up the DagBag from /opt/airflow/dags/professor_rating_dag.py","logger":"airflow.models.dagbag.BundleDagBag","filename":"dagbag.py","lineno":593}
{"timestamp":"2026-02-11T23:16:45.837205Z","level":"info","event":"Filling up the DagBag from /opt/airflow/dags/professor_rating_dag.py","logger":"airflow.models.dagbag.BundleDagBag","filename":"dagbag.py","lineno":593}
{"timestamp":"2026-02-11T23:17:16.499022Z","level":"info","event":"Filling up the DagBag from /opt/airflow/dags/professor_rating_dag.py","logger":"airflow.models.dagbag.BundleDagBag","filename":"dagbag.py","lineno":593}
{"timestamp":"2026-02-11T23:17:47.126019Z","level":"info","event":"Filling up the DagBag from /opt/airflow/dags/professor_rating_dag.py","logger":"airflow.models.dagbag.BundleDagBag","filename":"dagbag.py","lineno":593}
{"timestamp":"2026-02-11T23:18:17.761874Z","level":"info","event":"Filling up the DagBag from /opt/airflow/dags/professor_rating_dag.py","logger":"airflow.models.dagbag.BundleDagBag","filename":"dagbag.py","lineno":593}
{"timestamp":"2026-02-11T23:18:48.453812Z","level":"info","event":"Filling up the DagBag from /opt/airflow/dags/professor_rating_dag.py","logger":"airflow.models.dagbag.BundleDagBag","filename":"dagbag.py","lineno":593}
{"timestamp":"2026-02-11T23:19:19.210712Z","level":"info","event":"Filling up the DagBag from /opt/airflow/dags/professor_rating_dag.py","logger":"airflow.models.dagbag.BundleDagBag","filename":"dagbag.py","lineno":593}
{"timestamp":"2026-02-11T23:19:49.898369Z","level":"info","event":"Filling up the DagBag from /opt/airflow/dags/professor_rating_dag.py","logger":"airflow.models.dagbag.BundleDagBag","filename":"dagbag.py","lineno":593}
{"timestamp":"2026-02-11T23:20:20.562226Z","level":"info","event":"Filling up the DagBag from /opt/airflow/dags/professor_rating_dag.py","logger":"airflow.models.dagbag.BundleDagBag","filename":"dagbag.py","lineno":593}
{"timestamp":"2026-02-11T23:20:51.221774Z","level":"info","event":"Filling up the DagBag from /opt/airflow/dags/professor_rating_dag.py","logger":"airflow.models.dagbag.BundleDagBag","filename":"dagbag.py","lineno":593}
{"timestamp":"2026-02-11T23:21:21.824397Z","level":"info","event":"Filling up the DagBag from /opt/airflow/dags/professor_rating_dag.py","logger":"airflow.models.dagbag.BundleDagBag","filename":"dagbag.py","lineno":593}
{"timestamp":"2026-02-11T23:21:52.499719Z","level":"info","event":"Filling up the DagBag from /opt/airflow/dags/professor_rating_dag.py","logger":"airflow.models.dagbag.BundleDagBag","filename":"dagbag.py","lineno":593}
{"timestamp":"2026-02-11T23:22:23.106078Z","level":"info","event":"Filling up the DagBag from /opt/airflow/dags/professor_rating_dag.py","logger":"airflow.models.dagbag.BundleDagBag","filename":"dagbag.py","lineno":593}
{"timestamp":"2026-02-11T23:22:53.779917Z","level":"info","event":"Filling up the DagBag from /opt/airflow/dags/professor_rating_dag.py","logger":"airflow.models.dagbag.BundleDagBag","filename":"dagbag.py","lineno":593}
{"timestamp":"2026-02-11T23:23:24.520376Z","level":"info","event":"Filling up the DagBag from /opt/airflow/dags/professor_rating_dag.py","logger":"airflow.models.dagbag.BundleDagBag","filename":"dagbag.py","lineno":593}
{"timestamp":"2026-02-11T23:23:55.201190Z","level":"info","event":"Filling up the DagBag from /opt/airflow/dags/professor_rating_dag.py","logger":"airflow.models.dagbag.BundleDagBag","filename":"dagbag.py","lineno":593}
{"timestamp":"2026-02-11T23:24:26.017849Z","level":"info","event":"Filling up the DagBag from /opt/airflow/dags/professor_rating_dag.py","logger":"airflow.models.dagbag.BundleDagBag","filename":"dagbag.py","lineno":593}
{"timestamp":"2026-02-11T23:24:56.713078Z","level":"info","event":"Filling up the DagBag from /opt/airflow/dags/professor_rating_dag.py","logger":"airflow.models.dagbag.BundleDagBag","filename":"dagbag.py","lineno":593}
{"timestamp":"2026-02-11T23:25:27.473915Z","level":"info","event":"Filling up the DagBag from /opt/airflow/dags/professor_rating_dag.py","logger":"airflow.models.dagbag.BundleDagBag","filename":"dagbag.py","lineno":593}
{"timestamp":"2026-02-11T23:25:58.161414Z","level":"info","event":"Filling up the DagBag from /opt/airflow/dags/professor_rating_dag.py","logger":"airflow.models.dagbag.BundleDagBag","filename":"dagbag.py","lineno":593}
{"timestamp":"2026-02-11T23:26:28.876047Z","level":"info","event":"Filling up the DagBag from /opt/airflow/dags/professor_rating_dag.py","logger":"airflow.models.dagbag.BundleDagBag","filename":"dagbag.py","lineno":593}
{"timestamp":"2026-02-11T23:26:59.609363Z","level":"info","event":"Filling up the DagBag from /opt/airflow/dags/professor_rating_dag.py","logger":"airflow.models.dagbag.BundleDagBag","filename":"dagbag.py","lineno":593}
{"timestamp":"2026-02-11T23:27:30.327694Z","level":"info","event":"Filling up the DagBag from /opt/airflow/dags/professor_rating_dag.py","logger":"airflow.models.dagbag.BundleDagBag","filename":"dagbag.py","lineno":593}
{"timestamp":"2026-02-11T23:28:01.034379Z","level":"info","event":"Filling up the DagBag from /opt/airflow/dags/professor_rating_dag.py","logger":"airflow.models.dagbag.BundleDagBag","filename":"dagbag.py","lineno":593}
{"timestamp":"2026-02-11T23:28:31.827434Z","level":"info","event":"Filling up the DagBag from /opt/airflow/dags/professor_rating_dag.py","logger":"airflow.models.dagbag.BundleDagBag","filename":"dagbag.py","lineno":593}
{"timestamp":"2026-02-11T23:29:02.507336Z","level":"info","event":"Filling up the DagBag from /opt/airflow/dags/professor_rating_dag.py","logger":"airflow.models.dagbag.BundleDagBag","filename":"dagbag.py","lineno":593}
{"timestamp":"2026-02-11T23:29:33.215979Z","level":"info","event":"Filling up the DagBag from /opt/airflow/dags/professor_rating_dag.py","logger":"airflow.models.dagbag.BundleDagBag","filename":"dagbag.py","lineno":593}
{"timestamp":"2026-02-11T23:30:04.048797Z","level":"info","event":"Filling up the DagBag from /opt/airflow/dags/professor_rating_dag.py","logger":"airflow.models.dagbag.BundleDagBag","filename":"dagbag.py","lineno":593}
{"timestamp":"2026-02-11T23:30:34.740788Z","level":"info","event":"Filling up the DagBag from /opt/airflow/dags/professor_rating_dag.py","logger":"airflow.models.dagbag.BundleDagBag","filename":"dagbag.py","lineno":593}
{"timestamp":"2026-02-11T23:31:05.463099Z","level":"info","event":"Filling up the DagBag from /opt/airflow/dags/professor_rating_dag.py","logger":"airflow.models.dagbag.BundleDagBag","filename":"dagbag.py","lineno":593}
{"timestamp":"2026-02-11T23:31:36.096430Z","level":"info","event":"Filling up the DagBag from /opt/airflow/dags/professor_rating_dag.py","logger":"airflow.models.dagbag.BundleDagBag","filename":"dagbag.py","lineno":593}
{"timestamp":"2026-02-11T23:32:06.770825Z","level":"info","event":"Filling up the DagBag from /opt/airflow/dags/professor_rating_dag.py","logger":"airflow.models.dagbag.BundleDagBag","filename":"dagbag.py","lineno":593}
{"timestamp":"2026-02-11T23:32:37.524336Z","level":"info","event":"Filling up the DagBag from /opt/airflow/dags/professor_rating_dag.py","logger":"airflow.models.dagbag.BundleDagBag","filename":"dagbag.py","lineno":593}
{"timestamp":"2026-02-11T23:33:08.135067Z","level":"info","event":"Filling up the DagBag from /opt/airflow/dags/professor_rating_dag.py","logger":"airflow.models.dagbag.BundleDagBag","filename":"dagbag.py","lineno":593}
{"timestamp":"2026-02-11T23:33:38.779268Z","level":"info","event":"Filling up the DagBag from /opt/airflow/dags/professor_rating_dag.py","logger":"airflow.models.dagbag.BundleDagBag","filename":"dagbag.py","lineno":593}
{"timestamp":"2026-02-11T23:34:09.403477Z","level":"info","event":"Filling up the DagBag from /opt/airflow/dags/professor_rating_dag.py","logger":"airflow.models.dagbag.BundleDagBag","filename":"dagbag.py","lineno":593}
{"timestamp":"2026-02-11T23:34:40.042119Z","level":"info","event":"Filling up the DagBag from /opt/airflow/dags/professor_rating_dag.py","logger":"airflow.models.dagbag.BundleDagBag","filename":"dagbag.py","lineno":593}
{"timestamp":"2026-02-11T23:35:10.711324Z","level":"info","event":"Filling up the DagBag from /opt/airflow/dags/professor_rating_dag.py","logger":"airflow.models.dagbag.BundleDagBag","filename":"dagbag.py","lineno":593}
{"timestamp":"2026-02-11T23:35:41.332782Z","level":"info","event":"Filling up the DagBag from /opt/airflow/dags/professor_rating_dag.py","logger":"airflow.models.dagbag.BundleDagBag","filename":"dagbag.py","lineno":593}
{"timestamp":"2026-02-11T23:36:12.262371Z","level":"info","event":"Filling up the DagBag from /opt/airflow/dags/professor_rating_dag.py","logger":"airflow.models.dagbag.BundleDagBag","filename":"dagbag.py","lineno":593}
{"timestamp":"2026-02-11T23:36:42.769987Z","level":"info","event":"Filling up the DagBag from /opt/airflow/dags/professor_rating_dag.py","logger":"airflow.models.dagbag.BundleDagBag","filename":"dagbag.py","lineno":593}
{"timestamp":"2026-02-11T23:37:13.371542Z","level":"info","event":"Filling up the DagBag from /opt/airflow/dags/professor_rating_dag.py","logger":"airflow.models.dagbag.BundleDagBag","filename":"dagbag.py","lineno":593}
{"timestamp":"2026-02-11T23:37:44.013973Z","level":"info","event":"Filling up the DagBag from /opt/airflow/dags/professor_rating_dag.py","logger":"airflow.models.dagbag.BundleDagBag","filename":"dagbag.py","lineno":593}
{"timestamp":"2026-02-11T23:38:14.583380Z","level":"info","event":"Filling up the DagBag from /opt/airflow/dags/professor_rating_dag.py","logger":"airflow.models.dagbag.BundleDagBag","filename":"dagbag.py","lineno":593}
{"timestamp":"2026-02-11T23:38:45.212695Z","level":"info","event":"Filling up the DagBag from /opt/airflow/dags/professor_rating_dag.py","logger":"airflow.models.dagbag.BundleDagBag","filename":"dagbag.py","lineno":593}
{"timestamp":"2026-02-11T23:39:15.796453Z","level":"info","event":"Filling up the DagBag from /opt/airflow/dags/professor_rating_dag.py","logger":"airflow.models.dagbag.BundleDagBag","filename":"dagbag.py","lineno":593}
{"timestamp":"2026-02-11T23:39:46.393672Z","level":"info","event":"Filling up the DagBag from /opt/airflow/dags/professor_rating_dag.py","logger":"airflow.models.dagbag.BundleDagBag","filename":"dagbag.py","lineno":593}
{"timestamp":"2026-02-11T23:40:16.935371Z","level":"info","event":"Filling up the DagBag from /opt/airflow/dags/professor_rating_dag.py","logger":"airflow.models.dagbag.BundleDagBag","filename":"dagbag.py","lineno":593}
{"timestamp":"2026-02-11T23:40:47.509127Z","level":"info","event":"Filling up the DagBag from /opt/airflow/dags/professor_rating_dag.py","logger":"airflow.models.dagbag.BundleDagBag","filename":"dagbag.py","lineno":593}
{"timestamp":"2026-02-11T23:41:18.054230Z","level":"info","event":"Filling up the DagBag from /opt/airflow/dags/professor_rating_dag.py","logger":"airflow.models.dagbag.BundleDagBag","filename":"dagbag.py","lineno":593}
{"timestamp":"2026-02-11T23:41:48.535338Z","level":"info","event":"Filling up the DagBag from /opt/airflow/dags/professor_rating_dag.py","logger":"airflow.models.dagbag.BundleDagBag","filename":"dagbag.py","lineno":593}
{"timestamp":"2026-02-11T23:42:19.035888Z","level":"info","event":"Filling up the DagBag from /opt/airflow/dags/professor_rating_dag.py","logger":"airflow.models.dagbag.BundleDagBag","filename":"dagbag.py","lineno":593}
{"timestamp":"2026-02-11T23:42:49.558651Z","level":"info","event":"Filling up the DagBag from /opt/airflow/dags/professor_rating_dag.py","logger":"airflow.models.dagbag.BundleDagBag","filename":"dagbag.py","lineno":593}
{"timestamp":"2026-02-11T23:43:20.087827Z","level":"info","event":"Filling up the DagBag from /opt/airflow/dags/professor_rating_dag.py","logger":"airflow.models.dagbag.BundleDagBag","filename":"dagbag.py","lineno":593}
{"timestamp":"2026-02-11T23:43:50.644612Z","level":"info","event":"Filling up the DagBag from /opt/airflow/dags/professor_rating_dag.py","logger":"airflow.models.dagbag.BundleDagBag","filename":"dagbag.py","lineno":593}
{"timestamp":"2026-02-11T23:44:21.228987Z","level":"info","event":"Filling up the DagBag from /opt/airflow/dags/professor_rating_dag.py","logger":"airflow.models.dagbag.BundleDagBag","filename":"dagbag.py","lineno":593}
{"timestamp":"2026-02-11T23:44:51.754568Z","level":"info","event":"Filling up the DagBag from /opt/airflow/dags/professor_rating_dag.py","logger":"airflow.models.dagbag.BundleDagBag","filename":"dagbag.py","lineno":593}
{"timestamp":"2026-02-11T23:45:22.331992Z","level":"info","event":"Filling up the DagBag from /opt/airflow/dags/professor_rating_dag.py","logger":"airflow.models.dagbag.BundleDagBag","filename":"dagbag.py","lineno":593}
{"timestamp":"2026-02-11T23:45:52.832465Z","level":"info","event":"Filling up the DagBag from /opt/airflow/dags/professor_rating_dag.py","logger":"airflow.models.dagbag.BundleDagBag","filename":"dagbag.py","lineno":593}
{"timestamp":"2026-02-11T23:46:23.459710Z","level":"info","event":"Filling up the DagBag from /opt/airflow/dags/professor_rating_dag.py","logger":"airflow.models.dagbag.BundleDagBag","filename":"dagbag.py","lineno":593}
{"timestamp":"2026-02-11T23:46:54.006555Z","level":"info","event":"Filling up the DagBag from /opt/airflow/dags/professor_rating_dag.py","logger":"airflow.models.dagbag.BundleDagBag","filename":"dagbag.py","lineno":593}
{"timestamp":"2026-02-11T23:47:24.569011Z","level":"info","event":"Filling up the DagBag from /opt/airflow/dags/professor_rating_dag.py","logger":"airflow.models.dagbag.BundleDagBag","filename":"dagbag.py","lineno":593}
{"timestamp":"2026-02-11T23:47:55.421038Z","level":"info","event":"Filling up the DagBag from /opt/airflow/dags/professor_rating_dag.py","logger":"airflow.models.dagbag.BundleDagBag","filename":"dagbag.py","lineno":593}
{"timestamp":"2026-02-11T23:51:25.761529Z","level":"info","event":"Filling up the DagBag from /opt/airflow/dags/professor_rating_dag.py","logger":"airflow.models.dagbag.BundleDagBag","filename":"dagbag.py","lineno":593}
{"timestamp":"2026-02-11T23:51:56.413316Z","level":"info","event":"Filling up the DagBag from /opt/airflow/dags/professor_rating_dag.py","logger":"airflow.models.dagbag.BundleDagBag","filename":"dagbag.py","lineno":593}
{"timestamp":"2026-02-11T23:53:32.772934Z","level":"info","event":"Filling up the DagBag from /opt/airflow/dags/professor_rating_dag.py","logger":"airflow.models.dagbag.BundleDagBag","filename":"dagbag.py","lineno":593}
{"timestamp":"2026-02-11T23:54:03.598477Z","level":"info","event":"Filling up the DagBag from /opt/airflow/dags/professor_rating_dag.py","logger":"airflow.models.dagbag.BundleDagBag","filename":"dagbag.py","lineno":593}
{"timestamp":"2026-02-11T23:54:34.133260Z","level":"info","event":"Filling up the DagBag from /opt/airflow/dags/professor_rating_dag.py","logger":"airflow.models.dagbag.BundleDagBag","filename":"dagbag.py","lineno":593}
{"timestamp":"2026-02-11T23:55:04.678037Z","level":"info","event":"Filling up the DagBag from /opt/airflow/dags/professor_rating_dag.py","logger":"airflow.models.dagbag.BundleDagBag","filename":"dagbag.py","lineno":593}
{"timestamp":"2026-02-11T23:55:35.181102Z","level":"info","event":"Filling up the DagBag from /opt/airflow/dags/professor_rating_dag.py","logger":"airflow.models.dagbag.BundleDagBag","filename":"dagbag.py","lineno":593}
{"timestamp":"2026-02-11T23:56:05.735619Z","level":"info","event":"Filling up the DagBag from /opt/airflow/dags/professor_rating_dag.py","logger":"airflow.models.dagbag.BundleDagBag","filename":"dagbag.py","lineno":593}
{"timestamp":"2026-02-11T23:56:36.337500Z","level":"info","event":"Filling up the DagBag from /opt/airflow/dags/professor_rating_dag.py","logger":"airflow.models.dagbag.BundleDagBag","filename":"dagbag.py","lineno":593}
{"timestamp":"2026-02-11T23:57:06.852558Z","level":"info","event":"Filling up the DagBag from /opt/airflow/dags/professor_rating_dag.py","logger":"airflow.models.dagbag.BundleDagBag","filename":"dagbag.py","lineno":593}
{"timestamp":"2026-02-11T23:57:37.489379Z","level":"info","event":"Filling up the DagBag from /opt/airflow/dags/professor_rating_dag.py","logger":"airflow.models.dagbag.BundleDagBag","filename":"dagbag.py","lineno":593}
{"timestamp":"2026-02-11T23:58:08.029636Z","level":"info","event":"Filling up the DagBag from /opt/airflow/dags/professor_rating_dag.py","logger":"airflow.models.dagbag.BundleDagBag","filename":"dagbag.py","lineno":593}
{"timestamp":"2026-02-11T23:58:38.605512Z","level":"info","event":"Filling up the DagBag from /opt/airflow/dags/professor_rating_dag.py","logger":"airflow.models.dagbag.BundleDagBag","filename":"dagbag.py","lineno":593}
{"timestamp":"2026-02-11T23:59:09.139402Z","level":"info","event":"Filling up the DagBag from /opt/airflow/dags/professor_rating_dag.py","logger":"airflow.models.dagbag.BundleDagBag","filename":"dagbag.py","lineno":593}
{"timestamp":"2026-02-11T23:59:39.649804Z","level":"info","event":"Filling up the DagBag from /opt/airflow/dags/professor_rating_dag.py","logger":"airflow.models.dagbag.BundleDagBag","filename":"dagbag.py","lineno":593}
