{"timestamp":"2026-02-11T05:56:44.328491Z","level":"info","event":"DAG bundles loaded: dags-folder","logger":"airflow.dag_processing.bundles.manager.DagBundlesManager","filename":"manager.py","lineno":179}
{"timestamp":"2026-02-11T05:56:44.329091Z","level":"info","event":"Filling up the DagBag from /opt/airflow/dags/professor_rating_dag.py","logger":"airflow.models.dagbag.BundleDagBag","filename":"dagbag.py","lineno":593}
{"timestamp":"2026-02-11T05:56:44.418817Z","level":"info","event":"Fetching URL: https://thecourseforum.com/course/AMST/2421/All","logger":"task.stdout"}
{"timestamp":"2026-02-11T05:56:44.446309Z","level":"info","event":"Fetching URL: https://thecourseforum.com/course/AMST/2500/All","logger":"task.stdout"}
{"timestamp":"2026-02-11T05:56:44.450887Z","level":"info","event":"Fetching URL: https://thecourseforum.com/course/AMST/2559/All","logger":"task.stdout"}
{"timestamp":"2026-02-11T05:56:44.452867Z","level":"info","event":"Fetching URL: https://thecourseforum.com/course/AMST/3001/All","logger":"task.stdout"}
{"timestamp":"2026-02-11T05:56:44.455004Z","level":"info","event":"Fetching URL: https://thecourseforum.com/course/AMST/3180/All","logger":"task.stdout"}
{"timestamp":"2026-02-11T05:56:44.457356Z","level":"info","event":"Fetching URL: https://thecourseforum.com/course/AMST/3280/All","logger":"task.stdout"}
{"timestamp":"2026-02-11T05:56:44.459813Z","level":"info","event":"Fetching URL: https://thecourseforum.com/course/AMST/3326/All","logger":"task.stdout"}
{"timestamp":"2026-02-11T05:56:44.462308Z","level":"info","event":"Fetching URL: https://thecourseforum.com/course/AMST/3428/All","logger":"task.stdout"}
{"timestamp":"2026-02-11T05:56:44.463891Z","level":"info","event":"Fetching URL: https://thecourseforum.com/course/AMST/3481/All","logger":"task.stdout"}
{"timestamp":"2026-02-11T05:56:44.465244Z","level":"info","event":"Fetching URL: https://thecourseforum.com/course/AMST/3500/All","logger":"task.stdout"}
{"timestamp":"2026-02-11T05:56:44.467161Z","level":"info","event":"Fetching URL: https://thecourseforum.com/course/AMST/3559/All","logger":"task.stdout"}
{"timestamp":"2026-02-11T05:56:44.469265Z","level":"info","event":"Fetching URL: https://thecourseforum.com/course/AMST/3630/All","logger":"task.stdout"}
{"timestamp":"2026-02-11T05:56:44.471157Z","level":"info","event":"Fetching URL: https://thecourseforum.com/course/AMST/3740/All","logger":"task.stdout"}
{"timestamp":"2026-02-11T05:56:44.473787Z","level":"info","event":"Fetching URL: https://thecourseforum.com/course/AMST/3750/All","logger":"task.stdout"}
{"timestamp":"2026-02-11T05:56:44.475773Z","level":"info","event":"Fetching URL: https://thecourseforum.com/course/AMST/3790/All","logger":"task.stdout"}
{"timestamp":"2026-02-11T05:56:44.477154Z","level":"info","event":"Fetching URL: https://thecourseforum.com/course/AMST/4500/All","logger":"task.stdout"}
{"timestamp":"2026-02-11T05:56:44.479123Z","level":"info","event":"Fetching URL: https://thecourseforum.com/course/AMST/4559/All","logger":"task.stdout"}
{"timestamp":"2026-02-11T05:56:44.481312Z","level":"info","event":"Fetching URL: https://thecourseforum.com/course/AMST/4893/All","logger":"task.stdout"}
{"timestamp":"2026-02-11T05:56:44.484026Z","level":"info","event":"Fetching URL: https://thecourseforum.com/course/AMST/4993/All","logger":"task.stdout"}
{"timestamp":"2026-02-11T05:56:44.485508Z","level":"info","event":"Fetching URL: https://thecourseforum.com/course/AMST/4999/All","logger":"task.stdout"}
{"timestamp":"2026-02-11T05:56:44.487279Z","level":"info","event":"Fetching URL: https://thecourseforum.com/course/GDS/3113/All","logger":"task.stdout"}
{"timestamp":"2026-02-11T05:56:44.488355Z","level":"info","event":"Fetching URL: https://thecourseforum.com/course/GDS/3010/All","logger":"task.stdout"}
{"timestamp":"2026-02-11T05:56:44.490185Z","level":"info","event":"Fetching URL: https://thecourseforum.com/course/GDS/3114/All","logger":"task.stdout"}
{"timestamp":"2026-02-11T05:56:44.492319Z","level":"info","event":"Fetching URL: https://thecourseforum.com/course/GDS/4952/All","logger":"task.stdout"}
{"timestamp":"2026-02-11T05:56:44.493966Z","level":"info","event":"Fetching URL: https://thecourseforum.com/course/GDS/4991/All","logger":"task.stdout"}
{"timestamp":"2026-02-11T05:56:44.496303Z","level":"info","event":"Fetching URL: https://thecourseforum.com/course/GDS/4993/All","logger":"task.stdout"}
{"timestamp":"2026-02-11T05:56:44.498063Z","level":"info","event":"Fetching URL: https://thecourseforum.com/course/AAS/1020/All","logger":"task.stdout"}
{"timestamp":"2026-02-11T05:56:44.500319Z","level":"info","event":"Fetching URL: https://thecourseforum.com/course/AAS/2500/All","logger":"task.stdout"}
{"timestamp":"2026-02-11T05:56:44.503201Z","level":"info","event":"Fetching URL: https://thecourseforum.com/course/AAS/2710/All","logger":"task.stdout"}
{"timestamp":"2026-02-11T05:56:44.506442Z","level":"info","event":"Fetching URL: https://thecourseforum.com/course/AAS/3113/All","logger":"task.stdout"}
{"timestamp":"2026-02-11T05:56:44.509184Z","level":"info","event":"Fetching URL: https://thecourseforum.com/course/AAS/3157/All","logger":"task.stdout"}
{"timestamp":"2026-02-11T05:56:44.512434Z","level":"info","event":"Fetching URL: https://thecourseforum.com/course/AAS/3160/All","logger":"task.stdout"}
{"timestamp":"2026-02-11T05:56:44.515022Z","level":"info","event":"Fetching URL: https://thecourseforum.com/course/AAS/3500/All","logger":"task.stdout"}
{"timestamp":"2026-02-11T05:56:44.516432Z","level":"info","event":"Fetching URL: https://thecourseforum.com/course/AAS/3760/All","logger":"task.stdout"}
{"timestamp":"2026-02-11T05:56:44.517801Z","level":"info","event":"Fetching URL: https://thecourseforum.com/course/AAS/4080/All","logger":"task.stdout"}
{"timestamp":"2026-02-11T05:56:44.519144Z","level":"info","event":"Fetching URL: https://thecourseforum.com/course/AAS/4570/All","logger":"task.stdout"}
{"timestamp":"2026-02-11T05:56:44.521248Z","level":"info","event":"Fetching URL: https://thecourseforum.com/course/AAS/4993/All","logger":"task.stdout"}
{"timestamp":"2026-02-11T05:56:44.523764Z","level":"info","event":"Fetching URL: https://thecourseforum.com/course/ACCT/3010/All","logger":"task.stdout"}
{"timestamp":"2026-02-11T05:56:44.525945Z","level":"info","event":"Fetching URL: https://thecourseforum.com/course/AIRS/100/All","logger":"task.stdout"}
{"timestamp":"2026-02-11T05:56:44.528977Z","level":"info","event":"Fetching URL: https://thecourseforum.com/course/AIRS/1200/All","logger":"task.stdout"}
{"timestamp":"2026-02-11T05:56:44.530653Z","level":"info","event":"Fetching URL: https://thecourseforum.com/course/AIRS/2200/All","logger":"task.stdout"}
{"timestamp":"2026-02-11T05:56:44.532207Z","level":"info","event":"Fetching URL: https://thecourseforum.com/course/AIRS/3200/All","logger":"task.stdout"}
{"timestamp":"2026-02-11T05:56:44.533503Z","level":"info","event":"Fetching URL: https://thecourseforum.com/course/AIRS/4200/All","logger":"task.stdout"}
{"timestamp":"2026-02-11T05:56:44.535060Z","level":"info","event":"Fetching URL: https://thecourseforum.com/course/ANTH/2280/All","logger":"task.stdout"}
{"timestamp":"2026-02-11T05:56:44.537267Z","level":"info","event":"Fetching URL: https://thecourseforum.com/course/ANTH/2325/All","logger":"task.stdout"}
{"timestamp":"2026-02-11T05:56:44.539738Z","level":"info","event":"Fetching URL: https://thecourseforum.com/course/ANTH/2440/All","logger":"task.stdout"}
{"timestamp":"2026-02-11T05:56:44.541824Z","level":"info","event":"Fetching URL: https://thecourseforum.com/course/ANTH/2450/All","logger":"task.stdout"}
{"timestamp":"2026-02-11T05:56:44.543748Z","level":"info","event":"Fetching URL: https://thecourseforum.com/course/ANTH/2650/All","logger":"task.stdout"}
{"timestamp":"2026-02-11T05:56:44.545279Z","level":"info","event":"Fetching URL: https://thecourseforum.com/course/ANTH/2820/All","logger":"task.stdout"}
{"timestamp":"2026-02-11T05:56:44.547984Z","level":"info","event":"Fetching URL: https://thecourseforum.com/course/ANTH/3020/All","logger":"task.stdout"}
{"timestamp":"2026-02-11T05:56:44.550935Z","level":"info","event":"Fetching URL: https://thecourseforum.com/course/ANTH/3275/All","logger":"task.stdout"}
{"timestamp":"2026-02-11T05:56:44.552302Z","level":"info","event":"Fetching URL: https://thecourseforum.com/course/ANTH/3280/All","logger":"task.stdout"}
{"timestamp":"2026-02-11T05:56:44.553995Z","level":"info","event":"Fetching URL: https://thecourseforum.com/course/ANTH/3330/All","logger":"task.stdout"}
{"timestamp":"2026-02-11T05:56:44.555971Z","level":"info","event":"Fetching URL: https://thecourseforum.com/course/ANTH/3360/All","logger":"task.stdout"}
{"timestamp":"2026-02-11T05:56:44.558296Z","level":"info","event":"Fetching URL: https://thecourseforum.com/course/ANTH/3541/All","logger":"task.stdout"}
{"timestamp":"2026-02-11T05:56:44.559940Z","level":"info","event":"Fetching URL: https://thecourseforum.com/course/ANTH/3559/All","logger":"task.stdout"}
{"timestamp":"2026-02-11T05:56:44.561449Z","level":"info","event":"Fetching URL: https://thecourseforum.com/course/ANTH/3590/All","logger":"task.stdout"}
{"timestamp":"2026-02-11T05:56:44.562735Z","level":"info","event":"Fetching URL: https://thecourseforum.com/course/ANTH/3885/All","logger":"task.stdout"}
{"timestamp":"2026-02-11T05:56:44.565112Z","level":"info","event":"Fetching URL: https://thecourseforum.com/course/ANTH/3915/All","logger":"task.stdout"}
{"timestamp":"2026-02-11T05:56:44.566905Z","level":"info","event":"Fetching URL: https://thecourseforum.com/course/ANTH/4591/All","logger":"task.stdout"}
{"timestamp":"2026-02-11T05:56:44.569051Z","level":"info","event":"Fetching URL: https://thecourseforum.com/course/ANTH/4993/All","logger":"task.stdout"}
{"timestamp":"2026-02-11T05:56:44.571353Z","level":"info","event":"Fetching URL: https://thecourseforum.com/course/ANTH/4999/All","logger":"task.stdout"}
{"timestamp":"2026-02-11T05:56:44.573001Z","level":"info","event":"Fetching URL: https://thecourseforum.com/course/ANTH/1010/All","logger":"task.stdout"}
{"timestamp":"2026-02-11T05:56:44.574280Z","level":"info","event":"Fetching URL: https://thecourseforum.com/course/ANTH/2120/All","logger":"task.stdout"}
{"timestamp":"2026-02-11T05:56:44.575882Z","level":"info","event":"Fetching URL: https://thecourseforum.com/course/APMA/1090/All","logger":"task.stdout"}
{"timestamp":"2026-02-11T05:56:44.577782Z","level":"info","event":"Fetching URL: https://thecourseforum.com/course/APMA/1110/All","logger":"task.stdout"}
{"timestamp":"2026-02-11T05:56:44.579496Z","level":"info","event":"Fetching URL: https://thecourseforum.com/course/APMA/2120/All","logger":"task.stdout"}
{"timestamp":"2026-02-11T05:56:44.581130Z","level":"info","event":"Fetching URL: https://thecourseforum.com/course/APMA/3140/All","logger":"task.stdout"}
{"timestamp":"2026-02-11T05:56:44.582614Z","level":"info","event":"Fetching URL: https://thecourseforum.com/course/APMA/3150/All","logger":"task.stdout"}
{"timestamp":"2026-02-11T05:56:44.584017Z","level":"info","event":"Fetching URL: https://thecourseforum.com/course/APMA/2130/All","logger":"task.stdout"}
{"timestamp":"2026-02-11T05:56:44.586239Z","level":"info","event":"Fetching URL: https://thecourseforum.com/course/APMA/2501/All","logger":"task.stdout"}
{"timestamp":"2026-02-11T05:56:44.589097Z","level":"info","event":"Fetching URL: https://thecourseforum.com/course/APMA/3080/All","logger":"task.stdout"}
{"timestamp":"2026-02-11T05:56:44.590851Z","level":"info","event":"Fetching URL: https://thecourseforum.com/course/APMA/3100/All","logger":"task.stdout"}
{"timestamp":"2026-02-11T05:56:44.592283Z","level":"info","event":"Fetching URL: https://thecourseforum.com/course/APMA/3110/All","logger":"task.stdout"}
{"timestamp":"2026-02-11T05:56:44.593382Z","level":"info","event":"Fetching URL: https://thecourseforum.com/course/APMA/3120/All","logger":"task.stdout"}
{"timestamp":"2026-02-11T05:56:44.595476Z","level":"info","event":"Fetching URL: https://thecourseforum.com/course/APMA/3501/All","logger":"task.stdout"}
{"timestamp":"2026-02-11T05:56:44.598030Z","level":"info","event":"Fetching URL: https://thecourseforum.com/course/APMA/4993/All","logger":"task.stdout"}
{"timestamp":"2026-02-11T05:56:44.601397Z","level":"info","event":"Fetching URL: https://thecourseforum.com/course/ARAB/1020/All","logger":"task.stdout"}
{"timestamp":"2026-02-11T05:56:44.603495Z","level":"info","event":"Fetching URL: https://thecourseforum.com/course/ARAB/2020/All","logger":"task.stdout"}
{"timestamp":"2026-02-11T05:56:44.606184Z","level":"info","event":"Fetching URL: https://thecourseforum.com/course/ARAB/2060/All","logger":"task.stdout"}
{"timestamp":"2026-02-11T05:56:44.609271Z","level":"info","event":"Fetching URL: https://thecourseforum.com/course/ARAB/2250/All","logger":"task.stdout"}
{"timestamp":"2026-02-11T05:56:44.611625Z","level":"info","event":"Fetching URL: https://thecourseforum.com/course/ARAB/3020/All","logger":"task.stdout"}
{"timestamp":"2026-02-11T05:56:44.614102Z","level":"info","event":"Fetching URL: https://thecourseforum.com/course/ARAB/3259/All","logger":"task.stdout"}
{"timestamp":"2026-02-11T05:56:44.616311Z","level":"info","event":"Fetching URL: https://thecourseforum.com/course/ARAB/4020/All","logger":"task.stdout"}
{"timestamp":"2026-02-11T05:56:44.618291Z","level":"info","event":"Fetching URL: https://thecourseforum.com/course/ARAB/4120/All","logger":"task.stdout"}
{"timestamp":"2026-02-11T05:56:44.619995Z","level":"info","event":"Fetching URL: https://thecourseforum.com/course/ARAD/3550/All","logger":"task.stdout"}
{"timestamp":"2026-02-11T05:56:44.621820Z","level":"info","event":"Fetching URL: https://thecourseforum.com/course/ARAD/4559/All","logger":"task.stdout"}
{"timestamp":"2026-02-11T05:56:44.623056Z","level":"info","event":"Fetching URL: https://thecourseforum.com/course/ARCH/1030/All","logger":"task.stdout"}
{"timestamp":"2026-02-11T05:56:44.625138Z","level":"info","event":"Fetching URL: https://thecourseforum.com/course/ARCH/2020/All","logger":"task.stdout"}
{"timestamp":"2026-02-11T05:56:44.626879Z","level":"info","event":"Fetching URL: https://thecourseforum.com/course/ARCH/2070/All","logger":"task.stdout"}
{"timestamp":"2026-02-11T05:56:44.629013Z","level":"info","event":"Fetching URL: https://thecourseforum.com/course/ARCH/2114/All","logger":"task.stdout"}
{"timestamp":"2026-02-11T05:56:44.631232Z","level":"info","event":"Fetching URL: https://thecourseforum.com/course/ARCH/2715/All","logger":"task.stdout"}
{"timestamp":"2026-02-11T05:56:44.632388Z","level":"info","event":"Fetching URL: https://thecourseforum.com/course/ARCH/3020/All","logger":"task.stdout"}
{"timestamp":"2026-02-11T05:56:44.633783Z","level":"info","event":"Fetching URL: https://thecourseforum.com/course/ARCH/3260/All","logger":"task.stdout"}
{"timestamp":"2026-02-11T05:56:44.636016Z","level":"info","event":"Fetching URL: https://thecourseforum.com/course/ARCH/4020/All","logger":"task.stdout"}
{"timestamp":"2026-02-11T05:56:44.637312Z","level":"info","event":"Fetching URL: https://thecourseforum.com/course/ARCH/4500/All","logger":"task.stdout"}
{"timestamp":"2026-02-11T05:56:44.639075Z","level":"info","event":"Fetching URL: https://thecourseforum.com/course/ARCH/4993/All","logger":"task.stdout"}
{"timestamp":"2026-02-11T05:56:44.640626Z","level":"info","event":"Fetching URL: https://thecourseforum.com/course/ARCH/4995/All","logger":"task.stdout"}
{"timestamp":"2026-02-11T05:56:44.641813Z","level":"info","event":"Fetching URL: https://thecourseforum.com/course/ARCY/3993/All","logger":"task.stdout"}
{"timestamp":"2026-02-11T05:56:44.643924Z","level":"info","event":"Fetching URL: https://thecourseforum.com/course/ARCY/4999/All","logger":"task.stdout"}
{"timestamp":"2026-02-11T05:56:44.645963Z","level":"info","event":"Fetching URL: https://thecourseforum.com/course/ARTH/4591/All","logger":"task.stdout"}
{"timestamp":"2026-02-11T05:56:44.647850Z","level":"info","event":"Fetching URL: https://thecourseforum.com/course/ARTH/4952/All","logger":"task.stdout"}
{"timestamp":"2026-02-11T05:56:44.649290Z","level":"info","event":"Fetching URL: https://thecourseforum.com/course/ARTH/4999/All","logger":"task.stdout"}
{"timestamp":"2026-02-11T05:56:44.651132Z","level":"info","event":"Fetching URL: https://thecourseforum.com/course/ARTH/1153/All","logger":"task.stdout"}
{"timestamp":"2026-02-11T05:56:44.653116Z","level":"info","event":"Fetching URL: https://thecourseforum.com/course/ARTH/1500/All","logger":"task.stdout"}
{"timestamp":"2026-02-11T05:56:44.656459Z","level":"info","event":"Fetching URL: https://thecourseforum.com/course/ARTH/1861/All","logger":"task.stdout"}
{"timestamp":"2026-02-11T05:56:44.658428Z","level":"info","event":"Fetching URL: https://thecourseforum.com/course/ARTH/2054/All","logger":"task.stdout"}
{"timestamp":"2026-02-11T05:56:44.660203Z","level":"info","event":"Fetching URL: https://thecourseforum.com/course/ARTH/2055/All","logger":"task.stdout"}
{"timestamp":"2026-02-11T05:56:44.662513Z","level":"info","event":"Fetching URL: https://thecourseforum.com/course/ARTH/2056/All","logger":"task.stdout"}
{"timestamp":"2026-02-11T05:56:44.664233Z","level":"info","event":"Fetching URL: https://thecourseforum.com/course/ARTH/2151/All","logger":"task.stdout"}
{"timestamp":"2026-02-11T05:56:44.666276Z","level":"info","event":"Fetching URL: https://thecourseforum.com/course/ARTH/2745/All","logger":"task.stdout"}
{"timestamp":"2026-02-11T05:56:44.667353Z","level":"info","event":"Fetching URL: https://thecourseforum.com/course/ARTH/2961/All","logger":"task.stdout"}
{"timestamp":"2026-02-11T05:56:44.669112Z","level":"info","event":"Fetching URL: https://thecourseforum.com/course/ARTH/3591/All","logger":"task.stdout"}
{"timestamp":"2026-02-11T05:56:44.671315Z","level":"info","event":"Fetching URL: https://thecourseforum.com/course/ARTH/3595/All","logger":"task.stdout"}
{"timestamp":"2026-02-11T05:56:44.672751Z","level":"info","event":"Fetching URL: https://thecourseforum.com/course/ARTS/2000/All","logger":"task.stdout"}
{"timestamp":"2026-02-11T05:56:44.674014Z","level":"info","event":"Fetching URL: https://thecourseforum.com/course/ARTS/2112/All","logger":"task.stdout"}
{"timestamp":"2026-02-11T05:56:44.675534Z","level":"info","event":"Fetching URL: https://thecourseforum.com/course/ARTS/2220/All","logger":"task.stdout"}
{"timestamp":"2026-02-11T05:56:44.677006Z","level":"info","event":"Fetching URL: https://thecourseforum.com/course/ARTS/2222/All","logger":"task.stdout"}
{"timestamp":"2026-02-11T05:56:44.679072Z","level":"info","event":"Fetching URL: https://thecourseforum.com/course/ARTS/2372/All","logger":"task.stdout"}
{"timestamp":"2026-02-11T05:56:44.680927Z","level":"info","event":"Fetching URL: https://thecourseforum.com/course/ARTS/2559/All","logger":"task.stdout"}
{"timestamp":"2026-02-11T05:56:44.682875Z","level":"info","event":"Fetching URL: https://thecourseforum.com/course/ARTS/2610/All","logger":"task.stdout"}
{"timestamp":"2026-02-11T05:56:44.684102Z","level":"info","event":"Fetching URL: https://thecourseforum.com/course/ARTS/2632/All","logger":"task.stdout"}
{"timestamp":"2026-02-11T05:56:44.685448Z","level":"info","event":"Fetching URL: https://thecourseforum.com/course/ARTS/2670/All","logger":"task.stdout"}
{"timestamp":"2026-02-11T05:56:44.687385Z","level":"info","event":"Fetching URL: https://thecourseforum.com/course/ARTS/2672/All","logger":"task.stdout"}
{"timestamp":"2026-02-11T05:56:44.688810Z","level":"info","event":"Fetching URL: https://thecourseforum.com/course/ARTS/2710/All","logger":"task.stdout"}
{"timestamp":"2026-02-11T05:56:44.690060Z","level":"info","event":"Fetching URL: https://thecourseforum.com/course/ARTS/2712/All","logger":"task.stdout"}
{"timestamp":"2026-02-11T05:56:44.692302Z","level":"info","event":"Fetching URL: https://thecourseforum.com/course/ARTS/2810/All","logger":"task.stdout"}
{"timestamp":"2026-02-11T05:56:44.694754Z","level":"info","event":"Fetching URL: https://thecourseforum.com/course/ARTS/2812/All","logger":"task.stdout"}
{"timestamp":"2026-02-11T05:56:44.695972Z","level":"info","event":"Fetching URL: https://thecourseforum.com/course/ARTS/3112/All","logger":"task.stdout"}
{"timestamp":"2026-02-11T05:56:44.697178Z","level":"info","event":"Fetching URL: https://thecourseforum.com/course/ARTS/3372/All","logger":"task.stdout"}
{"timestamp":"2026-02-11T05:56:44.699239Z","level":"info","event":"Fetching URL: https://thecourseforum.com/course/ARTS/3672/All","logger":"task.stdout"}
{"timestamp":"2026-02-11T05:56:44.700611Z","level":"info","event":"Fetching URL: https://thecourseforum.com/course/ARTS/3712/All","logger":"task.stdout"}
{"timestamp":"2026-02-11T05:56:44.701569Z","level":"info","event":"Fetching URL: https://thecourseforum.com/course/ARTS/4112/All","logger":"task.stdout"}
{"timestamp":"2026-02-11T05:56:44.703197Z","level":"info","event":"Fetching URL: https://thecourseforum.com/course/ARTS/4222/All","logger":"task.stdout"}
{"timestamp":"2026-02-11T05:56:44.704947Z","level":"info","event":"Fetching URL: https://thecourseforum.com/course/ARTS/4372/All","logger":"task.stdout"}
{"timestamp":"2026-02-11T05:56:44.707441Z","level":"info","event":"Fetching URL: https://thecourseforum.com/course/ARTS/4452/All","logger":"task.stdout"}
{"timestamp":"2026-02-11T05:56:44.709442Z","level":"info","event":"Fetching URL: https://thecourseforum.com/course/ARTS/4672/All","logger":"task.stdout"}
{"timestamp":"2026-02-11T05:56:44.711990Z","level":"info","event":"Fetching URL: https://thecourseforum.com/course/ARTS/4712/All","logger":"task.stdout"}
{"timestamp":"2026-02-11T05:56:44.714356Z","level":"info","event":"Fetching URL: https://thecourseforum.com/course/ARTS/4900/All","logger":"task.stdout"}
{"timestamp":"2026-02-11T05:56:44.716452Z","level":"info","event":"Fetching URL: https://thecourseforum.com/course/ASTR/4993/All","logger":"task.stdout"}
{"timestamp":"2026-02-11T05:56:44.718099Z","level":"info","event":"Fetching URL: https://thecourseforum.com/course/ASTR/4998/All","logger":"task.stdout"}
{"timestamp":"2026-02-11T05:56:44.722691Z","level":"info","event":"Fetching URL: https://thecourseforum.com/course/ASTR/1210/All","logger":"task.stdout"}
{"timestamp":"2026-02-11T05:56:44.726140Z","level":"info","event":"Fetching URL: https://thecourseforum.com/course/ASTR/1220/All","logger":"task.stdout"}
{"timestamp":"2026-02-11T05:56:44.728093Z","level":"info","event":"Fetching URL: https://thecourseforum.com/course/ASTR/1250/All","logger":"task.stdout"}
{"timestamp":"2026-02-11T05:56:44.730342Z","level":"info","event":"Fetching URL: https://thecourseforum.com/course/ASTR/1290/All","logger":"task.stdout"}
{"timestamp":"2026-02-11T05:56:44.732302Z","level":"info","event":"Fetching URL: https://thecourseforum.com/course/ASTR/1610/All","logger":"task.stdout"}
{"timestamp":"2026-02-11T05:56:44.734314Z","level":"info","event":"Fetching URL: https://thecourseforum.com/course/ASTR/2120/All","logger":"task.stdout"}
{"timestamp":"2026-02-11T05:56:44.736208Z","level":"info","event":"Fetching URL: https://thecourseforum.com/course/ASTR/3130/All","logger":"task.stdout"}
{"timestamp":"2026-02-11T05:56:44.738131Z","level":"info","event":"Fetching URL: https://thecourseforum.com/course/ASTR/3420/All","logger":"task.stdout"}
{"timestamp":"2026-02-11T05:56:44.739883Z","level":"info","event":"Fetching URL: https://thecourseforum.com/course/ASTR/3450/All","logger":"task.stdout"}
{"timestamp":"2026-02-11T05:56:44.742053Z","level":"info","event":"Fetching URL: https://thecourseforum.com/course/ASTR/3490/All","logger":"task.stdout"}
{"timestamp":"2026-02-11T05:56:44.743967Z","level":"info","event":"Fetching URL: https://thecourseforum.com/course/ASTR/3880/All","logger":"task.stdout"}
{"timestamp":"2026-02-11T05:56:44.745802Z","level":"info","event":"Fetching URL: https://thecourseforum.com/course/ASTR/3881/All","logger":"task.stdout"}
{"timestamp":"2026-02-11T05:56:44.748335Z","level":"info","event":"Fetching URL: https://thecourseforum.com/course/ASTR/4140/All","logger":"task.stdout"}
{"timestamp":"2026-02-11T05:56:44.749901Z","level":"info","event":"Fetching URL: https://thecourseforum.com/course/ASTR/4470/All","logger":"task.stdout"}
{"timestamp":"2026-02-11T05:56:44.751165Z","level":"info","event":"Fetching URL: https://thecourseforum.com/course/BIOL/2100/All","logger":"task.stdout"}
{"timestamp":"2026-02-11T05:56:44.752772Z","level":"info","event":"Fetching URL: https://thecourseforum.com/course/BIOL/3040/All","logger":"task.stdout"}
{"timestamp":"2026-02-11T05:56:44.753837Z","level":"info","event":"Fetching URL: https://thecourseforum.com/course/BIOL/3180/All","logger":"task.stdout"}
{"timestamp":"2026-02-11T05:56:44.755872Z","level":"info","event":"Fetching URL: https://thecourseforum.com/course/BIOL/3240/All","logger":"task.stdout"}
{"timestamp":"2026-02-11T05:56:44.757832Z","level":"info","event":"Fetching URL: https://thecourseforum.com/course/BIOL/3260/All","logger":"task.stdout"}
{"timestamp":"2026-02-11T05:56:44.759922Z","level":"info","event":"Fetching URL: https://thecourseforum.com/course/BIOL/3270/All","logger":"task.stdout"}
{"timestamp":"2026-02-11T05:56:44.761499Z","level":"info","event":"Fetching URL: https://thecourseforum.com/course/BIOL/3420/All","logger":"task.stdout"}
{"timestamp":"2026-02-11T05:56:44.763029Z","level":"info","event":"Fetching URL: https://thecourseforum.com/course/BIOL/3430/All","logger":"task.stdout"}
{"timestamp":"2026-02-11T05:56:44.764347Z","level":"info","event":"Fetching URL: https://thecourseforum.com/course/BIOL/4012/All","logger":"task.stdout"}
{"timestamp":"2026-02-11T05:56:44.765995Z","level":"info","event":"Fetching URL: https://thecourseforum.com/course/BIOL/4014/All","logger":"task.stdout"}
{"timestamp":"2026-02-11T05:56:44.769362Z","level":"info","event":"Fetching URL: https://thecourseforum.com/course/BIOL/4017/All","logger":"task.stdout"}
{"timestamp":"2026-02-11T05:56:44.771329Z","level":"info","event":"Fetching URL: https://thecourseforum.com/course/BIOL/4030/All","logger":"task.stdout"}
{"timestamp":"2026-02-11T05:56:44.772991Z","level":"info","event":"Fetching URL: https://thecourseforum.com/course/BIOL/4070/All","logger":"task.stdout"}
{"timestamp":"2026-02-11T05:56:44.776273Z","level":"info","event":"Fetching URL: https://thecourseforum.com/course/BIOL/4260/All","logger":"task.stdout"}
{"timestamp":"2026-02-11T05:56:44.778946Z","level":"info","event":"Fetching URL: https://thecourseforum.com/course/BIOL/4310/All","logger":"task.stdout"}
{"timestamp":"2026-02-11T05:56:44.780074Z","level":"info","event":"Fetching URL: https://thecourseforum.com/course/BIOL/4330/All","logger":"task.stdout"}
{"timestamp":"2026-02-11T05:56:44.782058Z","level":"info","event":"Fetching URL: https://thecourseforum.com/course/BIOL/4559/All","logger":"task.stdout"}
{"timestamp":"2026-02-11T05:56:44.783805Z","level":"info","event":"Fetching URL: https://thecourseforum.com/course/BIOL/4660/All","logger":"task.stdout"}
{"timestamp":"2026-02-11T05:56:44.786377Z","level":"info","event":"Fetching URL: https://thecourseforum.com/course/BIOL/4770/All","logger":"task.stdout"}
{"timestamp":"2026-02-11T05:56:44.788235Z","level":"info","event":"Fetching URL: https://thecourseforum.com/course/BIOL/4820/All","logger":"task.stdout"}
{"timestamp":"2026-02-11T05:56:44.789830Z","level":"info","event":"Fetching URL: https://thecourseforum.com/course/BIOL/4900/All","logger":"task.stdout"}
{"timestamp":"2026-02-11T05:56:44.791496Z","level":"info","event":"Fetching URL: https://thecourseforum.com/course/BIOL/4910/All","logger":"task.stdout"}
{"timestamp":"2026-02-11T05:56:44.793343Z","level":"info","event":"Fetching URL: https://thecourseforum.com/course/BIOL/4920/All","logger":"task.stdout"}
{"timestamp":"2026-02-11T05:56:44.796288Z","level":"info","event":"Fetching URL: https://thecourseforum.com/course/BIOL/4930/All","logger":"task.stdout"}
{"timestamp":"2026-02-11T05:56:44.797904Z","level":"info","event":"Fetching URL: https://thecourseforum.com/course/BIOL/4940/All","logger":"task.stdout"}
{"timestamp":"2026-02-11T05:56:44.799000Z","level":"info","event":"Fetching URL: https://thecourseforum.com/course/BIOL/2200/All","logger":"task.stdout"}
{"timestamp":"2026-02-11T05:56:44.800879Z","level":"info","event":"Fetching URL: https://thecourseforum.com/course/BIOL/3000/All","logger":"task.stdout"}
{"timestamp":"2026-02-11T05:56:44.802947Z","level":"info","event":"Fetching URL: https://thecourseforum.com/course/BIOL/3010/All","logger":"task.stdout"}
{"timestamp":"2026-02-11T05:56:44.804815Z","level":"info","event":"Fetching URL: https://thecourseforum.com/course/BIOL/3030/All","logger":"task.stdout"}
{"timestamp":"2026-02-11T05:56:44.806881Z","level":"info","event":"Fetching URL: https://thecourseforum.com/course/BME/2000/All","logger":"task.stdout"}
{"timestamp":"2026-02-11T05:56:44.808774Z","level":"info","event":"Fetching URL: https://thecourseforum.com/course/BME/2101/All","logger":"task.stdout"}
{"timestamp":"2026-02-11T05:56:44.811495Z","level":"info","event":"Fetching URL: https://thecourseforum.com/course/BME/2102/All","logger":"task.stdout"}
{"timestamp":"2026-02-11T05:56:44.812761Z","level":"info","event":"Fetching URL: https://thecourseforum.com/course/BME/2104/All","logger":"task.stdout"}
{"timestamp":"2026-02-11T05:56:44.815240Z","level":"info","event":"Fetching URL: https://thecourseforum.com/course/BME/2220/All","logger":"task.stdout"}
{"timestamp":"2026-02-11T05:56:44.816734Z","level":"info","event":"Fetching URL: https://thecourseforum.com/course/BME/3240/All","logger":"task.stdout"}
{"timestamp":"2026-02-11T05:56:44.818271Z","level":"info","event":"Fetching URL: https://thecourseforum.com/course/BME/4995/All","logger":"task.stdout"}
{"timestamp":"2026-02-11T05:56:44.819467Z","level":"info","event":"Fetching URL: https://thecourseforum.com/course/BME/2315/All","logger":"task.stdout"}
{"timestamp":"2026-02-11T05:56:44.820940Z","level":"info","event":"Fetching URL: https://thecourseforum.com/course/BME/3040/All","logger":"task.stdout"}
{"timestamp":"2026-02-11T05:56:44.822372Z","level":"info","event":"Fetching URL: https://thecourseforum.com/course/BME/3090/All","logger":"task.stdout"}
{"timestamp":"2026-02-11T05:56:44.823757Z","level":"info","event":"Fetching URL: https://thecourseforum.com/course/BME/3310/All","logger":"task.stdout"}
{"timestamp":"2026-02-11T05:56:44.824962Z","level":"info","event":"Fetching URL: https://thecourseforum.com/course/BME/4064/All","logger":"task.stdout"}
{"timestamp":"2026-02-11T05:56:44.826922Z","level":"info","event":"Fetching URL: https://thecourseforum.com/course/BME/4280/All","logger":"task.stdout"}
{"timestamp":"2026-02-11T05:56:44.828810Z","level":"info","event":"Fetching URL: https://thecourseforum.com/course/BME/4315/All","logger":"task.stdout"}
{"timestamp":"2026-02-11T05:56:44.830348Z","level":"info","event":"Fetching URL: https://thecourseforum.com/course/BME/4350/All","logger":"task.stdout"}
{"timestamp":"2026-02-11T05:56:44.831810Z","level":"info","event":"Fetching URL: https://thecourseforum.com/course/BME/4370/All","logger":"task.stdout"}
{"timestamp":"2026-02-11T05:56:44.832877Z","level":"info","event":"Fetching URL: https://thecourseforum.com/course/BME/4380/All","logger":"task.stdout"}
{"timestamp":"2026-02-11T05:56:44.834992Z","level":"info","event":"Fetching URL: https://thecourseforum.com/course/BME/4417/All","logger":"task.stdout"}
{"timestamp":"2026-02-11T05:56:44.836765Z","level":"info","event":"Fetching URL: https://thecourseforum.com/course/BME/4550/All","logger":"task.stdout"}
{"timestamp":"2026-02-11T05:56:44.838886Z","level":"info","event":"Fetching URL: https://thecourseforum.com/course/BME/4890/All","logger":"task.stdout"}
{"timestamp":"2026-02-11T05:56:44.841242Z","level":"info","event":"Fetching URL: https://thecourseforum.com/course/BME/4993/All","logger":"task.stdout"}
{"timestamp":"2026-02-11T05:56:44.843367Z","level":"info","event":"Fetching URL: https://thecourseforum.com/course/CASS/1011/All","logger":"task.stdout"}
{"timestamp":"2026-02-11T05:56:44.845742Z","level":"info","event":"Fetching URL: https://thecourseforum.com/course/CE/1501/All","logger":"task.stdout"}
{"timestamp":"2026-02-11T05:56:44.847871Z","level":"info","event":"Fetching URL: https://thecourseforum.com/course/CE/2001/All","logger":"task.stdout"}
{"timestamp":"2026-02-11T05:56:44.849388Z","level":"info","event":"Fetching URL: https://thecourseforum.com/course/CE/2020/All","logger":"task.stdout"}
{"timestamp":"2026-02-11T05:56:44.850896Z","level":"info","event":"Fetching URL: https://thecourseforum.com/course/CE/2030/All","logger":"task.stdout"}
{"timestamp":"2026-02-11T05:56:44.852212Z","level":"info","event":"Fetching URL: https://thecourseforum.com/course/CE/2100/All","logger":"task.stdout"}
{"timestamp":"2026-02-11T05:56:44.853896Z","level":"info","event":"Fetching URL: https://thecourseforum.com/course/CE/2110/All","logger":"task.stdout"}
{"timestamp":"2026-02-11T05:56:44.855022Z","level":"info","event":"Fetching URL: https://thecourseforum.com/course/CE/2300/All","logger":"task.stdout"}
{"timestamp":"2026-02-11T05:56:44.857206Z","level":"info","event":"Fetching URL: https://thecourseforum.com/course/CE/2310/All","logger":"task.stdout"}
{"timestamp":"2026-02-11T05:56:44.859342Z","level":"info","event":"Fetching URL: https://thecourseforum.com/course/CE/2720/All","logger":"task.stdout"}
{"timestamp":"2026-02-11T05:56:44.862185Z","level":"info","event":"Fetching URL: https://thecourseforum.com/course/CE/3050/All","logger":"task.stdout"}
{"timestamp":"2026-02-11T05:56:44.864744Z","level":"info","event":"Fetching URL: https://thecourseforum.com/course/CE/3220/All","logger":"task.stdout"}
{"timestamp":"2026-02-11T05:56:44.867463Z","level":"info","event":"Fetching URL: https://thecourseforum.com/course/CE/4050/All","logger":"task.stdout"}
{"timestamp":"2026-02-11T05:56:44.870221Z","level":"info","event":"Fetching URL: https://thecourseforum.com/course/CE/3222/All","logger":"task.stdout"}
{"timestamp":"2026-02-11T05:56:44.871627Z","level":"info","event":"Fetching URL: https://thecourseforum.com/course/CE/3330/All","logger":"task.stdout"}
{"timestamp":"2026-02-11T05:56:44.872639Z","level":"info","event":"Fetching URL: https://thecourseforum.com/course/CE/3400/All","logger":"task.stdout"}
{"timestamp":"2026-02-11T05:56:44.874877Z","level":"info","event":"Fetching URL: https://thecourseforum.com/course/CE/3402/All","logger":"task.stdout"}
{"timestamp":"2026-02-11T05:56:44.877011Z","level":"info","event":"Fetching URL: https://thecourseforum.com/course/CE/3720/All","logger":"task.stdout"}
{"timestamp":"2026-02-11T05:56:44.878795Z","level":"info","event":"Fetching URL: https://thecourseforum.com/course/CE/3800/All","logger":"task.stdout"}
{"timestamp":"2026-02-11T05:56:44.880884Z","level":"info","event":"Fetching URL: https://thecourseforum.com/course/CE/4025/All","logger":"task.stdout"}
{"timestamp":"2026-02-11T05:56:44.882077Z","level":"info","event":"Fetching URL: https://thecourseforum.com/course/CE/4040/All","logger":"task.stdout"}
{"timestamp":"2026-02-11T05:56:44.884114Z","level":"info","event":"Fetching URL: https://thecourseforum.com/course/CE/4110/All","logger":"task.stdout"}
{"timestamp":"2026-02-11T05:56:44.886298Z","level":"info","event":"Fetching URL: https://thecourseforum.com/course/CE/4500/All","logger":"task.stdout"}
{"timestamp":"2026-02-11T05:56:44.888095Z","level":"info","event":"Fetching URL: https://thecourseforum.com/course/CE/4600/All","logger":"task.stdout"}
{"timestamp":"2026-02-11T05:56:44.890154Z","level":"info","event":"Fetching URL: https://thecourseforum.com/course/CE/4990/All","logger":"task.stdout"}
{"timestamp":"2026-02-11T05:56:44.892539Z","level":"info","event":"Fetching URL: https://thecourseforum.com/course/CE/4995/All","logger":"task.stdout"}
{"timestamp":"2026-02-11T05:56:44.893987Z","level":"info","event":"Fetching URL: https://thecourseforum.com/course/CHEM/1420/All","logger":"task.stdout"}
{"timestamp":"2026-02-11T05:56:44.896146Z","level":"info","event":"Fetching URL: https://thecourseforum.com/course/CHEM/1421/All","logger":"task.stdout"}
{"timestamp":"2026-02-11T05:56:44.898147Z","level":"info","event":"Fetching URL: https://thecourseforum.com/course/CHEM/1500/All","logger":"task.stdout"}
{"timestamp":"2026-02-11T05:56:44.900854Z","level":"info","event":"Fetching URL: https://thecourseforum.com/course/CHEM/1820/All","logger":"task.stdout"}
{"timestamp":"2026-02-11T05:56:44.902062Z","level":"info","event":"Fetching URL: https://thecourseforum.com/course/CHEM/1821/All","logger":"task.stdout"}
{"timestamp":"2026-02-11T05:56:44.904152Z","level":"info","event":"Fetching URL: https://thecourseforum.com/course/CHEM/2120/All","logger":"task.stdout"}
{"timestamp":"2026-02-11T05:56:44.907163Z","level":"info","event":"Fetching URL: https://thecourseforum.com/course/CHEM/2321/All","logger":"task.stdout"}
{"timestamp":"2026-02-11T05:56:44.908814Z","level":"info","event":"Fetching URL: https://thecourseforum.com/course/CHEM/2410/All","logger":"task.stdout"}
{"timestamp":"2026-02-11T05:56:44.911298Z","level":"info","event":"Fetching URL: https://thecourseforum.com/course/CHEM/2420/All","logger":"task.stdout"}
{"timestamp":"2026-02-11T05:56:44.913257Z","level":"info","event":"Fetching URL: https://thecourseforum.com/course/CHEM/2421/All","logger":"task.stdout"}
{"timestamp":"2026-02-11T05:56:44.914939Z","level":"info","event":"Fetching URL: https://thecourseforum.com/course/CHEM/2820/All","logger":"task.stdout"}
{"timestamp":"2026-02-11T05:56:44.916498Z","level":"info","event":"Fetching URL: https://thecourseforum.com/course/CHEM/3121/All","logger":"task.stdout"}
{"timestamp":"2026-02-11T05:56:44.918333Z","level":"info","event":"Fetching URL: https://thecourseforum.com/course/CHEM/3420/All","logger":"task.stdout"}
{"timestamp":"2026-02-11T05:56:44.919862Z","level":"info","event":"Fetching URL: https://thecourseforum.com/course/CHEM/3559/All","logger":"task.stdout"}
{"timestamp":"2026-02-11T05:56:44.922092Z","level":"info","event":"Fetching URL: https://thecourseforum.com/course/CHEM/3821/All","logger":"task.stdout"}
{"timestamp":"2026-02-11T05:56:44.924029Z","level":"info","event":"Fetching URL: https://thecourseforum.com/course/CHEM/3951/All","logger":"task.stdout"}
{"timestamp":"2026-02-11T05:56:44.925842Z","level":"info","event":"Fetching URL: https://thecourseforum.com/course/CHEM/3961/All","logger":"task.stdout"}
{"timestamp":"2026-02-11T05:56:44.928063Z","level":"info","event":"Fetching URL: https://thecourseforum.com/course/CHEM/4420/All","logger":"task.stdout"}
{"timestamp":"2026-02-11T05:56:44.929892Z","level":"info","event":"Fetching URL: https://thecourseforum.com/course/CHEM/4421/All","logger":"task.stdout"}
{"timestamp":"2026-02-11T05:56:44.931548Z","level":"info","event":"Fetching URL: https://thecourseforum.com/course/CHEM/4951/All","logger":"task.stdout"}
{"timestamp":"2026-02-11T05:56:44.932853Z","level":"info","event":"Fetching URL: https://thecourseforum.com/course/CHEM/4961/All","logger":"task.stdout"}
{"timestamp":"2026-02-11T05:56:44.934729Z","level":"info","event":"Fetching URL: https://thecourseforum.com/course/COMM/4899/All","logger":"task.stdout"}
{"timestamp":"2026-02-11T05:56:44.936944Z","level":"info","event":"Fetching URL: https://thecourseforum.com/course/COMM/1800/All","logger":"task.stdout"}
{"timestamp":"2026-02-11T05:56:44.939320Z","level":"info","event":"Fetching URL: https://thecourseforum.com/course/COMM/2000/All","logger":"task.stdout"}
{"timestamp":"2026-02-11T05:56:44.941268Z","level":"info","event":"Fetching URL: https://thecourseforum.com/course/COMM/2002/All","logger":"task.stdout"}
{"timestamp":"2026-02-11T05:56:44.942904Z","level":"info","event":"Fetching URL: https://thecourseforum.com/course/COMM/2003/All","logger":"task.stdout"}
{"timestamp":"2026-02-11T05:56:44.944475Z","level":"info","event":"Fetching URL: https://thecourseforum.com/course/COMM/2004/All","logger":"task.stdout"}
{"timestamp":"2026-02-11T05:56:44.946063Z","level":"info","event":"Fetching URL: https://thecourseforum.com/course/COMM/2005/All","logger":"task.stdout"}
{"timestamp":"2026-02-11T05:56:44.947968Z","level":"info","event":"Fetching URL: https://thecourseforum.com/course/COMM/2600/All","logger":"task.stdout"}
{"timestamp":"2026-02-11T05:56:44.950056Z","level":"info","event":"Fetching URL: https://thecourseforum.com/course/COMM/2700/All","logger":"task.stdout"}
{"timestamp":"2026-02-11T05:56:44.952058Z","level":"info","event":"Fetching URL: https://thecourseforum.com/course/COMM/2730/All","logger":"task.stdout"}
{"timestamp":"2026-02-11T05:56:44.953990Z","level":"info","event":"Fetching URL: https://thecourseforum.com/course/COMM/3040/All","logger":"task.stdout"}
{"timestamp":"2026-02-11T05:56:44.955112Z","level":"info","event":"Fetching URL: https://thecourseforum.com/course/COMM/3120/All","logger":"task.stdout"}
{"timestamp":"2026-02-11T05:56:44.957179Z","level":"info","event":"Fetching URL: https://thecourseforum.com/course/COMM/3200/All","logger":"task.stdout"}
{"timestamp":"2026-02-11T05:56:44.959202Z","level":"info","event":"Fetching URL: https://thecourseforum.com/course/COMM/3220/All","logger":"task.stdout"}
{"timestamp":"2026-02-11T05:56:44.960380Z","level":"info","event":"Fetching URL: https://thecourseforum.com/course/COMM/3230/All","logger":"task.stdout"}
{"timestamp":"2026-02-11T05:56:44.962074Z","level":"info","event":"Fetching URL: https://thecourseforum.com/course/COMM/3330/All","logger":"task.stdout"}
{"timestamp":"2026-02-11T05:56:44.963847Z","level":"info","event":"Fetching URL: https://thecourseforum.com/course/COMM/3410/All","logger":"task.stdout"}
{"timestamp":"2026-02-11T05:56:44.965977Z","level":"info","event":"Fetching URL: https://thecourseforum.com/course/COMM/3420/All","logger":"task.stdout"}
{"timestamp":"2026-02-11T05:56:44.968220Z","level":"info","event":"Fetching URL: https://thecourseforum.com/course/COMM/3559/All","logger":"task.stdout"}
{"timestamp":"2026-02-11T05:56:44.969780Z","level":"info","event":"Fetching URL: https://thecourseforum.com/course/COMM/3720/All","logger":"task.stdout"}
{"timestamp":"2026-02-11T05:56:44.971021Z","level":"info","event":"Fetching URL: https://thecourseforum.com/course/COMM/4150/All","logger":"task.stdout"}
{"timestamp":"2026-02-11T05:56:44.972757Z","level":"info","event":"Fetching URL: https://thecourseforum.com/course/COMM/4210/All","logger":"task.stdout"}
{"timestamp":"2026-02-11T05:56:44.974901Z","level":"info","event":"Fetching URL: https://thecourseforum.com/course/COMM/4221/All","logger":"task.stdout"}
{"timestamp":"2026-02-11T05:56:44.976416Z","level":"info","event":"Fetching URL: https://thecourseforum.com/course/COMM/4230/All","logger":"task.stdout"}
{"timestamp":"2026-02-11T05:56:44.979055Z","level":"info","event":"Fetching URL: https://thecourseforum.com/course/COMM/4252/All","logger":"task.stdout"}
{"timestamp":"2026-02-11T05:56:44.982438Z","level":"info","event":"Fetching URL: https://thecourseforum.com/course/COMM/2006/All","logger":"task.stdout"}
{"timestamp":"2026-02-11T05:56:44.984644Z","level":"info","event":"Fetching URL: https://thecourseforum.com/course/COMM/4350/All","logger":"task.stdout"}
{"timestamp":"2026-02-11T05:56:44.986907Z","level":"info","event":"Fetching URL: https://thecourseforum.com/course/COMM/4370/All","logger":"task.stdout"}
{"timestamp":"2026-02-11T05:56:44.988516Z","level":"info","event":"Fetching URL: https://thecourseforum.com/course/COMM/4371/All","logger":"task.stdout"}
{"timestamp":"2026-02-11T05:56:44.990877Z","level":"info","event":"Fetching URL: https://thecourseforum.com/course/COMM/4380/All","logger":"task.stdout"}
{"timestamp":"2026-02-11T05:56:44.992135Z","level":"info","event":"Fetching URL: https://thecourseforum.com/course/COMM/4522/All","logger":"task.stdout"}
{"timestamp":"2026-02-11T05:56:44.994152Z","level":"info","event":"Fetching URL: https://thecourseforum.com/course/COMM/4559/All","logger":"task.stdout"}
{"timestamp":"2026-02-11T05:56:44.995641Z","level":"info","event":"Fetching URL: https://thecourseforum.com/course/COMM/4569/All","logger":"task.stdout"}
{"timestamp":"2026-02-11T05:56:44.996833Z","level":"info","event":"Fetching URL: https://thecourseforum.com/course/COMM/4620/All","logger":"task.stdout"}
{"timestamp":"2026-02-11T05:56:44.998044Z","level":"info","event":"Fetching URL: https://thecourseforum.com/course/COMM/4621/All","logger":"task.stdout"}
{"timestamp":"2026-02-11T05:56:44.999373Z","level":"info","event":"Fetching URL: https://thecourseforum.com/course/COMM/4660/All","logger":"task.stdout"}
{"timestamp":"2026-02-11T05:56:45.000770Z","level":"info","event":"Fetching URL: https://thecourseforum.com/course/COMM/4680/All","logger":"task.stdout"}
{"timestamp":"2026-02-11T05:56:45.003190Z","level":"info","event":"Fetching URL: https://thecourseforum.com/course/COMM/4681/All","logger":"task.stdout"}
{"timestamp":"2026-02-11T05:56:45.007989Z","level":"info","event":"Fetching URL: https://thecourseforum.com/course/COMM/4710/All","logger":"task.stdout"}
{"timestamp":"2026-02-11T05:56:45.012369Z","level":"info","event":"Fetching URL: https://thecourseforum.com/course/COMM/4722/All","logger":"task.stdout"}
{"timestamp":"2026-02-11T05:56:45.021190Z","level":"info","event":"Fetching URL: https://thecourseforum.com/course/COMM/4730/All","logger":"task.stdout"}
{"timestamp":"2026-02-11T05:56:45.027645Z","level":"info","event":"Fetching URL: https://thecourseforum.com/course/COMM/4733/All","logger":"task.stdout"}
{"timestamp":"2026-02-11T05:56:45.030219Z","level":"info","event":"Fetching URL: https://thecourseforum.com/course/COMM/4791/All","logger":"task.stdout"}
{"timestamp":"2026-02-11T05:56:45.033225Z","level":"info","event":"Fetching URL: https://thecourseforum.com/course/COMM/4792/All","logger":"task.stdout"}
{"timestamp":"2026-02-11T05:56:45.034737Z","level":"info","event":"Fetching URL: https://thecourseforum.com/course/COMM/4821/All","logger":"task.stdout"}
{"timestamp":"2026-02-11T05:56:45.036044Z","level":"info","event":"Fetching URL: https://thecourseforum.com/course/COMM/4822/All","logger":"task.stdout"}
{"timestamp":"2026-02-11T05:56:45.037881Z","level":"info","event":"Fetching URL: https://thecourseforum.com/course/COMM/4831/All","logger":"task.stdout"}
{"timestamp":"2026-02-11T05:56:45.039831Z","level":"info","event":"Fetching URL: https://thecourseforum.com/course/COMM/4839/All","logger":"task.stdout"}
{"timestamp":"2026-02-11T05:56:45.043258Z","level":"info","event":"Fetching URL: https://thecourseforum.com/course/COMM/4841/All","logger":"task.stdout"}
{"timestamp":"2026-02-11T05:56:45.045732Z","level":"info","event":"Fetching URL: https://thecourseforum.com/course/COMM/4881/All","logger":"task.stdout"}
{"timestamp":"2026-02-11T05:56:45.047393Z","level":"info","event":"Fetching URL: https://thecourseforum.com/course/COMM/4993/All","logger":"task.stdout"}
{"timestamp":"2026-02-11T05:56:45.049118Z","level":"info","event":"Fetching URL: https://thecourseforum.com/course/COMM/3050/All","logger":"task.stdout"}
{"timestamp":"2026-02-11T05:56:45.061824Z","level":"info","event":"Fetching URL: https://thecourseforum.com/course/CLAS/2040/All","logger":"task.stdout"}
{"timestamp":"2026-02-11T05:56:45.064293Z","level":"info","event":"Fetching URL: https://thecourseforum.com/course/CLAS/2559/All","logger":"task.stdout"}
{"timestamp":"2026-02-11T05:56:45.065451Z","level":"info","event":"Fetching URL: https://thecourseforum.com/course/CLAS/3160/All","logger":"task.stdout"}
{"timestamp":"2026-02-11T05:56:45.066958Z","level":"info","event":"Fetching URL: https://thecourseforum.com/course/CLAS/3220/All","logger":"task.stdout"}
{"timestamp":"2026-02-11T05:56:45.068129Z","level":"info","event":"Fetching URL: https://thecourseforum.com/course/CLAS/3350/All","logger":"task.stdout"}
{"timestamp":"2026-02-11T05:56:45.070184Z","level":"info","event":"Fetching URL: https://thecourseforum.com/course/CLAS/2020/All","logger":"task.stdout"}
{"timestamp":"2026-02-11T05:56:45.072140Z","level":"info","event":"Fetching URL: https://thecourseforum.com/course/COGS/3960/All","logger":"task.stdout"}
{"timestamp":"2026-02-11T05:56:45.073880Z","level":"info","event":"Fetching URL: https://thecourseforum.com/course/COGS/4980/All","logger":"task.stdout"}
{"timestamp":"2026-02-11T05:56:45.075110Z","level":"info","event":"Fetching URL: https://thecourseforum.com/course/CS/2100/All","logger":"task.stdout"}
{"timestamp":"2026-02-11T05:56:45.076865Z","level":"info","event":"Fetching URL: https://thecourseforum.com/course/CS/2120/All","logger":"task.stdout"}
{"timestamp":"2026-02-11T05:56:45.079188Z","level":"info","event":"Fetching URL: https://thecourseforum.com/course/CS/2130/All","logger":"task.stdout"}
{"timestamp":"2026-02-11T05:56:45.081203Z","level":"info","event":"Fetching URL: https://thecourseforum.com/course/CS/2501/All","logger":"task.stdout"}
{"timestamp":"2026-02-11T05:56:45.082646Z","level":"info","event":"Fetching URL: https://thecourseforum.com/course/CS/2910/All","logger":"task.stdout"}
{"timestamp":"2026-02-11T05:56:45.083967Z","level":"info","event":"Fetching URL: https://thecourseforum.com/course/CS/2993/All","logger":"task.stdout"}
{"timestamp":"2026-02-11T05:56:45.085374Z","level":"info","event":"Fetching URL: https://thecourseforum.com/course/CS/3100/All","logger":"task.stdout"}
{"timestamp":"2026-02-11T05:56:45.086690Z","level":"info","event":"Fetching URL: https://thecourseforum.com/course/CS/3120/All","logger":"task.stdout"}
{"timestamp":"2026-02-11T05:56:45.088104Z","level":"info","event":"Fetching URL: https://thecourseforum.com/course/CS/3130/All","logger":"task.stdout"}
{"timestamp":"2026-02-11T05:56:45.090566Z","level":"info","event":"Fetching URL: https://thecourseforum.com/course/CS/3140/All","logger":"task.stdout"}
{"timestamp":"2026-02-11T05:56:45.092511Z","level":"info","event":"Fetching URL: https://thecourseforum.com/course/CS/3205/All","logger":"task.stdout"}
{"timestamp":"2026-02-11T05:56:45.094741Z","level":"info","event":"Fetching URL: https://thecourseforum.com/course/CS/3240/All","logger":"task.stdout"}
{"timestamp":"2026-02-11T05:56:45.096132Z","level":"info","event":"Fetching URL: https://thecourseforum.com/course/CS/3250/All","logger":"task.stdout"}
{"timestamp":"2026-02-11T05:56:45.097880Z","level":"info","event":"Fetching URL: https://thecourseforum.com/course/CS/3501/All","logger":"task.stdout"}
{"timestamp":"2026-02-11T05:56:45.099251Z","level":"info","event":"Fetching URL: https://thecourseforum.com/course/CS/3710/All","logger":"task.stdout"}
{"timestamp":"2026-02-11T05:56:45.100544Z","level":"info","event":"Fetching URL: https://thecourseforum.com/course/CS/4330/All","logger":"task.stdout"}
{"timestamp":"2026-02-11T05:56:45.102037Z","level":"info","event":"Fetching URL: https://thecourseforum.com/course/CS/4457/All","logger":"task.stdout"}
{"timestamp":"2026-02-11T05:56:45.104073Z","level":"info","event":"Fetching URL: https://thecourseforum.com/course/CS/4501/All","logger":"task.stdout"}
{"timestamp":"2026-02-11T05:56:45.105643Z","level":"info","event":"Fetching URL: https://thecourseforum.com/course/CS/4630/All","logger":"task.stdout"}
{"timestamp":"2026-02-11T05:56:45.108011Z","level":"info","event":"Fetching URL: https://thecourseforum.com/course/CS/4710/All","logger":"task.stdout"}
{"timestamp":"2026-02-11T05:56:45.110401Z","level":"info","event":"Fetching URL: https://thecourseforum.com/course/CS/4720/All","logger":"task.stdout"}
{"timestamp":"2026-02-11T05:56:45.114355Z","level":"info","event":"Fetching URL: https://thecourseforum.com/course/CS/4730/All","logger":"task.stdout"}
{"timestamp":"2026-02-11T05:56:45.116124Z","level":"info","event":"Fetching URL: https://thecourseforum.com/course/CS/4740/All","logger":"task.stdout"}
{"timestamp":"2026-02-11T05:56:45.118214Z","level":"info","event":"Fetching URL: https://thecourseforum.com/course/CS/4750/All","logger":"task.stdout"}
{"timestamp":"2026-02-11T05:56:45.120148Z","level":"info","event":"Fetching URL: https://thecourseforum.com/course/CS/4770/All","logger":"task.stdout"}
{"timestamp":"2026-02-11T05:56:45.121717Z","level":"info","event":"Fetching URL: https://thecourseforum.com/course/CS/4771/All","logger":"task.stdout"}
{"timestamp":"2026-02-11T05:56:45.123290Z","level":"info","event":"Fetching URL: https://thecourseforum.com/course/CS/4774/All","logger":"task.stdout"}
{"timestamp":"2026-02-11T05:56:45.126457Z","level":"info","event":"Fetching URL: https://thecourseforum.com/course/CS/4790/All","logger":"task.stdout"}
{"timestamp":"2026-02-11T05:56:45.128336Z","level":"info","event":"Fetching URL: https://thecourseforum.com/course/CS/4971/All","logger":"task.stdout"}
{"timestamp":"2026-02-11T05:56:45.130725Z","level":"info","event":"Fetching URL: https://thecourseforum.com/course/CS/4993/All","logger":"task.stdout"}
{"timestamp":"2026-02-11T05:56:45.133089Z","level":"info","event":"Fetching URL: https://thecourseforum.com/course/CS/4998/All","logger":"task.stdout"}
{"timestamp":"2026-02-11T05:56:45.135039Z","level":"info","event":"Fetching URL: https://thecourseforum.com/course/CS/1110/All","logger":"task.stdout"}
{"timestamp":"2026-02-11T05:56:45.137389Z","level":"info","event":"Fetching URL: https://thecourseforum.com/course/CS/1112/All","logger":"task.stdout"}
{"timestamp":"2026-02-11T05:56:45.139512Z","level":"info","event":"Fetching URL: https://thecourseforum.com/course/CS/1501/All","logger":"task.stdout"}
{"timestamp":"2026-02-11T05:56:45.141454Z","level":"info","event":"Fetching URL: https://thecourseforum.com/course/CS/4980/All","logger":"task.stdout"}
{"timestamp":"2026-02-11T05:56:45.143424Z","level":"info","event":"Fetching URL: https://thecourseforum.com/course/CS/4991/All","logger":"task.stdout"}
{"timestamp":"2026-02-11T05:56:45.145923Z","level":"info","event":"Fetching URL: https://thecourseforum.com/course/DANC/2210/All","logger":"task.stdout"}
{"timestamp":"2026-02-11T05:56:45.148185Z","level":"info","event":"Fetching URL: https://thecourseforum.com/course/DANC/3230/All","logger":"task.stdout"}
{"timestamp":"2026-02-11T05:56:45.149415Z","level":"info","event":"Fetching URL: https://thecourseforum.com/course/DANC/2430/All","logger":"task.stdout"}
{"timestamp":"2026-02-11T05:56:45.150604Z","level":"info","event":"Fetching URL: https://thecourseforum.com/course/DANC/3300/All","logger":"task.stdout"}
{"timestamp":"2026-02-11T05:56:45.151853Z","level":"info","event":"Fetching URL: https://thecourseforum.com/course/DANC/3400/All","logger":"task.stdout"}
{"timestamp":"2026-02-11T05:56:45.153820Z","level":"info","event":"Fetching URL: https://thecourseforum.com/course/DANC/3610/All","logger":"task.stdout"}
{"timestamp":"2026-02-11T05:56:45.155737Z","level":"info","event":"Fetching URL: https://thecourseforum.com/course/DANC/4993/All","logger":"task.stdout"}
{"timestamp":"2026-02-11T05:56:45.157941Z","level":"info","event":"Fetching URL: https://thecourseforum.com/course/DRAM/2630/All","logger":"task.stdout"}
{"timestamp":"2026-02-11T05:56:45.159806Z","level":"info","event":"Fetching URL: https://thecourseforum.com/course/DRAM/3030/All","logger":"task.stdout"}
{"timestamp":"2026-02-11T05:56:45.161811Z","level":"info","event":"Fetching URL: https://thecourseforum.com/course/DRAM/3050/All","logger":"task.stdout"}
{"timestamp":"2026-02-11T05:56:45.163990Z","level":"info","event":"Fetching URL: https://thecourseforum.com/course/DRAM/3070/All","logger":"task.stdout"}
{"timestamp":"2026-02-11T05:56:45.165941Z","level":"info","event":"Fetching URL: https://thecourseforum.com/course/DRAM/3210/All","logger":"task.stdout"}
{"timestamp":"2026-02-11T05:56:45.168151Z","level":"info","event":"Fetching URL: https://thecourseforum.com/course/DRAM/3559/All","logger":"task.stdout"}
{"timestamp":"2026-02-11T05:56:45.169285Z","level":"info","event":"Fetching URL: https://thecourseforum.com/course/DRAM/3652/All","logger":"task.stdout"}
{"timestamp":"2026-02-11T05:56:45.170944Z","level":"info","event":"Fetching URL: https://thecourseforum.com/course/DRAM/3654/All","logger":"task.stdout"}
{"timestamp":"2026-02-11T05:56:45.172773Z","level":"info","event":"Fetching URL: https://thecourseforum.com/course/DRAM/3730/All","logger":"task.stdout"}
{"timestamp":"2026-02-11T05:56:45.174811Z","level":"info","event":"Fetching URL: https://thecourseforum.com/course/DRAM/3820/All","logger":"task.stdout"}
{"timestamp":"2026-02-11T05:56:45.176767Z","level":"info","event":"Fetching URL: https://thecourseforum.com/course/DRAM/4040/All","logger":"task.stdout"}
{"timestamp":"2026-02-11T05:56:45.178112Z","level":"info","event":"Fetching URL: https://thecourseforum.com/course/DRAM/4384/All","logger":"task.stdout"}
{"timestamp":"2026-02-11T05:56:45.179778Z","level":"info","event":"Fetching URL: https://thecourseforum.com/course/DRAM/4593/All","logger":"task.stdout"}
{"timestamp":"2026-02-11T05:56:45.181910Z","level":"info","event":"Fetching URL: https://thecourseforum.com/course/DRAM/4599/All","logger":"task.stdout"}
{"timestamp":"2026-02-11T05:56:45.184831Z","level":"info","event":"Fetching URL: https://thecourseforum.com/course/DRAM/4730/All","logger":"task.stdout"}
{"timestamp":"2026-02-11T05:56:45.186304Z","level":"info","event":"Fetching URL: https://thecourseforum.com/course/DRAM/4993/All","logger":"task.stdout"}
{"timestamp":"2026-02-11T05:56:45.187676Z","level":"info","event":"Fetching URL: https://thecourseforum.com/course/DRAM/1010/All","logger":"task.stdout"}
{"timestamp":"2026-02-11T05:56:45.190276Z","level":"info","event":"Fetching URL: https://thecourseforum.com/course/DRAM/1020/All","logger":"task.stdout"}
{"timestamp":"2026-02-11T05:56:45.191990Z","level":"info","event":"Fetching URL: https://thecourseforum.com/course/DRAM/1220/All","logger":"task.stdout"}
{"timestamp":"2026-02-11T05:56:45.194161Z","level":"info","event":"Fetching URL: https://thecourseforum.com/course/DRAM/2010/All","logger":"task.stdout"}
{"timestamp":"2026-02-11T05:56:45.196021Z","level":"info","event":"Fetching URL: https://thecourseforum.com/course/DRAM/2020/All","logger":"task.stdout"}
{"timestamp":"2026-02-11T05:56:45.198190Z","level":"info","event":"Fetching URL: https://thecourseforum.com/course/DRAM/2060/All","logger":"task.stdout"}
{"timestamp":"2026-02-11T05:56:45.201055Z","level":"info","event":"Fetching URL: https://thecourseforum.com/course/DRAM/2130/All","logger":"task.stdout"}
{"timestamp":"2026-02-11T05:56:45.202881Z","level":"info","event":"Fetching URL: https://thecourseforum.com/course/DRAM/2211/All","logger":"task.stdout"}
{"timestamp":"2026-02-11T05:56:45.204871Z","level":"info","event":"Fetching URL: https://thecourseforum.com/course/DRAM/2310/All","logger":"task.stdout"}
{"timestamp":"2026-02-11T05:56:45.207081Z","level":"info","event":"Fetching URL: https://thecourseforum.com/course/DRAM/2430/All","logger":"task.stdout"}
{"timestamp":"2026-02-11T05:56:45.209312Z","level":"info","event":"Fetching URL: https://thecourseforum.com/course/DRAM/2559/All","logger":"task.stdout"}
{"timestamp":"2026-02-11T05:56:45.211600Z","level":"info","event":"Fetching URL: https://thecourseforum.com/course/DRAM/2620/All","logger":"task.stdout"}
{"timestamp":"2026-02-11T05:56:45.213244Z","level":"info","event":"Fetching URL: https://thecourseforum.com/course/DRAM/3410/All","logger":"task.stdout"}
{"timestamp":"2026-02-11T05:56:45.215095Z","level":"info","event":"Fetching URL: https://thecourseforum.com/course/DS/1001/All","logger":"task.stdout"}
{"timestamp":"2026-02-11T05:56:45.216737Z","level":"info","event":"Fetching URL: https://thecourseforum.com/course/DS/1002/All","logger":"task.stdout"}
{"timestamp":"2026-02-11T05:56:45.218249Z","level":"info","event":"Fetching URL: https://thecourseforum.com/course/DS/2002/All","logger":"task.stdout"}
{"timestamp":"2026-02-11T05:56:45.219924Z","level":"info","event":"Fetching URL: https://thecourseforum.com/course/DS/2003/All","logger":"task.stdout"}
{"timestamp":"2026-02-11T05:56:45.220993Z","level":"info","event":"Fetching URL: https://thecourseforum.com/course/DS/2004/All","logger":"task.stdout"}
{"timestamp":"2026-02-11T05:56:45.222953Z","level":"info","event":"Fetching URL: https://thecourseforum.com/course/DS/2024/All","logger":"task.stdout"}
{"timestamp":"2026-02-11T05:56:45.224451Z","level":"info","event":"Fetching URL: https://thecourseforum.com/course/DS/3001/All","logger":"task.stdout"}
{"timestamp":"2026-02-11T05:56:45.225963Z","level":"info","event":"Fetching URL: https://thecourseforum.com/course/DS/3021/All","logger":"task.stdout"}
{"timestamp":"2026-02-11T05:56:45.227053Z","level":"info","event":"Fetching URL: https://thecourseforum.com/course/DS/3025/All","logger":"task.stdout"}
{"timestamp":"2026-02-11T05:56:45.229524Z","level":"info","event":"Fetching URL: https://thecourseforum.com/course/DS/3026/All","logger":"task.stdout"}
{"timestamp":"2026-02-11T05:56:45.230926Z","level":"info","event":"Fetching URL: https://thecourseforum.com/course/DS/4002/All","logger":"task.stdout"}
{"timestamp":"2026-02-11T05:56:45.232088Z","level":"info","event":"Fetching URL: https://thecourseforum.com/course/DS/4023/All","logger":"task.stdout"}
{"timestamp":"2026-02-11T05:56:45.234155Z","level":"info","event":"Fetching URL: https://thecourseforum.com/course/DS/4024/All","logger":"task.stdout"}
{"timestamp":"2026-02-11T05:56:45.236121Z","level":"info","event":"Fetching URL: https://thecourseforum.com/course/DS/4125/All","logger":"task.stdout"}
{"timestamp":"2026-02-11T05:56:45.237528Z","level":"info","event":"Fetching URL: https://thecourseforum.com/course/DS/4320/All","logger":"task.stdout"}
{"timestamp":"2026-02-11T05:56:45.238849Z","level":"info","event":"Fetching URL: https://thecourseforum.com/course/DS/4993/All","logger":"task.stdout"}
{"timestamp":"2026-02-11T05:56:45.240157Z","level":"info","event":"Fetching URL: https://thecourseforum.com/course/ECE/3251/All","logger":"task.stdout"}
{"timestamp":"2026-02-11T05:56:45.241769Z","level":"info","event":"Fetching URL: https://thecourseforum.com/course/ECE/3430/All","logger":"task.stdout"}
{"timestamp":"2026-02-11T05:56:45.244441Z","level":"info","event":"Fetching URL: https://thecourseforum.com/course/ECE/3502/All","logger":"task.stdout"}
{"timestamp":"2026-02-11T05:56:45.246114Z","level":"info","event":"Fetching URL: https://thecourseforum.com/course/ECE/3780/All","logger":"task.stdout"}
{"timestamp":"2026-02-11T05:56:45.248456Z","level":"info","event":"Fetching URL: https://thecourseforum.com/course/ECE/4103/All","logger":"task.stdout"}
{"timestamp":"2026-02-11T05:56:45.249727Z","level":"info","event":"Fetching URL: https://thecourseforum.com/course/ECE/4130/All","logger":"task.stdout"}
{"timestamp":"2026-02-11T05:56:45.251972Z","level":"info","event":"Fetching URL: https://thecourseforum.com/course/ECE/4265/All","logger":"task.stdout"}
{"timestamp":"2026-02-11T05:56:45.253843Z","level":"info","event":"Fetching URL: https://thecourseforum.com/course/ECE/4332/All","logger":"task.stdout"}
{"timestamp":"2026-02-11T05:56:45.256232Z","level":"info","event":"Fetching URL: https://thecourseforum.com/course/ECE/4430/All","logger":"task.stdout"}
{"timestamp":"2026-02-11T05:56:45.258121Z","level":"info","event":"Fetching URL: https://thecourseforum.com/course/ECE/4435/All","logger":"task.stdout"}
{"timestamp":"2026-02-11T05:56:45.259977Z","level":"info","event":"Fetching URL: https://thecourseforum.com/course/ECE/4440/All","logger":"task.stdout"}
{"timestamp":"2026-02-11T05:56:45.261114Z","level":"info","event":"Fetching URL: https://thecourseforum.com/course/ECE/4457/All","logger":"task.stdout"}
{"timestamp":"2026-02-11T05:56:45.262984Z","level":"info","event":"Fetching URL: https://thecourseforum.com/course/ECE/4501/All","logger":"task.stdout"}
{"timestamp":"2026-02-11T05:56:45.264928Z","level":"info","event":"Fetching URL: https://thecourseforum.com/course/ECE/4502/All","logger":"task.stdout"}
{"timestamp":"2026-02-11T05:56:45.266992Z","level":"info","event":"Fetching URL: https://thecourseforum.com/course/ECE/4660/All","logger":"task.stdout"}
{"timestamp":"2026-02-11T05:56:45.270188Z","level":"info","event":"Fetching URL: https://thecourseforum.com/course/ECE/4784/All","logger":"task.stdout"}
{"timestamp":"2026-02-11T05:56:45.273314Z","level":"info","event":"Fetching URL: https://thecourseforum.com/course/ECE/4907/All","logger":"task.stdout"}
{"timestamp":"2026-02-11T05:56:45.275086Z","level":"info","event":"Fetching URL: https://thecourseforum.com/course/ECE/4908/All","logger":"task.stdout"}
{"timestamp":"2026-02-11T05:56:45.276982Z","level":"info","event":"Fetching URL: https://thecourseforum.com/course/ECE/4991/All","logger":"task.stdout"}
{"timestamp":"2026-02-11T05:56:45.278803Z","level":"info","event":"Fetching URL: https://thecourseforum.com/course/ECE/2200/All","logger":"task.stdout"}
{"timestamp":"2026-02-11T05:56:45.280278Z","level":"info","event":"Fetching URL: https://thecourseforum.com/course/ECE/2300/All","logger":"task.stdout"}
{"timestamp":"2026-02-11T05:56:45.281830Z","level":"info","event":"Fetching URL: https://thecourseforum.com/course/ECE/2330/All","logger":"task.stdout"}
{"timestamp":"2026-02-11T05:56:45.283445Z","level":"info","event":"Fetching URL: https://thecourseforum.com/course/ECE/2410/All","logger":"task.stdout"}
{"timestamp":"2026-02-11T05:56:45.285171Z","level":"info","event":"Fetching URL: https://thecourseforum.com/course/ECE/2501/All","logger":"task.stdout"}
{"timestamp":"2026-02-11T05:56:45.288179Z","level":"info","event":"Fetching URL: https://thecourseforum.com/course/ECE/2502/All","logger":"task.stdout"}
{"timestamp":"2026-02-11T05:56:45.289530Z","level":"info","event":"Fetching URL: https://thecourseforum.com/course/ECE/2600/All","logger":"task.stdout"}
{"timestamp":"2026-02-11T05:56:45.290865Z","level":"info","event":"Fetching URL: https://thecourseforum.com/course/ECE/2700/All","logger":"task.stdout"}
{"timestamp":"2026-02-11T05:56:45.292876Z","level":"info","event":"Fetching URL: https://thecourseforum.com/course/ECE/3103/All","logger":"task.stdout"}
{"timestamp":"2026-02-11T05:56:45.293973Z","level":"info","event":"Fetching URL: https://thecourseforum.com/course/ECE/3250/All","logger":"task.stdout"}
{"timestamp":"2026-02-11T05:56:45.295228Z","level":"info","event":"Fetching URL: https://thecourseforum.com/course/ECON/1100/All","logger":"task.stdout"}
{"timestamp":"2026-02-11T05:56:45.296856Z","level":"info","event":"Fetching URL: https://thecourseforum.com/course/ECON/2020/All","logger":"task.stdout"}
{"timestamp":"2026-02-11T05:56:45.298101Z","level":"info","event":"Fetching URL: https://thecourseforum.com/course/ECON/3010/All","logger":"task.stdout"}
{"timestamp":"2026-02-11T05:56:45.300439Z","level":"info","event":"Fetching URL: https://thecourseforum.com/course/ECON/3020/All","logger":"task.stdout"}
{"timestamp":"2026-02-11T05:56:45.302081Z","level":"info","event":"Fetching URL: https://thecourseforum.com/course/ECON/3030/All","logger":"task.stdout"}
{"timestamp":"2026-02-11T05:56:45.304288Z","level":"info","event":"Fetching URL: https://thecourseforum.com/course/ECON/3600/All","logger":"task.stdout"}
{"timestamp":"2026-02-11T05:56:45.305845Z","level":"info","event":"Fetching URL: https://thecourseforum.com/course/ECON/3640/All","logger":"task.stdout"}
{"timestamp":"2026-02-11T05:56:45.307972Z","level":"info","event":"Fetching URL: https://thecourseforum.com/course/ECON/3650/All","logger":"task.stdout"}
{"timestamp":"2026-02-11T05:56:45.309902Z","level":"info","event":"Fetching URL: https://thecourseforum.com/course/ECON/3720/All","logger":"task.stdout"}
{"timestamp":"2026-02-11T05:56:45.312408Z","level":"info","event":"Fetching URL: https://thecourseforum.com/course/ECON/3820/All","logger":"task.stdout"}
{"timestamp":"2026-02-11T05:56:45.315274Z","level":"info","event":"Fetching URL: https://thecourseforum.com/course/ECON/4080/All","logger":"task.stdout"}
{"timestamp":"2026-02-11T05:56:45.316630Z","level":"info","event":"Fetching URL: https://thecourseforum.com/course/ECON/4110/All","logger":"task.stdout"}
{"timestamp":"2026-02-11T05:56:45.318245Z","level":"info","event":"Fetching URL: https://thecourseforum.com/course/ECON/4150/All","logger":"task.stdout"}
{"timestamp":"2026-02-11T05:56:45.319863Z","level":"info","event":"Fetching URL: https://thecourseforum.com/course/ECON/4170/All","logger":"task.stdout"}
{"timestamp":"2026-02-11T05:56:45.320906Z","level":"info","event":"Fetching URL: https://thecourseforum.com/course/ECON/4210/All","logger":"task.stdout"}
{"timestamp":"2026-02-11T05:56:45.323091Z","level":"info","event":"Fetching URL: https://thecourseforum.com/course/ECON/4220/All","logger":"task.stdout"}
{"timestamp":"2026-02-11T05:56:45.325024Z","level":"info","event":"Fetching URL: https://thecourseforum.com/course/ECON/4240/All","logger":"task.stdout"}
{"timestamp":"2026-02-11T05:56:45.326725Z","level":"info","event":"Fetching URL: https://thecourseforum.com/course/ECON/4350/All","logger":"task.stdout"}
{"timestamp":"2026-02-11T05:56:45.328070Z","level":"info","event":"Fetching URL: https://thecourseforum.com/course/ECON/4360/All","logger":"task.stdout"}
{"timestamp":"2026-02-11T05:56:45.330066Z","level":"info","event":"Fetching URL: https://thecourseforum.com/course/ECON/4370/All","logger":"task.stdout"}
{"timestamp":"2026-02-11T05:56:45.331150Z","level":"info","event":"Fetching URL: https://thecourseforum.com/course/ECON/4420/All","logger":"task.stdout"}
{"timestamp":"2026-02-11T05:56:45.332955Z","level":"info","event":"Fetching URL: https://thecourseforum.com/course/ECON/4430/All","logger":"task.stdout"}
{"timestamp":"2026-02-11T05:56:45.334789Z","level":"info","event":"Fetching URL: https://thecourseforum.com/course/ECON/4444/All","logger":"task.stdout"}
{"timestamp":"2026-02-11T05:56:45.336105Z","level":"info","event":"Fetching URL: https://thecourseforum.com/course/ECON/4720/All","logger":"task.stdout"}
{"timestamp":"2026-02-11T05:56:45.338460Z","level":"info","event":"Fetching URL: https://thecourseforum.com/course/ECON/4820/All","logger":"task.stdout"}
{"timestamp":"2026-02-11T05:56:45.340887Z","level":"info","event":"Fetching URL: https://thecourseforum.com/course/ECON/4880/All","logger":"task.stdout"}
{"timestamp":"2026-02-11T05:56:45.343092Z","level":"info","event":"Fetching URL: https://thecourseforum.com/course/ECON/2010/All","logger":"task.stdout"}
{"timestamp":"2026-02-11T05:56:45.346484Z","level":"info","event":"Fetching URL: https://thecourseforum.com/course/ECON/4993/All","logger":"task.stdout"}
{"timestamp":"2026-02-11T05:56:45.349151Z","level":"info","event":"Fetching URL: https://thecourseforum.com/course/ECON/4999/All","logger":"task.stdout"}
{"timestamp":"2026-02-11T05:56:45.351276Z","level":"info","event":"Fetching URL: https://thecourseforum.com/course/EDHS/2900/All","logger":"task.stdout"}
{"timestamp":"2026-02-11T05:56:45.353262Z","level":"info","event":"Fetching URL: https://thecourseforum.com/course/EDHS/3055/All","logger":"task.stdout"}
{"timestamp":"2026-02-11T05:56:45.355051Z","level":"info","event":"Fetching URL: https://thecourseforum.com/course/EDHS/3110/All","logger":"task.stdout"}
{"timestamp":"2026-02-11T05:56:45.356718Z","level":"info","event":"Fetching URL: https://thecourseforum.com/course/EDHS/3120/All","logger":"task.stdout"}
{"timestamp":"2026-02-11T05:56:45.358507Z","level":"info","event":"Fetching URL: https://thecourseforum.com/course/EDHS/3130/All","logger":"task.stdout"}
{"timestamp":"2026-02-11T05:56:45.361013Z","level":"info","event":"Fetching URL: https://thecourseforum.com/course/EDHS/3250/All","logger":"task.stdout"}
{"timestamp":"2026-02-11T05:56:45.362857Z","level":"info","event":"Fetching URL: https://thecourseforum.com/course/EDHS/3850/All","logger":"task.stdout"}
{"timestamp":"2026-02-11T05:56:45.364296Z","level":"info","event":"Fetching URL: https://thecourseforum.com/course/EDHS/3895/All","logger":"task.stdout"}
{"timestamp":"2026-02-11T05:56:45.366113Z","level":"info","event":"Fetching URL: https://thecourseforum.com/course/EDHS/3985/All","logger":"task.stdout"}
{"timestamp":"2026-02-11T05:56:45.369186Z","level":"info","event":"Fetching URL: https://thecourseforum.com/course/EDHS/4030/All","logger":"task.stdout"}
{"timestamp":"2026-02-11T05:56:45.371597Z","level":"info","event":"Fetching URL: https://thecourseforum.com/course/EDHS/4040/All","logger":"task.stdout"}
{"timestamp":"2026-02-11T05:56:45.373888Z","level":"info","event":"Fetching URL: https://thecourseforum.com/course/EDHS/4150/All","logger":"task.stdout"}
{"timestamp":"2026-02-11T05:56:45.376002Z","level":"info","event":"Fetching URL: https://thecourseforum.com/course/EDHS/4210/All","logger":"task.stdout"}
{"timestamp":"2026-02-11T05:56:45.378274Z","level":"info","event":"Fetching URL: https://thecourseforum.com/course/EDHS/4400/All","logger":"task.stdout"}
{"timestamp":"2026-02-11T05:56:45.380550Z","level":"info","event":"Fetching URL: https://thecourseforum.com/course/EDHS/4810/All","logger":"task.stdout"}
{"timestamp":"2026-02-11T05:56:45.383059Z","level":"info","event":"Fetching URL: https://thecourseforum.com/course/EDHS/4993/All","logger":"task.stdout"}
{"timestamp":"2026-02-11T05:56:45.384760Z","level":"info","event":"Fetching URL: https://thecourseforum.com/course/EDHS/4995/All","logger":"task.stdout"}
{"timestamp":"2026-02-11T05:56:45.386493Z","level":"info","event":"Fetching URL: https://thecourseforum.com/course/EDHS/1120/All","logger":"task.stdout"}
{"timestamp":"2026-02-11T05:56:45.387759Z","level":"info","event":"Fetching URL: https://thecourseforum.com/course/EDHS/2230/All","logger":"task.stdout"}
{"timestamp":"2026-02-11T05:56:45.388930Z","level":"info","event":"Fetching URL: https://thecourseforum.com/course/EDHS/2240/All","logger":"task.stdout"}
{"timestamp":"2026-02-11T05:56:45.391108Z","level":"info","event":"Fetching URL: https://thecourseforum.com/course/EDHS/2250/All","logger":"task.stdout"}
{"timestamp":"2026-02-11T05:56:45.392334Z","level":"info","event":"Fetching URL: https://thecourseforum.com/course/EDHS/2450/All","logger":"task.stdout"}
{"timestamp":"2026-02-11T05:56:45.395436Z","level":"info","event":"Fetching URL: https://thecourseforum.com/course/EDHS/2460/All","logger":"task.stdout"}
{"timestamp":"2026-02-11T05:56:45.397083Z","level":"info","event":"Fetching URL: https://thecourseforum.com/course/EDHS/2895/All","logger":"task.stdout"}
{"timestamp":"2026-02-11T05:56:45.399855Z","level":"info","event":"Fetching URL: https://thecourseforum.com/course/EDIS/4995/All","logger":"task.stdout"}
{"timestamp":"2026-02-11T05:56:45.401395Z","level":"info","event":"Fetching URL: https://thecourseforum.com/course/EDIS/2010/All","logger":"task.stdout"}
{"timestamp":"2026-02-11T05:56:45.402963Z","level":"info","event":"Fetching URL: https://thecourseforum.com/course/EDIS/2020/All","logger":"task.stdout"}
{"timestamp":"2026-02-11T05:56:45.405102Z","level":"info","event":"Fetching URL: https://thecourseforum.com/course/EDIS/2022/All","logger":"task.stdout"}
{"timestamp":"2026-02-11T05:56:45.406344Z","level":"info","event":"Fetching URL: https://thecourseforum.com/course/EDIS/2200/All","logger":"task.stdout"}
{"timestamp":"2026-02-11T05:56:45.407885Z","level":"info","event":"Fetching URL: https://thecourseforum.com/course/EDIS/2600/All","logger":"task.stdout"}
{"timestamp":"2026-02-11T05:56:45.410774Z","level":"info","event":"Fetching URL: https://thecourseforum.com/course/EDIS/2650/All","logger":"task.stdout"}
{"timestamp":"2026-02-11T05:56:45.413097Z","level":"info","event":"Fetching URL: https://thecourseforum.com/course/EDIS/2920/All","logger":"task.stdout"}
{"timestamp":"2026-02-11T05:56:45.415156Z","level":"info","event":"Fetching URL: https://thecourseforum.com/course/EDIS/3012/All","logger":"task.stdout"}
{"timestamp":"2026-02-11T05:56:45.416702Z","level":"info","event":"Fetching URL: https://thecourseforum.com/course/EDIS/3013/All","logger":"task.stdout"}
{"timestamp":"2026-02-11T05:56:45.417863Z","level":"info","event":"Fetching URL: https://thecourseforum.com/course/EDIS/3020/All","logger":"task.stdout"}
{"timestamp":"2026-02-11T05:56:45.418879Z","level":"info","event":"Fetching URL: https://thecourseforum.com/course/EDIS/3040/All","logger":"task.stdout"}
{"timestamp":"2026-02-11T05:56:45.420170Z","level":"info","event":"Fetching URL: https://thecourseforum.com/course/EDIS/3045/All","logger":"task.stdout"}
{"timestamp":"2026-02-11T05:56:45.422043Z","level":"info","event":"Fetching URL: https://thecourseforum.com/course/EDIS/3050/All","logger":"task.stdout"}
{"timestamp":"2026-02-11T05:56:45.423667Z","level":"info","event":"Fetching URL: https://thecourseforum.com/course/EDIS/3060/All","logger":"task.stdout"}
{"timestamp":"2026-02-11T05:56:45.424869Z","level":"info","event":"Fetching URL: https://thecourseforum.com/course/EDIS/3460/All","logger":"task.stdout"}
{"timestamp":"2026-02-11T05:56:45.426022Z","level":"info","event":"Fetching URL: https://thecourseforum.com/course/EDIS/3881/All","logger":"task.stdout"}
{"timestamp":"2026-02-11T05:56:45.428125Z","level":"info","event":"Fetching URL: https://thecourseforum.com/course/EDIS/4060/All","logger":"task.stdout"}
{"timestamp":"2026-02-11T05:56:45.431085Z","level":"info","event":"Fetching URL: https://thecourseforum.com/course/EDIS/4100/All","logger":"task.stdout"}
{"timestamp":"2026-02-11T05:56:45.432666Z","level":"info","event":"Fetching URL: https://thecourseforum.com/course/EDIS/4110/All","logger":"task.stdout"}
{"timestamp":"2026-02-11T05:56:45.433835Z","level":"info","event":"Fetching URL: https://thecourseforum.com/course/EDIS/4120/All","logger":"task.stdout"}
{"timestamp":"2026-02-11T05:56:45.435699Z","level":"info","event":"Fetching URL: https://thecourseforum.com/course/EDIS/4210/All","logger":"task.stdout"}
{"timestamp":"2026-02-11T05:56:45.437060Z","level":"info","event":"Fetching URL: https://thecourseforum.com/course/EDIS/4230/All","logger":"task.stdout"}
{"timestamp":"2026-02-11T05:56:45.438951Z","level":"info","event":"Fetching URL: https://thecourseforum.com/course/EDIS/4310/All","logger":"task.stdout"}
{"timestamp":"2026-02-11T05:56:45.441059Z","level":"info","event":"Fetching URL: https://thecourseforum.com/course/EDIS/4320/All","logger":"task.stdout"}
{"timestamp":"2026-02-11T05:56:45.442779Z","level":"info","event":"Fetching URL: https://thecourseforum.com/course/EDIS/4340/All","logger":"task.stdout"}
{"timestamp":"2026-02-11T05:56:45.445072Z","level":"info","event":"Fetching URL: https://thecourseforum.com/course/EDIS/4350/All","logger":"task.stdout"}
{"timestamp":"2026-02-11T05:56:45.447137Z","level":"info","event":"Fetching URL: https://thecourseforum.com/course/EDIS/4871/All","logger":"task.stdout"}
{"timestamp":"2026-02-11T05:56:45.448888Z","level":"info","event":"Fetching URL: https://thecourseforum.com/course/EDIS/4877/All","logger":"task.stdout"}
{"timestamp":"2026-02-11T05:56:45.451298Z","level":"info","event":"Fetching URL: https://thecourseforum.com/course/EDIS/4881/All","logger":"task.stdout"}
{"timestamp":"2026-02-11T05:56:45.454146Z","level":"info","event":"Fetching URL: https://thecourseforum.com/course/EDIS/4887/All","logger":"task.stdout"}
{"timestamp":"2026-02-11T05:56:45.456247Z","level":"info","event":"Fetching URL: https://thecourseforum.com/course/EDIS/4993/All","logger":"task.stdout"}
{"timestamp":"2026-02-11T05:56:45.458060Z","level":"info","event":"Fetching URL: https://thecourseforum.com/course/EDLF/2050/All","logger":"task.stdout"}
{"timestamp":"2026-02-11T05:56:45.459053Z","level":"info","event":"Fetching URL: https://thecourseforum.com/course/EDLF/2080/All","logger":"task.stdout"}
{"timestamp":"2026-02-11T05:56:45.460315Z","level":"info","event":"Fetching URL: https://thecourseforum.com/course/EDLF/3000/All","logger":"task.stdout"}
{"timestamp":"2026-02-11T05:56:45.462022Z","level":"info","event":"Fetching URL: https://thecourseforum.com/course/EDLF/3010/All","logger":"task.stdout"}
{"timestamp":"2026-02-11T05:56:45.464255Z","level":"info","event":"Fetching URL: https://thecourseforum.com/course/EDLF/3150/All","logger":"task.stdout"}
{"timestamp":"2026-02-11T05:56:45.465899Z","level":"info","event":"Fetching URL: https://thecourseforum.com/course/EDLF/3170/All","logger":"task.stdout"}
{"timestamp":"2026-02-11T05:56:45.467887Z","level":"info","event":"Fetching URL: https://thecourseforum.com/course/EDLF/3180/All","logger":"task.stdout"}
{"timestamp":"2026-02-11T05:56:45.469960Z","level":"info","event":"Fetching URL: https://thecourseforum.com/course/EDLF/3200/All","logger":"task.stdout"}
{"timestamp":"2026-02-11T05:56:45.471165Z","level":"info","event":"Fetching URL: https://thecourseforum.com/course/EDLF/3240/All","logger":"task.stdout"}
{"timestamp":"2026-02-11T05:56:45.473020Z","level":"info","event":"Fetching URL: https://thecourseforum.com/course/EDLF/3420/All","logger":"task.stdout"}
{"timestamp":"2026-02-11T05:56:45.474760Z","level":"info","event":"Fetching URL: https://thecourseforum.com/course/EDLF/3491/All","logger":"task.stdout"}
{"timestamp":"2026-02-11T05:56:45.477041Z","level":"info","event":"Fetching URL: https://thecourseforum.com/course/EDLF/3620/All","logger":"task.stdout"}
{"timestamp":"2026-02-11T05:56:45.478273Z","level":"info","event":"Fetching URL: https://thecourseforum.com/course/EDLF/3701/All","logger":"task.stdout"}
{"timestamp":"2026-02-11T05:56:45.479968Z","level":"info","event":"Fetching URL: https://thecourseforum.com/course/EDLF/3896/All","logger":"task.stdout"}
{"timestamp":"2026-02-11T05:56:45.481336Z","level":"info","event":"Fetching URL: https://thecourseforum.com/course/EDLF/4080/All","logger":"task.stdout"}
{"timestamp":"2026-02-11T05:56:45.483282Z","level":"info","event":"Fetching URL: https://thecourseforum.com/course/EDLF/4085/All","logger":"task.stdout"}
{"timestamp":"2026-02-11T05:56:45.485315Z","level":"info","event":"Fetching URL: https://thecourseforum.com/course/EDLF/4561/All","logger":"task.stdout"}
{"timestamp":"2026-02-11T05:56:45.487128Z","level":"info","event":"Fetching URL: https://thecourseforum.com/course/EDLF/4993/All","logger":"task.stdout"}
{"timestamp":"2026-02-11T05:56:45.489127Z","level":"info","event":"Fetching URL: https://thecourseforum.com/course/EDLF/4995/All","logger":"task.stdout"}
{"timestamp":"2026-02-11T05:56:45.490859Z","level":"info","event":"Fetching URL: https://thecourseforum.com/course/EDNC/3986/All","logger":"task.stdout"}
{"timestamp":"2026-02-11T05:56:45.492835Z","level":"info","event":"Fetching URL: https://thecourseforum.com/course/EGMT/1520/All","logger":"task.stdout"}
{"timestamp":"2026-02-11T05:56:45.495390Z","level":"info","event":"Fetching URL: https://thecourseforum.com/course/EGMT/1540/All","logger":"task.stdout"}
{"timestamp":"2026-02-11T05:56:45.497158Z","level":"info","event":"Fetching URL: https://thecourseforum.com/course/EGMT/2500/All","logger":"task.stdout"}
{"timestamp":"2026-02-11T05:56:45.498857Z","level":"info","event":"Fetching URL: https://thecourseforum.com/course/EGMT/1510/All","logger":"task.stdout"}
{"timestamp":"2026-02-11T05:56:45.500696Z","level":"info","event":"Fetching URL: https://thecourseforum.com/course/EGMT/1530/All","logger":"task.stdout"}
{"timestamp":"2026-02-11T05:56:45.502388Z","level":"info","event":"Fetching URL: https://thecourseforum.com/course/ENCW/2100/All","logger":"task.stdout"}
{"timestamp":"2026-02-11T05:56:45.505075Z","level":"info","event":"Fetching URL: https://thecourseforum.com/course/ENCW/2300/All","logger":"task.stdout"}
{"timestamp":"2026-02-11T05:56:45.507222Z","level":"info","event":"Fetching URL: https://thecourseforum.com/course/ENCW/2559/All","logger":"task.stdout"}
{"timestamp":"2026-02-11T05:56:45.509302Z","level":"info","event":"Fetching URL: https://thecourseforum.com/course/ENCW/2600/All","logger":"task.stdout"}
{"timestamp":"2026-02-11T05:56:45.511278Z","level":"info","event":"Fetching URL: https://thecourseforum.com/course/ENCW/3310/All","logger":"task.stdout"}
{"timestamp":"2026-02-11T05:56:45.512997Z","level":"info","event":"Fetching URL: https://thecourseforum.com/course/ENCW/3500/All","logger":"task.stdout"}
{"timestamp":"2026-02-11T05:56:45.514775Z","level":"info","event":"Fetching URL: https://thecourseforum.com/course/ENCW/3610/All","logger":"task.stdout"}
{"timestamp":"2026-02-11T05:56:45.516051Z","level":"info","event":"Fetching URL: https://thecourseforum.com/course/ENCW/4350/All","logger":"task.stdout"}
{"timestamp":"2026-02-11T05:56:45.517553Z","level":"info","event":"Fetching URL: https://thecourseforum.com/course/ENCW/4550/All","logger":"task.stdout"}
{"timestamp":"2026-02-11T05:56:45.519056Z","level":"info","event":"Fetching URL: https://thecourseforum.com/course/ENCW/4720/All","logger":"task.stdout"}
{"timestamp":"2026-02-11T05:56:45.521200Z","level":"info","event":"Fetching URL: https://thecourseforum.com/course/ENCW/4820/All","logger":"task.stdout"}
{"timestamp":"2026-02-11T05:56:45.523228Z","level":"info","event":"Fetching URL: https://thecourseforum.com/course/ENCW/4830/All","logger":"task.stdout"}
{"timestamp":"2026-02-11T05:56:45.525257Z","level":"info","event":"Fetching URL: https://thecourseforum.com/course/ENCW/4920/All","logger":"task.stdout"}
{"timestamp":"2026-02-11T05:56:45.527100Z","level":"info","event":"Fetching URL: https://thecourseforum.com/course/ENCW/4993/All","logger":"task.stdout"}
{"timestamp":"2026-02-11T05:56:45.533070Z","level":"info","event":"Fetching URL: https://thecourseforum.com/course/ENGL/3002/All","logger":"task.stdout"}
{"timestamp":"2026-02-11T05:56:45.535178Z","level":"info","event":"Fetching URL: https://thecourseforum.com/course/ENGL/3010/All","logger":"task.stdout"}
{"timestamp":"2026-02-11T05:56:45.537228Z","level":"info","event":"Fetching URL: https://thecourseforum.com/course/ENGL/3162/All","logger":"task.stdout"}
{"timestamp":"2026-02-11T05:56:45.538873Z","level":"info","event":"Fetching URL: https://thecourseforum.com/course/ENGL/3260/All","logger":"task.stdout"}
{"timestamp":"2026-02-11T05:56:45.541000Z","level":"info","event":"Fetching URL: https://thecourseforum.com/course/ENGL/3273/All","logger":"task.stdout"}
{"timestamp":"2026-02-11T05:56:45.542938Z","level":"info","event":"Fetching URL: https://thecourseforum.com/course/ENGL/3370/All","logger":"task.stdout"}
{"timestamp":"2026-02-11T05:56:45.544816Z","level":"info","event":"Fetching URL: https://thecourseforum.com/course/ENGL/3500/All","logger":"task.stdout"}
{"timestamp":"2026-02-11T05:56:45.547186Z","level":"info","event":"Fetching URL: https://thecourseforum.com/course/ENGL/3540/All","logger":"task.stdout"}
{"timestamp":"2026-02-11T05:56:45.548999Z","level":"info","event":"Fetching URL: https://thecourseforum.com/course/ENGL/3560/All","logger":"task.stdout"}
{"timestamp":"2026-02-11T05:56:45.550154Z","level":"info","event":"Fetching URL: https://thecourseforum.com/course/ENGL/3611/All","logger":"task.stdout"}
{"timestamp":"2026-02-11T05:56:45.551809Z","level":"info","event":"Fetching URL: https://thecourseforum.com/course/ENGL/3740/All","logger":"task.stdout"}
{"timestamp":"2026-02-11T05:56:45.554316Z","level":"info","event":"Fetching URL: https://thecourseforum.com/course/ENGL/3750/All","logger":"task.stdout"}
{"timestamp":"2026-02-11T05:56:45.557412Z","level":"info","event":"Fetching URL: https://thecourseforum.com/course/ENGL/3790/All","logger":"task.stdout"}
{"timestamp":"2026-02-11T05:56:45.559802Z","level":"info","event":"Fetching URL: https://thecourseforum.com/course/ENGL/3825/All","logger":"task.stdout"}
{"timestamp":"2026-02-11T05:56:45.561572Z","level":"info","event":"Fetching URL: https://thecourseforum.com/course/ENGL/3910/All","logger":"task.stdout"}
{"timestamp":"2026-02-11T05:56:45.563066Z","level":"info","event":"Fetching URL: https://thecourseforum.com/course/ENGL/3924/All","logger":"task.stdout"}
{"timestamp":"2026-02-11T05:56:45.564726Z","level":"info","event":"Fetching URL: https://thecourseforum.com/course/ENGL/4500/All","logger":"task.stdout"}
{"timestamp":"2026-02-11T05:56:45.567334Z","level":"info","event":"Fetching URL: https://thecourseforum.com/course/ENGL/4510/All","logger":"task.stdout"}
{"timestamp":"2026-02-11T05:56:45.569318Z","level":"info","event":"Fetching URL: https://thecourseforum.com/course/ENGL/4520/All","logger":"task.stdout"}
{"timestamp":"2026-02-11T05:56:45.571175Z","level":"info","event":"Fetching URL: https://thecourseforum.com/course/ENGL/4540/All","logger":"task.stdout"}
{"timestamp":"2026-02-11T05:56:45.572511Z","level":"info","event":"Fetching URL: https://thecourseforum.com/course/ENGL/4559/All","logger":"task.stdout"}
{"timestamp":"2026-02-11T05:56:45.575352Z","level":"info","event":"Fetching URL: https://thecourseforum.com/course/ENGL/4560/All","logger":"task.stdout"}
{"timestamp":"2026-02-11T05:56:45.577610Z","level":"info","event":"Fetching URL: https://thecourseforum.com/course/ENGL/4570/All","logger":"task.stdout"}
{"timestamp":"2026-02-11T05:56:45.580316Z","level":"info","event":"Fetching URL: https://thecourseforum.com/course/ENGL/4902/All","logger":"task.stdout"}
{"timestamp":"2026-02-11T05:56:45.582915Z","level":"info","event":"Fetching URL: https://thecourseforum.com/course/ENGL/4999/All","logger":"task.stdout"}
{"timestamp":"2026-02-11T05:56:45.585051Z","level":"info","event":"Fetching URL: https://thecourseforum.com/course/ENGL/2527/All","logger":"task.stdout"}
{"timestamp":"2026-02-11T05:56:45.587064Z","level":"info","event":"Fetching URL: https://thecourseforum.com/course/ENGL/1590/All","logger":"task.stdout"}
{"timestamp":"2026-02-11T05:56:45.588850Z","level":"info","event":"Fetching URL: https://thecourseforum.com/course/ENGL/2502/All","logger":"task.stdout"}
{"timestamp":"2026-02-11T05:56:45.590348Z","level":"info","event":"Fetching URL: https://thecourseforum.com/course/ENGL/2506/All","logger":"task.stdout"}
{"timestamp":"2026-02-11T05:56:45.591605Z","level":"info","event":"Fetching URL: https://thecourseforum.com/course/ENGL/2507/All","logger":"task.stdout"}
{"timestamp":"2026-02-11T05:56:45.593097Z","level":"info","event":"Fetching URL: https://thecourseforum.com/course/ENGL/2508/All","logger":"task.stdout"}
{"timestamp":"2026-02-11T05:56:45.595178Z","level":"info","event":"Fetching URL: https://thecourseforum.com/course/ENGL/2572/All","logger":"task.stdout"}
{"timestamp":"2026-02-11T05:56:45.596969Z","level":"info","event":"Fetching URL: https://thecourseforum.com/course/ENGL/2599/All","logger":"task.stdout"}
{"timestamp":"2026-02-11T05:56:45.598801Z","level":"info","event":"Fetching URL: https://thecourseforum.com/course/ENTP/1501/All","logger":"task.stdout"}
{"timestamp":"2026-02-11T05:56:45.600734Z","level":"info","event":"Fetching URL: https://thecourseforum.com/course/ENTP/1010/All","logger":"task.stdout"}
{"timestamp":"2026-02-11T05:56:45.602223Z","level":"info","event":"Fetching URL: https://thecourseforum.com/course/ENWR/1506/All","logger":"task.stdout"}
{"timestamp":"2026-02-11T05:56:45.604197Z","level":"info","event":"Fetching URL: https://thecourseforum.com/course/ENWR/1520/All","logger":"task.stdout"}
{"timestamp":"2026-02-11T05:56:45.605946Z","level":"info","event":"Fetching URL: https://thecourseforum.com/course/ENWR/2510/All","logger":"task.stdout"}
{"timestamp":"2026-02-11T05:56:45.607892Z","level":"info","event":"Fetching URL: https://thecourseforum.com/course/ENWR/2520/All","logger":"task.stdout"}
{"timestamp":"2026-02-11T05:56:45.609195Z","level":"info","event":"Fetching URL: https://thecourseforum.com/course/ENWR/2700/All","logger":"task.stdout"}
{"timestamp":"2026-02-11T05:56:45.610534Z","level":"info","event":"Fetching URL: https://thecourseforum.com/course/ENWR/2800/All","logger":"task.stdout"}
{"timestamp":"2026-02-11T05:56:45.613340Z","level":"info","event":"Fetching URL: https://thecourseforum.com/course/ENWR/3500/All","logger":"task.stdout"}
{"timestamp":"2026-02-11T05:56:45.614345Z","level":"info","event":"Fetching URL: https://thecourseforum.com/course/ENWR/3550/All","logger":"task.stdout"}
{"timestamp":"2026-02-11T05:56:45.616367Z","level":"info","event":"Fetching URL: https://thecourseforum.com/course/ENWR/3559/All","logger":"task.stdout"}
{"timestamp":"2026-02-11T05:56:45.618137Z","level":"info","event":"Fetching URL: https://thecourseforum.com/course/ENWR/3640/All","logger":"task.stdout"}
{"timestamp":"2026-02-11T05:56:45.621243Z","level":"info","event":"Fetching URL: https://thecourseforum.com/course/ENWR/3660/All","logger":"task.stdout"}
{"timestamp":"2026-02-11T05:56:45.623481Z","level":"info","event":"Fetching URL: https://thecourseforum.com/course/ENWR/3760/All","logger":"task.stdout"}
{"timestamp":"2026-02-11T05:56:45.625398Z","level":"info","event":"Fetching URL: https://thecourseforum.com/course/ENWR/3900/All","logger":"task.stdout"}
{"timestamp":"2026-02-11T05:56:45.627210Z","level":"info","event":"Fetching URL: https://thecourseforum.com/course/ENWR/1510/All","logger":"task.stdout"}
{"timestamp":"2026-02-11T05:56:45.628745Z","level":"info","event":"Fetching URL: https://thecourseforum.com/course/ETP/2030/All","logger":"task.stdout"}
{"timestamp":"2026-02-11T05:56:45.630557Z","level":"info","event":"Fetching URL: https://thecourseforum.com/course/ETP/3500/All","logger":"task.stdout"}
{"timestamp":"2026-02-11T05:56:45.632075Z","level":"info","event":"Fetching URL: https://thecourseforum.com/course/ETP/4010/All","logger":"task.stdout"}
{"timestamp":"2026-02-11T05:56:45.633531Z","level":"info","event":"Fetching URL: https://thecourseforum.com/course/ETP/4995/All","logger":"task.stdout"}
{"timestamp":"2026-02-11T05:56:45.636192Z","level":"info","event":"Fetching URL: https://thecourseforum.com/course/EVSC/1010/All","logger":"task.stdout"}
{"timestamp":"2026-02-11T05:56:45.638322Z","level":"info","event":"Fetching URL: https://thecourseforum.com/course/EVSC/1300/All","logger":"task.stdout"}
{"timestamp":"2026-02-11T05:56:45.640793Z","level":"info","event":"Fetching URL: https://thecourseforum.com/course/EVSC/2220/All","logger":"task.stdout"}
{"timestamp":"2026-02-11T05:56:45.642288Z","level":"info","event":"Fetching URL: https://thecourseforum.com/course/EVSC/2800/All","logger":"task.stdout"}
{"timestamp":"2026-02-11T05:56:45.643913Z","level":"info","event":"Fetching URL: https://thecourseforum.com/course/EVSC/2801/All","logger":"task.stdout"}
{"timestamp":"2026-02-11T05:56:45.645442Z","level":"info","event":"Fetching URL: https://thecourseforum.com/course/EVSC/3020/All","logger":"task.stdout"}
{"timestamp":"2026-02-11T05:56:45.647037Z","level":"info","event":"Fetching URL: https://thecourseforum.com/course/EVSC/4995/All","logger":"task.stdout"}
{"timestamp":"2026-02-11T05:56:45.648367Z","level":"info","event":"Fetching URL: https://thecourseforum.com/course/EVSC/4999/All","logger":"task.stdout"}
{"timestamp":"2026-02-11T05:56:45.649626Z","level":"info","event":"Fetching URL: https://thecourseforum.com/course/EVSC/3200/All","logger":"task.stdout"}
{"timestamp":"2026-02-11T05:56:45.651290Z","level":"info","event":"Fetching URL: https://thecourseforum.com/course/EVSC/3201/All","logger":"task.stdout"}
{"timestamp":"2026-02-11T05:56:45.652857Z","level":"info","event":"Fetching URL: https://thecourseforum.com/course/EVSC/3300/All","logger":"task.stdout"}
{"timestamp":"2026-02-11T05:56:45.654250Z","level":"info","event":"Fetching URL: https://thecourseforum.com/course/EVSC/3301/All","logger":"task.stdout"}
{"timestamp":"2026-02-11T05:56:45.656069Z","level":"info","event":"Fetching URL: https://thecourseforum.com/course/EVSC/3559/All","logger":"task.stdout"}
{"timestamp":"2026-02-11T05:56:45.658189Z","level":"info","event":"Fetching URL: https://thecourseforum.com/course/EVSC/3600/All","logger":"task.stdout"}
{"timestamp":"2026-02-11T05:56:45.660296Z","level":"info","event":"Fetching URL: https://thecourseforum.com/course/EVSC/3601/All","logger":"task.stdout"}
{"timestamp":"2026-02-11T05:56:45.661828Z","level":"info","event":"Fetching URL: https://thecourseforum.com/course/EVSC/4002/All","logger":"task.stdout"}
{"timestamp":"2026-02-11T05:56:45.663116Z","level":"info","event":"Fetching URL: https://thecourseforum.com/course/EVSC/4020/All","logger":"task.stdout"}
{"timestamp":"2026-02-11T05:56:45.665389Z","level":"info","event":"Fetching URL: https://thecourseforum.com/course/EVSC/4070/All","logger":"task.stdout"}
{"timestamp":"2026-02-11T05:56:45.667920Z","level":"info","event":"Fetching URL: https://thecourseforum.com/course/EVSC/4140/All","logger":"task.stdout"}
{"timestamp":"2026-02-11T05:56:45.670085Z","level":"info","event":"Fetching URL: https://thecourseforum.com/course/EVSC/4370/All","logger":"task.stdout"}
{"timestamp":"2026-02-11T05:56:45.672043Z","level":"info","event":"Fetching URL: https://thecourseforum.com/course/EVSC/4542/All","logger":"task.stdout"}
{"timestamp":"2026-02-11T05:56:45.673763Z","level":"info","event":"Fetching URL: https://thecourseforum.com/course/EVSC/4559/All","logger":"task.stdout"}
{"timestamp":"2026-02-11T05:56:45.677312Z","level":"info","event":"Fetching URL: https://thecourseforum.com/course/EVSC/4630/All","logger":"task.stdout"}
{"timestamp":"2026-02-11T05:56:45.679959Z","level":"info","event":"Fetching URL: https://thecourseforum.com/course/EVSC/4640/All","logger":"task.stdout"}
{"timestamp":"2026-02-11T05:56:45.682238Z","level":"info","event":"Fetching URL: https://thecourseforum.com/course/EVSC/4710/All","logger":"task.stdout"}
{"timestamp":"2026-02-11T05:56:45.684767Z","level":"info","event":"Fetching URL: https://thecourseforum.com/course/EVSC/4890/All","logger":"task.stdout"}
{"timestamp":"2026-02-11T05:56:45.686462Z","level":"info","event":"Fetching URL: https://thecourseforum.com/course/EVSC/4891/All","logger":"task.stdout"}
{"timestamp":"2026-02-11T05:56:45.688537Z","level":"info","event":"Fetching URL: https://thecourseforum.com/course/EVSC/4991/All","logger":"task.stdout"}
{"timestamp":"2026-02-11T05:56:45.690071Z","level":"info","event":"Fetching URL: https://thecourseforum.com/course/EVSC/4993/All","logger":"task.stdout"}
{"timestamp":"2026-02-11T05:56:45.691278Z","level":"info","event":"Fetching URL: https://thecourseforum.com/course/EVSC/4080/All","logger":"task.stdout"}
{"timestamp":"2026-02-11T05:56:45.693293Z","level":"info","event":"Fetching URL: https://thecourseforum.com/course/FREN/1000/All","logger":"task.stdout"}
{"timestamp":"2026-02-11T05:56:45.696148Z","level":"info","event":"Fetching URL: https://thecourseforum.com/course/FREN/1010/All","logger":"task.stdout"}
{"timestamp":"2026-02-11T05:56:45.698266Z","level":"info","event":"Fetching URL: https://thecourseforum.com/course/FREN/1020/All","logger":"task.stdout"}
{"timestamp":"2026-02-11T05:56:45.700059Z","level":"info","event":"Fetching URL: https://thecourseforum.com/course/FREN/1050/All","logger":"task.stdout"}
{"timestamp":"2026-02-11T05:56:45.701691Z","level":"info","event":"Fetching URL: https://thecourseforum.com/course/FREN/2010/All","logger":"task.stdout"}
{"timestamp":"2026-02-11T05:56:45.703237Z","level":"info","event":"Fetching URL: https://thecourseforum.com/course/FREN/3030/All","logger":"task.stdout"}
{"timestamp":"2026-02-11T05:56:45.704898Z","level":"info","event":"Fetching URL: https://thecourseforum.com/course/FREN/2020/All","logger":"task.stdout"}
{"timestamp":"2026-02-11T05:56:45.706236Z","level":"info","event":"Fetching URL: https://thecourseforum.com/course/FREN/3029/All","logger":"task.stdout"}
{"timestamp":"2026-02-11T05:56:45.709230Z","level":"info","event":"Fetching URL: https://thecourseforum.com/course/FREN/3031/All","logger":"task.stdout"}
{"timestamp":"2026-02-11T05:56:45.710971Z","level":"info","event":"Fetching URL: https://thecourseforum.com/course/FREN/3036/All","logger":"task.stdout"}
{"timestamp":"2026-02-11T05:56:45.712524Z","level":"info","event":"Fetching URL: https://thecourseforum.com/course/FREN/3040/All","logger":"task.stdout"}
{"timestamp":"2026-02-11T05:56:45.714091Z","level":"info","event":"Fetching URL: https://thecourseforum.com/course/FREN/3043/All","logger":"task.stdout"}
{"timestamp":"2026-02-11T05:56:45.715702Z","level":"info","event":"Fetching URL: https://thecourseforum.com/course/FREN/3061/All","logger":"task.stdout"}
{"timestamp":"2026-02-11T05:56:45.716874Z","level":"info","event":"Fetching URL: https://thecourseforum.com/course/FREN/3882/All","logger":"task.stdout"}
{"timestamp":"2026-02-11T05:56:45.718145Z","level":"info","event":"Fetching URL: https://thecourseforum.com/course/FREN/4064/All","logger":"task.stdout"}
{"timestamp":"2026-02-11T05:56:45.719292Z","level":"info","event":"Fetching URL: https://thecourseforum.com/course/FREN/4123/All","logger":"task.stdout"}
{"timestamp":"2026-02-11T05:56:45.720992Z","level":"info","event":"Fetching URL: https://thecourseforum.com/course/FREN/4744/All","logger":"task.stdout"}
{"timestamp":"2026-02-11T05:56:45.722090Z","level":"info","event":"Fetching URL: https://thecourseforum.com/course/FREN/4838/All","logger":"task.stdout"}
{"timestamp":"2026-02-11T05:56:45.723924Z","level":"info","event":"Fetching URL: https://thecourseforum.com/course/FREN/4999/All","logger":"task.stdout"}
{"timestamp":"2026-02-11T05:56:45.725444Z","level":"info","event":"Fetching URL: https://thecourseforum.com/course/GREE/4999/All","logger":"task.stdout"}
{"timestamp":"2026-02-11T05:56:45.726717Z","level":"info","event":"Fetching URL: https://thecourseforum.com/course/GREE/1020/All","logger":"task.stdout"}
{"timestamp":"2026-02-11T05:56:45.728014Z","level":"info","event":"Fetching URL: https://thecourseforum.com/course/GREE/2240/All","logger":"task.stdout"}
{"timestamp":"2026-02-11T05:56:45.729432Z","level":"info","event":"Fetching URL: https://thecourseforum.com/course/GREE/3040/All","logger":"task.stdout"}
{"timestamp":"2026-02-11T05:56:45.731113Z","level":"info","event":"Fetching URL: https://thecourseforum.com/course/GSGS/2000/All","logger":"task.stdout"}
{"timestamp":"2026-02-11T05:56:45.732342Z","level":"info","event":"Fetching URL: https://thecourseforum.com/course/GSGS/3330/All","logger":"task.stdout"}
{"timestamp":"2026-02-11T05:56:45.734061Z","level":"info","event":"Fetching URL: https://thecourseforum.com/course/GSGS/3550/All","logger":"task.stdout"}
{"timestamp":"2026-02-11T05:56:45.735943Z","level":"info","event":"Fetching URL: https://thecourseforum.com/course/GSGS/3559/All","logger":"task.stdout"}
{"timestamp":"2026-02-11T05:56:45.737913Z","level":"info","event":"Fetching URL: https://thecourseforum.com/course/GSGS/4200/All","logger":"task.stdout"}
{"timestamp":"2026-02-11T05:56:45.739102Z","level":"info","event":"Fetching URL: https://thecourseforum.com/course/GSGS/4510/All","logger":"task.stdout"}
{"timestamp":"2026-02-11T05:56:45.741504Z","level":"info","event":"Fetching URL: https://thecourseforum.com/course/GSGS/4520/All","logger":"task.stdout"}
{"timestamp":"2026-02-11T05:56:45.743752Z","level":"info","event":"Fetching URL: https://thecourseforum.com/course/GSGS/4550/All","logger":"task.stdout"}
{"timestamp":"2026-02-11T05:56:45.745356Z","level":"info","event":"Fetching URL: https://thecourseforum.com/course/GSGS/4610/All","logger":"task.stdout"}
{"timestamp":"2026-02-11T05:56:45.746935Z","level":"info","event":"Fetching URL: https://thecourseforum.com/course/GSGS/4993/All","logger":"task.stdout"}
{"timestamp":"2026-02-11T05:56:45.748275Z","level":"info","event":"Fetching URL: https://thecourseforum.com/course/GSSJ/4991/All","logger":"task.stdout"}
{"timestamp":"2026-02-11T05:56:45.749800Z","level":"info","event":"Fetching URL: https://thecourseforum.com/course/GSSJ/4993/All","logger":"task.stdout"}
{"timestamp":"2026-02-11T05:56:45.751160Z","level":"info","event":"Fetching URL: https://thecourseforum.com/course/GSVS/2050/All","logger":"task.stdout"}
{"timestamp":"2026-02-11T05:56:45.752743Z","level":"info","event":"Fetching URL: https://thecourseforum.com/course/GSVS/3150/All","logger":"task.stdout"}
{"timestamp":"2026-02-11T05:56:45.754780Z","level":"info","event":"Fetching URL: https://thecourseforum.com/course/GSVS/4991/All","logger":"task.stdout"}
{"timestamp":"2026-02-11T05:56:45.756044Z","level":"info","event":"Fetching URL: https://thecourseforum.com/course/GSVS/4993/All","logger":"task.stdout"}
{"timestamp":"2026-02-11T05:56:45.757803Z","level":"info","event":"Fetching URL: https://thecourseforum.com/course/HBIO/4820/All","logger":"task.stdout"}
{"timestamp":"2026-02-11T05:56:45.759842Z","level":"info","event":"Fetching URL: https://thecourseforum.com/course/HBIO/4960/All","logger":"task.stdout"}
{"timestamp":"2026-02-11T05:56:45.762046Z","level":"info","event":"Fetching URL: https://thecourseforum.com/course/HBIO/4999/All","logger":"task.stdout"}
{"timestamp":"2026-02-11T05:56:45.763006Z","level":"info","event":"Fetching URL: https://thecourseforum.com/course/HEBR/1020/All","logger":"task.stdout"}
{"timestamp":"2026-02-11T05:56:45.764322Z","level":"info","event":"Fetching URL: https://thecourseforum.com/course/HEBR/2020/All","logger":"task.stdout"}
{"timestamp":"2026-02-11T05:56:45.765675Z","level":"info","event":"Fetching URL: https://thecourseforum.com/course/HEBR/2420/All","logger":"task.stdout"}
{"timestamp":"2026-02-11T05:56:45.767924Z","level":"info","event":"Fetching URL: https://thecourseforum.com/course/HEBR/4993/All","logger":"task.stdout"}
{"timestamp":"2026-02-11T05:56:45.769824Z","level":"info","event":"Fetching URL: https://thecourseforum.com/course/HIAF/1559/All","logger":"task.stdout"}
{"timestamp":"2026-02-11T05:56:45.771188Z","level":"info","event":"Fetching URL: https://thecourseforum.com/course/HIAF/3051/All","logger":"task.stdout"}
{"timestamp":"2026-02-11T05:56:45.773124Z","level":"info","event":"Fetching URL: https://thecourseforum.com/course/HIAF/4260/All","logger":"task.stdout"}
{"timestamp":"2026-02-11T05:56:45.775370Z","level":"info","event":"Fetching URL: https://thecourseforum.com/course/HISA/1501/All","logger":"task.stdout"}
{"timestamp":"2026-02-11T05:56:45.777028Z","level":"info","event":"Fetching URL: https://thecourseforum.com/course/HISA/3003/All","logger":"task.stdout"}
{"timestamp":"2026-02-11T05:56:45.778554Z","level":"info","event":"Fetching URL: https://thecourseforum.com/course/HIST/1501/All","logger":"task.stdout"}
{"timestamp":"2026-02-11T05:56:45.779651Z","level":"info","event":"Fetching URL: https://thecourseforum.com/course/HIST/2014/All","logger":"task.stdout"}
{"timestamp":"2026-02-11T05:56:45.782945Z","level":"info","event":"Fetching URL: https://thecourseforum.com/course/HIST/2213/All","logger":"task.stdout"}
{"timestamp":"2026-02-11T05:56:45.787027Z","level":"info","event":"Fetching URL: https://thecourseforum.com/course/HIST/2214/All","logger":"task.stdout"}
{"timestamp":"2026-02-11T05:56:45.788822Z","level":"info","event":"Fetching URL: https://thecourseforum.com/course/HIST/2354/All","logger":"task.stdout"}
{"timestamp":"2026-02-11T05:56:45.791028Z","level":"info","event":"Fetching URL: https://thecourseforum.com/course/HIST/2559/All","logger":"task.stdout"}
{"timestamp":"2026-02-11T05:56:45.792781Z","level":"info","event":"Fetching URL: https://thecourseforum.com/course/HIST/3352/All","logger":"task.stdout"}
{"timestamp":"2026-02-11T05:56:45.795262Z","level":"info","event":"Fetching URL: https://thecourseforum.com/course/HIST/3501/All","logger":"task.stdout"}
{"timestamp":"2026-02-11T05:56:45.797143Z","level":"info","event":"Fetching URL: https://thecourseforum.com/course/HIST/3861/All","logger":"task.stdout"}
{"timestamp":"2026-02-11T05:56:45.799243Z","level":"info","event":"Fetching URL: https://thecourseforum.com/course/HIST/3910/All","logger":"task.stdout"}
{"timestamp":"2026-02-11T05:56:45.801279Z","level":"info","event":"Fetching URL: https://thecourseforum.com/course/HIST/4501/All","logger":"task.stdout"}
{"timestamp":"2026-02-11T05:56:45.803000Z","level":"info","event":"Fetching URL: https://thecourseforum.com/course/HIST/4991/All","logger":"task.stdout"}
{"timestamp":"2026-02-11T05:56:45.804824Z","level":"info","event":"Fetching URL: https://thecourseforum.com/course/HIST/4993/All","logger":"task.stdout"}
{"timestamp":"2026-02-11T05:56:45.806355Z","level":"info","event":"Fetching URL: https://thecourseforum.com/course/HIUS/1501/All","logger":"task.stdout"}
{"timestamp":"2026-02-11T05:56:45.807958Z","level":"info","event":"Fetching URL: https://thecourseforum.com/course/HIUS/2001/All","logger":"task.stdout"}
{"timestamp":"2026-02-11T05:56:45.809279Z","level":"info","event":"Fetching URL: https://thecourseforum.com/course/HIUS/2002/All","logger":"task.stdout"}
{"timestamp":"2026-02-11T05:56:45.811170Z","level":"info","event":"Fetching URL: https://thecourseforum.com/course/HIUS/2051/All","logger":"task.stdout"}
{"timestamp":"2026-02-11T05:56:45.813084Z","level":"info","event":"Fetching URL: https://thecourseforum.com/course/HIUS/2053/All","logger":"task.stdout"}
{"timestamp":"2026-02-11T05:56:45.814152Z","level":"info","event":"Fetching URL: https://thecourseforum.com/course/HIUS/2168/All","logger":"task.stdout"}
{"timestamp":"2026-02-11T05:56:45.815271Z","level":"info","event":"Fetching URL: https://thecourseforum.com/course/HIUS/2559/All","logger":"task.stdout"}
{"timestamp":"2026-02-11T05:56:45.816954Z","level":"info","event":"Fetching URL: https://thecourseforum.com/course/HIUS/3011/All","logger":"task.stdout"}
{"timestamp":"2026-02-11T05:56:45.818371Z","level":"info","event":"Fetching URL: https://thecourseforum.com/course/HIUS/3051/All","logger":"task.stdout"}
{"timestamp":"2026-02-11T05:56:45.820066Z","level":"info","event":"Fetching URL: https://thecourseforum.com/course/HIUS/3131/All","logger":"task.stdout"}
{"timestamp":"2026-02-11T05:56:45.821617Z","level":"info","event":"Fetching URL: https://thecourseforum.com/course/HIUS/3411/All","logger":"task.stdout"}
{"timestamp":"2026-02-11T05:56:45.823331Z","level":"info","event":"Fetching URL: https://thecourseforum.com/course/HIUS/3501/All","logger":"task.stdout"}
{"timestamp":"2026-02-11T05:56:45.826083Z","level":"info","event":"Fetching URL: https://thecourseforum.com/course/HIUS/3612/All","logger":"task.stdout"}
{"timestamp":"2026-02-11T05:56:45.828191Z","level":"info","event":"Fetching URL: https://thecourseforum.com/course/HIUS/3620/All","logger":"task.stdout"}
{"timestamp":"2026-02-11T05:56:45.829988Z","level":"info","event":"Fetching URL: https://thecourseforum.com/course/HIUS/4501/All","logger":"task.stdout"}
{"timestamp":"2026-02-11T05:56:45.831521Z","level":"info","event":"Fetching URL: https://thecourseforum.com/course/ISLS/3000/All","logger":"task.stdout"}
{"timestamp":"2026-02-11T05:56:45.832997Z","level":"info","event":"Fetching URL: https://thecourseforum.com/course/ISLS/3010/All","logger":"task.stdout"}
{"timestamp":"2026-02-11T05:56:45.834836Z","level":"info","event":"Fetching URL: https://thecourseforum.com/course/ISLS/3780/All","logger":"task.stdout"}
{"timestamp":"2026-02-11T05:56:45.836964Z","level":"info","event":"Fetching URL: https://thecourseforum.com/course/ISSS/3015/All","logger":"task.stdout"}
{"timestamp":"2026-02-11T05:56:45.839285Z","level":"info","event":"Fetching URL: https://thecourseforum.com/course/ISSS/3070/All","logger":"task.stdout"}
{"timestamp":"2026-02-11T05:56:45.841729Z","level":"info","event":"Fetching URL: https://thecourseforum.com/course/ISSS/3190/All","logger":"task.stdout"}
{"timestamp":"2026-02-11T05:56:45.842841Z","level":"info","event":"Fetching URL: https://thecourseforum.com/course/ISSS/3270/All","logger":"task.stdout"}
{"timestamp":"2026-02-11T05:56:45.844428Z","level":"info","event":"Fetching URL: https://thecourseforum.com/course/ISSS/3416/All","logger":"task.stdout"}
{"timestamp":"2026-02-11T05:56:45.848334Z","level":"info","event":"Fetching URL: https://thecourseforum.com/course/ISSS/3501/All","logger":"task.stdout"}
{"timestamp":"2026-02-11T05:56:45.850886Z","level":"info","event":"Fetching URL: https://thecourseforum.com/course/ISSS/3760/All","logger":"task.stdout"}
{"timestamp":"2026-02-11T05:56:45.852203Z","level":"info","event":"Fetching URL: https://thecourseforum.com/course/ISSS/3888/All","logger":"task.stdout"}
{"timestamp":"2026-02-11T05:56:45.854287Z","level":"info","event":"Fetching URL: https://thecourseforum.com/course/ISSS/4063/All","logger":"task.stdout"}
{"timestamp":"2026-02-11T05:56:45.855836Z","level":"info","event":"Fetching URL: https://thecourseforum.com/course/ISSS/4064/All","logger":"task.stdout"}
{"timestamp":"2026-02-11T05:56:45.857279Z","level":"info","event":"Fetching URL: https://thecourseforum.com/course/ISSS/4314/All","logger":"task.stdout"}
{"timestamp":"2026-02-11T05:56:45.859105Z","level":"info","event":"Fetching URL: https://thecourseforum.com/course/IT/3000/All","logger":"task.stdout"}
{"timestamp":"2026-02-11T05:56:45.861295Z","level":"info","event":"Fetching URL: https://thecourseforum.com/course/IT/3100/All","logger":"task.stdout"}
{"timestamp":"2026-02-11T05:56:45.863226Z","level":"info","event":"Fetching URL: https://thecourseforum.com/course/IT/3120/All","logger":"task.stdout"}
{"timestamp":"2026-02-11T05:56:45.865023Z","level":"info","event":"Fetching URL: https://thecourseforum.com/course/IT/3220/All","logger":"task.stdout"}
{"timestamp":"2026-02-11T05:56:45.867224Z","level":"info","event":"Fetching URL: https://thecourseforum.com/course/IT/3240/All","logger":"task.stdout"}
{"timestamp":"2026-02-11T05:56:45.869164Z","level":"info","event":"Fetching URL: https://thecourseforum.com/course/IT/3400/All","logger":"task.stdout"}
{"timestamp":"2026-02-11T05:56:45.871353Z","level":"info","event":"Fetching URL: https://thecourseforum.com/course/IT/3410/All","logger":"task.stdout"}
{"timestamp":"2026-02-11T05:56:45.873738Z","level":"info","event":"Fetching URL: https://thecourseforum.com/course/KLPA/1000/All","logger":"task.stdout"}
{"timestamp":"2026-02-11T05:56:45.875195Z","level":"info","event":"Fetching URL: https://thecourseforum.com/course/KLPA/1010/All","logger":"task.stdout"}
{"timestamp":"2026-02-11T05:56:45.876942Z","level":"info","event":"Fetching URL: https://thecourseforum.com/course/KLPA/1045/All","logger":"task.stdout"}
{"timestamp":"2026-02-11T05:56:45.878200Z","level":"info","event":"Fetching URL: https://thecourseforum.com/course/KLPA/1055/All","logger":"task.stdout"}
{"timestamp":"2026-02-11T05:56:45.880304Z","level":"info","event":"Fetching URL: https://thecourseforum.com/course/KLPA/1060/All","logger":"task.stdout"}
{"timestamp":"2026-02-11T05:56:45.882092Z","level":"info","event":"Fetching URL: https://thecourseforum.com/course/KLPA/1070/All","logger":"task.stdout"}
{"timestamp":"2026-02-11T05:56:45.883803Z","level":"info","event":"Fetching URL: https://thecourseforum.com/course/KLPA/1105/All","logger":"task.stdout"}
{"timestamp":"2026-02-11T05:56:45.885488Z","level":"info","event":"Fetching URL: https://thecourseforum.com/course/KLPA/1115/All","logger":"task.stdout"}
{"timestamp":"2026-02-11T05:56:45.887089Z","level":"info","event":"Fetching URL: https://thecourseforum.com/course/KLPA/1120/All","logger":"task.stdout"}
{"timestamp":"2026-02-11T05:56:45.890121Z","level":"info","event":"Fetching URL: https://thecourseforum.com/course/KLPA/1130/All","logger":"task.stdout"}
{"timestamp":"2026-02-11T05:56:45.891796Z","level":"info","event":"Fetching URL: https://thecourseforum.com/course/KLPA/1150/All","logger":"task.stdout"}
{"timestamp":"2026-02-11T05:56:45.893056Z","level":"info","event":"Fetching URL: https://thecourseforum.com/course/KLPA/1155/All","logger":"task.stdout"}
{"timestamp":"2026-02-11T05:56:45.894195Z","level":"info","event":"Fetching URL: https://thecourseforum.com/course/KLPA/1170/All","logger":"task.stdout"}
{"timestamp":"2026-02-11T05:56:45.895717Z","level":"info","event":"Fetching URL: https://thecourseforum.com/course/KLPA/1200/All","logger":"task.stdout"}
{"timestamp":"2026-02-11T05:56:45.897172Z","level":"info","event":"Fetching URL: https://thecourseforum.com/course/KLPA/1300/All","logger":"task.stdout"}
{"timestamp":"2026-02-11T05:56:45.900050Z","level":"info","event":"Fetching URL: https://thecourseforum.com/course/KLPA/1310/All","logger":"task.stdout"}
{"timestamp":"2026-02-11T05:56:45.901444Z","level":"info","event":"Fetching URL: https://thecourseforum.com/course/KLPA/1320/All","logger":"task.stdout"}
{"timestamp":"2026-02-11T05:56:45.902742Z","level":"info","event":"Fetching URL: https://thecourseforum.com/course/KLPA/1325/All","logger":"task.stdout"}
{"timestamp":"2026-02-11T05:56:45.903780Z","level":"info","event":"Fetching URL: https://thecourseforum.com/course/KLPA/1400/All","logger":"task.stdout"}
{"timestamp":"2026-02-11T05:56:45.905850Z","level":"info","event":"Fetching URL: https://thecourseforum.com/course/KLPA/1410/All","logger":"task.stdout"}
{"timestamp":"2026-02-11T05:56:45.907549Z","level":"info","event":"Fetching URL: https://thecourseforum.com/course/KLPA/1425/All","logger":"task.stdout"}
{"timestamp":"2026-02-11T05:56:45.909017Z","level":"info","event":"Fetching URL: https://thecourseforum.com/course/KLPA/1430/All","logger":"task.stdout"}
{"timestamp":"2026-02-11T05:56:45.911942Z","level":"info","event":"Fetching URL: https://thecourseforum.com/course/KLPA/1440/All","logger":"task.stdout"}
{"timestamp":"2026-02-11T05:56:45.913899Z","level":"info","event":"Fetching URL: https://thecourseforum.com/course/KLPA/1445/All","logger":"task.stdout"}
{"timestamp":"2026-02-11T05:56:45.915557Z","level":"info","event":"Fetching URL: https://thecourseforum.com/course/KLPA/1720/All","logger":"task.stdout"}
{"timestamp":"2026-02-11T05:56:45.918281Z","level":"info","event":"Fetching URL: https://thecourseforum.com/course/KLPA/1725/All","logger":"task.stdout"}
{"timestamp":"2026-02-11T05:56:45.920169Z","level":"info","event":"Fetching URL: https://thecourseforum.com/course/KLPA/1730/All","logger":"task.stdout"}
{"timestamp":"2026-02-11T05:56:45.922137Z","level":"info","event":"Fetching URL: https://thecourseforum.com/course/KLPA/1735/All","logger":"task.stdout"}
{"timestamp":"2026-02-11T05:56:45.923913Z","level":"info","event":"Fetching URL: https://thecourseforum.com/course/LPPL/2100/All","logger":"task.stdout"}
{"timestamp":"2026-02-11T05:56:45.925448Z","level":"info","event":"Fetching URL: https://thecourseforum.com/course/LPPL/2750/All","logger":"task.stdout"}
{"timestamp":"2026-02-11T05:56:45.927924Z","level":"info","event":"Fetching URL: https://thecourseforum.com/course/LPPL/3210/All","logger":"task.stdout"}
{"timestamp":"2026-02-11T05:56:45.929923Z","level":"info","event":"Fetching URL: https://thecourseforum.com/course/LPPL/3450/All","logger":"task.stdout"}
{"timestamp":"2026-02-11T05:56:45.932226Z","level":"info","event":"Fetching URL: https://thecourseforum.com/course/LPPL/4225/All","logger":"task.stdout"}
{"timestamp":"2026-02-11T05:56:45.934056Z","level":"info","event":"Fetching URL: https://thecourseforum.com/course/LPPL/4680/All","logger":"task.stdout"}
{"timestamp":"2026-02-11T05:56:45.936211Z","level":"info","event":"Fetching URL: https://thecourseforum.com/course/LPPP/2050/All","logger":"task.stdout"}
{"timestamp":"2026-02-11T05:56:45.937429Z","level":"info","event":"Fetching URL: https://thecourseforum.com/course/LPPP/2200/All","logger":"task.stdout"}
{"timestamp":"2026-02-11T05:56:45.938593Z","level":"info","event":"Fetching URL: https://thecourseforum.com/course/LPPP/3230/All","logger":"task.stdout"}
{"timestamp":"2026-02-11T05:56:45.940314Z","level":"info","event":"Fetching URL: https://thecourseforum.com/course/LPPP/3250/All","logger":"task.stdout"}
{"timestamp":"2026-02-11T05:56:45.941966Z","level":"info","event":"Fetching URL: https://thecourseforum.com/course/LPPP/3559/All","logger":"task.stdout"}
{"timestamp":"2026-02-11T05:56:45.943389Z","level":"info","event":"Fetching URL: https://thecourseforum.com/course/LPPP/4991/All","logger":"task.stdout"}
{"timestamp":"2026-02-11T05:56:45.945168Z","level":"info","event":"Fetching URL: https://thecourseforum.com/course/LPPS/3040/All","logger":"task.stdout"}
{"timestamp":"2026-02-11T05:56:45.947052Z","level":"info","event":"Fetching URL: https://thecourseforum.com/course/LPPS/3050/All","logger":"task.stdout"}
{"timestamp":"2026-02-11T05:56:45.949230Z","level":"info","event":"Fetching URL: https://thecourseforum.com/course/LPPS/3150/All","logger":"task.stdout"}
{"timestamp":"2026-02-11T05:56:45.951282Z","level":"info","event":"Fetching URL: https://thecourseforum.com/course/LPPS/3240/All","logger":"task.stdout"}
{"timestamp":"2026-02-11T05:56:45.953368Z","level":"info","event":"Fetching URL: https://thecourseforum.com/course/LPPS/3280/All","logger":"task.stdout"}
{"timestamp":"2026-02-11T05:56:45.954912Z","level":"info","event":"Fetching URL: https://thecourseforum.com/course/LPPS/3350/All","logger":"task.stdout"}
{"timestamp":"2026-02-11T05:56:45.956117Z","level":"info","event":"Fetching URL: https://thecourseforum.com/course/LPPS/3390/All","logger":"task.stdout"}
{"timestamp":"2026-02-11T05:56:45.958365Z","level":"info","event":"Fetching URL: https://thecourseforum.com/course/LPPS/3440/All","logger":"task.stdout"}
{"timestamp":"2026-02-11T05:56:45.960213Z","level":"info","event":"Fetching URL: https://thecourseforum.com/course/LPPS/4260/All","logger":"task.stdout"}
{"timestamp":"2026-02-11T05:56:45.962114Z","level":"info","event":"Fetching URL: https://thecourseforum.com/course/LPPS/4270/All","logger":"task.stdout"}
{"timestamp":"2026-02-11T05:56:45.965189Z","level":"info","event":"Fetching URL: https://thecourseforum.com/course/LPPS/4320/All","logger":"task.stdout"}
{"timestamp":"2026-02-11T05:56:45.967060Z","level":"info","event":"Fetching URL: https://thecourseforum.com/course/LPPS/4620/All","logger":"task.stdout"}
{"timestamp":"2026-02-11T05:56:45.968966Z","level":"info","event":"Fetching URL: https://thecourseforum.com/course/LPPS/4730/All","logger":"task.stdout"}
{"timestamp":"2026-02-11T05:56:45.970925Z","level":"info","event":"Fetching URL: https://thecourseforum.com/course/MAE/2330/All","logger":"task.stdout"}
{"timestamp":"2026-02-11T05:56:45.972027Z","level":"info","event":"Fetching URL: https://thecourseforum.com/course/MAE/3010/All","logger":"task.stdout"}
{"timestamp":"2026-02-11T05:56:45.974057Z","level":"info","event":"Fetching URL: https://thecourseforum.com/course/MAE/3140/All","logger":"task.stdout"}
{"timestamp":"2026-02-11T05:56:45.975907Z","level":"info","event":"Fetching URL: https://thecourseforum.com/course/MAE/3220/All","logger":"task.stdout"}
{"timestamp":"2026-02-11T05:56:45.977247Z","level":"info","event":"Fetching URL: https://thecourseforum.com/course/MAE/3420/All","logger":"task.stdout"}
{"timestamp":"2026-02-11T05:56:45.978888Z","level":"info","event":"Fetching URL: https://thecourseforum.com/course/MAE/3620/All","logger":"task.stdout"}
{"timestamp":"2026-02-11T05:56:45.980795Z","level":"info","event":"Fetching URL: https://thecourseforum.com/course/MAE/3730/All","logger":"task.stdout"}
{"timestamp":"2026-02-11T05:56:45.982191Z","level":"info","event":"Fetching URL: https://thecourseforum.com/course/MAE/3820/All","logger":"task.stdout"}
{"timestamp":"2026-02-11T05:56:45.984367Z","level":"info","event":"Fetching URL: https://thecourseforum.com/course/MAE/3840/All","logger":"task.stdout"}
{"timestamp":"2026-02-11T05:56:45.986126Z","level":"info","event":"Fetching URL: https://thecourseforum.com/course/MAE/4501/All","logger":"task.stdout"}
{"timestamp":"2026-02-11T05:56:45.987889Z","level":"info","event":"Fetching URL: https://thecourseforum.com/course/MAE/4502/All","logger":"task.stdout"}
{"timestamp":"2026-02-11T05:56:45.989306Z","level":"info","event":"Fetching URL: https://thecourseforum.com/course/MAE/4504/All","logger":"task.stdout"}
{"timestamp":"2026-02-11T05:56:45.991200Z","level":"info","event":"Fetching URL: https://thecourseforum.com/course/MAE/4512/All","logger":"task.stdout"}
{"timestamp":"2026-02-11T05:56:45.992864Z","level":"info","event":"Fetching URL: https://thecourseforum.com/course/MAE/4514/All","logger":"task.stdout"}
{"timestamp":"2026-02-11T05:56:45.994100Z","level":"info","event":"Fetching URL: https://thecourseforum.com/course/MAE/4620/All","logger":"task.stdout"}
{"timestamp":"2026-02-11T05:56:45.996062Z","level":"info","event":"Fetching URL: https://thecourseforum.com/course/MAE/4710/All","logger":"task.stdout"}
{"timestamp":"2026-02-11T05:56:45.998011Z","level":"info","event":"Fetching URL: https://thecourseforum.com/course/MAE/4730/All","logger":"task.stdout"}
{"timestamp":"2026-02-11T05:56:46.000225Z","level":"info","event":"Fetching URL: https://thecourseforum.com/course/MAE/4800/All","logger":"task.stdout"}
{"timestamp":"2026-02-11T05:56:46.001819Z","level":"info","event":"Fetching URL: https://thecourseforum.com/course/MAE/1501/All","logger":"task.stdout"}
{"timestamp":"2026-02-11T05:56:46.003920Z","level":"info","event":"Fetching URL: https://thecourseforum.com/course/MAE/2040/All","logger":"task.stdout"}
{"timestamp":"2026-02-11T05:56:46.005115Z","level":"info","event":"Fetching URL: https://thecourseforum.com/course/MAE/2100/All","logger":"task.stdout"}
{"timestamp":"2026-02-11T05:56:46.006796Z","level":"info","event":"Fetching URL: https://thecourseforum.com/course/MAE/2300/All","logger":"task.stdout"}
{"timestamp":"2026-02-11T05:56:46.009026Z","level":"info","event":"Fetching URL: https://thecourseforum.com/course/MAE/2310/All","logger":"task.stdout"}
{"timestamp":"2026-02-11T05:56:46.010463Z","level":"info","event":"Fetching URL: https://thecourseforum.com/course/MAE/2320/All","logger":"task.stdout"}
{"timestamp":"2026-02-11T05:56:46.011930Z","level":"info","event":"Fetching URL: https://thecourseforum.com/course/MATH/1310/All","logger":"task.stdout"}
{"timestamp":"2026-02-11T05:56:46.013327Z","level":"info","event":"Fetching URL: https://thecourseforum.com/course/MATH/1320/All","logger":"task.stdout"}
{"timestamp":"2026-02-11T05:56:46.014776Z","level":"info","event":"Fetching URL: https://thecourseforum.com/course/MATH/2310/All","logger":"task.stdout"}
{"timestamp":"2026-02-11T05:56:46.015967Z","level":"info","event":"Fetching URL: https://thecourseforum.com/course/MATH/3000/All","logger":"task.stdout"}
{"timestamp":"2026-02-11T05:56:46.017836Z","level":"info","event":"Fetching URL: https://thecourseforum.com/course/MATH/3100/All","logger":"task.stdout"}
{"timestamp":"2026-02-11T05:56:46.020391Z","level":"info","event":"Fetching URL: https://thecourseforum.com/course/MATH/3250/All","logger":"task.stdout"}
{"timestamp":"2026-02-11T05:56:46.023136Z","level":"info","event":"Fetching URL: https://thecourseforum.com/course/MATH/3310/All","logger":"task.stdout"}
{"timestamp":"2026-02-11T05:56:46.025321Z","level":"info","event":"Fetching URL: https://thecourseforum.com/course/MATH/3315/All","logger":"task.stdout"}
{"timestamp":"2026-02-11T05:56:46.027163Z","level":"info","event":"Fetching URL: https://thecourseforum.com/course/MATH/3340/All","logger":"task.stdout"}
{"timestamp":"2026-02-11T05:56:46.029928Z","level":"info","event":"Fetching URL: https://thecourseforum.com/course/MATH/3350/All","logger":"task.stdout"}
{"timestamp":"2026-02-11T05:56:46.031256Z","level":"info","event":"Fetching URL: https://thecourseforum.com/course/MATH/3351/All","logger":"task.stdout"}
{"timestamp":"2026-02-11T05:56:46.032456Z","level":"info","event":"Fetching URL: https://thecourseforum.com/course/MATH/3354/All","logger":"task.stdout"}
{"timestamp":"2026-02-11T05:56:46.033910Z","level":"info","event":"Fetching URL: https://thecourseforum.com/course/MATH/4110/All","logger":"task.stdout"}
{"timestamp":"2026-02-11T05:56:46.038253Z","level":"info","event":"Fetching URL: https://thecourseforum.com/course/MATH/4140/All","logger":"task.stdout"}
{"timestamp":"2026-02-11T05:56:46.040625Z","level":"info","event":"Fetching URL: https://thecourseforum.com/course/MATH/4250/All","logger":"task.stdout"}
{"timestamp":"2026-02-11T05:56:46.042158Z","level":"info","event":"Fetching URL: https://thecourseforum.com/course/MATH/4330/All","logger":"task.stdout"}
{"timestamp":"2026-02-11T05:56:46.043531Z","level":"info","event":"Fetching URL: https://thecourseforum.com/course/MATH/4651/All","logger":"task.stdout"}
{"timestamp":"2026-02-11T05:56:46.045120Z","level":"info","event":"Fetching URL: https://thecourseforum.com/course/MATH/4652/All","logger":"task.stdout"}
{"timestamp":"2026-02-11T05:56:46.046858Z","level":"info","event":"Fetching URL: https://thecourseforum.com/course/MATH/4840/All","logger":"task.stdout"}
{"timestamp":"2026-02-11T05:56:46.048602Z","level":"info","event":"Fetching URL: https://thecourseforum.com/course/MATH/1110/All","logger":"task.stdout"}
{"timestamp":"2026-02-11T05:56:46.051145Z","level":"info","event":"Fetching URL: https://thecourseforum.com/course/MATH/1140/All","logger":"task.stdout"}
{"timestamp":"2026-02-11T05:56:46.053044Z","level":"info","event":"Fetching URL: https://thecourseforum.com/course/MATH/1160/All","logger":"task.stdout"}
{"timestamp":"2026-02-11T05:56:46.054729Z","level":"info","event":"Fetching URL: https://thecourseforum.com/course/MATH/1190/All","logger":"task.stdout"}
{"timestamp":"2026-02-11T05:56:46.056332Z","level":"info","event":"Fetching URL: https://thecourseforum.com/course/MATH/1210/All","logger":"task.stdout"}
{"timestamp":"2026-02-11T05:56:46.058232Z","level":"info","event":"Fetching URL: https://thecourseforum.com/course/MATH/4901/All","logger":"task.stdout"}
{"timestamp":"2026-02-11T05:56:46.059875Z","level":"info","event":"Fetching URL: https://thecourseforum.com/course/MATH/4993/All","logger":"task.stdout"}
{"timestamp":"2026-02-11T05:56:46.060970Z","level":"info","event":"Fetching URL: https://thecourseforum.com/course/MATH/1220/All","logger":"task.stdout"}
{"timestamp":"2026-02-11T05:56:46.062029Z","level":"info","event":"Fetching URL: https://thecourseforum.com/course/MDST/2000/All","logger":"task.stdout"}
{"timestamp":"2026-02-11T05:56:46.063331Z","level":"info","event":"Fetching URL: https://thecourseforum.com/course/MDST/2305/All","logger":"task.stdout"}
{"timestamp":"2026-02-11T05:56:46.064667Z","level":"info","event":"Fetching URL: https://thecourseforum.com/course/MDST/2508/All","logger":"task.stdout"}
{"timestamp":"2026-02-11T05:56:46.066158Z","level":"info","event":"Fetching URL: https://thecourseforum.com/course/MDST/2690/All","logger":"task.stdout"}
{"timestamp":"2026-02-11T05:56:46.068118Z","level":"info","event":"Fetching URL: https://thecourseforum.com/course/MDST/2700/All","logger":"task.stdout"}
{"timestamp":"2026-02-11T05:56:46.070080Z","level":"info","event":"Fetching URL: https://thecourseforum.com/course/MDST/2727/All","logger":"task.stdout"}
{"timestamp":"2026-02-11T05:56:46.071952Z","level":"info","event":"Fetching URL: https://thecourseforum.com/course/MDST/2810/All","logger":"task.stdout"}
{"timestamp":"2026-02-11T05:56:46.073096Z","level":"info","event":"Fetching URL: https://thecourseforum.com/course/MDST/3050/All","logger":"task.stdout"}
{"timestamp":"2026-02-11T05:56:46.074754Z","level":"info","event":"Fetching URL: https://thecourseforum.com/course/MDST/3113/All","logger":"task.stdout"}
{"timestamp":"2026-02-11T05:56:46.076224Z","level":"info","event":"Fetching URL: https://thecourseforum.com/course/MDST/3154/All","logger":"task.stdout"}
{"timestamp":"2026-02-11T05:56:46.078910Z","level":"info","event":"Fetching URL: https://thecourseforum.com/course/MDST/3404/All","logger":"task.stdout"}
{"timestamp":"2026-02-11T05:56:46.080833Z","level":"info","event":"Fetching URL: https://thecourseforum.com/course/MDST/3490/All","logger":"task.stdout"}
{"timestamp":"2026-02-11T05:56:46.082016Z","level":"info","event":"Fetching URL: https://thecourseforum.com/course/MDST/3504/All","logger":"task.stdout"}
{"timestamp":"2026-02-11T05:56:46.083015Z","level":"info","event":"Fetching URL: https://thecourseforum.com/course/MDST/3508/All","logger":"task.stdout"}
{"timestamp":"2026-02-11T05:56:46.084461Z","level":"info","event":"Fetching URL: https://thecourseforum.com/course/MDST/3510/All","logger":"task.stdout"}
{"timestamp":"2026-02-11T05:56:46.085939Z","level":"info","event":"Fetching URL: https://thecourseforum.com/course/MDST/3559/All","logger":"task.stdout"}
{"timestamp":"2026-02-11T05:56:46.088963Z","level":"info","event":"Fetching URL: https://thecourseforum.com/course/MDST/3712/All","logger":"task.stdout"}
{"timestamp":"2026-02-11T05:56:46.090861Z","level":"info","event":"Fetching URL: https://thecourseforum.com/course/MDST/3760/All","logger":"task.stdout"}
{"timestamp":"2026-02-11T05:56:46.092890Z","level":"info","event":"Fetching URL: https://thecourseforum.com/course/MDST/3800/All","logger":"task.stdout"}
{"timestamp":"2026-02-11T05:56:46.095070Z","level":"info","event":"Fetching URL: https://thecourseforum.com/course/MDST/3811/All","logger":"task.stdout"}
{"timestamp":"2026-02-11T05:56:46.096527Z","level":"info","event":"Fetching URL: https://thecourseforum.com/course/MDST/3900/All","logger":"task.stdout"}
{"timestamp":"2026-02-11T05:56:46.097920Z","level":"info","event":"Fetching URL: https://thecourseforum.com/course/MDST/4000/All","logger":"task.stdout"}
{"timestamp":"2026-02-11T05:56:46.099166Z","level":"info","event":"Fetching URL: https://thecourseforum.com/course/MDST/4106/All","logger":"task.stdout"}
{"timestamp":"2026-02-11T05:56:46.100797Z","level":"info","event":"Fetching URL: https://thecourseforum.com/course/MDST/4510/All","logger":"task.stdout"}
{"timestamp":"2026-02-11T05:56:46.102148Z","level":"info","event":"Fetching URL: https://thecourseforum.com/course/MDST/4960/All","logger":"task.stdout"}
{"timestamp":"2026-02-11T05:56:46.104081Z","level":"info","event":"Fetching URL: https://thecourseforum.com/course/MDST/4980/All","logger":"task.stdout"}
{"timestamp":"2026-02-11T05:56:46.106205Z","level":"info","event":"Fetching URL: https://thecourseforum.com/course/MSE/3101/All","logger":"task.stdout"}
{"timestamp":"2026-02-11T05:56:46.107929Z","level":"info","event":"Fetching URL: https://thecourseforum.com/course/MSE/4210/All","logger":"task.stdout"}
{"timestamp":"2026-02-11T05:56:46.109965Z","level":"info","event":"Fetching URL: https://thecourseforum.com/course/MSE/4320/All","logger":"task.stdout"}
{"timestamp":"2026-02-11T05:56:46.111689Z","level":"info","event":"Fetching URL: https://thecourseforum.com/course/MSE/4592/All","logger":"task.stdout"}
{"timestamp":"2026-02-11T05:56:46.113144Z","level":"info","event":"Fetching URL: https://thecourseforum.com/course/MSE/4960/All","logger":"task.stdout"}
{"timestamp":"2026-02-11T05:56:46.114408Z","level":"info","event":"Fetching URL: https://thecourseforum.com/course/MSE/2090/All","logger":"task.stdout"}
{"timestamp":"2026-02-11T05:56:46.115871Z","level":"info","event":"Fetching URL: https://thecourseforum.com/course/MSE/2200/All","logger":"task.stdout"}
{"timestamp":"2026-02-11T05:56:46.118241Z","level":"info","event":"Fetching URL: https://thecourseforum.com/course/MSE/2500/All","logger":"task.stdout"}
{"timestamp":"2026-02-11T05:56:46.119519Z","level":"info","event":"Fetching URL: https://thecourseforum.com/course/MSE/3070/All","logger":"task.stdout"}
{"timestamp":"2026-02-11T05:56:46.121024Z","level":"info","event":"Fetching URL: https://thecourseforum.com/course/MSP/3501/All","logger":"task.stdout"}
{"timestamp":"2026-02-11T05:56:46.122663Z","level":"info","event":"Fetching URL: https://thecourseforum.com/course/MUBD/2601/All","logger":"task.stdout"}
{"timestamp":"2026-02-11T05:56:46.124100Z","level":"info","event":"Fetching URL: https://thecourseforum.com/course/MUEN/2600/All","logger":"task.stdout"}
{"timestamp":"2026-02-11T05:56:46.125316Z","level":"info","event":"Fetching URL: https://thecourseforum.com/course/MUEN/2690/All","logger":"task.stdout"}
{"timestamp":"2026-02-11T05:56:46.127035Z","level":"info","event":"Fetching URL: https://thecourseforum.com/course/MUEN/3600/All","logger":"task.stdout"}
{"timestamp":"2026-02-11T05:56:46.128820Z","level":"info","event":"Fetching URL: https://thecourseforum.com/course/MUEN/3610/All","logger":"task.stdout"}
{"timestamp":"2026-02-11T05:56:46.130445Z","level":"info","event":"Fetching URL: https://thecourseforum.com/course/MUEN/3620/All","logger":"task.stdout"}
{"timestamp":"2026-02-11T05:56:46.131592Z","level":"info","event":"Fetching URL: https://thecourseforum.com/course/MUEN/3630/All","logger":"task.stdout"}
{"timestamp":"2026-02-11T05:56:46.132917Z","level":"info","event":"Fetching URL: https://thecourseforum.com/course/MUEN/3631/All","logger":"task.stdout"}
{"timestamp":"2026-02-11T05:56:46.135066Z","level":"info","event":"Fetching URL: https://thecourseforum.com/course/MUEN/3645/All","logger":"task.stdout"}
{"timestamp":"2026-02-11T05:56:46.138350Z","level":"info","event":"Fetching URL: https://thecourseforum.com/course/MUEN/3646/All","logger":"task.stdout"}
{"timestamp":"2026-02-11T05:56:46.139600Z","level":"info","event":"Fetching URL: https://thecourseforum.com/course/MUEN/3650/All","logger":"task.stdout"}
{"timestamp":"2026-02-11T05:56:46.140926Z","level":"info","event":"Fetching URL: https://thecourseforum.com/course/MUEN/3651/All","logger":"task.stdout"}
{"timestamp":"2026-02-11T05:56:46.144272Z","level":"info","event":"Fetching URL: https://thecourseforum.com/course/MUEN/3670/All","logger":"task.stdout"}
{"timestamp":"2026-02-11T05:56:46.146426Z","level":"info","event":"Fetching URL: https://thecourseforum.com/course/MUEN/3660/All","logger":"task.stdout"}
{"timestamp":"2026-02-11T05:56:46.149149Z","level":"info","event":"Fetching URL: https://thecourseforum.com/course/MUEN/3690/All","logger":"task.stdout"}
{"timestamp":"2026-02-11T05:56:46.152045Z","level":"info","event":"Fetching URL: https://thecourseforum.com/course/MUEN/4690/All","logger":"task.stdout"}
{"timestamp":"2026-02-11T05:56:46.153312Z","level":"info","event":"Fetching URL: https://thecourseforum.com/course/MUPF/2141/All","logger":"task.stdout"}
{"timestamp":"2026-02-11T05:56:46.154961Z","level":"info","event":"Fetching URL: https://thecourseforum.com/course/MUPF/2150/All","logger":"task.stdout"}
{"timestamp":"2026-02-11T05:56:46.156486Z","level":"info","event":"Fetching URL: https://thecourseforum.com/course/MUPF/2151/All","logger":"task.stdout"}
{"timestamp":"2026-02-11T05:56:46.158777Z","level":"info","event":"Fetching URL: https://thecourseforum.com/course/MUPF/2160/All","logger":"task.stdout"}
{"timestamp":"2026-02-11T05:56:46.160905Z","level":"info","event":"Fetching URL: https://thecourseforum.com/course/MUPF/2161/All","logger":"task.stdout"}
{"timestamp":"2026-02-11T05:56:46.162226Z","level":"info","event":"Fetching URL: https://thecourseforum.com/course/MUPF/2170/All","logger":"task.stdout"}
{"timestamp":"2026-02-11T05:56:46.164043Z","level":"info","event":"Fetching URL: https://thecourseforum.com/course/MUPF/2171/All","logger":"task.stdout"}
{"timestamp":"2026-02-11T05:56:46.165725Z","level":"info","event":"Fetching URL: https://thecourseforum.com/course/MUPF/2180/All","logger":"task.stdout"}
{"timestamp":"2026-02-11T05:56:46.166975Z","level":"info","event":"Fetching URL: https://thecourseforum.com/course/MUPF/2181/All","logger":"task.stdout"}
{"timestamp":"2026-02-11T05:56:46.168816Z","level":"info","event":"Fetching URL: https://thecourseforum.com/course/MUPF/2210/All","logger":"task.stdout"}
{"timestamp":"2026-02-11T05:56:46.170047Z","level":"info","event":"Fetching URL: https://thecourseforum.com/course/MUPF/2211/All","logger":"task.stdout"}
{"timestamp":"2026-02-11T05:56:46.172191Z","level":"info","event":"Fetching URL: https://thecourseforum.com/course/MUPF/3110/All","logger":"task.stdout"}
{"timestamp":"2026-02-11T05:56:46.173500Z","level":"info","event":"Fetching URL: https://thecourseforum.com/course/MUPF/3120/All","logger":"task.stdout"}
{"timestamp":"2026-02-11T05:56:46.174872Z","level":"info","event":"Fetching URL: https://thecourseforum.com/course/MUPF/3140/All","logger":"task.stdout"}
{"timestamp":"2026-02-11T05:56:46.177125Z","level":"info","event":"Fetching URL: https://thecourseforum.com/course/MUPF/3150/All","logger":"task.stdout"}
{"timestamp":"2026-02-11T05:56:46.178819Z","level":"info","event":"Fetching URL: https://thecourseforum.com/course/MUPF/3160/All","logger":"task.stdout"}
{"timestamp":"2026-02-11T05:56:46.179991Z","level":"info","event":"Fetching URL: https://thecourseforum.com/course/MUPF/3170/All","logger":"task.stdout"}
{"timestamp":"2026-02-11T05:56:46.182219Z","level":"info","event":"Fetching URL: https://thecourseforum.com/course/MUPF/3180/All","logger":"task.stdout"}
{"timestamp":"2026-02-11T05:56:46.183536Z","level":"info","event":"Fetching URL: https://thecourseforum.com/course/MUPF/2110/All","logger":"task.stdout"}
{"timestamp":"2026-02-11T05:56:46.184741Z","level":"info","event":"Fetching URL: https://thecourseforum.com/course/MUPF/2111/All","logger":"task.stdout"}
{"timestamp":"2026-02-11T05:56:46.187173Z","level":"info","event":"Fetching URL: https://thecourseforum.com/course/MUPF/2120/All","logger":"task.stdout"}
{"timestamp":"2026-02-11T05:56:46.189002Z","level":"info","event":"Fetching URL: https://thecourseforum.com/course/MUPF/2121/All","logger":"task.stdout"}
{"timestamp":"2026-02-11T05:56:46.190950Z","level":"info","event":"Fetching URL: https://thecourseforum.com/course/MUPF/2130/All","logger":"task.stdout"}
{"timestamp":"2026-02-11T05:56:46.193118Z","level":"info","event":"Fetching URL: https://thecourseforum.com/course/MUPF/2131/All","logger":"task.stdout"}
{"timestamp":"2026-02-11T05:56:46.194728Z","level":"info","event":"Fetching URL: https://thecourseforum.com/course/MUPF/2140/All","logger":"task.stdout"}
{"timestamp":"2026-02-11T05:56:46.196152Z","level":"info","event":"Fetching URL: https://thecourseforum.com/course/MUPF/3960/All","logger":"task.stdout"}
{"timestamp":"2026-02-11T05:56:46.198345Z","level":"info","event":"Fetching URL: https://thecourseforum.com/course/MUPF/4940/All","logger":"task.stdout"}
{"timestamp":"2026-02-11T05:56:46.200208Z","level":"info","event":"Fetching URL: https://thecourseforum.com/course/MUPF/4960/All","logger":"task.stdout"}
{"timestamp":"2026-02-11T05:56:46.201844Z","level":"info","event":"Fetching URL: https://thecourseforum.com/course/MUSI/3332/All","logger":"task.stdout"}
{"timestamp":"2026-02-11T05:56:46.203779Z","level":"info","event":"Fetching URL: https://thecourseforum.com/course/MUSI/3334/All","logger":"task.stdout"}
{"timestamp":"2026-02-11T05:56:46.205727Z","level":"info","event":"Fetching URL: https://thecourseforum.com/course/MUSI/3374/All","logger":"task.stdout"}
{"timestamp":"2026-02-11T05:56:46.208189Z","level":"info","event":"Fetching URL: https://thecourseforum.com/course/MUSI/3380/All","logger":"task.stdout"}
{"timestamp":"2026-02-11T05:56:46.210964Z","level":"info","event":"Fetching URL: https://thecourseforum.com/course/MUSI/3400/All","logger":"task.stdout"}
{"timestamp":"2026-02-11T05:56:46.213479Z","level":"info","event":"Fetching URL: https://thecourseforum.com/course/MUSI/3559/All","logger":"task.stdout"}
{"timestamp":"2026-02-11T05:56:46.215353Z","level":"info","event":"Fetching URL: https://thecourseforum.com/course/MUSI/3993/All","logger":"task.stdout"}
{"timestamp":"2026-02-11T05:56:46.217080Z","level":"info","event":"Fetching URL: https://thecourseforum.com/course/MUSI/4090/All","logger":"task.stdout"}
{"timestamp":"2026-02-11T05:56:46.219162Z","level":"info","event":"Fetching URL: https://thecourseforum.com/course/MUSI/4410/All","logger":"task.stdout"}
{"timestamp":"2026-02-11T05:56:46.220822Z","level":"info","event":"Fetching URL: https://thecourseforum.com/course/MUSI/4559/All","logger":"task.stdout"}
{"timestamp":"2026-02-11T05:56:46.222142Z","level":"info","event":"Fetching URL: https://thecourseforum.com/course/MUSI/4582/All","logger":"task.stdout"}
{"timestamp":"2026-02-11T05:56:46.225164Z","level":"info","event":"Fetching URL: https://thecourseforum.com/course/MUSI/4610/All","logger":"task.stdout"}
{"timestamp":"2026-02-11T05:56:46.226818Z","level":"info","event":"Fetching URL: https://thecourseforum.com/course/MUSI/4760/All","logger":"task.stdout"}
{"timestamp":"2026-02-11T05:56:46.228108Z","level":"info","event":"Fetching URL: https://thecourseforum.com/course/MUSI/4950/All","logger":"task.stdout"}
{"timestamp":"2026-02-11T05:56:46.229158Z","level":"info","event":"Fetching URL: https://thecourseforum.com/course/MUSI/4993/All","logger":"task.stdout"}
{"timestamp":"2026-02-11T05:56:46.230959Z","level":"info","event":"Fetching URL: https://thecourseforum.com/course/MUSI/1310/All","logger":"task.stdout"}
{"timestamp":"2026-02-11T05:56:46.233150Z","level":"info","event":"Fetching URL: https://thecourseforum.com/course/MUSI/1620/All","logger":"task.stdout"}
{"timestamp":"2026-02-11T05:56:46.235169Z","level":"info","event":"Fetching URL: https://thecourseforum.com/course/MUSI/2021/All","logger":"task.stdout"}
{"timestamp":"2026-02-11T05:56:46.238360Z","level":"info","event":"Fetching URL: https://thecourseforum.com/course/MUSI/2070/All","logger":"task.stdout"}
{"timestamp":"2026-02-11T05:56:46.240096Z","level":"info","event":"Fetching URL: https://thecourseforum.com/course/MUSI/2072/All","logger":"task.stdout"}
{"timestamp":"2026-02-11T05:56:46.242125Z","level":"info","event":"Fetching URL: https://thecourseforum.com/course/MUSI/2110/All","logger":"task.stdout"}
{"timestamp":"2026-02-11T05:56:46.244337Z","level":"info","event":"Fetching URL: https://thecourseforum.com/course/MUSI/2150/All","logger":"task.stdout"}
{"timestamp":"2026-02-11T05:56:46.246189Z","level":"info","event":"Fetching URL: https://thecourseforum.com/course/MUSI/2302/All","logger":"task.stdout"}
{"timestamp":"2026-02-11T05:56:46.247693Z","level":"info","event":"Fetching URL: https://thecourseforum.com/course/MUSI/2304/All","logger":"task.stdout"}
{"timestamp":"2026-02-11T05:56:46.250122Z","level":"info","event":"Fetching URL: https://thecourseforum.com/course/MUSI/2307/All","logger":"task.stdout"}
{"timestamp":"2026-02-11T05:56:46.253242Z","level":"info","event":"Fetching URL: https://thecourseforum.com/course/MUSI/2311/All","logger":"task.stdout"}
{"timestamp":"2026-02-11T05:56:46.254949Z","level":"info","event":"Fetching URL: https://thecourseforum.com/course/MUSI/2340/All","logger":"task.stdout"}
{"timestamp":"2026-02-11T05:56:46.257262Z","level":"info","event":"Fetching URL: https://thecourseforum.com/course/MUSI/2342/All","logger":"task.stdout"}
{"timestamp":"2026-02-11T05:56:46.259195Z","level":"info","event":"Fetching URL: https://thecourseforum.com/course/MUSI/2600/All","logger":"task.stdout"}
{"timestamp":"2026-02-11T05:56:46.260786Z","level":"info","event":"Fetching URL: https://thecourseforum.com/course/MUSI/2993/All","logger":"task.stdout"}
{"timestamp":"2026-02-11T05:56:46.263254Z","level":"info","event":"Fetching URL: https://thecourseforum.com/course/MUSI/3050/All","logger":"task.stdout"}
{"timestamp":"2026-02-11T05:56:46.264799Z","level":"info","event":"Fetching URL: https://thecourseforum.com/course/MUSI/3065/All","logger":"task.stdout"}
{"timestamp":"2026-02-11T05:56:46.267169Z","level":"info","event":"Fetching URL: https://thecourseforum.com/course/MUSI/3307/All","logger":"task.stdout"}
{"timestamp":"2026-02-11T05:56:46.268749Z","level":"info","event":"Fetching URL: https://thecourseforum.com/course/MUSI/3310/All","logger":"task.stdout"}
{"timestamp":"2026-02-11T05:56:46.270006Z","level":"info","event":"Fetching URL: https://thecourseforum.com/course/MUSI/3320/All","logger":"task.stdout"}
{"timestamp":"2026-02-11T05:56:46.271603Z","level":"info","event":"Fetching URL: https://thecourseforum.com/course/NASC/1100/All","logger":"task.stdout"}
{"timestamp":"2026-02-11T05:56:46.275172Z","level":"info","event":"Fetching URL: https://thecourseforum.com/course/NASC/2200/All","logger":"task.stdout"}
{"timestamp":"2026-02-11T05:56:46.276898Z","level":"info","event":"Fetching URL: https://thecourseforum.com/course/NASC/3200/All","logger":"task.stdout"}
{"timestamp":"2026-02-11T05:56:46.278929Z","level":"info","event":"Fetching URL: https://thecourseforum.com/course/NASC/3630/All","logger":"task.stdout"}
{"timestamp":"2026-02-11T05:56:46.281206Z","level":"info","event":"Fetching URL: https://thecourseforum.com/course/NASC/4000/All","logger":"task.stdout"}
{"timestamp":"2026-02-11T05:56:46.283784Z","level":"info","event":"Fetching URL: https://thecourseforum.com/course/NASC/4200/All","logger":"task.stdout"}
{"timestamp":"2026-02-11T05:56:46.284869Z","level":"info","event":"Fetching URL: https://thecourseforum.com/course/NESC/3960/All","logger":"task.stdout"}
{"timestamp":"2026-02-11T05:56:46.288390Z","level":"info","event":"Fetching URL: https://thecourseforum.com/course/NESC/3985/All","logger":"task.stdout"}
{"timestamp":"2026-02-11T05:56:46.289545Z","level":"info","event":"Fetching URL: https://thecourseforum.com/course/NESC/3995/All","logger":"task.stdout"}
{"timestamp":"2026-02-11T05:56:46.290844Z","level":"info","event":"Fetching URL: https://thecourseforum.com/course/NESC/4030/All","logger":"task.stdout"}
{"timestamp":"2026-02-11T05:56:46.292554Z","level":"info","event":"Fetching URL: https://thecourseforum.com/course/NESC/4046/All","logger":"task.stdout"}
{"timestamp":"2026-02-11T05:56:46.295876Z","level":"info","event":"Fetching URL: https://thecourseforum.com/course/NESC/4980/All","logger":"task.stdout"}
{"timestamp":"2026-02-11T05:56:46.298826Z","level":"info","event":"Fetching URL: https://thecourseforum.com/course/NUCO/2440/All","logger":"task.stdout"}
{"timestamp":"2026-02-11T05:56:46.301081Z","level":"info","event":"Fetching URL: https://thecourseforum.com/course/NUCO/3310/All","logger":"task.stdout"}
{"timestamp":"2026-02-11T05:56:46.303151Z","level":"info","event":"Fetching URL: https://thecourseforum.com/course/NUCO/3610/All","logger":"task.stdout"}
{"timestamp":"2026-02-11T05:56:46.305314Z","level":"info","event":"Fetching URL: https://thecourseforum.com/course/NUCO/4056/All","logger":"task.stdout"}
{"timestamp":"2026-02-11T05:56:46.306943Z","level":"info","event":"Fetching URL: https://thecourseforum.com/course/NUCO/4210/All","logger":"task.stdout"}
{"timestamp":"2026-02-11T05:56:46.309386Z","level":"info","event":"Fetching URL: https://thecourseforum.com/course/NUCO/4310/All","logger":"task.stdout"}
{"timestamp":"2026-02-11T05:56:46.311378Z","level":"info","event":"Fetching URL: https://thecourseforum.com/course/NUCO/4440/All","logger":"task.stdout"}
{"timestamp":"2026-02-11T05:56:46.313167Z","level":"info","event":"Fetching URL: https://thecourseforum.com/course/NUCO/4450/All","logger":"task.stdout"}
{"timestamp":"2026-02-11T05:56:46.314842Z","level":"info","event":"Fetching URL: https://thecourseforum.com/course/NUCO/4559/All","logger":"task.stdout"}
{"timestamp":"2026-02-11T05:56:46.317348Z","level":"info","event":"Fetching URL: https://thecourseforum.com/course/NUCO/4710/All","logger":"task.stdout"}
{"timestamp":"2026-02-11T05:56:46.319205Z","level":"info","event":"Fetching URL: https://thecourseforum.com/course/NUCO/4720/All","logger":"task.stdout"}
{"timestamp":"2026-02-11T05:56:46.321061Z","level":"info","event":"Fetching URL: https://thecourseforum.com/course/NUCO/4730/All","logger":"task.stdout"}
{"timestamp":"2026-02-11T05:56:46.322846Z","level":"info","event":"Fetching URL: https://thecourseforum.com/course/NUCO/2220/All","logger":"task.stdout"}
{"timestamp":"2026-02-11T05:56:46.324798Z","level":"info","event":"Fetching URL: https://thecourseforum.com/course/NUIP/2070/All","logger":"task.stdout"}
{"timestamp":"2026-02-11T05:56:46.326085Z","level":"info","event":"Fetching URL: https://thecourseforum.com/course/NUIP/2080/All","logger":"task.stdout"}
{"timestamp":"2026-02-11T05:56:46.327991Z","level":"info","event":"Fetching URL: https://thecourseforum.com/course/NUIP/2250/All","logger":"task.stdout"}
{"timestamp":"2026-02-11T05:56:46.330209Z","level":"info","event":"Fetching URL: https://thecourseforum.com/course/NUIP/2311/All","logger":"task.stdout"}
{"timestamp":"2026-02-11T05:56:46.332142Z","level":"info","event":"Fetching URL: https://thecourseforum.com/course/NUIP/2430/All","logger":"task.stdout"}
{"timestamp":"2026-02-11T05:56:46.333475Z","level":"info","event":"Fetching URL: https://thecourseforum.com/course/NUIP/3230/All","logger":"task.stdout"}
{"timestamp":"2026-02-11T05:56:46.334971Z","level":"info","event":"Fetching URL: https://thecourseforum.com/course/NUIP/3311/All","logger":"task.stdout"}
{"timestamp":"2026-02-11T05:56:46.336876Z","level":"info","event":"Fetching URL: https://thecourseforum.com/course/NUIP/3420/All","logger":"task.stdout"}
{"timestamp":"2026-02-11T05:56:46.339508Z","level":"info","event":"Fetching URL: https://thecourseforum.com/course/NUIP/3430/All","logger":"task.stdout"}
{"timestamp":"2026-02-11T05:56:46.342074Z","level":"info","event":"Fetching URL: https://thecourseforum.com/course/NUIP/4006/All","logger":"task.stdout"}
{"timestamp":"2026-02-11T05:56:46.344473Z","level":"info","event":"Fetching URL: https://thecourseforum.com/course/NUIP/4430/All","logger":"task.stdout"}
{"timestamp":"2026-02-11T05:56:46.346238Z","level":"info","event":"Fetching URL: https://thecourseforum.com/course/NUIP/4420/All","logger":"task.stdout"}
{"timestamp":"2026-02-11T05:56:46.348145Z","level":"info","event":"Fetching URL: https://thecourseforum.com/course/NURS/3003/All","logger":"task.stdout"}
{"timestamp":"2026-02-11T05:56:46.350051Z","level":"info","event":"Fetching URL: https://thecourseforum.com/course/NURS/3005/All","logger":"task.stdout"}
{"timestamp":"2026-02-11T05:56:46.351273Z","level":"info","event":"Fetching URL: https://thecourseforum.com/course/NURS/3006/All","logger":"task.stdout"}
{"timestamp":"2026-02-11T05:56:46.352732Z","level":"info","event":"Fetching URL: https://thecourseforum.com/course/NURS/4006/All","logger":"task.stdout"}
{"timestamp":"2026-02-11T05:56:46.354810Z","level":"info","event":"Fetching URL: https://thecourseforum.com/course/NURS/4951/All","logger":"task.stdout"}
{"timestamp":"2026-02-11T05:56:46.356425Z","level":"info","event":"Fetching URL: https://thecourseforum.com/course/NURS/4993/All","logger":"task.stdout"}
{"timestamp":"2026-02-11T05:56:46.358268Z","level":"info","event":"Fetching URL: https://thecourseforum.com/course/PHIL/3330/All","logger":"task.stdout"}
{"timestamp":"2026-02-11T05:56:46.359770Z","level":"info","event":"Fetching URL: https://thecourseforum.com/course/PHIL/3500/All","logger":"task.stdout"}
{"timestamp":"2026-02-11T05:56:46.360881Z","level":"info","event":"Fetching URL: https://thecourseforum.com/course/PHIL/3520/All","logger":"task.stdout"}
{"timestamp":"2026-02-11T05:56:46.362220Z","level":"info","event":"Fetching URL: https://thecourseforum.com/course/PHIL/3640/All","logger":"task.stdout"}
{"timestamp":"2026-02-11T05:56:46.364934Z","level":"info","event":"Fetching URL: https://thecourseforum.com/course/PHIL/3720/All","logger":"task.stdout"}
{"timestamp":"2026-02-11T05:56:46.368242Z","level":"info","event":"Fetching URL: https://thecourseforum.com/course/PHIL/4993/All","logger":"task.stdout"}
{"timestamp":"2026-02-11T05:56:46.371335Z","level":"info","event":"Fetching URL: https://thecourseforum.com/course/PHIL/4995/All","logger":"task.stdout"}
{"timestamp":"2026-02-11T05:56:46.373902Z","level":"info","event":"Fetching URL: https://thecourseforum.com/course/PHIL/4999/All","logger":"task.stdout"}
{"timestamp":"2026-02-11T05:56:46.375755Z","level":"info","event":"Fetching URL: https://thecourseforum.com/course/PHIL/1410/All","logger":"task.stdout"}
{"timestamp":"2026-02-11T05:56:46.377470Z","level":"info","event":"Fetching URL: https://thecourseforum.com/course/PHIL/1510/All","logger":"task.stdout"}
{"timestamp":"2026-02-11T05:56:46.378842Z","level":"info","event":"Fetching URL: https://thecourseforum.com/course/PHIL/1730/All","logger":"task.stdout"}
{"timestamp":"2026-02-11T05:56:46.380669Z","level":"info","event":"Fetching URL: https://thecourseforum.com/course/PHIL/2060/All","logger":"task.stdout"}
{"timestamp":"2026-02-11T05:56:46.382854Z","level":"info","event":"Fetching URL: https://thecourseforum.com/course/PHIL/2120/All","logger":"task.stdout"}
{"timestamp":"2026-02-11T05:56:46.384477Z","level":"info","event":"Fetching URL: https://thecourseforum.com/course/PHIL/2350/All","logger":"task.stdout"}
{"timestamp":"2026-02-11T05:56:46.386655Z","level":"info","event":"Fetching URL: https://thecourseforum.com/course/PHIL/2500/All","logger":"task.stdout"}
{"timestamp":"2026-02-11T05:56:46.388676Z","level":"info","event":"Fetching URL: https://thecourseforum.com/course/PHIL/2510/All","logger":"task.stdout"}
{"timestamp":"2026-02-11T05:56:46.391013Z","level":"info","event":"Fetching URL: https://thecourseforum.com/course/PHIL/2660/All","logger":"task.stdout"}
{"timestamp":"2026-02-11T05:56:46.394147Z","level":"info","event":"Fetching URL: https://thecourseforum.com/course/PHIL/3160/All","logger":"task.stdout"}
{"timestamp":"2026-02-11T05:56:46.396773Z","level":"info","event":"Fetching URL: https://thecourseforum.com/course/PHIL/3310/All","logger":"task.stdout"}
{"timestamp":"2026-02-11T05:56:46.398829Z","level":"info","event":"Fetching URL: https://thecourseforum.com/course/PHS/3050/All","logger":"task.stdout"}
{"timestamp":"2026-02-11T05:56:46.401258Z","level":"info","event":"Fetching URL: https://thecourseforum.com/course/PHS/3102/All","logger":"task.stdout"}
{"timestamp":"2026-02-11T05:56:46.403328Z","level":"info","event":"Fetching URL: https://thecourseforum.com/course/PHS/3104/All","logger":"task.stdout"}
{"timestamp":"2026-02-11T05:56:46.405471Z","level":"info","event":"Fetching URL: https://thecourseforum.com/course/PHS/3825/All","logger":"task.stdout"}
{"timestamp":"2026-02-11T05:56:46.408124Z","level":"info","event":"Fetching URL: https://thecourseforum.com/course/PHS/4050/All","logger":"task.stdout"}
{"timestamp":"2026-02-11T05:56:46.411201Z","level":"info","event":"Fetching URL: https://thecourseforum.com/course/PHS/4991/All","logger":"task.stdout"}
{"timestamp":"2026-02-11T05:56:46.413608Z","level":"info","event":"Fetching URL: https://thecourseforum.com/course/PHYS/1010/All","logger":"task.stdout"}
{"timestamp":"2026-02-11T05:56:46.415472Z","level":"info","event":"Fetching URL: https://thecourseforum.com/course/PHYS/1060/All","logger":"task.stdout"}
{"timestamp":"2026-02-11T05:56:46.417162Z","level":"info","event":"Fetching URL: https://thecourseforum.com/course/PHYS/1420/All","logger":"task.stdout"}
{"timestamp":"2026-02-11T05:56:46.418304Z","level":"info","event":"Fetching URL: https://thecourseforum.com/course/PHYS/1425/All","logger":"task.stdout"}
{"timestamp":"2026-02-11T05:56:46.419943Z","level":"info","event":"Fetching URL: https://thecourseforum.com/course/PHYS/1429/All","logger":"task.stdout"}
{"timestamp":"2026-02-11T05:56:46.421813Z","level":"info","event":"Fetching URL: https://thecourseforum.com/course/PHYS/1655/All","logger":"task.stdout"}
{"timestamp":"2026-02-11T05:56:46.423961Z","level":"info","event":"Fetching URL: https://thecourseforum.com/course/PHYS/1660/All","logger":"task.stdout"}
{"timestamp":"2026-02-11T05:56:46.426276Z","level":"info","event":"Fetching URL: https://thecourseforum.com/course/PHYS/2020/All","logger":"task.stdout"}
{"timestamp":"2026-02-11T05:56:46.428313Z","level":"info","event":"Fetching URL: https://thecourseforum.com/course/PHYS/2040/All","logger":"task.stdout"}
{"timestamp":"2026-02-11T05:56:46.429930Z","level":"info","event":"Fetching URL: https://thecourseforum.com/course/PHYS/2415/All","logger":"task.stdout"}
{"timestamp":"2026-02-11T05:56:46.431972Z","level":"info","event":"Fetching URL: https://thecourseforum.com/course/PHYS/2419/All","logger":"task.stdout"}
{"timestamp":"2026-02-11T05:56:46.433601Z","level":"info","event":"Fetching URL: https://thecourseforum.com/course/PHYS/2620/All","logger":"task.stdout"}
{"timestamp":"2026-02-11T05:56:46.434788Z","level":"info","event":"Fetching URL: https://thecourseforum.com/course/PHYS/2720/All","logger":"task.stdout"}
{"timestamp":"2026-02-11T05:56:46.436020Z","level":"info","event":"Fetching URL: https://thecourseforum.com/course/PHYS/3040/All","logger":"task.stdout"}
{"timestamp":"2026-02-11T05:56:46.437492Z","level":"info","event":"Fetching URL: https://thecourseforum.com/course/PHYS/3120/All","logger":"task.stdout"}
{"timestamp":"2026-02-11T05:56:46.439010Z","level":"info","event":"Fetching URL: https://thecourseforum.com/course/PHYS/3140/All","logger":"task.stdout"}
{"timestamp":"2026-02-11T05:56:46.440909Z","level":"info","event":"Fetching URL: https://thecourseforum.com/course/PHYS/3180/All","logger":"task.stdout"}
{"timestamp":"2026-02-11T05:56:46.443273Z","level":"info","event":"Fetching URL: https://thecourseforum.com/course/PHYS/3250/All","logger":"task.stdout"}
{"timestamp":"2026-02-11T05:56:46.445505Z","level":"info","event":"Fetching URL: https://thecourseforum.com/course/PHYS/3340/All","logger":"task.stdout"}
{"timestamp":"2026-02-11T05:56:46.447235Z","level":"info","event":"Fetching URL: https://thecourseforum.com/course/PHYS/3420/All","logger":"task.stdout"}
{"timestamp":"2026-02-11T05:56:46.448807Z","level":"info","event":"Fetching URL: https://thecourseforum.com/course/PHYS/3620/All","logger":"task.stdout"}
{"timestamp":"2026-02-11T05:56:46.450169Z","level":"info","event":"Fetching URL: https://thecourseforum.com/course/PHYS/3660/All","logger":"task.stdout"}
{"timestamp":"2026-02-11T05:56:46.453299Z","level":"info","event":"Fetching URL: https://thecourseforum.com/course/PHYS/3993/All","logger":"task.stdout"}
{"timestamp":"2026-02-11T05:56:46.455324Z","level":"info","event":"Fetching URL: https://thecourseforum.com/course/PHYS/3995/All","logger":"task.stdout"}
{"timestamp":"2026-02-11T05:56:46.457207Z","level":"info","event":"Fetching URL: https://thecourseforum.com/course/PLCP/3500/All","logger":"task.stdout"}
{"timestamp":"2026-02-11T05:56:46.459034Z","level":"info","event":"Fetching URL: https://thecourseforum.com/course/PLCP/4150/All","logger":"task.stdout"}
{"timestamp":"2026-02-11T05:56:46.461243Z","level":"info","event":"Fetching URL: https://thecourseforum.com/course/PLCP/4201/All","logger":"task.stdout"}
{"timestamp":"2026-02-11T05:56:46.462333Z","level":"info","event":"Fetching URL: https://thecourseforum.com/course/PLCP/4270/All","logger":"task.stdout"}
{"timestamp":"2026-02-11T05:56:46.464197Z","level":"info","event":"Fetching URL: https://thecourseforum.com/course/PLCP/4280/All","logger":"task.stdout"}
{"timestamp":"2026-02-11T05:56:46.465472Z","level":"info","event":"Fetching URL: https://thecourseforum.com/course/PLCP/4500/All","logger":"task.stdout"}
{"timestamp":"2026-02-11T05:56:46.466741Z","level":"info","event":"Fetching URL: https://thecourseforum.com/course/PLCP/3150/All","logger":"task.stdout"}
{"timestamp":"2026-02-11T05:56:46.468301Z","level":"info","event":"Fetching URL: https://thecourseforum.com/course/PLIR/2020/All","logger":"task.stdout"}
{"timestamp":"2026-02-11T05:56:46.469790Z","level":"info","event":"Fetching URL: https://thecourseforum.com/course/PLIR/2030/All","logger":"task.stdout"}
{"timestamp":"2026-02-11T05:56:46.471997Z","level":"info","event":"Fetching URL: https://thecourseforum.com/course/PLIR/3080/All","logger":"task.stdout"}
{"timestamp":"2026-02-11T05:56:46.473995Z","level":"info","event":"Fetching URL: https://thecourseforum.com/course/PLIR/3500/All","logger":"task.stdout"}
{"timestamp":"2026-02-11T05:56:46.475310Z","level":"info","event":"Fetching URL: https://thecourseforum.com/course/PLIR/4150/All","logger":"task.stdout"}
{"timestamp":"2026-02-11T05:56:46.477162Z","level":"info","event":"Fetching URL: https://thecourseforum.com/course/PLIR/4380/All","logger":"task.stdout"}
{"timestamp":"2026-02-11T05:56:46.479532Z","level":"info","event":"Fetching URL: https://thecourseforum.com/course/PLIR/4410/All","logger":"task.stdout"}
{"timestamp":"2026-02-11T05:56:46.481121Z","level":"info","event":"Fetching URL: https://thecourseforum.com/course/PLIR/4431/All","logger":"task.stdout"}
{"timestamp":"2026-02-11T05:56:46.482302Z","level":"info","event":"Fetching URL: https://thecourseforum.com/course/PLIR/4500/All","logger":"task.stdout"}
{"timestamp":"2026-02-11T05:56:46.483966Z","level":"info","event":"Fetching URL: https://thecourseforum.com/course/PLIR/4990/All","logger":"task.stdout"}
{"timestamp":"2026-02-11T05:56:46.485157Z","level":"info","event":"Fetching URL: https://thecourseforum.com/course/PSYC/3490/All","logger":"task.stdout"}
{"timestamp":"2026-02-11T05:56:46.486431Z","level":"info","event":"Fetching URL: https://thecourseforum.com/course/PSYC/3160/All","logger":"task.stdout"}
{"timestamp":"2026-02-11T05:56:46.488299Z","level":"info","event":"Fetching URL: https://thecourseforum.com/course/PSYC/3200/All","logger":"task.stdout"}
{"timestamp":"2026-02-11T05:56:46.490916Z","level":"info","event":"Fetching URL: https://thecourseforum.com/course/PSYC/3500/All","logger":"task.stdout"}
{"timestamp":"2026-02-11T05:56:46.494323Z","level":"info","event":"Fetching URL: https://thecourseforum.com/course/PSYC/3560/All","logger":"task.stdout"}
{"timestamp":"2026-02-11T05:56:46.497075Z","level":"info","event":"Fetching URL: https://thecourseforum.com/course/PSYC/3310/All","logger":"task.stdout"}
{"timestamp":"2026-02-11T05:56:46.498959Z","level":"info","event":"Fetching URL: https://thecourseforum.com/course/PSYC/1020/All","logger":"task.stdout"}
{"timestamp":"2026-02-11T05:56:46.501001Z","level":"info","event":"Fetching URL: https://thecourseforum.com/course/PSYC/2005/All","logger":"task.stdout"}
{"timestamp":"2026-02-11T05:56:46.502735Z","level":"info","event":"Fetching URL: https://thecourseforum.com/course/PSYC/2150/All","logger":"task.stdout"}
{"timestamp":"2026-02-11T05:56:46.505296Z","level":"info","event":"Fetching URL: https://thecourseforum.com/course/PSYC/2200/All","logger":"task.stdout"}
{"timestamp":"2026-02-11T05:56:46.506844Z","level":"info","event":"Fetching URL: https://thecourseforum.com/course/PSYC/2410/All","logger":"task.stdout"}
{"timestamp":"2026-02-11T05:56:46.508127Z","level":"info","event":"Fetching URL: https://thecourseforum.com/course/PSYC/2600/All","logger":"task.stdout"}
{"timestamp":"2026-02-11T05:56:46.509979Z","level":"info","event":"Fetching URL: https://thecourseforum.com/course/PSYC/2700/All","logger":"task.stdout"}
{"timestamp":"2026-02-11T05:56:46.512264Z","level":"info","event":"Fetching URL: https://thecourseforum.com/course/PSYC/3006/All","logger":"task.stdout"}
{"timestamp":"2026-02-11T05:56:46.513975Z","level":"info","event":"Fetching URL: https://thecourseforum.com/course/PSYC/3415/All","logger":"task.stdout"}
{"timestamp":"2026-02-11T05:56:46.515497Z","level":"info","event":"Fetching URL: https://thecourseforum.com/course/PSYC/3420/All","logger":"task.stdout"}
{"timestamp":"2026-02-11T05:56:46.516882Z","level":"info","event":"Fetching URL: https://thecourseforum.com/course/PSYC/3440/All","logger":"task.stdout"}
{"timestamp":"2026-02-11T05:56:46.518255Z","level":"info","event":"Fetching URL: https://thecourseforum.com/course/PSYC/3445/All","logger":"task.stdout"}
{"timestamp":"2026-02-11T05:56:46.520076Z","level":"info","event":"Fetching URL: https://thecourseforum.com/course/PSYC/3590/All","logger":"task.stdout"}
{"timestamp":"2026-02-11T05:56:46.522111Z","level":"info","event":"Fetching URL: https://thecourseforum.com/course/PSYC/3990/All","logger":"task.stdout"}
{"timestamp":"2026-02-11T05:56:46.524049Z","level":"info","event":"Fetching URL: https://thecourseforum.com/course/PSYC/3991/All","logger":"task.stdout"}
{"timestamp":"2026-02-11T05:56:46.526303Z","level":"info","event":"Fetching URL: https://thecourseforum.com/course/PSYC/4100/All","logger":"task.stdout"}
{"timestamp":"2026-02-11T05:56:46.528029Z","level":"info","event":"Fetching URL: https://thecourseforum.com/course/PSYC/4110/All","logger":"task.stdout"}
{"timestamp":"2026-02-11T05:56:46.529753Z","level":"info","event":"Fetching URL: https://thecourseforum.com/course/PSYC/4200/All","logger":"task.stdout"}
{"timestamp":"2026-02-11T05:56:46.531163Z","level":"info","event":"Fetching URL: https://thecourseforum.com/course/PSYC/4310/All","logger":"task.stdout"}
{"timestamp":"2026-02-11T05:56:46.533666Z","level":"info","event":"Fetching URL: https://thecourseforum.com/course/PSYC/4500/All","logger":"task.stdout"}
{"timestamp":"2026-02-11T05:56:46.535290Z","level":"info","event":"Fetching URL: https://thecourseforum.com/course/PSYC/4580/All","logger":"task.stdout"}
{"timestamp":"2026-02-11T05:56:46.536959Z","level":"info","event":"Fetching URL: https://thecourseforum.com/course/PSYC/4640/All","logger":"task.stdout"}
{"timestamp":"2026-02-11T05:56:46.538163Z","level":"info","event":"Fetching URL: https://thecourseforum.com/course/PSYC/4645/All","logger":"task.stdout"}
{"timestamp":"2026-02-11T05:56:46.540101Z","level":"info","event":"Fetching URL: https://thecourseforum.com/course/PSYC/4980/All","logger":"task.stdout"}
{"timestamp":"2026-02-11T05:56:46.541927Z","level":"info","event":"Fetching URL: https://thecourseforum.com/course/PLPT/3500/All","logger":"task.stdout"}
{"timestamp":"2026-02-11T05:56:46.544222Z","level":"info","event":"Fetching URL: https://thecourseforum.com/course/PLPT/4110/All","logger":"task.stdout"}
{"timestamp":"2026-02-11T05:56:46.546159Z","level":"info","event":"Fetching URL: https://thecourseforum.com/course/PLPT/4500/All","logger":"task.stdout"}
{"timestamp":"2026-02-11T05:56:46.549016Z","level":"info","event":"Fetching URL: https://thecourseforum.com/course/PLPT/1010/All","logger":"task.stdout"}
{"timestamp":"2026-02-11T05:56:46.551047Z","level":"info","event":"Fetching URL: https://thecourseforum.com/course/PLPT/3020/All","logger":"task.stdout"}
{"timestamp":"2026-02-11T05:56:46.553291Z","level":"info","event":"Fetching URL: https://thecourseforum.com/course/PLPT/3050/All","logger":"task.stdout"}
{"timestamp":"2026-02-11T05:56:46.554992Z","level":"info","event":"Fetching URL: https://thecourseforum.com/course/PLPT/3220/All","logger":"task.stdout"}
{"timestamp":"2026-02-11T05:56:46.556565Z","level":"info","event":"Fetching URL: https://thecourseforum.com/course/POL/1220/All","logger":"task.stdout"}
{"timestamp":"2026-02-11T05:56:46.558765Z","level":"info","event":"Fetching URL: https://thecourseforum.com/course/POL/2220/All","logger":"task.stdout"}
{"timestamp":"2026-02-11T05:56:46.561222Z","level":"info","event":"Fetching URL: https://thecourseforum.com/course/PORT/2050/All","logger":"task.stdout"}
{"timestamp":"2026-02-11T05:56:46.563440Z","level":"info","event":"Fetching URL: https://thecourseforum.com/course/PORT/2120/All","logger":"task.stdout"}
{"timestamp":"2026-02-11T05:56:46.568611Z","level":"info","event":"Fetching URL: https://thecourseforum.com/course/PORT/4920/All","logger":"task.stdout"}
{"timestamp":"2026-02-11T05:56:46.572277Z","level":"info","event":"Fetching URL: https://thecourseforum.com/course/POTR/4240/All","logger":"task.stdout"}
{"timestamp":"2026-02-11T05:56:46.573861Z","level":"info","event":"Fetching URL: https://thecourseforum.com/course/PPL/4010/All","logger":"task.stdout"}
{"timestamp":"2026-02-11T05:56:46.575826Z","level":"info","event":"Fetching URL: https://thecourseforum.com/course/PSHM/3080/All","logger":"task.stdout"}
{"timestamp":"2026-02-11T05:56:46.577264Z","level":"info","event":"Fetching URL: https://thecourseforum.com/course/PSHM/3805/All","logger":"task.stdout"}
{"timestamp":"2026-02-11T05:56:46.578979Z","level":"info","event":"Fetching URL: https://thecourseforum.com/course/PSHM/4650/All","logger":"task.stdout"}
{"timestamp":"2026-02-11T05:56:46.580744Z","level":"info","event":"Fetching URL: https://thecourseforum.com/course/PSHM/4700/All","logger":"task.stdout"}
{"timestamp":"2026-02-11T05:56:46.582793Z","level":"info","event":"Fetching URL: https://thecourseforum.com/course/PSHM/4750/All","logger":"task.stdout"}
{"timestamp":"2026-02-11T05:56:46.584534Z","level":"info","event":"Fetching URL: https://thecourseforum.com/course/PST/4870/All","logger":"task.stdout"}
{"timestamp":"2026-02-11T05:56:46.586140Z","level":"info","event":"Fetching URL: https://thecourseforum.com/course/PST/4989/All","logger":"task.stdout"}
{"timestamp":"2026-02-11T05:56:46.589193Z","level":"info","event":"Fetching URL: https://thecourseforum.com/course/PST/4993/All","logger":"task.stdout"}
{"timestamp":"2026-02-11T05:56:46.590479Z","level":"info","event":"Fetching URL: https://thecourseforum.com/course/PST/4999/All","logger":"task.stdout"}
{"timestamp":"2026-02-11T05:56:46.592027Z","level":"info","event":"Fetching URL: https://thecourseforum.com/course/RELG/4900/All","logger":"task.stdout"}
{"timestamp":"2026-02-11T05:56:46.593969Z","level":"info","event":"Fetching URL: https://thecourseforum.com/course/RELG/1000/All","logger":"task.stdout"}
{"timestamp":"2026-02-11T05:56:46.595294Z","level":"info","event":"Fetching URL: https://thecourseforum.com/course/RELG/1040/All","logger":"task.stdout"}
{"timestamp":"2026-02-11T05:56:46.596965Z","level":"info","event":"Fetching URL: https://thecourseforum.com/course/RELG/1200/All","logger":"task.stdout"}
{"timestamp":"2026-02-11T05:56:46.599779Z","level":"info","event":"Fetching URL: https://thecourseforum.com/course/RELG/2210/All","logger":"task.stdout"}
{"timestamp":"2026-02-11T05:56:46.602169Z","level":"info","event":"Fetching URL: https://thecourseforum.com/course/RELG/2266/All","logger":"task.stdout"}
{"timestamp":"2026-02-11T05:56:46.604315Z","level":"info","event":"Fetching URL: https://thecourseforum.com/course/RELG/2300/All","logger":"task.stdout"}
{"timestamp":"2026-02-11T05:56:46.606083Z","level":"info","event":"Fetching URL: https://thecourseforum.com/course/RELG/2464/All","logger":"task.stdout"}
{"timestamp":"2026-02-11T05:56:46.607829Z","level":"info","event":"Fetching URL: https://thecourseforum.com/course/RELG/2495/All","logger":"task.stdout"}
{"timestamp":"2026-02-11T05:56:46.609159Z","level":"info","event":"Fetching URL: https://thecourseforum.com/course/RELG/2660/All","logger":"task.stdout"}
{"timestamp":"2026-02-11T05:56:46.611218Z","level":"info","event":"Fetching URL: https://thecourseforum.com/course/RELG/3559/All","logger":"task.stdout"}
{"timestamp":"2026-02-11T05:56:46.613556Z","level":"info","event":"Fetching URL: https://thecourseforum.com/course/RELG/3713/All","logger":"task.stdout"}
{"timestamp":"2026-02-11T05:56:46.615490Z","level":"info","event":"Fetching URL: https://thecourseforum.com/course/RELG/3730/All","logger":"task.stdout"}
{"timestamp":"2026-02-11T05:56:46.617226Z","level":"info","event":"Fetching URL: https://thecourseforum.com/course/RELG/4500/All","logger":"task.stdout"}
{"timestamp":"2026-02-11T05:56:46.618624Z","level":"info","event":"Fetching URL: https://thecourseforum.com/course/RELS/4995/All","logger":"task.stdout"}
{"timestamp":"2026-02-11T05:56:46.619992Z","level":"info","event":"Fetching URL: https://thecourseforum.com/course/SANS/4993/All","logger":"task.stdout"}
{"timestamp":"2026-02-11T05:56:46.621981Z","level":"info","event":"Fetching URL: https://thecourseforum.com/course/SANS/1020/All","logger":"task.stdout"}
{"timestamp":"2026-02-11T05:56:46.624033Z","level":"info","event":"Fetching URL: https://thecourseforum.com/course/SANS/3024/All","logger":"task.stdout"}
{"timestamp":"2026-02-11T05:56:46.625552Z","level":"info","event":"Fetching URL: https://thecourseforum.com/course/RELH/2090/All","logger":"task.stdout"}
{"timestamp":"2026-02-11T05:56:46.626977Z","level":"info","event":"Fetching URL: https://thecourseforum.com/course/RELH/3180/All","logger":"task.stdout"}
{"timestamp":"2026-02-11T05:56:46.628878Z","level":"info","event":"Fetching URL: https://thecourseforum.com/course/RELI/2085/All","logger":"task.stdout"}
{"timestamp":"2026-02-11T05:56:46.630659Z","level":"info","event":"Fetching URL: https://thecourseforum.com/course/RELI/3110/All","logger":"task.stdout"}
{"timestamp":"2026-02-11T05:56:46.632175Z","level":"info","event":"Fetching URL: https://thecourseforum.com/course/RELI/3200/All","logger":"task.stdout"}
{"timestamp":"2026-02-11T05:56:46.633791Z","level":"info","event":"Fetching URL: https://thecourseforum.com/course/RELJ/1210/All","logger":"task.stdout"}
{"timestamp":"2026-02-11T05:56:46.634975Z","level":"info","event":"Fetching URL: https://thecourseforum.com/course/RELJ/2040/All","logger":"task.stdout"}
{"timestamp":"2026-02-11T05:56:46.636441Z","level":"info","event":"Fetching URL: https://thecourseforum.com/course/RELJ/2420/All","logger":"task.stdout"}
{"timestamp":"2026-02-11T05:56:46.638232Z","level":"info","event":"Fetching URL: https://thecourseforum.com/course/RELJ/3052/All","logger":"task.stdout"}
{"timestamp":"2026-02-11T05:56:46.640748Z","level":"info","event":"Fetching URL: https://thecourseforum.com/course/RELJ/3310/All","logger":"task.stdout"}
{"timestamp":"2026-02-11T05:56:46.642297Z","level":"info","event":"Fetching URL: https://thecourseforum.com/course/RELJ/3708/All","logger":"task.stdout"}
{"timestamp":"2026-02-11T05:56:46.643816Z","level":"info","event":"Fetching URL: https://thecourseforum.com/course/RUSS/1020/All","logger":"task.stdout"}
{"timestamp":"2026-02-11T05:56:46.645945Z","level":"info","event":"Fetching URL: https://thecourseforum.com/course/RUSS/2020/All","logger":"task.stdout"}
{"timestamp":"2026-02-11T05:56:46.647998Z","level":"info","event":"Fetching URL: https://thecourseforum.com/course/RUSS/3000/All","logger":"task.stdout"}
{"timestamp":"2026-02-11T05:56:46.651315Z","level":"info","event":"Fetching URL: https://thecourseforum.com/course/RUSS/3020/All","logger":"task.stdout"}
{"timestamp":"2026-02-11T05:56:46.653003Z","level":"info","event":"Fetching URL: https://thecourseforum.com/course/RUSS/3030/All","logger":"task.stdout"}
{"timestamp":"2026-02-11T05:56:46.654969Z","level":"info","event":"Fetching URL: https://thecourseforum.com/course/RUSS/4020/All","logger":"task.stdout"}
{"timestamp":"2026-02-11T05:56:46.657218Z","level":"info","event":"Fetching URL: https://thecourseforum.com/course/RUTR/2470/All","logger":"task.stdout"}
{"timestamp":"2026-02-11T05:56:46.659933Z","level":"info","event":"Fetching URL: https://thecourseforum.com/course/RUTR/2730/All","logger":"task.stdout"}
{"timestamp":"2026-02-11T05:56:46.661698Z","level":"info","event":"Fetching URL: https://thecourseforum.com/course/RUTR/3360/All","logger":"task.stdout"}
{"timestamp":"2026-02-11T05:56:46.662928Z","level":"info","event":"Fetching URL: https://thecourseforum.com/course/RUTR/3500/All","logger":"task.stdout"}
{"timestamp":"2026-02-11T05:56:46.664947Z","level":"info","event":"Fetching URL: https://thecourseforum.com/course/SATR/2110/All","logger":"task.stdout"}
{"timestamp":"2026-02-11T05:56:46.666060Z","level":"info","event":"Fetching URL: https://thecourseforum.com/course/SATR/3000/All","logger":"task.stdout"}
{"timestamp":"2026-02-11T05:56:46.667998Z","level":"info","event":"Fetching URL: https://thecourseforum.com/course/SEC/3010/All","logger":"task.stdout"}
{"timestamp":"2026-02-11T05:56:46.669950Z","level":"info","event":"Fetching URL: https://thecourseforum.com/course/SEC/3040/All","logger":"task.stdout"}
{"timestamp":"2026-02-11T05:56:46.671847Z","level":"info","event":"Fetching URL: https://thecourseforum.com/course/SLAV/2360/All","logger":"task.stdout"}
{"timestamp":"2026-02-11T05:56:46.673864Z","level":"info","event":"Fetching URL: https://thecourseforum.com/course/SLAV/3993/All","logger":"task.stdout"}
{"timestamp":"2026-02-11T05:56:46.675827Z","level":"info","event":"Fetching URL: https://thecourseforum.com/course/SLFK/2120/All","logger":"task.stdout"}
{"timestamp":"2026-02-11T05:56:46.678056Z","level":"info","event":"Fetching URL: https://thecourseforum.com/course/SLTR/3200/All","logger":"task.stdout"}
{"timestamp":"2026-02-11T05:56:46.680203Z","level":"info","event":"Fetching URL: https://thecourseforum.com/course/SOC/4981/All","logger":"task.stdout"}
{"timestamp":"2026-02-11T05:56:46.682189Z","level":"info","event":"Fetching URL: https://thecourseforum.com/course/SOC/3020/All","logger":"task.stdout"}
{"timestamp":"2026-02-11T05:56:46.684054Z","level":"info","event":"Fetching URL: https://thecourseforum.com/course/SOC/3056/All","logger":"task.stdout"}
{"timestamp":"2026-02-11T05:56:46.685904Z","level":"info","event":"Fetching URL: https://thecourseforum.com/course/SOC/3130/All","logger":"task.stdout"}
{"timestamp":"2026-02-11T05:56:46.687307Z","level":"info","event":"Fetching URL: https://thecourseforum.com/course/SOC/3290/All","logger":"task.stdout"}
{"timestamp":"2026-02-11T05:56:46.688999Z","level":"info","event":"Fetching URL: https://thecourseforum.com/course/SOC/3820/All","logger":"task.stdout"}
{"timestamp":"2026-02-11T05:56:46.690365Z","level":"info","event":"Fetching URL: https://thecourseforum.com/course/SOC/3320/All","logger":"task.stdout"}
{"timestamp":"2026-02-11T05:56:46.691660Z","level":"info","event":"Fetching URL: https://thecourseforum.com/course/SOC/3410/All","logger":"task.stdout"}
{"timestamp":"2026-02-11T05:56:46.693021Z","level":"info","event":"Fetching URL: https://thecourseforum.com/course/SOC/3490/All","logger":"task.stdout"}
{"timestamp":"2026-02-11T05:56:46.694436Z","level":"info","event":"Fetching URL: https://thecourseforum.com/course/SOC/3559/All","logger":"task.stdout"}
{"timestamp":"2026-02-11T05:56:46.696099Z","level":"info","event":"Fetching URL: https://thecourseforum.com/course/SOC/4100/All","logger":"task.stdout"}
{"timestamp":"2026-02-11T05:56:46.698100Z","level":"info","event":"Fetching URL: https://thecourseforum.com/course/SOC/4400/All","logger":"task.stdout"}
{"timestamp":"2026-02-11T05:56:46.699352Z","level":"info","event":"Fetching URL: https://thecourseforum.com/course/SOC/4520/All","logger":"task.stdout"}
{"timestamp":"2026-02-11T05:56:46.700958Z","level":"info","event":"Fetching URL: https://thecourseforum.com/course/SOC/4530/All","logger":"task.stdout"}
{"timestamp":"2026-02-11T05:56:46.702291Z","level":"info","event":"Fetching URL: https://thecourseforum.com/course/SOC/4550/All","logger":"task.stdout"}
{"timestamp":"2026-02-11T05:56:46.703355Z","level":"info","event":"Fetching URL: https://thecourseforum.com/course/SOC/4559/All","logger":"task.stdout"}
{"timestamp":"2026-02-11T05:56:46.704923Z","level":"info","event":"Fetching URL: https://thecourseforum.com/course/SOC/4560/All","logger":"task.stdout"}
{"timestamp":"2026-02-11T05:56:46.706276Z","level":"info","event":"Fetching URL: https://thecourseforum.com/course/SOC/4970/All","logger":"task.stdout"}
{"timestamp":"2026-02-11T05:56:46.709011Z","level":"info","event":"Fetching URL: https://thecourseforum.com/course/SOC/1010/All","logger":"task.stdout"}
{"timestamp":"2026-02-11T05:56:46.710085Z","level":"info","event":"Fetching URL: https://thecourseforum.com/course/SOC/1220/All","logger":"task.stdout"}
{"timestamp":"2026-02-11T05:56:46.712318Z","level":"info","event":"Fetching URL: https://thecourseforum.com/course/SOC/2010/All","logger":"task.stdout"}
{"timestamp":"2026-02-11T05:56:46.714843Z","level":"info","event":"Fetching URL: https://thecourseforum.com/course/SOC/2052/All","logger":"task.stdout"}
{"timestamp":"2026-02-11T05:56:46.716519Z","level":"info","event":"Fetching URL: https://thecourseforum.com/course/SOC/2280/All","logger":"task.stdout"}
{"timestamp":"2026-02-11T05:56:46.718863Z","level":"info","event":"Fetching URL: https://thecourseforum.com/course/SOC/2320/All","logger":"task.stdout"}
{"timestamp":"2026-02-11T05:56:46.720414Z","level":"info","event":"Fetching URL: https://thecourseforum.com/course/SOC/2442/All","logger":"task.stdout"}
{"timestamp":"2026-02-11T05:56:46.722124Z","level":"info","event":"Fetching URL: https://thecourseforum.com/course/SOC/2595/All","logger":"task.stdout"}
{"timestamp":"2026-02-11T05:56:46.724362Z","level":"info","event":"Fetching URL: https://thecourseforum.com/course/SOC/2900/All","logger":"task.stdout"}
{"timestamp":"2026-02-11T05:56:46.726144Z","level":"info","event":"Fetching URL: https://thecourseforum.com/course/SPAN/1020/All","logger":"task.stdout"}
{"timestamp":"2026-02-11T05:56:46.727537Z","level":"info","event":"Fetching URL: https://thecourseforum.com/course/SPAN/1060/All","logger":"task.stdout"}
{"timestamp":"2026-02-11T05:56:46.728946Z","level":"info","event":"Fetching URL: https://thecourseforum.com/course/SPAN/2010/All","logger":"task.stdout"}
{"timestamp":"2026-02-11T05:56:46.730108Z","level":"info","event":"Fetching URL: https://thecourseforum.com/course/SPAN/4040/All","logger":"task.stdout"}
{"timestamp":"2026-02-11T05:56:46.732238Z","level":"info","event":"Fetching URL: https://thecourseforum.com/course/SPAN/4202/All","logger":"task.stdout"}
{"timestamp":"2026-02-11T05:56:46.734225Z","level":"info","event":"Fetching URL: https://thecourseforum.com/course/SPAN/4203/All","logger":"task.stdout"}
{"timestamp":"2026-02-11T05:56:46.736021Z","level":"info","event":"Fetching URL: https://thecourseforum.com/course/SPAN/4210/All","logger":"task.stdout"}
{"timestamp":"2026-02-11T05:56:46.737746Z","level":"info","event":"Fetching URL: https://thecourseforum.com/course/SPAN/4520/All","logger":"task.stdout"}
{"timestamp":"2026-02-11T05:56:46.738912Z","level":"info","event":"Fetching URL: https://thecourseforum.com/course/SPAN/4530/All","logger":"task.stdout"}
{"timestamp":"2026-02-11T05:56:46.740851Z","level":"info","event":"Fetching URL: https://thecourseforum.com/course/SPAN/4559/All","logger":"task.stdout"}
{"timestamp":"2026-02-11T05:56:46.742486Z","level":"info","event":"Fetching URL: https://thecourseforum.com/course/SPAN/4710/All","logger":"task.stdout"}
{"timestamp":"2026-02-11T05:56:46.744161Z","level":"info","event":"Fetching URL: https://thecourseforum.com/course/SPAN/4800/All","logger":"task.stdout"}
{"timestamp":"2026-02-11T05:56:46.746243Z","level":"info","event":"Fetching URL: https://thecourseforum.com/course/SPAN/4989/All","logger":"task.stdout"}
{"timestamp":"2026-02-11T05:56:46.747780Z","level":"info","event":"Fetching URL: https://thecourseforum.com/course/SPAN/2020/All","logger":"task.stdout"}
{"timestamp":"2026-02-11T05:56:46.749045Z","level":"info","event":"Fetching URL: https://thecourseforum.com/course/SPAN/3000/All","logger":"task.stdout"}
{"timestamp":"2026-02-11T05:56:46.750971Z","level":"info","event":"Fetching URL: https://thecourseforum.com/course/SPAN/3010/All","logger":"task.stdout"}
{"timestamp":"2026-02-11T05:56:46.752765Z","level":"info","event":"Fetching URL: https://thecourseforum.com/course/SPAN/3015/All","logger":"task.stdout"}
{"timestamp":"2026-02-11T05:56:46.754911Z","level":"info","event":"Fetching URL: https://thecourseforum.com/course/SPAN/3030/All","logger":"task.stdout"}
{"timestamp":"2026-02-11T05:56:46.756993Z","level":"info","event":"Fetching URL: https://thecourseforum.com/course/SPAN/3040/All","logger":"task.stdout"}
{"timestamp":"2026-02-11T05:56:46.758939Z","level":"info","event":"Fetching URL: https://thecourseforum.com/course/SPAN/3050/All","logger":"task.stdout"}
{"timestamp":"2026-02-11T05:56:46.760024Z","level":"info","event":"Fetching URL: https://thecourseforum.com/course/SPAN/3070/All","logger":"task.stdout"}
{"timestamp":"2026-02-11T05:56:46.762102Z","level":"info","event":"Fetching URL: https://thecourseforum.com/course/SPAN/3200/All","logger":"task.stdout"}
{"timestamp":"2026-02-11T05:56:46.763839Z","level":"info","event":"Fetching URL: https://thecourseforum.com/course/SPAN/3300/All","logger":"task.stdout"}
{"timestamp":"2026-02-11T05:56:46.766002Z","level":"info","event":"Fetching URL: https://thecourseforum.com/course/SPAN/3400/All","logger":"task.stdout"}
{"timestamp":"2026-02-11T05:56:46.767170Z","level":"info","event":"Fetching URL: https://thecourseforum.com/course/SPAN/3410/All","logger":"task.stdout"}
{"timestamp":"2026-02-11T05:56:46.768926Z","level":"info","event":"Fetching URL: https://thecourseforum.com/course/SPAN/3420/All","logger":"task.stdout"}
{"timestamp":"2026-02-11T05:56:46.771215Z","level":"info","event":"Fetching URL: https://thecourseforum.com/course/SPAN/3430/All","logger":"task.stdout"}
{"timestamp":"2026-02-11T05:56:46.772622Z","level":"info","event":"Fetching URL: https://thecourseforum.com/course/STAT/1100/All","logger":"task.stdout"}
{"timestamp":"2026-02-11T05:56:46.774203Z","level":"info","event":"Fetching URL: https://thecourseforum.com/course/STAT/1601/All","logger":"task.stdout"}
{"timestamp":"2026-02-11T05:56:46.777122Z","level":"info","event":"Fetching URL: https://thecourseforum.com/course/STAT/1602/All","logger":"task.stdout"}
{"timestamp":"2026-02-11T05:56:46.779605Z","level":"info","event":"Fetching URL: https://thecourseforum.com/course/STAT/2020/All","logger":"task.stdout"}
{"timestamp":"2026-02-11T05:56:46.782128Z","level":"info","event":"Fetching URL: https://thecourseforum.com/course/STAT/2120/All","logger":"task.stdout"}
{"timestamp":"2026-02-11T05:56:46.784001Z","level":"info","event":"Fetching URL: https://thecourseforum.com/course/STAT/3080/All","logger":"task.stdout"}
{"timestamp":"2026-02-11T05:56:46.785515Z","level":"info","event":"Fetching URL: https://thecourseforum.com/course/STAT/3110/All","logger":"task.stdout"}
{"timestamp":"2026-02-11T05:56:46.788092Z","level":"info","event":"Fetching URL: https://thecourseforum.com/course/STAT/3120/All","logger":"task.stdout"}
{"timestamp":"2026-02-11T05:56:46.789511Z","level":"info","event":"Fetching URL: https://thecourseforum.com/course/STAT/3220/All","logger":"task.stdout"}
{"timestamp":"2026-02-11T05:56:46.791010Z","level":"info","event":"Fetching URL: https://thecourseforum.com/course/STAT/3250/All","logger":"task.stdout"}
{"timestamp":"2026-02-11T05:56:46.792244Z","level":"info","event":"Fetching URL: https://thecourseforum.com/course/STAT/3280/All","logger":"task.stdout"}
{"timestamp":"2026-02-11T05:56:46.793620Z","level":"info","event":"Fetching URL: https://thecourseforum.com/course/STAT/3480/All","logger":"task.stdout"}
{"timestamp":"2026-02-11T05:56:46.795016Z","level":"info","event":"Fetching URL: https://thecourseforum.com/course/STAT/3559/All","logger":"task.stdout"}
{"timestamp":"2026-02-11T05:56:46.796848Z","level":"info","event":"Fetching URL: https://thecourseforum.com/course/STAT/4120/All","logger":"task.stdout"}
{"timestamp":"2026-02-11T05:56:46.798904Z","level":"info","event":"Fetching URL: https://thecourseforum.com/course/STAT/4160/All","logger":"task.stdout"}
{"timestamp":"2026-02-11T05:56:46.800988Z","level":"info","event":"Fetching URL: https://thecourseforum.com/course/STAT/4220/All","logger":"task.stdout"}
{"timestamp":"2026-02-11T05:56:46.802392Z","level":"info","event":"Fetching URL: https://thecourseforum.com/course/STAT/4993/All","logger":"task.stdout"}
{"timestamp":"2026-02-11T05:56:46.803829Z","level":"info","event":"Fetching URL: https://thecourseforum.com/course/STAT/4996/All","logger":"task.stdout"}
{"timestamp":"2026-02-11T05:56:46.804882Z","level":"info","event":"Fetching URL: https://thecourseforum.com/course/URDU/4993/All","logger":"task.stdout"}
{"timestamp":"2026-02-11T05:56:46.806075Z","level":"info","event":"Fetching URL: https://thecourseforum.com/course/URDU/2020/All","logger":"task.stdout"}
{"timestamp":"2026-02-11T05:56:46.808298Z","level":"info","event":"Fetching URL: https://thecourseforum.com/course/URDU/3050/All","logger":"task.stdout"}
{"timestamp":"2026-02-11T05:56:46.809938Z","level":"info","event":"Fetching URL: https://thecourseforum.com/course/WGS/3993/All","logger":"task.stdout"}
{"timestamp":"2026-02-11T05:56:46.812127Z","level":"info","event":"Fetching URL: https://thecourseforum.com/course/WGS/2100/All","logger":"task.stdout"}
{"timestamp":"2026-02-11T05:56:46.813331Z","level":"info","event":"Fetching URL: https://thecourseforum.com/course/WGS/2559/All","logger":"task.stdout"}
{"timestamp":"2026-02-11T05:56:46.814787Z","level":"info","event":"Fetching URL: https://thecourseforum.com/course/WGS/2600/All","logger":"task.stdout"}
{"timestamp":"2026-02-11T05:56:46.815981Z","level":"info","event":"Fetching URL: https://thecourseforum.com/course/WGS/2700/All","logger":"task.stdout"}
{"timestamp":"2026-02-11T05:56:46.817809Z","level":"info","event":"Fetching URL: https://thecourseforum.com/course/WGS/3100/All","logger":"task.stdout"}
{"timestamp":"2026-02-11T05:56:46.820914Z","level":"info","event":"Fetching URL: https://thecourseforum.com/course/WGS/3125/All","logger":"task.stdout"}
{"timestamp":"2026-02-11T05:56:46.825888Z","level":"info","event":"Fetching URL: https://thecourseforum.com/course/WGS/3150/All","logger":"task.stdout"}
{"timestamp":"2026-02-11T05:56:46.828274Z","level":"info","event":"Fetching URL: https://thecourseforum.com/course/WGS/3230/All","logger":"task.stdout"}
{"timestamp":"2026-02-11T05:56:46.830103Z","level":"info","event":"Fetching URL: https://thecourseforum.com/course/WGS/3500/All","logger":"task.stdout"}
{"timestamp":"2026-02-11T05:56:46.832039Z","level":"info","event":"Fetching URL: https://thecourseforum.com/course/WGS/3600/All","logger":"task.stdout"}
{"timestamp":"2026-02-11T05:56:46.833775Z","level":"info","event":"Fetching URL: https://thecourseforum.com/course/WGS/3612/All","logger":"task.stdout"}
{"timestamp":"2026-02-11T05:56:46.835830Z","level":"info","event":"Fetching URL: https://thecourseforum.com/course/WGS/3896/All","logger":"task.stdout"}
{"timestamp":"2026-02-11T05:56:46.838048Z","level":"info","event":"Fetching URL: https://thecourseforum.com/course/WGS/4500/All","logger":"task.stdout"}
{"timestamp":"2026-02-11T05:56:46.841376Z","level":"info","event":"Fetching URL: https://thecourseforum.com/course/WGS/4800/All","logger":"task.stdout"}
{"timestamp":"2026-02-11T05:56:46.844974Z","level":"info","event":"Fetching URL: https://thecourseforum.com/course/WGS/4820/All","logger":"task.stdout"}
{"timestamp":"2026-02-11T05:56:46.847190Z","level":"info","event":"Fetching URL: https://thecourseforum.com/course/WGS/4999/All","logger":"task.stdout"}
{"timestamp":"2026-02-11T05:56:46.848872Z","level":"info","event":"Fetching URL: https://thecourseforum.com/course/SYS/4053/All","logger":"task.stdout"}
{"timestamp":"2026-02-11T05:56:46.850369Z","level":"info","event":"Fetching URL: https://thecourseforum.com/course/SYS/2001/All","logger":"task.stdout"}
{"timestamp":"2026-02-11T05:56:46.851552Z","level":"info","event":"Fetching URL: https://thecourseforum.com/course/SYS/2202/All","logger":"task.stdout"}
{"timestamp":"2026-02-11T05:56:46.852884Z","level":"info","event":"Fetching URL: https://thecourseforum.com/course/SYS/2620/All","logger":"task.stdout"}
{"timestamp":"2026-02-11T05:56:46.854103Z","level":"info","event":"Fetching URL: https://thecourseforum.com/course/SYS/3034/All","logger":"task.stdout"}
{"timestamp":"2026-02-11T05:56:46.855350Z","level":"info","event":"Fetching URL: https://thecourseforum.com/course/SYS/3060/All","logger":"task.stdout"}
{"timestamp":"2026-02-11T05:56:46.856810Z","level":"info","event":"Fetching URL: https://thecourseforum.com/course/SYS/3062/All","logger":"task.stdout"}
{"timestamp":"2026-02-11T05:56:46.858761Z","level":"info","event":"Fetching URL: https://thecourseforum.com/course/SYS/4050/All","logger":"task.stdout"}
{"timestamp":"2026-02-11T05:56:46.860212Z","level":"info","event":"Fetching URL: https://thecourseforum.com/course/SYS/4054/All","logger":"task.stdout"}
{"timestamp":"2026-02-11T05:56:46.861796Z","level":"info","event":"Fetching URL: https://thecourseforum.com/course/SYS/4582/All","logger":"task.stdout"}
{"timestamp":"2026-02-11T05:56:46.863357Z","level":"info","event":"Fetching URL: https://thecourseforum.com/course/SYS/4995/All","logger":"task.stdout"}
{"timestamp":"2026-02-11T05:56:46.864883Z","level":"info","event":"Fetching URL: https://thecourseforum.com/course/STS/4600/All","logger":"task.stdout"}
{"timestamp":"2026-02-11T05:56:46.867014Z","level":"info","event":"Fetching URL: https://thecourseforum.com/course/STS/2050/All","logger":"task.stdout"}
{"timestamp":"2026-02-11T05:56:46.868741Z","level":"info","event":"Fetching URL: https://thecourseforum.com/course/STS/2600/All","logger":"task.stdout"}
{"timestamp":"2026-02-11T05:56:46.870088Z","level":"info","event":"Fetching URL: https://thecourseforum.com/course/STS/2620/All","logger":"task.stdout"}
{"timestamp":"2026-02-11T05:56:46.872133Z","level":"info","event":"Fetching URL: https://thecourseforum.com/course/STS/3020/All","logger":"task.stdout"}
{"timestamp":"2026-02-11T05:56:46.874030Z","level":"info","event":"Fetching URL: https://thecourseforum.com/course/STS/3300/All","logger":"task.stdout"}
{"timestamp":"2026-02-11T05:56:46.876160Z","level":"info","event":"Fetching URL: https://thecourseforum.com/course/STS/4500/All","logger":"task.stdout"}
{"timestamp":"2026-02-11T05:56:46.878635Z","level":"info","event":"Fetching URL: https://thecourseforum.com/course/SWAH/1020/All","logger":"task.stdout"}
{"timestamp":"2026-02-11T05:56:46.880704Z","level":"info","event":"Fetching URL: https://thecourseforum.com/course/SWAH/2020/All","logger":"task.stdout"}
{"timestamp":"2026-02-11T05:56:46.882830Z","level":"info","event":"Fetching URL: https://thecourseforum.com/course/ARH/1020/All","logger":"task.stdout"}
{"timestamp":"2026-02-11T05:56:46.885072Z","level":"info","event":"Fetching URL: https://thecourseforum.com/course/ARH/2702/All","logger":"task.stdout"}
{"timestamp":"2026-02-11T05:56:46.886833Z","level":"info","event":"Fetching URL: https://thecourseforum.com/course/ARH/3060/All","logger":"task.stdout"}
{"timestamp":"2026-02-11T05:56:46.888929Z","level":"info","event":"Fetching URL: https://thecourseforum.com/course/ARH/3403/All","logger":"task.stdout"}
{"timestamp":"2026-02-11T05:56:46.890696Z","level":"info","event":"Fetching URL: https://thecourseforum.com/course/ARH/3500/All","logger":"task.stdout"}
{"timestamp":"2026-02-11T05:56:46.893289Z","level":"info","event":"Fetching URL: https://thecourseforum.com/course/ARH/3604/All","logger":"task.stdout"}
{"timestamp":"2026-02-11T05:56:46.896167Z","level":"info","event":"Fetching URL: https://thecourseforum.com/course/ARH/4591/All","logger":"task.stdout"}
{"timestamp":"2026-02-11T05:56:46.897321Z","level":"info","event":"Fetching URL: https://thecourseforum.com/course/ARH/4993/All","logger":"task.stdout"}
{"timestamp":"2026-02-11T05:56:46.898536Z","level":"info","event":"Fetching URL: https://thecourseforum.com/course/ARH/4999/All","logger":"task.stdout"}
{"timestamp":"2026-02-11T05:56:46.899776Z","level":"info","event":"Fetching URL: https://thecourseforum.com/course/ASL/1020/All","logger":"task.stdout"}
{"timestamp":"2026-02-11T05:56:46.903130Z","level":"info","event":"Fetching URL: https://thecourseforum.com/course/ASL/2020/All","logger":"task.stdout"}
{"timestamp":"2026-02-11T05:56:46.905229Z","level":"info","event":"Fetching URL: https://thecourseforum.com/course/ASL/3015/All","logger":"task.stdout"}
{"timestamp":"2026-02-11T05:56:46.907167Z","level":"info","event":"Fetching URL: https://thecourseforum.com/course/ASL/3020/All","logger":"task.stdout"}
{"timestamp":"2026-02-11T05:56:46.910141Z","level":"info","event":"Fetching URL: https://thecourseforum.com/course/ASL/3460/All","logger":"task.stdout"}
{"timestamp":"2026-02-11T05:56:46.912616Z","level":"info","event":"Fetching URL: https://thecourseforum.com/course/ASL/3559/All","logger":"task.stdout"}
{"timestamp":"2026-02-11T05:56:46.915258Z","level":"info","event":"Fetching URL: https://thecourseforum.com/course/ASL/4450/All","logger":"task.stdout"}
{"timestamp":"2026-02-11T05:56:46.917836Z","level":"info","event":"Fetching URL: https://thecourseforum.com/course/ASL/4750/All","logger":"task.stdout"}
{"timestamp":"2026-02-11T05:56:46.920390Z","level":"info","event":"Fetching URL: https://thecourseforum.com/course/ASL/4993/All","logger":"task.stdout"}
{"timestamp":"2026-02-11T05:56:46.923219Z","level":"info","event":"Fetching URL: https://thecourseforum.com/course/CGBM/2110/All","logger":"task.stdout"}
{"timestamp":"2026-02-11T05:56:46.925369Z","level":"info","event":"Fetching URL: https://thecourseforum.com/course/CGBM/2210/All","logger":"task.stdout"}
{"timestamp":"2026-02-11T05:56:46.927315Z","level":"info","event":"Fetching URL: https://thecourseforum.com/course/CGBM/2310/All","logger":"task.stdout"}
{"timestamp":"2026-02-11T05:56:46.929163Z","level":"info","event":"Fetching URL: https://thecourseforum.com/course/CGBM/2710/All","logger":"task.stdout"}
{"timestamp":"2026-02-11T05:56:46.930835Z","level":"info","event":"Fetching URL: https://thecourseforum.com/course/CHE/1501/All","logger":"task.stdout"}
{"timestamp":"2026-02-11T05:56:46.931939Z","level":"info","event":"Fetching URL: https://thecourseforum.com/course/CHE/2202/All","logger":"task.stdout"}
{"timestamp":"2026-02-11T05:56:46.933914Z","level":"info","event":"Fetching URL: https://thecourseforum.com/course/CHE/2216/All","logger":"task.stdout"}
{"timestamp":"2026-02-11T05:56:46.935874Z","level":"info","event":"Fetching URL: https://thecourseforum.com/course/CHE/2595/All","logger":"task.stdout"}
{"timestamp":"2026-02-11T05:56:46.937812Z","level":"info","event":"Fetching URL: https://thecourseforum.com/course/CHE/3318/All","logger":"task.stdout"}
{"timestamp":"2026-02-11T05:56:46.939141Z","level":"info","event":"Fetching URL: https://thecourseforum.com/course/CHE/3322/All","logger":"task.stdout"}
{"timestamp":"2026-02-11T05:56:46.941071Z","level":"info","event":"Fetching URL: https://thecourseforum.com/course/CHE/3347/All","logger":"task.stdout"}
{"timestamp":"2026-02-11T05:56:46.942807Z","level":"info","event":"Fetching URL: https://thecourseforum.com/course/CHE/3398/All","logger":"task.stdout"}
{"timestamp":"2026-02-11T05:56:46.945015Z","level":"info","event":"Fetching URL: https://thecourseforum.com/course/CHE/4417/All","logger":"task.stdout"}
{"timestamp":"2026-02-11T05:56:46.946846Z","level":"info","event":"Fetching URL: https://thecourseforum.com/course/CHE/4442/All","logger":"task.stdout"}
{"timestamp":"2026-02-11T05:56:46.948125Z","level":"info","event":"Fetching URL: https://thecourseforum.com/course/CHE/4445/All","logger":"task.stdout"}
{"timestamp":"2026-02-11T05:56:46.949636Z","level":"info","event":"Fetching URL: https://thecourseforum.com/course/CHE/4456/All","logger":"task.stdout"}
{"timestamp":"2026-02-11T05:56:46.951006Z","level":"info","event":"Fetching URL: https://thecourseforum.com/course/CHE/4476/All","logger":"task.stdout"}
{"timestamp":"2026-02-11T05:56:46.952359Z","level":"info","event":"Fetching URL: https://thecourseforum.com/course/CHE/4561/All","logger":"task.stdout"}
{"timestamp":"2026-02-11T05:56:46.953968Z","level":"info","event":"Fetching URL: https://thecourseforum.com/course/CHE/4995/All","logger":"task.stdout"}
{"timestamp":"2026-02-11T05:56:46.954983Z","level":"info","event":"Fetching URL: https://thecourseforum.com/course/CHIN/1010/All","logger":"task.stdout"}
{"timestamp":"2026-02-11T05:56:46.956995Z","level":"info","event":"Fetching URL: https://thecourseforum.com/course/CHIN/1020/All","logger":"task.stdout"}
{"timestamp":"2026-02-11T05:56:46.958998Z","level":"info","event":"Fetching URL: https://thecourseforum.com/course/CHIN/2010/All","logger":"task.stdout"}
{"timestamp":"2026-02-11T05:56:46.960512Z","level":"info","event":"Fetching URL: https://thecourseforum.com/course/CHIN/2020/All","logger":"task.stdout"}
{"timestamp":"2026-02-11T05:56:46.961829Z","level":"info","event":"Fetching URL: https://thecourseforum.com/course/CHIN/2060/All","logger":"task.stdout"}
{"timestamp":"2026-02-11T05:56:46.964055Z","level":"info","event":"Fetching URL: https://thecourseforum.com/course/CHIN/3010/All","logger":"task.stdout"}
{"timestamp":"2026-02-11T05:56:46.965216Z","level":"info","event":"Fetching URL: https://thecourseforum.com/course/CHIN/3020/All","logger":"task.stdout"}
{"timestamp":"2026-02-11T05:56:46.967006Z","level":"info","event":"Fetching URL: https://thecourseforum.com/course/CHIN/3025/All","logger":"task.stdout"}
{"timestamp":"2026-02-11T05:56:46.969021Z","level":"info","event":"Fetching URL: https://thecourseforum.com/course/CHIN/4020/All","logger":"task.stdout"}
{"timestamp":"2026-02-11T05:56:46.971031Z","level":"info","event":"Fetching URL: https://thecourseforum.com/course/CHIN/4030/All","logger":"task.stdout"}
{"timestamp":"2026-02-11T05:56:46.973081Z","level":"info","event":"Fetching URL: https://thecourseforum.com/course/CHIN/4830/All","logger":"task.stdout"}
{"timestamp":"2026-02-11T05:56:46.974809Z","level":"info","event":"Fetching URL: https://thecourseforum.com/course/CHIN/4993/All","logger":"task.stdout"}
{"timestamp":"2026-02-11T05:56:46.977265Z","level":"info","event":"Fetching URL: https://thecourseforum.com/course/CHRK/1020/All","logger":"task.stdout"}
{"timestamp":"2026-02-11T05:56:46.978919Z","level":"info","event":"Fetching URL: https://thecourseforum.com/course/CHTR/2850/All","logger":"task.stdout"}
{"timestamp":"2026-02-11T05:56:46.980982Z","level":"info","event":"Fetching URL: https://thecourseforum.com/course/CHTR/3840/All","logger":"task.stdout"}
{"timestamp":"2026-02-11T05:56:46.982354Z","level":"info","event":"Fetching URL: https://thecourseforum.com/course/CHTR/4991/All","logger":"task.stdout"}
{"timestamp":"2026-02-11T05:56:46.983809Z","level":"info","event":"Fetching URL: https://thecourseforum.com/course/CREO/1020/All","logger":"task.stdout"}
{"timestamp":"2026-02-11T05:56:46.985006Z","level":"info","event":"Fetching URL: https://thecourseforum.com/course/CREO/2020/All","logger":"task.stdout"}
{"timestamp":"2026-02-11T05:56:46.987037Z","level":"info","event":"Fetching URL: https://thecourseforum.com/course/EALC/4999/All","logger":"task.stdout"}
{"timestamp":"2026-02-11T05:56:46.988257Z","level":"info","event":"Fetching URL: https://thecourseforum.com/course/EAST/1010/All","logger":"task.stdout"}
{"timestamp":"2026-02-11T05:56:46.989819Z","level":"info","event":"Fetching URL: https://thecourseforum.com/course/EAST/1200/All","logger":"task.stdout"}
{"timestamp":"2026-02-11T05:56:46.991602Z","level":"info","event":"Fetching URL: https://thecourseforum.com/course/EAST/4991/All","logger":"task.stdout"}
{"timestamp":"2026-02-11T05:56:46.993299Z","level":"info","event":"Fetching URL: https://thecourseforum.com/course/EAST/4999/All","logger":"task.stdout"}
{"timestamp":"2026-02-11T05:56:46.995842Z","level":"info","event":"Fetching URL: https://thecourseforum.com/course/EBUS/1800/All","logger":"task.stdout"}
{"timestamp":"2026-02-11T05:56:46.997794Z","level":"info","event":"Fetching URL: https://thecourseforum.com/course/EBUS/2730/All","logger":"task.stdout"}
{"timestamp":"2026-02-11T05:56:46.999000Z","level":"info","event":"Fetching URL: https://thecourseforum.com/course/EBUS/2830/All","logger":"task.stdout"}
{"timestamp":"2026-02-11T05:56:47.000276Z","level":"info","event":"Fetching URL: https://thecourseforum.com/course/EBUS/2850/All","logger":"task.stdout"}
{"timestamp":"2026-02-11T05:56:47.001879Z","level":"info","event":"Fetching URL: https://thecourseforum.com/course/EBUS/4700/All","logger":"task.stdout"}
{"timestamp":"2026-02-11T05:56:47.003859Z","level":"info","event":"Fetching URL: https://thecourseforum.com/course/EBUS/4810/All","logger":"task.stdout"}
{"timestamp":"2026-02-11T05:56:47.006285Z","level":"info","event":"Fetching URL: https://thecourseforum.com/course/ENGR/1020/All","logger":"task.stdout"}
{"timestamp":"2026-02-11T05:56:47.008274Z","level":"info","event":"Fetching URL: https://thecourseforum.com/course/ENGR/1420/All","logger":"task.stdout"}
{"timestamp":"2026-02-11T05:56:47.010557Z","level":"info","event":"Fetching URL: https://thecourseforum.com/course/ENGR/1501/All","logger":"task.stdout"}
{"timestamp":"2026-02-11T05:56:47.012938Z","level":"info","event":"Fetching URL: https://thecourseforum.com/course/ENGR/2500/All","logger":"task.stdout"}
{"timestamp":"2026-02-11T05:56:47.014903Z","level":"info","event":"Fetching URL: https://thecourseforum.com/course/ENGR/2595/All","logger":"task.stdout"}
{"timestamp":"2026-02-11T05:56:47.016994Z","level":"info","event":"Fetching URL: https://thecourseforum.com/course/ENGR/2993/All","logger":"task.stdout"}
{"timestamp":"2026-02-11T05:56:47.019282Z","level":"info","event":"Fetching URL: https://thecourseforum.com/course/ENGR/2995/All","logger":"task.stdout"}
{"timestamp":"2026-02-11T05:56:47.021004Z","level":"info","event":"Fetching URL: https://thecourseforum.com/course/ENGR/3580/All","logger":"task.stdout"}
{"timestamp":"2026-02-11T05:56:47.022537Z","level":"info","event":"Fetching URL: https://thecourseforum.com/course/ENGR/4595/All","logger":"task.stdout"}
{"timestamp":"2026-02-11T05:56:47.023547Z","level":"info","event":"Fetching URL: https://thecourseforum.com/course/ENGR/4880/All","logger":"task.stdout"}
{"timestamp":"2026-02-11T05:56:47.026113Z","level":"info","event":"Fetching URL: https://thecourseforum.com/course/GCCS/4991/All","logger":"task.stdout"}
{"timestamp":"2026-02-11T05:56:47.028050Z","level":"info","event":"Fetching URL: https://thecourseforum.com/course/GERM/1010/All","logger":"task.stdout"}
{"timestamp":"2026-02-11T05:56:47.030016Z","level":"info","event":"Fetching URL: https://thecourseforum.com/course/GERM/1020/All","logger":"task.stdout"}
{"timestamp":"2026-02-11T05:56:47.031889Z","level":"info","event":"Fetching URL: https://thecourseforum.com/course/GERM/2010/All","logger":"task.stdout"}
{"timestamp":"2026-02-11T05:56:47.033969Z","level":"info","event":"Fetching URL: https://thecourseforum.com/course/GERM/2020/All","logger":"task.stdout"}
{"timestamp":"2026-02-11T05:56:47.035821Z","level":"info","event":"Fetching URL: https://thecourseforum.com/course/GERM/3000/All","logger":"task.stdout"}
{"timestamp":"2026-02-11T05:56:47.036997Z","level":"info","event":"Fetching URL: https://thecourseforum.com/course/GERM/3230/All","logger":"task.stdout"}
{"timestamp":"2026-02-11T05:56:47.039224Z","level":"info","event":"Fetching URL: https://thecourseforum.com/course/GERM/3300/All","logger":"task.stdout"}
{"timestamp":"2026-02-11T05:56:47.042027Z","level":"info","event":"Fetching URL: https://thecourseforum.com/course/GERM/4600/All","logger":"task.stdout"}
{"timestamp":"2026-02-11T05:56:47.043254Z","level":"info","event":"Fetching URL: https://thecourseforum.com/course/GERM/4993/All","logger":"task.stdout"}
{"timestamp":"2026-02-11T05:56:47.045404Z","level":"info","event":"Fetching URL: https://thecourseforum.com/course/GERM/4999/All","logger":"task.stdout"}
{"timestamp":"2026-02-11T05:56:47.047117Z","level":"info","event":"Fetching URL: https://thecourseforum.com/course/GETR/3360/All","logger":"task.stdout"}
{"timestamp":"2026-02-11T05:56:47.048872Z","level":"info","event":"Fetching URL: https://thecourseforum.com/course/GETR/3372/All","logger":"task.stdout"}
{"timestamp":"2026-02-11T05:56:47.050460Z","level":"info","event":"Fetching URL: https://thecourseforum.com/course/GETR/3464/All","logger":"task.stdout"}
{"timestamp":"2026-02-11T05:56:47.051847Z","level":"info","event":"Fetching URL: https://thecourseforum.com/course/GETR/3470/All","logger":"task.stdout"}
{"timestamp":"2026-02-11T05:56:47.053140Z","level":"info","event":"Fetching URL: https://thecourseforum.com/course/GETR/3505/All","logger":"task.stdout"}
{"timestamp":"2026-02-11T05:56:47.054809Z","level":"info","event":"Fetching URL: https://thecourseforum.com/course/GETR/3590/All","logger":"task.stdout"}
{"timestamp":"2026-02-11T05:56:47.056207Z","level":"info","event":"Fetching URL: https://thecourseforum.com/course/HIEA/1501/All","logger":"task.stdout"}
{"timestamp":"2026-02-11T05:56:47.057912Z","level":"info","event":"Fetching URL: https://thecourseforum.com/course/HIEA/2101/All","logger":"task.stdout"}
{"timestamp":"2026-02-11T05:56:47.060016Z","level":"info","event":"Fetching URL: https://thecourseforum.com/course/HIEA/3171/All","logger":"task.stdout"}
{"timestamp":"2026-02-11T05:56:47.062178Z","level":"info","event":"Fetching URL: https://thecourseforum.com/course/HIEA/3559/All","logger":"task.stdout"}
{"timestamp":"2026-02-11T05:56:47.064174Z","level":"info","event":"Fetching URL: https://thecourseforum.com/course/HIEA/4501/All","logger":"task.stdout"}
{"timestamp":"2026-02-11T05:56:47.065464Z","level":"info","event":"Fetching URL: https://thecourseforum.com/course/HIEU/1501/All","logger":"task.stdout"}
{"timestamp":"2026-02-11T05:56:47.066866Z","level":"info","event":"Fetching URL: https://thecourseforum.com/course/HIEU/2041/All","logger":"task.stdout"}
{"timestamp":"2026-02-11T05:56:47.068962Z","level":"info","event":"Fetching URL: https://thecourseforum.com/course/HIEU/2072/All","logger":"task.stdout"}
{"timestamp":"2026-02-11T05:56:47.070821Z","level":"info","event":"Fetching URL: https://thecourseforum.com/course/HIEU/2102/All","logger":"task.stdout"}
{"timestamp":"2026-02-11T05:56:47.072830Z","level":"info","event":"Fetching URL: https://thecourseforum.com/course/HIEU/2112/All","logger":"task.stdout"}
{"timestamp":"2026-02-11T05:56:47.074862Z","level":"info","event":"Fetching URL: https://thecourseforum.com/course/HIEU/2721/All","logger":"task.stdout"}
{"timestamp":"2026-02-11T05:56:47.077276Z","level":"info","event":"Fetching URL: https://thecourseforum.com/course/HIEU/3141/All","logger":"task.stdout"}
{"timestamp":"2026-02-11T05:56:47.078758Z","level":"info","event":"Fetching URL: https://thecourseforum.com/course/HIEU/3501/All","logger":"task.stdout"}
{"timestamp":"2026-02-11T05:56:47.079911Z","level":"info","event":"Fetching URL: https://thecourseforum.com/course/HIEU/3505/All","logger":"task.stdout"}
{"timestamp":"2026-02-11T05:56:47.081593Z","level":"info","event":"Fetching URL: https://thecourseforum.com/course/HIEU/4502/All","logger":"task.stdout"}
{"timestamp":"2026-02-11T05:56:47.085969Z","level":"info","event":"Fetching URL: https://thecourseforum.com/course/HIEU/4511/All","logger":"task.stdout"}
{"timestamp":"2026-02-11T05:56:47.090390Z","level":"info","event":"Fetching URL: https://thecourseforum.com/course/HILA/3021/All","logger":"task.stdout"}
{"timestamp":"2026-02-11T05:56:47.092402Z","level":"info","event":"Fetching URL: https://thecourseforum.com/course/HILA/3501/All","logger":"task.stdout"}
{"timestamp":"2026-02-11T05:56:47.093958Z","level":"info","event":"Fetching URL: https://thecourseforum.com/course/HIME/1501/All","logger":"task.stdout"}
{"timestamp":"2026-02-11T05:56:47.095932Z","level":"info","event":"Fetching URL: https://thecourseforum.com/course/HIME/2001/All","logger":"task.stdout"}
{"timestamp":"2026-02-11T05:56:47.098307Z","level":"info","event":"Fetching URL: https://thecourseforum.com/course/HIME/2010/All","logger":"task.stdout"}
{"timestamp":"2026-02-11T05:56:47.100304Z","level":"info","event":"Fetching URL: https://thecourseforum.com/course/HIND/1020/All","logger":"task.stdout"}
{"timestamp":"2026-02-11T05:56:47.102038Z","level":"info","event":"Fetching URL: https://thecourseforum.com/course/HIND/1310/All","logger":"task.stdout"}
{"timestamp":"2026-02-11T05:56:47.103761Z","level":"info","event":"Fetching URL: https://thecourseforum.com/course/HIND/2020/All","logger":"task.stdout"}
{"timestamp":"2026-02-11T05:56:47.106079Z","level":"info","event":"Fetching URL: https://thecourseforum.com/course/HIND/3012/All","logger":"task.stdout"}
{"timestamp":"2026-02-11T05:56:47.108010Z","level":"info","event":"Fetching URL: https://thecourseforum.com/course/HIND/4993/All","logger":"task.stdout"}
{"timestamp":"2026-02-11T05:56:47.110106Z","level":"info","event":"Fetching URL: https://thecourseforum.com/course/HSCI/1011/All","logger":"task.stdout"}
{"timestamp":"2026-02-11T05:56:47.111981Z","level":"info","event":"Fetching URL: https://thecourseforum.com/course/IMP/4600/All","logger":"task.stdout"}
{"timestamp":"2026-02-11T05:56:47.113452Z","level":"info","event":"Fetching URL: https://thecourseforum.com/course/IMP/4971/All","logger":"task.stdout"}
{"timestamp":"2026-02-11T05:56:47.115119Z","level":"info","event":"Fetching URL: https://thecourseforum.com/course/INST/1550/All","logger":"task.stdout"}
{"timestamp":"2026-02-11T05:56:47.117264Z","level":"info","event":"Fetching URL: https://thecourseforum.com/course/INST/2550/All","logger":"task.stdout"}
{"timestamp":"2026-02-11T05:56:47.119378Z","level":"info","event":"Fetching URL: https://thecourseforum.com/course/INST/2570/All","logger":"task.stdout"}
{"timestamp":"2026-02-11T05:56:47.121164Z","level":"info","event":"Fetching URL: https://thecourseforum.com/course/INST/3600/All","logger":"task.stdout"}
{"timestamp":"2026-02-11T05:56:47.122843Z","level":"info","event":"Fetching URL: https://thecourseforum.com/course/INST/4200/All","logger":"task.stdout"}
{"timestamp":"2026-02-11T05:56:47.124995Z","level":"info","event":"Fetching URL: https://thecourseforum.com/course/INST/4983/All","logger":"task.stdout"}
{"timestamp":"2026-02-11T05:56:47.126841Z","level":"info","event":"Fetching URL: https://thecourseforum.com/course/ISBU/3410/All","logger":"task.stdout"}
{"timestamp":"2026-02-11T05:56:47.128763Z","level":"info","event":"Fetching URL: https://thecourseforum.com/course/ISBU/3710/All","logger":"task.stdout"}
{"timestamp":"2026-02-11T05:56:47.130995Z","level":"info","event":"Fetching URL: https://thecourseforum.com/course/ISBU/3760/All","logger":"task.stdout"}
{"timestamp":"2026-02-11T05:56:47.132251Z","level":"info","event":"Fetching URL: https://thecourseforum.com/course/ISBU/3888/All","logger":"task.stdout"}
{"timestamp":"2026-02-11T05:56:47.133919Z","level":"info","event":"Fetching URL: https://thecourseforum.com/course/ISHU/3170/All","logger":"task.stdout"}
{"timestamp":"2026-02-11T05:56:47.135137Z","level":"info","event":"Fetching URL: https://thecourseforum.com/course/ISHU/3501/All","logger":"task.stdout"}
{"timestamp":"2026-02-11T05:56:47.137389Z","level":"info","event":"Fetching URL: https://thecourseforum.com/course/ISHU/4020/All","logger":"task.stdout"}
{"timestamp":"2026-02-11T05:56:47.138691Z","level":"info","event":"Fetching URL: https://thecourseforum.com/course/ISHU/4190/All","logger":"task.stdout"}
{"timestamp":"2026-02-11T05:56:47.139993Z","level":"info","event":"Fetching URL: https://thecourseforum.com/course/ISIN/4510/All","logger":"task.stdout"}
{"timestamp":"2026-02-11T05:56:47.141731Z","level":"info","event":"Fetching URL: https://thecourseforum.com/course/ISIN/4520/All","logger":"task.stdout"}
{"timestamp":"2026-02-11T05:56:47.142979Z","level":"info","event":"Fetching URL: https://thecourseforum.com/course/ITAL/1020/All","logger":"task.stdout"}
{"timestamp":"2026-02-11T05:56:47.145025Z","level":"info","event":"Fetching URL: https://thecourseforum.com/course/ITAL/2020/All","logger":"task.stdout"}
{"timestamp":"2026-02-11T05:56:47.146291Z","level":"info","event":"Fetching URL: https://thecourseforum.com/course/ITAL/2030/All","logger":"task.stdout"}
{"timestamp":"2026-02-11T05:56:47.149285Z","level":"info","event":"Fetching URL: https://thecourseforum.com/course/ITAL/3020/All","logger":"task.stdout"}
{"timestamp":"2026-02-11T05:56:47.151848Z","level":"info","event":"Fetching URL: https://thecourseforum.com/course/ITAL/3559/All","logger":"task.stdout"}
{"timestamp":"2026-02-11T05:56:47.153404Z","level":"info","event":"Fetching URL: https://thecourseforum.com/course/ITAL/4993/All","logger":"task.stdout"}
{"timestamp":"2026-02-11T05:56:47.156379Z","level":"info","event":"Fetching URL: https://thecourseforum.com/course/ITTR/3760/All","logger":"task.stdout"}
{"timestamp":"2026-02-11T05:56:47.158282Z","level":"info","event":"Fetching URL: https://thecourseforum.com/course/JAPN/1000/All","logger":"task.stdout"}
{"timestamp":"2026-02-11T05:56:47.159751Z","level":"info","event":"Fetching URL: https://thecourseforum.com/course/JAPN/1010/All","logger":"task.stdout"}
{"timestamp":"2026-02-11T05:56:47.162181Z","level":"info","event":"Fetching URL: https://thecourseforum.com/course/JAPN/1020/All","logger":"task.stdout"}
{"timestamp":"2026-02-11T05:56:47.164364Z","level":"info","event":"Fetching URL: https://thecourseforum.com/course/JAPN/1559/All","logger":"task.stdout"}
{"timestamp":"2026-02-11T05:56:47.166310Z","level":"info","event":"Fetching URL: https://thecourseforum.com/course/JAPN/2020/All","logger":"task.stdout"}
{"timestamp":"2026-02-11T05:56:47.167781Z","level":"info","event":"Fetching URL: https://thecourseforum.com/course/JAPN/3020/All","logger":"task.stdout"}
{"timestamp":"2026-02-11T05:56:47.169042Z","level":"info","event":"Fetching URL: https://thecourseforum.com/course/JAPN/3025/All","logger":"task.stdout"}
{"timestamp":"2026-02-11T05:56:47.170128Z","level":"info","event":"Fetching URL: https://thecourseforum.com/course/JAPN/3559/All","logger":"task.stdout"}
{"timestamp":"2026-02-11T05:56:47.171588Z","level":"info","event":"Fetching URL: https://thecourseforum.com/course/JAPN/4710/All","logger":"task.stdout"}
{"timestamp":"2026-02-11T05:56:47.173255Z","level":"info","event":"Fetching URL: https://thecourseforum.com/course/JAPN/4801/All","logger":"task.stdout"}
{"timestamp":"2026-02-11T05:56:47.177612Z","level":"info","event":"Fetching URL: https://thecourseforum.com/course/JPTR/3020/All","logger":"task.stdout"}
{"timestamp":"2026-02-11T05:56:47.179955Z","level":"info","event":"Fetching URL: https://thecourseforum.com/course/JPTR/3310/All","logger":"task.stdout"}
{"timestamp":"2026-02-11T05:56:47.182743Z","level":"info","event":"Fetching URL: https://thecourseforum.com/course/JPTR/3391/All","logger":"task.stdout"}
{"timestamp":"2026-02-11T05:56:47.184865Z","level":"info","event":"Fetching URL: https://thecourseforum.com/course/JPTR/4991/All","logger":"task.stdout"}
{"timestamp":"2026-02-11T05:56:47.186386Z","level":"info","event":"Fetching URL: https://thecourseforum.com/course/JWST/4980/All","logger":"task.stdout"}
{"timestamp":"2026-02-11T05:56:47.188315Z","level":"info","event":"Fetching URL: https://thecourseforum.com/course/KICH/1020/All","logger":"task.stdout"}
{"timestamp":"2026-02-11T05:56:47.190762Z","level":"info","event":"Fetching URL: https://thecourseforum.com/course/KICH/2020/All","logger":"task.stdout"}
{"timestamp":"2026-02-11T05:56:47.193473Z","level":"info","event":"Fetching URL: https://thecourseforum.com/course/KINE/2200/All","logger":"task.stdout"}
{"timestamp":"2026-02-11T05:56:47.195544Z","level":"info","event":"Fetching URL: https://thecourseforum.com/course/KINE/2420/All","logger":"task.stdout"}
{"timestamp":"2026-02-11T05:56:47.197389Z","level":"info","event":"Fetching URL: https://thecourseforum.com/course/KINE/2850/All","logger":"task.stdout"}
{"timestamp":"2026-02-11T05:56:47.199165Z","level":"info","event":"Fetching URL: https://thecourseforum.com/course/KINE/3400/All","logger":"task.stdout"}
{"timestamp":"2026-02-11T05:56:47.200820Z","level":"info","event":"Fetching URL: https://thecourseforum.com/course/KINE/3410/All","logger":"task.stdout"}
{"timestamp":"2026-02-11T05:56:47.201863Z","level":"info","event":"Fetching URL: https://thecourseforum.com/course/KINE/3420/All","logger":"task.stdout"}
{"timestamp":"2026-02-11T05:56:47.203835Z","level":"info","event":"Fetching URL: https://thecourseforum.com/course/KINE/3430/All","logger":"task.stdout"}
{"timestamp":"2026-02-11T05:56:47.205942Z","level":"info","event":"Fetching URL: https://thecourseforum.com/course/KINE/3440/All","logger":"task.stdout"}
{"timestamp":"2026-02-11T05:56:47.207996Z","level":"info","event":"Fetching URL: https://thecourseforum.com/course/KINE/3450/All","logger":"task.stdout"}
{"timestamp":"2026-02-11T05:56:47.210244Z","level":"info","event":"Fetching URL: https://thecourseforum.com/course/KINE/3600/All","logger":"task.stdout"}
{"timestamp":"2026-02-11T05:56:47.212696Z","level":"info","event":"Fetching URL: https://thecourseforum.com/course/KINE/3615/All","logger":"task.stdout"}
{"timestamp":"2026-02-11T05:56:47.214243Z","level":"info","event":"Fetching URL: https://thecourseforum.com/course/KINE/3617/All","logger":"task.stdout"}
{"timestamp":"2026-02-11T05:56:47.222383Z","level":"info","event":"Fetching URL: https://thecourseforum.com/course/KINE/3620/All","logger":"task.stdout"}
{"timestamp":"2026-02-11T05:56:47.223961Z","level":"info","event":"Fetching URL: https://thecourseforum.com/course/KINE/3630/All","logger":"task.stdout"}
{"timestamp":"2026-02-11T05:56:47.225308Z","level":"info","event":"Fetching URL: https://thecourseforum.com/course/KINE/3660/All","logger":"task.stdout"}
{"timestamp":"2026-02-11T05:56:47.227208Z","level":"info","event":"Fetching URL: https://thecourseforum.com/course/KINE/4000/All","logger":"task.stdout"}
{"timestamp":"2026-02-11T05:56:47.229073Z","level":"info","event":"Fetching URL: https://thecourseforum.com/course/KINE/4400/All","logger":"task.stdout"}
{"timestamp":"2026-02-11T05:56:47.230449Z","level":"info","event":"Fetching URL: https://thecourseforum.com/course/KINE/4420/All","logger":"task.stdout"}
{"timestamp":"2026-02-11T05:56:47.232099Z","level":"info","event":"Fetching URL: https://thecourseforum.com/course/KINE/4600/All","logger":"task.stdout"}
{"timestamp":"2026-02-11T05:56:47.233975Z","level":"info","event":"Fetching URL: https://thecourseforum.com/course/KINE/4601/All","logger":"task.stdout"}
{"timestamp":"2026-02-11T05:56:47.235797Z","level":"info","event":"Fetching URL: https://thecourseforum.com/course/KINE/4802/All","logger":"task.stdout"}
{"timestamp":"2026-02-11T05:56:47.237791Z","level":"info","event":"Fetching URL: https://thecourseforum.com/course/KINE/4993/All","logger":"task.stdout"}
{"timestamp":"2026-02-11T05:56:47.240262Z","level":"info","event":"Fetching URL: https://thecourseforum.com/course/KOR/1020/All","logger":"task.stdout"}
{"timestamp":"2026-02-11T05:56:47.243104Z","level":"info","event":"Fetching URL: https://thecourseforum.com/course/KOR/2020/All","logger":"task.stdout"}
{"timestamp":"2026-02-11T05:56:47.245169Z","level":"info","event":"Fetching URL: https://thecourseforum.com/course/KOR/2060/All","logger":"task.stdout"}
{"timestamp":"2026-02-11T05:56:47.247203Z","level":"info","event":"Fetching URL: https://thecourseforum.com/course/KOR/2559/All","logger":"task.stdout"}
{"timestamp":"2026-02-11T05:56:47.249056Z","level":"info","event":"Fetching URL: https://thecourseforum.com/course/KOR/3015/All","logger":"task.stdout"}
{"timestamp":"2026-02-11T05:56:47.250400Z","level":"info","event":"Fetching URL: https://thecourseforum.com/course/KOR/3020/All","logger":"task.stdout"}
{"timestamp":"2026-02-11T05:56:47.251378Z","level":"info","event":"Fetching URL: https://thecourseforum.com/course/KOR/3559/All","logger":"task.stdout"}
{"timestamp":"2026-02-11T05:56:47.252918Z","level":"info","event":"Fetching URL: https://thecourseforum.com/course/LASE/2400/All","logger":"task.stdout"}
{"timestamp":"2026-02-11T05:56:47.254259Z","level":"info","event":"Fetching URL: https://thecourseforum.com/course/LASE/2515/All","logger":"task.stdout"}
{"timestamp":"2026-02-11T05:56:47.255821Z","level":"info","event":"Fetching URL: https://thecourseforum.com/course/LASE/3510/All","logger":"task.stdout"}
{"timestamp":"2026-02-11T05:56:47.257996Z","level":"info","event":"Fetching URL: https://thecourseforum.com/course/LASE/3559/All","logger":"task.stdout"}
{"timestamp":"2026-02-11T05:56:47.259905Z","level":"info","event":"Fetching URL: https://thecourseforum.com/course/LASE/3601/All","logger":"task.stdout"}
{"timestamp":"2026-02-11T05:56:47.262300Z","level":"info","event":"Fetching URL: https://thecourseforum.com/course/LASE/3602/All","logger":"task.stdout"}
{"timestamp":"2026-02-11T05:56:47.264753Z","level":"info","event":"Fetching URL: https://thecourseforum.com/course/LAST/2050/All","logger":"task.stdout"}
{"timestamp":"2026-02-11T05:56:47.266746Z","level":"info","event":"Fetching URL: https://thecourseforum.com/course/LAST/4999/All","logger":"task.stdout"}
{"timestamp":"2026-02-11T05:56:47.268675Z","level":"info","event":"Fetching URL: https://thecourseforum.com/course/LATI/1020/All","logger":"task.stdout"}
{"timestamp":"2026-02-11T05:56:47.271033Z","level":"info","event":"Fetching URL: https://thecourseforum.com/course/LATI/2010/All","logger":"task.stdout"}
{"timestamp":"2026-02-11T05:56:47.272881Z","level":"info","event":"Fetching URL: https://thecourseforum.com/course/LATI/2020/All","logger":"task.stdout"}
{"timestamp":"2026-02-11T05:56:47.276062Z","level":"info","event":"Fetching URL: https://thecourseforum.com/course/LATI/3030/All","logger":"task.stdout"}
{"timestamp":"2026-02-11T05:56:47.278337Z","level":"info","event":"Fetching URL: https://thecourseforum.com/course/LATI/3160/All","logger":"task.stdout"}
{"timestamp":"2026-02-11T05:56:47.279706Z","level":"info","event":"Fetching URL: https://thecourseforum.com/course/LATI/4559/All","logger":"task.stdout"}
{"timestamp":"2026-02-11T05:56:47.281195Z","level":"info","event":"Fetching URL: https://thecourseforum.com/course/LATI/4999/All","logger":"task.stdout"}
{"timestamp":"2026-02-11T05:56:47.283465Z","level":"info","event":"Fetching URL: https://thecourseforum.com/course/LING/2430/All","logger":"task.stdout"}
{"timestamp":"2026-02-11T05:56:47.285237Z","level":"info","event":"Fetching URL: https://thecourseforum.com/course/LING/3090/All","logger":"task.stdout"}
{"timestamp":"2026-02-11T05:56:47.287261Z","level":"info","event":"Fetching URL: https://thecourseforum.com/course/LING/3101/All","logger":"task.stdout"}
{"timestamp":"2026-02-11T05:56:47.289023Z","level":"info","event":"Fetching URL: https://thecourseforum.com/course/LING/3102/All","logger":"task.stdout"}
{"timestamp":"2026-02-11T05:56:47.291004Z","level":"info","event":"Fetching URL: https://thecourseforum.com/course/LING/3103/All","logger":"task.stdout"}
{"timestamp":"2026-02-11T05:56:47.292449Z","level":"info","event":"Fetching URL: https://thecourseforum.com/course/LING/4650/All","logger":"task.stdout"}
{"timestamp":"2026-02-11T05:56:47.294076Z","level":"info","event":"Fetching URL: https://thecourseforum.com/course/LING/4993/All","logger":"task.stdout"}
{"timestamp":"2026-02-11T05:56:47.295520Z","level":"info","event":"Fetching URL: https://thecourseforum.com/course/LING/4999/All","logger":"task.stdout"}
{"timestamp":"2026-02-11T05:56:47.297319Z","level":"info","event":"Fetching URL: https://thecourseforum.com/course/LNGS/2240/All","logger":"task.stdout"}
{"timestamp":"2026-02-11T05:56:47.299435Z","level":"info","event":"Fetching URL: https://thecourseforum.com/course/LNGS/3260/All","logger":"task.stdout"}
{"timestamp":"2026-02-11T05:56:47.301406Z","level":"info","event":"Fetching URL: https://thecourseforum.com/course/LPPA/3650/All","logger":"task.stdout"}
{"timestamp":"2026-02-11T05:56:47.304031Z","level":"info","event":"Fetching URL: https://thecourseforum.com/course/MESA/2430/All","logger":"task.stdout"}
{"timestamp":"2026-02-11T05:56:47.305979Z","level":"info","event":"Fetching URL: https://thecourseforum.com/course/MESA/3270/All","logger":"task.stdout"}
{"timestamp":"2026-02-11T05:56:47.308157Z","level":"info","event":"Fetching URL: https://thecourseforum.com/course/MESA/3640/All","logger":"task.stdout"}
{"timestamp":"2026-02-11T05:56:47.310172Z","level":"info","event":"Fetching URL: https://thecourseforum.com/course/MESA/4991/All","logger":"task.stdout"}
{"timestamp":"2026-02-11T05:56:47.311822Z","level":"info","event":"Fetching URL: https://thecourseforum.com/course/MESA/4993/All","logger":"task.stdout"}
{"timestamp":"2026-02-11T05:56:47.313213Z","level":"info","event":"Fetching URL: https://thecourseforum.com/course/MESA/4999/All","logger":"task.stdout"}
{"timestamp":"2026-02-11T05:56:47.315244Z","level":"info","event":"Fetching URL: https://thecourseforum.com/course/MEST/2270/All","logger":"task.stdout"}
{"timestamp":"2026-02-11T05:56:47.317054Z","level":"info","event":"Fetching URL: https://thecourseforum.com/course/MEST/3232/All","logger":"task.stdout"}
{"timestamp":"2026-02-11T05:56:47.318528Z","level":"info","event":"Fetching URL: https://thecourseforum.com/course/MEST/3282/All","logger":"task.stdout"}
{"timestamp":"2026-02-11T05:56:47.319902Z","level":"info","event":"Fetching URL: https://thecourseforum.com/course/MEST/3491/All","logger":"task.stdout"}
{"timestamp":"2026-02-11T05:56:47.321119Z","level":"info","event":"Fetching URL: https://thecourseforum.com/course/MISC/1020/All","logger":"task.stdout"}
{"timestamp":"2026-02-11T05:56:47.323014Z","level":"info","event":"Fetching URL: https://thecourseforum.com/course/MISC/1025/All","logger":"task.stdout"}
{"timestamp":"2026-02-11T05:56:47.324930Z","level":"info","event":"Fetching URL: https://thecourseforum.com/course/MISC/2020/All","logger":"task.stdout"}
{"timestamp":"2026-02-11T05:56:47.326472Z","level":"info","event":"Fetching URL: https://thecourseforum.com/course/MISC/2025/All","logger":"task.stdout"}
{"timestamp":"2026-02-11T05:56:47.328113Z","level":"info","event":"Fetching URL: https://thecourseforum.com/course/MISC/3020/All","logger":"task.stdout"}
{"timestamp":"2026-02-11T05:56:47.330302Z","level":"info","event":"Fetching URL: https://thecourseforum.com/course/MISC/3025/All","logger":"task.stdout"}
{"timestamp":"2026-02-11T05:56:47.332044Z","level":"info","event":"Fetching URL: https://thecourseforum.com/course/MISC/4020/All","logger":"task.stdout"}
{"timestamp":"2026-02-11T05:56:47.334146Z","level":"info","event":"Fetching URL: https://thecourseforum.com/course/MISC/4025/All","logger":"task.stdout"}
{"timestamp":"2026-02-11T05:56:47.336052Z","level":"info","event":"Fetching URL: https://thecourseforum.com/course/MISC/4993/All","logger":"task.stdout"}
{"timestamp":"2026-02-11T05:56:47.337851Z","level":"info","event":"Fetching URL: https://thecourseforum.com/course/PERS/1020/All","logger":"task.stdout"}
{"timestamp":"2026-02-11T05:56:47.338941Z","level":"info","event":"Fetching URL: https://thecourseforum.com/course/PERS/2020/All","logger":"task.stdout"}
{"timestamp":"2026-02-11T05:56:47.341278Z","level":"info","event":"Fetching URL: https://thecourseforum.com/course/PERS/3020/All","logger":"task.stdout"}
{"timestamp":"2026-02-11T05:56:47.343179Z","level":"info","event":"Fetching URL: https://thecourseforum.com/course/PERS/4993/All","logger":"task.stdout"}
{"timestamp":"2026-02-11T05:56:47.346836Z","level":"info","event":"Fetching URL: https://thecourseforum.com/course/PETR/3131/All","logger":"task.stdout"}
{"timestamp":"2026-02-11T05:56:47.349066Z","level":"info","event":"Fetching URL: https://thecourseforum.com/course/PETR/3380/All","logger":"task.stdout"}
{"timestamp":"2026-02-11T05:56:47.351078Z","level":"info","event":"Fetching URL: https://thecourseforum.com/course/PLAC/4993/All","logger":"task.stdout"}
{"timestamp":"2026-02-11T05:56:47.352460Z","level":"info","event":"Fetching URL: https://thecourseforum.com/course/PLAD/4430/All","logger":"task.stdout"}
{"timestamp":"2026-02-11T05:56:47.353756Z","level":"info","event":"Fetching URL: https://thecourseforum.com/course/PLAD/4500/All","logger":"task.stdout"}
{"timestamp":"2026-02-11T05:56:47.355176Z","level":"info","event":"Fetching URL: https://thecourseforum.com/course/PLAD/4961/All","logger":"task.stdout"}
{"timestamp":"2026-02-11T05:56:47.357764Z","level":"info","event":"Fetching URL: https://thecourseforum.com/course/PLAD/4999/All","logger":"task.stdout"}
{"timestamp":"2026-02-11T05:56:47.358944Z","level":"info","event":"Fetching URL: https://thecourseforum.com/course/PLAN/2020/All","logger":"task.stdout"}
{"timestamp":"2026-02-11T05:56:47.360824Z","level":"info","event":"Fetching URL: https://thecourseforum.com/course/PLAN/3030/All","logger":"task.stdout"}
{"timestamp":"2026-02-11T05:56:47.363502Z","level":"info","event":"Fetching URL: https://thecourseforum.com/course/PLAN/3040/All","logger":"task.stdout"}
{"timestamp":"2026-02-11T05:56:47.366923Z","level":"info","event":"Fetching URL: https://thecourseforum.com/course/PLAN/3050/All","logger":"task.stdout"}
{"timestamp":"2026-02-11T05:56:47.369791Z","level":"info","event":"Fetching URL: https://thecourseforum.com/course/PLAN/3500/All","logger":"task.stdout"}
{"timestamp":"2026-02-11T05:56:47.371312Z","level":"info","event":"Fetching URL: https://thecourseforum.com/course/PLAN/3860/All","logger":"task.stdout"}
{"timestamp":"2026-02-11T05:56:47.372611Z","level":"info","event":"Fetching URL: https://thecourseforum.com/course/PLAN/4800/All","logger":"task.stdout"}
{"timestamp":"2026-02-11T05:56:47.373983Z","level":"info","event":"Fetching URL: https://thecourseforum.com/course/PLAN/4902/All","logger":"task.stdout"}
{"timestamp":"2026-02-11T05:56:47.375264Z","level":"info","event":"Fetching URL: https://thecourseforum.com/course/PLAN/4993/All","logger":"task.stdout"}
{"timestamp":"2026-02-11T05:56:47.377065Z","level":"info","event":"Fetching URL: https://thecourseforum.com/course/PLAP/2030/All","logger":"task.stdout"}
{"timestamp":"2026-02-11T05:56:47.380279Z","level":"info","event":"Fetching URL: https://thecourseforum.com/course/PLAP/3270/All","logger":"task.stdout"}
{"timestamp":"2026-02-11T05:56:47.381403Z","level":"info","event":"Fetching URL: https://thecourseforum.com/course/PLAP/3370/All","logger":"task.stdout"}
{"timestamp":"2026-02-11T05:56:47.382709Z","level":"info","event":"Fetching URL: https://thecourseforum.com/course/PLAP/3400/All","logger":"task.stdout"}
{"timestamp":"2026-02-11T05:56:47.384177Z","level":"info","event":"Fetching URL: https://thecourseforum.com/course/PLAP/4150/All","logger":"task.stdout"}
{"timestamp":"2026-02-11T05:56:47.385873Z","level":"info","event":"Fetching URL: https://thecourseforum.com/course/PLAP/4210/All","logger":"task.stdout"}
{"timestamp":"2026-02-11T05:56:47.387920Z","level":"info","event":"Fetching URL: https://thecourseforum.com/course/PLAP/4500/All","logger":"task.stdout"}
{"timestamp":"2026-02-11T05:56:47.389033Z","level":"info","event":"Fetching URL: https://thecourseforum.com/course/PLAP/4990/All","logger":"task.stdout"}
{"timestamp":"2026-02-11T05:56:47.390397Z","level":"info","event":"Fetching URL: https://thecourseforum.com/course/RELA/2800/All","logger":"task.stdout"}
{"timestamp":"2026-02-11T05:56:47.392142Z","level":"info","event":"Fetching URL: https://thecourseforum.com/course/RELB/2067/All","logger":"task.stdout"}
{"timestamp":"2026-02-11T05:56:47.393285Z","level":"info","event":"Fetching URL: https://thecourseforum.com/course/RELB/2100/All","logger":"task.stdout"}
{"timestamp":"2026-02-11T05:56:47.394498Z","level":"info","event":"Fetching URL: https://thecourseforum.com/course/RELB/2559/All","logger":"task.stdout"}
{"timestamp":"2026-02-11T05:56:47.395828Z","level":"info","event":"Fetching URL: https://thecourseforum.com/course/RELB/2900/All","logger":"task.stdout"}
{"timestamp":"2026-02-11T05:56:47.397414Z","level":"info","event":"Fetching URL: https://thecourseforum.com/course/RELB/3180/All","logger":"task.stdout"}
{"timestamp":"2026-02-11T05:56:47.400324Z","level":"info","event":"Fetching URL: https://thecourseforum.com/course/RELB/3559/All","logger":"task.stdout"}
{"timestamp":"2026-02-11T05:56:47.401994Z","level":"info","event":"Fetching URL: https://thecourseforum.com/course/RELC/1210/All","logger":"task.stdout"}
{"timestamp":"2026-02-11T05:56:47.403919Z","level":"info","event":"Fetching URL: https://thecourseforum.com/course/RELC/2215/All","logger":"task.stdout"}
{"timestamp":"2026-02-11T05:56:47.405865Z","level":"info","event":"Fetching URL: https://thecourseforum.com/course/RELC/2360/All","logger":"task.stdout"}
{"timestamp":"2026-02-11T05:56:47.409081Z","level":"info","event":"Fetching URL: https://thecourseforum.com/course/RELC/2401/All","logger":"task.stdout"}
{"timestamp":"2026-02-11T05:56:47.411279Z","level":"info","event":"Fetching URL: https://thecourseforum.com/course/RELC/3030/All","logger":"task.stdout"}
{"timestamp":"2026-02-11T05:56:47.413403Z","level":"info","event":"Fetching URL: https://thecourseforum.com/course/RELC/3447/All","logger":"task.stdout"}
{"timestamp":"2026-02-11T05:56:47.415065Z","level":"info","event":"Fetching URL: https://thecourseforum.com/course/TURK/2020/All","logger":"task.stdout"}
{"timestamp":"2026-02-11T05:56:47.416834Z","level":"info","event":"Fetching URL: https://thecourseforum.com/course/TURK/3020/All","logger":"task.stdout"}
{"timestamp":"2026-02-11T05:56:47.418122Z","level":"info","event":"Fetching URL: https://thecourseforum.com/course/UNST/1220/All","logger":"task.stdout"}
{"timestamp":"2026-02-11T05:56:47.420153Z","level":"info","event":"Fetching URL: https://thecourseforum.com/course/UNST/1410/All","logger":"task.stdout"}
{"timestamp":"2026-02-11T05:56:47.422256Z","level":"info","event":"Fetching URL: https://thecourseforum.com/course/UNST/2811/All","logger":"task.stdout"}
{"timestamp":"2026-02-11T05:56:47.425120Z","level":"info","event":"Fetching URL: https://thecourseforum.com/course/UNST/3910/All","logger":"task.stdout"}
{"timestamp":"2026-02-11T05:56:47.430242Z","level":"info","event":"Fetching URL: https://thecourseforum.com/course/UNST/3920/All","logger":"task.stdout"}
{"timestamp":"2026-02-11T05:56:47.433100Z","level":"info","event":"Fetching URL: https://thecourseforum.com/course/USEM/1570/All","logger":"task.stdout"}
{"timestamp":"2026-02-11T05:56:47.435224Z","level":"info","event":"Fetching URL: https://thecourseforum.com/course/USEM/2570/All","logger":"task.stdout"}
{"timestamp":"2026-02-11T05:56:47.441757Z","level":"error","event":"Task failed with exception","logger":"task","filename":"task_runner.py","lineno":1142,"error_detail":[{"exc_type":"IntegrityError","exc_value":"(psycopg2.errors.NotNullViolation) null value in column \"raw_html\" of relation \"professor_rating_raw_html\" violates not-null constraint\nDETAIL:  Failing row contains (1262, AMST, 2421, 48321, https://thecourseforum.com/course/AMST/2421/All, null, 2026-02-11 05:56:44.418818+00).\n\n[SQL: INSERT INTO professor_rating_raw_html (term, subject, catalog_nbr, course_id, url, raw_html, fetched_at) VALUES (%(term)s, %(subject)s, %(catalog_nbr)s, %(course_id)s, %(url)s, %(raw_html)s, %(fetched_at)s)]\n[parameters: [{'term': '1262', 'subject': 'AMST', 'catalog_nbr': 2421, 'course_id': 48321, 'url': 'https://thecourseforum.com/course/AMST/2421/All', 'raw_html': None, 'fetched_at': datetime.datetime(2026, 2, 11, 5, 56, 44, 418818, tzinfo=datetime.timezone.utc)}, {'term': '1262', 'subject': 'AMST', 'catalog_nbr': 2500, 'course_id': 454, 'url': 'https://thecourseforum.com/course/AMST/2500/All', 'raw_html': None, 'fetched_at': datetime.datetime(2026, 2, 11, 5, 56, 44, 446444, tzinfo=datetime.timezone.utc)}, {'term': '1262', 'subject': 'AMST', 'catalog_nbr': 2559, 'course_id': 38535, 'url': 'https://thecourseforum.com/course/AMST/2559/All', 'raw_html': None, 'fetched_at': datetime.datetime(2026, 2, 11, 5, 56, 44, 451047, tzinfo=datetime.timezone.utc)}, {'term': '1262', 'subject': 'AMST', 'catalog_nbr': 3001, 'course_id': 457, 'url': 'https://thecourseforum.com/course/AMST/3001/All', 'raw_html': None, 'fetched_at': datetime.datetime(2026, 2, 11, 5, 56, 44, 452915, tzinfo=datetime.timezone.utc)}, {'term': '1262', 'subject': 'AMST', 'catalog_nbr': 3180, 'course_id': 39585, 'url': 'https://thecourseforum.com/course/AMST/3180/All', 'raw_html': None, 'fetched_at': datetime.datetime(2026, 2, 11, 5, 56, 44, 455001, tzinfo=datetime.timezone.utc)}, {'term': '1262', 'subject': 'AMST', 'catalog_nbr': 3280, 'course_id': 46072, 'url': 'https://thecourseforum.com/course/AMST/3280/All', 'raw_html': None, 'fetched_at': datetime.datetime(2026, 2, 11, 5, 56, 44, 457278, tzinfo=datetime.timezone.utc)}, {'term': '1262', 'subject': 'AMST', 'catalog_nbr': 3326, 'course_id': 47970, 'url': 'https://thecourseforum.com/course/AMST/3326/All', 'raw_html': None, 'fetched_at': datetime.datetime(2026, 2, 11, 5, 56, 44, 459795, tzinfo=datetime.timezone.utc)}, {'term': '1262', 'subject': 'AMST', 'catalog_nbr': 3428, 'course_id': 48322, 'url': 'https://thecourseforum.com/course/AMST/3428/All', 'raw_html': None, 'fetched_at': datetime.datetime(2026, 2, 11, 5, 56, 44, 462310, tzinfo=datetime.timezone.utc)}  ... displaying 10 of 1562 total bound parameter sets ...  {'term': '1262', 'subject': 'USEM', 'catalog_nbr': 1570, 'course_id': 37196, 'url': 'https://thecourseforum.com/course/USEM/1570/All', 'raw_html': None, 'fetched_at': datetime.datetime(2026, 2, 11, 5, 56, 47, 433079, tzinfo=datetime.timezone.utc)}, {'term': '1262', 'subject': 'USEM', 'catalog_nbr': 2570, 'course_id': 46883, 'url': 'https://thecourseforum.com/course/USEM/2570/All', 'raw_html': None, 'fetched_at': datetime.datetime(2026, 2, 11, 5, 56, 47, 435202, tzinfo=datetime.timezone.utc)}]]\n(Background on this error at: https://sqlalche.me/e/20/gkpj)","exc_notes":[],"syntax_error":null,"is_cause":false,"frames":[{"filename":"/home/airflow/.local/lib/python3.12/site-packages/airflow/sdk/execution_time/task_runner.py","lineno":1068,"name":"run"},{"filename":"/home/airflow/.local/lib/python3.12/site-packages/airflow/sdk/execution_time/task_runner.py","lineno":1477,"name":"_execute_task"},{"filename":"/home/airflow/.local/lib/python3.12/site-packages/airflow/sdk/bases/operator.py","lineno":417,"name":"wrapper"},{"filename":"/home/airflow/.local/lib/python3.12/site-packages/airflow/providers/standard/operators/python.py","lineno":228,"name":"execute"},{"filename":"/home/airflow/.local/lib/python3.12/site-packages/airflow/providers/standard/operators/python.py","lineno":251,"name":"execute_callable"},{"filename":"/home/airflow/.local/lib/python3.12/site-packages/airflow/sdk/execution_time/callback_runner.py","lineno":82,"name":"run"},{"filename":"/opt/airflow/dags/professor_rating_dag.py","lineno":56,"name":"pull_professor_rating_raw_html"},{"filename":"/home/airflow/.local/lib/python3.12/site-packages/sqlalchemy/engine/base.py","lineno":1419,"name":"execute"},{"filename":"/home/airflow/.local/lib/python3.12/site-packages/sqlalchemy/sql/elements.py","lineno":527,"name":"_execute_on_connection"},{"filename":"/home/airflow/.local/lib/python3.12/site-packages/sqlalchemy/engine/base.py","lineno":1641,"name":"_execute_clauseelement"},{"filename":"/home/airflow/.local/lib/python3.12/site-packages/sqlalchemy/engine/base.py","lineno":1846,"name":"_execute_context"},{"filename":"/home/airflow/.local/lib/python3.12/site-packages/sqlalchemy/engine/base.py","lineno":1986,"name":"_exec_single_context"},{"filename":"/home/airflow/.local/lib/python3.12/site-packages/sqlalchemy/engine/base.py","lineno":2363,"name":"_handle_dbapi_exception"},{"filename":"/home/airflow/.local/lib/python3.12/site-packages/sqlalchemy/engine/base.py","lineno":1936,"name":"_exec_single_context"},{"filename":"/home/airflow/.local/lib/python3.12/site-packages/sqlalchemy/dialects/postgresql/psycopg2.py","lineno":800,"name":"do_executemany"}],"is_group":false,"exceptions":[]},{"exc_type":"NotNullViolation","exc_value":"null value in column \"raw_html\" of relation \"professor_rating_raw_html\" violates not-null constraint\nDETAIL:  Failing row contains (1262, AMST, 2421, 48321, https://thecourseforum.com/course/AMST/2421/All, null, 2026-02-11 05:56:44.418818+00).\n","exc_notes":[],"syntax_error":null,"is_cause":true,"frames":[{"filename":"/home/airflow/.local/lib/python3.12/site-packages/sqlalchemy/engine/base.py","lineno":1936,"name":"_exec_single_context"},{"filename":"/home/airflow/.local/lib/python3.12/site-packages/sqlalchemy/dialects/postgresql/psycopg2.py","lineno":800,"name":"do_executemany"}],"is_group":false,"exceptions":[]}]}
