{"timestamp":"2026-02-12T01:30:36.154209Z","level":"info","event":"DAG bundles loaded: dags-folder","logger":"airflow.dag_processing.bundles.manager.DagBundlesManager","filename":"manager.py","lineno":179}
{"timestamp":"2026-02-12T01:30:36.157560Z","level":"info","event":"Filling up the DagBag from /opt/airflow/dags/professor_rating_dag.py","logger":"airflow.models.dagbag.BundleDagBag","filename":"dagbag.py","lineno":593}
{"timestamp":"2026-02-12T01:30:36.391276Z","level":"info","event":"Processing course APMA 3150 with 5 instructors","logger":"task.stdout"}
{"timestamp":"2026-02-12T01:30:36.393618Z","level":"info","event":"Updated instructor Meiqin Li with rating 3.83","logger":"task.stdout"}
{"timestamp":"2026-02-12T01:30:36.394681Z","level":"info","event":"Updated instructor Meiqin Li with difficulty 3.00","logger":"task.stdout"}
{"timestamp":"2026-02-12T01:30:36.396496Z","level":"info","event":"Updated instructor Gianluca Guadagni with rating 4.00","logger":"task.stdout"}
{"timestamp":"2026-02-12T01:30:36.397864Z","level":"info","event":"Updated instructor Gianluca Guadagni with difficulty 3.00","logger":"task.stdout"}
{"timestamp":"2026-02-12T01:30:36.439270Z","level":"info","event":"Processing course APMA 3501 with 17 instructors","logger":"task.stdout"}
{"timestamp":"2026-02-12T01:30:36.440145Z","level":"info","event":"WARNING: No professor found with name Caitlin Steiner. Skipping rating update for this instructor.","logger":"task.stdout"}
{"timestamp":"2026-02-12T01:30:36.478633Z","level":"info","event":"Processing course APMA 4993 with 4 instructors","logger":"task.stdout"}
{"timestamp":"2026-02-12T01:30:36.525389Z","level":"info","event":"Processing course APMA 1090 with 16 instructors","logger":"task.stdout"}
{"timestamp":"2026-02-12T01:31:38.130384Z","level":"info","event":"Updated instructor Hui Ma with rating 4.13","logger":"task.stdout"}
{"timestamp":"2026-02-12T01:31:38.134439Z","level":"info","event":"Updated instructor Hui Ma with difficulty 3.10","logger":"task.stdout"}
{"timestamp":"2026-02-12T01:31:38.138034Z","level":"info","event":"Updated instructor Julie Spencer with rating 4.67","logger":"task.stdout"}
{"timestamp":"2026-02-12T01:31:38.138474Z","level":"info","event":"Updated instructor Julie Spencer with difficulty 3.00","logger":"task.stdout"}
{"timestamp":"2026-02-12T01:31:38.138819Z","level":"info","event":"WARNING: No professor found with name Farzad Dizaji. Skipping rating update for this instructor.","logger":"task.stdout"}
{"timestamp":"2026-02-12T01:31:38.139530Z","level":"info","event":"WARNING: No professor found with name Bernard Fulgham. Skipping rating update for this instructor.","logger":"task.stdout"}
{"timestamp":"2026-02-12T01:31:38.140164Z","level":"info","event":"WARNING: No professor found with name William Johnson. Skipping rating update for this instructor.","logger":"task.stdout"}
{"timestamp":"2026-02-12T01:31:38.140525Z","level":"info","event":"WARNING: No professor found with name Faculty Staff. Skipping rating update for this instructor.","logger":"task.stdout"}
{"timestamp":"2026-02-12T01:31:38.183908Z","level":"info","event":"Processing course APMA 1110 with 17 instructors","logger":"task.stdout"}
{"timestamp":"2026-02-12T01:31:38.184636Z","level":"info","event":"Updated instructor Monika Abramenko with rating 3.80","logger":"task.stdout"}
{"timestamp":"2026-02-12T01:31:38.185098Z","level":"info","event":"Updated instructor Monika Abramenko with difficulty 3.27","logger":"task.stdout"}
{"timestamp":"2026-02-12T01:31:38.185242Z","level":"info","event":"WARNING: No professor found with name Farzad Dizaji. Skipping rating update for this instructor.","logger":"task.stdout"}
{"timestamp":"2026-02-12T01:31:38.185755Z","level":"info","event":"Updated instructor Anne Fernando with rating 4.67","logger":"task.stdout"}
{"timestamp":"2026-02-12T01:31:38.186177Z","level":"info","event":"Updated instructor Anne Fernando with difficulty 3.00","logger":"task.stdout"}
{"timestamp":"2026-02-12T01:31:38.187132Z","level":"info","event":"Updated instructor Matthew McMillan with rating 3.44","logger":"task.stdout"}
{"timestamp":"2026-02-12T01:31:38.187220Z","level":"info","event":"Updated instructor Matthew McMillan with difficulty 4.00","logger":"task.stdout"}
{"timestamp":"2026-02-12T01:31:38.187358Z","level":"info","event":"WARNING: No professor found with name Shirin Provat. Skipping rating update for this instructor.","logger":"task.stdout"}
{"timestamp":"2026-02-12T01:31:38.187457Z","level":"info","event":"WARNING: No professor found with name Stacie Pisano. Skipping rating update for this instructor.","logger":"task.stdout"}
{"timestamp":"2026-02-12T01:31:38.188103Z","level":"info","event":"Updated instructor Meiqin Li with rating 4.75","logger":"task.stdout"}
{"timestamp":"2026-02-12T01:31:38.188555Z","level":"info","event":"Updated instructor Meiqin Li with difficulty 3.50","logger":"task.stdout"}
{"timestamp":"2026-02-12T01:31:38.188702Z","level":"info","event":"WARNING: No professor found with name Mary Beck. Skipping rating update for this instructor.","logger":"task.stdout"}
{"timestamp":"2026-02-12T01:31:38.188808Z","level":"info","event":"WARNING: No professor found with name Faculty Staff. Skipping rating update for this instructor.","logger":"task.stdout"}
{"timestamp":"2026-02-12T01:31:38.189323Z","level":"info","event":"Updated instructor Hui Ma with rating 4.67","logger":"task.stdout"}
{"timestamp":"2026-02-12T01:31:38.189715Z","level":"info","event":"Updated instructor Hui Ma with difficulty 3.33","logger":"task.stdout"}
{"timestamp":"2026-02-12T01:31:38.190456Z","level":"info","event":"Updated instructor Diana Morris with rating 4.33","logger":"task.stdout"}
{"timestamp":"2026-02-12T01:31:38.190854Z","level":"info","event":"Updated instructor Diana Morris with difficulty 3.25","logger":"task.stdout"}
{"timestamp":"2026-02-12T01:31:38.191420Z","level":"info","event":"Updated instructor Gianluca Guadagni with rating 2.86","logger":"task.stdout"}
{"timestamp":"2026-02-12T01:31:38.191890Z","level":"info","event":"Updated instructor Gianluca Guadagni with difficulty 3.93","logger":"task.stdout"}
{"timestamp":"2026-02-12T01:31:38.230696Z","level":"info","event":"Processing course APMA 2120 with 30 instructors","logger":"task.stdout"}
{"timestamp":"2026-02-12T01:31:38.231276Z","level":"info","event":"Updated instructor Megan Ryals with rating 3.00","logger":"task.stdout"}
{"timestamp":"2026-02-12T01:31:38.231713Z","level":"info","event":"Updated instructor Megan Ryals with difficulty 3.50","logger":"task.stdout"}
{"timestamp":"2026-02-12T01:31:38.232271Z","level":"info","event":"Updated instructor Christian Hellings with rating 4.43","logger":"task.stdout"}
{"timestamp":"2026-02-12T01:31:38.232835Z","level":"info","event":"Updated instructor Christian Hellings with difficulty 3.29","logger":"task.stdout"}
{"timestamp":"2026-02-12T01:31:38.233370Z","level":"info","event":"Updated instructor Asif Mahmood with rating 3.76","logger":"task.stdout"}
{"timestamp":"2026-02-12T01:31:38.233760Z","level":"info","event":"Updated instructor Asif Mahmood with difficulty 3.60","logger":"task.stdout"}
{"timestamp":"2026-02-12T01:31:38.233935Z","level":"info","event":"WARNING: No professor found with name Nethali Fernando. Skipping rating update for this instructor.","logger":"task.stdout"}
{"timestamp":"2026-02-12T01:31:38.234506Z","level":"info","event":"Updated instructor Heze Chen with rating 4.47","logger":"task.stdout"}
{"timestamp":"2026-02-12T01:31:38.234886Z","level":"info","event":"Updated instructor Heze Chen with difficulty 2.60","logger":"task.stdout"}
{"timestamp":"2026-02-12T01:31:38.235447Z","level":"info","event":"Updated instructor Joshua Choi with rating 2.89","logger":"task.stdout"}
{"timestamp":"2026-02-12T01:31:38.235826Z","level":"info","event":"Updated instructor Joshua Choi with difficulty 3.33","logger":"task.stdout"}
{"timestamp":"2026-02-12T01:31:38.235975Z","level":"info","event":"WARNING: No professor found with name Robert Williams. Skipping rating update for this instructor.","logger":"task.stdout"}
{"timestamp":"2026-02-12T01:31:38.236147Z","level":"info","event":"WARNING: No professor found with name Manouchehr Mohajeri. Skipping rating update for this instructor.","logger":"task.stdout"}
{"timestamp":"2026-02-12T01:31:38.236725Z","level":"info","event":"Updated instructor Hui Ma with rating 4.45","logger":"task.stdout"}
{"timestamp":"2026-02-12T01:31:38.237115Z","level":"info","event":"Updated instructor Hui Ma with difficulty 2.95","logger":"task.stdout"}
{"timestamp":"2026-02-12T01:31:38.237317Z","level":"info","event":"WARNING: No professor found with name Bernard Fulgham. Skipping rating update for this instructor.","logger":"task.stdout"}
{"timestamp":"2026-02-12T01:31:38.237498Z","level":"info","event":"WARNING: No professor found with name Eduardo Socolovsky. Skipping rating update for this instructor.","logger":"task.stdout"}
{"timestamp":"2026-02-12T01:31:38.238028Z","level":"info","event":"Updated instructor Diana Morris with rating 4.42","logger":"task.stdout"}
{"timestamp":"2026-02-12T01:31:38.238423Z","level":"info","event":"Updated instructor Diana Morris with difficulty 3.50","logger":"task.stdout"}
{"timestamp":"2026-02-12T01:31:38.238599Z","level":"info","event":"WARNING: No professor found with name Julia Spencer. Skipping rating update for this instructor.","logger":"task.stdout"}
{"timestamp":"2026-02-12T01:31:38.238738Z","level":"info","event":"WARNING: No professor found with name Mary Beck. Skipping rating update for this instructor.","logger":"task.stdout"}
{"timestamp":"2026-02-12T01:31:38.238874Z","level":"info","event":"WARNING: No professor found with name John Maybee. Skipping rating update for this instructor.","logger":"task.stdout"}
{"timestamp":"2026-02-12T01:31:38.239097Z","level":"info","event":"WARNING: No professor found with name Stephen Wilson. Skipping rating update for this instructor.","logger":"task.stdout"}
{"timestamp":"2026-02-12T01:31:38.239575Z","level":"info","event":"Updated instructor Gang Tao with rating 1.61","logger":"task.stdout"}
{"timestamp":"2026-02-12T01:31:38.239975Z","level":"info","event":"Updated instructor Gang Tao with difficulty 3.50","logger":"task.stdout"}
{"timestamp":"2026-02-12T01:31:38.240199Z","level":"info","event":"WARNING: No professor found with name William Thurneck. Skipping rating update for this instructor.","logger":"task.stdout"}
{"timestamp":"2026-02-12T01:31:38.240335Z","level":"info","event":"WARNING: No professor found with name Cornelius Horgan. Skipping rating update for this instructor.","logger":"task.stdout"}
{"timestamp":"2026-02-12T01:31:38.770130Z","level":"info","event":"Processing course APMA 2130 with 28 instructors","logger":"task.stdout"}
{"timestamp":"2026-02-12T01:31:38.770961Z","level":"info","event":"WARNING: No professor found with name Farzad Dizaji. Skipping rating update for this instructor.","logger":"task.stdout"}
{"timestamp":"2026-02-12T01:31:38.772040Z","level":"info","event":"Updated instructor Julie Spencer with rating 2.25","logger":"task.stdout"}
{"timestamp":"2026-02-12T01:31:38.772555Z","level":"info","event":"Updated instructor Julie Spencer with difficulty 4.00","logger":"task.stdout"}
{"timestamp":"2026-02-12T01:31:38.773368Z","level":"info","event":"Updated instructor Anne Fernando with rating 5.00","logger":"task.stdout"}
{"timestamp":"2026-02-12T01:31:38.773772Z","level":"info","event":"Updated instructor Anne Fernando with difficulty 2.00","logger":"task.stdout"}
{"timestamp":"2026-02-12T01:31:38.773957Z","level":"info","event":"WARNING: No professor found with name Shirin Provat. Skipping rating update for this instructor.","logger":"task.stdout"}
{"timestamp":"2026-02-12T01:31:38.774529Z","level":"info","event":"Updated instructor Diana Morris with rating 4.44","logger":"task.stdout"}
{"timestamp":"2026-02-12T01:31:38.774923Z","level":"info","event":"Updated instructor Diana Morris with difficulty 3.27","logger":"task.stdout"}
{"timestamp":"2026-02-12T01:31:38.775119Z","level":"info","event":"WARNING: No professor found with name Thiwanka Fernando. Skipping rating update for this instructor.","logger":"task.stdout"}
{"timestamp":"2026-02-12T01:31:38.775261Z","level":"info","event":"WARNING: No professor found with name Jennifer Marley. Skipping rating update for this instructor.","logger":"task.stdout"}
{"timestamp":"2026-02-12T01:31:38.775844Z","level":"info","event":"Updated instructor Hui Ma with rating 3.67","logger":"task.stdout"}
{"timestamp":"2026-02-12T01:31:38.776262Z","level":"info","event":"Updated instructor Hui Ma with difficulty 3.67","logger":"task.stdout"}
{"timestamp":"2026-02-12T01:31:38.776893Z","level":"info","event":"Updated instructor Gianluca Guadagni with rating 3.50","logger":"task.stdout"}
{"timestamp":"2026-02-12T01:31:38.777364Z","level":"info","event":"Updated instructor Gianluca Guadagni with difficulty 3.75","logger":"task.stdout"}
{"timestamp":"2026-02-12T01:31:38.777718Z","level":"info","event":"WARNING: No professor found with name Robert Williams. Skipping rating update for this instructor.","logger":"task.stdout"}
{"timestamp":"2026-02-12T01:31:38.778489Z","level":"info","event":"Updated instructor Megan Ryals with rating 2.22","logger":"task.stdout"}
{"timestamp":"2026-02-12T01:31:38.778847Z","level":"info","event":"Updated instructor Megan Ryals with difficulty 4.00","logger":"task.stdout"}
{"timestamp":"2026-02-12T01:31:38.779050Z","level":"info","event":"WARNING: No professor found with name Faculty Staff. Skipping rating update for this instructor.","logger":"task.stdout"}
{"timestamp":"2026-02-12T01:31:38.779712Z","level":"info","event":"Updated instructor Meiqin Li with rating 3.67","logger":"task.stdout"}
{"timestamp":"2026-02-12T01:31:38.780145Z","level":"info","event":"Updated instructor Meiqin Li with difficulty 3.00","logger":"task.stdout"}
{"timestamp":"2026-02-12T01:31:38.780317Z","level":"info","event":"WARNING: No professor found with name Julia Spencer. Skipping rating update for this instructor.","logger":"task.stdout"}
{"timestamp":"2026-02-12T01:31:38.780489Z","level":"info","event":"WARNING: No professor found with name Robert Johnson. Skipping rating update for this instructor.","logger":"task.stdout"}
{"timestamp":"2026-02-12T01:31:38.781401Z","level":"info","event":"WARNING: No professor found with name John Dorning. Skipping rating update for this instructor.","logger":"task.stdout"}
{"timestamp":"2026-02-12T01:31:38.781545Z","level":"info","event":"WARNING: No professor found with name Bernard Fulgham. Skipping rating update for this instructor.","logger":"task.stdout"}
{"timestamp":"2026-02-12T01:31:38.781729Z","level":"info","event":"WARNING: No professor found with name Eduardo Socolovsky. Skipping rating update for this instructor.","logger":"task.stdout"}
{"timestamp":"2026-02-12T01:31:38.781830Z","level":"info","event":"WARNING: No professor found with name Zongli Lin. Skipping rating update for this instructor.","logger":"task.stdout"}
{"timestamp":"2026-02-12T01:31:38.811478Z","level":"info","event":"Processing course APMA 2501 with 10 instructors","logger":"task.stdout"}
{"timestamp":"2026-02-12T01:31:38.813456Z","level":"info","event":"Updated instructor Farzad Hassanzadeh with rating 3.95","logger":"task.stdout"}
{"timestamp":"2026-02-12T01:31:38.814604Z","level":"info","event":"Updated instructor Farzad Hassanzadeh with difficulty 3.57","logger":"task.stdout"}
{"timestamp":"2026-02-12T01:31:38.816359Z","level":"info","event":"Updated instructor Gianluca Guadagni with rating 3.33","logger":"task.stdout"}
{"timestamp":"2026-02-12T01:31:38.817536Z","level":"info","event":"Updated instructor Gianluca Guadagni with difficulty 2.00","logger":"task.stdout"}
{"timestamp":"2026-02-12T01:31:38.818243Z","level":"info","event":"WARNING: No professor found with name Daniel Weller. Skipping rating update for this instructor.","logger":"task.stdout"}
{"timestamp":"2026-02-12T01:31:38.818676Z","level":"info","event":"WARNING: No professor found with name Bernard Fulgham. Skipping rating update for this instructor.","logger":"task.stdout"}
{"timestamp":"2026-02-12T01:31:38.866346Z","level":"info","event":"Processing course APMA 3080 with 22 instructors","logger":"task.stdout"}
{"timestamp":"2026-02-12T01:31:38.869317Z","level":"info","event":"Updated instructor Monika Abramenko with rating 3.70","logger":"task.stdout"}
{"timestamp":"2026-02-12T01:31:38.870727Z","level":"info","event":"Updated instructor Monika Abramenko with difficulty 3.13","logger":"task.stdout"}
{"timestamp":"2026-02-12T01:31:38.873330Z","level":"info","event":"Updated instructor Meiqin Li with rating 3.59","logger":"task.stdout"}
{"timestamp":"2026-02-12T01:31:38.874991Z","level":"info","event":"Updated instructor Meiqin Li with difficulty 2.69","logger":"task.stdout"}
{"timestamp":"2026-02-12T01:31:38.876843Z","level":"info","event":"Updated instructor Asif Mahmood with rating 4.67","logger":"task.stdout"}
{"timestamp":"2026-02-12T01:31:38.878077Z","level":"info","event":"Updated instructor Asif Mahmood with difficulty 2.50","logger":"task.stdout"}
{"timestamp":"2026-02-12T01:31:38.878816Z","level":"info","event":"WARNING: No professor found with name Nethali Fernando. Skipping rating update for this instructor.","logger":"task.stdout"}
{"timestamp":"2026-02-12T01:31:38.880354Z","level":"info","event":"Updated instructor James Lark with rating 2.33","logger":"task.stdout"}
{"timestamp":"2026-02-12T01:31:38.881691Z","level":"info","event":"Updated instructor James Lark with difficulty 3.00","logger":"task.stdout"}
{"timestamp":"2026-02-12T01:31:38.882726Z","level":"info","event":"Updated instructor Heze Chen with rating 4.56","logger":"task.stdout"}
{"timestamp":"2026-02-12T01:31:38.883895Z","level":"info","event":"Updated instructor Heze Chen with difficulty 3.33","logger":"task.stdout"}
{"timestamp":"2026-02-12T01:31:38.885515Z","level":"info","event":"Updated instructor Christian Hellings with rating 5.00","logger":"task.stdout"}
{"timestamp":"2026-02-12T01:31:38.887417Z","level":"info","event":"Updated instructor Christian Hellings with difficulty 3.00","logger":"task.stdout"}
{"timestamp":"2026-02-12T01:31:38.888111Z","level":"info","event":"WARNING: No professor found with name Marek-Jerzy Pindera. Skipping rating update for this instructor.","logger":"task.stdout"}
{"timestamp":"2026-02-12T01:31:38.890053Z","level":"info","event":"Updated instructor Diana Morris with rating 4.57","logger":"task.stdout"}
{"timestamp":"2026-02-12T01:31:38.891334Z","level":"info","event":"Updated instructor Diana Morris with difficulty 2.70","logger":"task.stdout"}
{"timestamp":"2026-02-12T01:31:38.892021Z","level":"info","event":"WARNING: No professor found with name Robert Williams. Skipping rating update for this instructor.","logger":"task.stdout"}
{"timestamp":"2026-02-12T01:31:38.893463Z","level":"info","event":"Updated instructor Hui Ma with rating 3.25","logger":"task.stdout"}
{"timestamp":"2026-02-12T01:31:38.894474Z","level":"info","event":"Updated instructor Hui Ma with difficulty 4.00","logger":"task.stdout"}
{"timestamp":"2026-02-12T01:31:38.895133Z","level":"info","event":"WARNING: No professor found with name Houston Wood. Skipping rating update for this instructor.","logger":"task.stdout"}
{"timestamp":"2026-02-12T01:31:38.895666Z","level":"info","event":"WARNING: No professor found with name Daria Snider. Skipping rating update for this instructor.","logger":"task.stdout"}
{"timestamp":"2026-02-12T01:31:38.896188Z","level":"info","event":"WARNING: No professor found with name Wu-Seng Lung. Skipping rating update for this instructor.","logger":"task.stdout"}
{"timestamp":"2026-02-12T01:31:38.898633Z","level":"info","event":"Updated instructor Jeffrey Holt with rating 4.22","logger":"task.stdout"}
{"timestamp":"2026-02-12T01:31:38.900356Z","level":"info","event":"Updated instructor Jeffrey Holt with difficulty 3.50","logger":"task.stdout"}
{"timestamp":"2026-02-12T01:31:38.949728Z","level":"info","event":"Processing course APMA 3100 with 27 instructors","logger":"task.stdout"}
{"timestamp":"2026-02-12T01:31:38.950787Z","level":"info","event":"Updated instructor Megan Ryals with rating 3.50","logger":"task.stdout"}
{"timestamp":"2026-02-12T01:31:38.951259Z","level":"info","event":"Updated instructor Megan Ryals with difficulty 3.60","logger":"task.stdout"}
{"timestamp":"2026-02-12T01:31:38.951931Z","level":"info","event":"Updated instructor Hui Ma with rating 4.33","logger":"task.stdout"}
{"timestamp":"2026-02-12T01:31:38.952413Z","level":"info","event":"Updated instructor Hui Ma with difficulty 3.50","logger":"task.stdout"}
{"timestamp":"2026-02-12T01:31:38.952989Z","level":"info","event":"Updated instructor Christian Hellings with rating 4.00","logger":"task.stdout"}
{"timestamp":"2026-02-12T01:31:38.953429Z","level":"info","event":"Updated instructor Christian Hellings with difficulty 4.50","logger":"task.stdout"}
{"timestamp":"2026-02-12T01:31:38.954026Z","level":"info","event":"Updated instructor Deepyaman Maiti with rating 3.83","logger":"task.stdout"}
{"timestamp":"2026-02-12T01:31:38.954549Z","level":"info","event":"Updated instructor Deepyaman Maiti with difficulty 3.50","logger":"task.stdout"}
{"timestamp":"2026-02-12T01:31:38.954747Z","level":"info","event":"WARNING: No professor found with name Farzad Dizaji. Skipping rating update for this instructor.","logger":"task.stdout"}
{"timestamp":"2026-02-12T01:31:38.955032Z","level":"info","event":"WARNING: No professor found with name Jennifer Marley. Skipping rating update for this instructor.","logger":"task.stdout"}
{"timestamp":"2026-02-12T01:31:38.955220Z","level":"info","event":"WARNING: No professor found with name Roman Krzysztofowicz. Skipping rating update for this instructor.","logger":"task.stdout"}
{"timestamp":"2026-02-12T01:31:38.955873Z","level":"info","event":"Updated instructor Jundong Li with rating 3.67","logger":"task.stdout"}
{"timestamp":"2026-02-12T01:31:38.956273Z","level":"info","event":"Updated instructor Jundong Li with difficulty 2.50","logger":"task.stdout"}
{"timestamp":"2026-02-12T01:31:38.957942Z","level":"info","event":"Updated instructor Cong Shen with rating 3.33","logger":"task.stdout"}
{"timestamp":"2026-02-12T01:31:38.959217Z","level":"info","event":"Updated instructor Cong Shen with difficulty 4.00","logger":"task.stdout"}
{"timestamp":"2026-02-12T01:31:38.959863Z","level":"info","event":"WARNING: No professor found with name Bernard Fulgham. Skipping rating update for this instructor.","logger":"task.stdout"}
{"timestamp":"2026-02-12T01:31:38.961239Z","level":"info","event":"Updated instructor Meiqin Li with rating 3.92","logger":"task.stdout"}
{"timestamp":"2026-02-12T01:31:38.962015Z","level":"info","event":"Updated instructor Meiqin Li with difficulty 3.00","logger":"task.stdout"}
{"timestamp":"2026-02-12T01:31:38.962300Z","level":"info","event":"WARNING: No professor found with name Daria Snider. Skipping rating update for this instructor.","logger":"task.stdout"}
{"timestamp":"2026-02-12T01:31:38.962690Z","level":"info","event":"WARNING: No professor found with name Thomas Baber. Skipping rating update for this instructor.","logger":"task.stdout"}
{"timestamp":"2026-02-12T01:31:38.963175Z","level":"info","event":"WARNING: No professor found with name Rajinder Mavi. Skipping rating update for this instructor.","logger":"task.stdout"}
{"timestamp":"2026-02-12T01:31:38.964650Z","level":"info","event":"Updated instructor Gianluca Guadagni with rating 2.10","logger":"task.stdout"}
{"timestamp":"2026-02-12T01:31:38.965513Z","level":"info","event":"Updated instructor Gianluca Guadagni with difficulty 4.10","logger":"task.stdout"}
{"timestamp":"2026-02-12T01:31:39.005192Z","level":"info","event":"Processing course APMA 3110 with 21 instructors","logger":"task.stdout"}
{"timestamp":"2026-02-12T01:31:39.006246Z","level":"info","event":"Updated instructor Hui Ma with rating 4.56","logger":"task.stdout"}
{"timestamp":"2026-02-12T01:31:39.006649Z","level":"info","event":"Updated instructor Hui Ma with difficulty 3.33","logger":"task.stdout"}
{"timestamp":"2026-02-12T01:31:39.007324Z","level":"info","event":"Updated instructor Deepyaman Maiti with rating 3.78","logger":"task.stdout"}
{"timestamp":"2026-02-12T01:31:39.007894Z","level":"info","event":"Updated instructor Deepyaman Maiti with difficulty 2.33","logger":"task.stdout"}
{"timestamp":"2026-02-12T01:31:39.008535Z","level":"info","event":"Updated instructor Gary Koenig with rating 2.80","logger":"task.stdout"}
{"timestamp":"2026-02-12T01:31:39.009051Z","level":"info","event":"Updated instructor Gary Koenig with difficulty 4.60","logger":"task.stdout"}
{"timestamp":"2026-02-12T01:31:39.009592Z","level":"info","event":"WARNING: No professor found with name Stacie Pisano. Skipping rating update for this instructor.","logger":"task.stdout"}
{"timestamp":"2026-02-12T01:31:39.010029Z","level":"info","event":"WARNING: No professor found with name Julia Spencer. Skipping rating update for this instructor.","logger":"task.stdout"}
{"timestamp":"2026-02-12T01:31:39.011050Z","level":"info","event":"Updated instructor Megan Ryals with rating 2.17","logger":"task.stdout"}
{"timestamp":"2026-02-12T01:31:39.011849Z","level":"info","event":"Updated instructor Megan Ryals with difficulty 4.50","logger":"task.stdout"}
{"timestamp":"2026-02-12T01:31:39.012278Z","level":"info","event":"WARNING: No professor found with name Roman Krzysztofowicz. Skipping rating update for this instructor.","logger":"task.stdout"}
{"timestamp":"2026-02-12T01:31:39.012946Z","level":"info","event":"Updated instructor James Lark with rating 2.89","logger":"task.stdout"}
{"timestamp":"2026-02-12T01:31:39.013437Z","level":"info","event":"Updated instructor James Lark with difficulty 3.33","logger":"task.stdout"}
{"timestamp":"2026-02-12T01:31:39.013697Z","level":"info","event":"WARNING: No professor found with name John Maybee. Skipping rating update for this instructor.","logger":"task.stdout"}
{"timestamp":"2026-02-12T01:31:39.014279Z","level":"info","event":"Updated instructor Diana Morris with rating 4.17","logger":"task.stdout"}
{"timestamp":"2026-02-12T01:31:39.014758Z","level":"info","event":"Updated instructor Diana Morris with difficulty 3.00","logger":"task.stdout"}
{"timestamp":"2026-02-12T01:31:39.015451Z","level":"info","event":"Updated instructor Gianluca Guadagni with rating 2.33","logger":"task.stdout"}
{"timestamp":"2026-02-12T01:31:39.016636Z","level":"info","event":"Updated instructor Gianluca Guadagni with difficulty 2.00","logger":"task.stdout"}
{"timestamp":"2026-02-12T01:31:39.017335Z","level":"info","event":"Updated instructor Dan Spitzner with rating 3.22","logger":"task.stdout"}
{"timestamp":"2026-02-12T01:31:39.017774Z","level":"info","event":"Updated instructor Dan Spitzner with difficulty 1.33","logger":"task.stdout"}
{"timestamp":"2026-02-12T01:31:39.046133Z","level":"info","event":"Processing course APMA 3120 with 3 instructors","logger":"task.stdout"}
{"timestamp":"2026-02-12T01:31:39.047079Z","level":"info","event":"Updated instructor James Lark with rating 3.65","logger":"task.stdout"}
{"timestamp":"2026-02-12T01:31:39.047596Z","level":"info","event":"Updated instructor James Lark with difficulty 2.87","logger":"task.stdout"}
{"timestamp":"2026-02-12T01:31:39.048310Z","level":"info","event":"Updated instructor Anne Fernando with rating 3.33","logger":"task.stdout"}
{"timestamp":"2026-02-12T01:31:39.048802Z","level":"info","event":"Updated instructor Anne Fernando with difficulty 4.00","logger":"task.stdout"}
{"timestamp":"2026-02-12T01:31:39.048993Z","level":"info","event":"WARNING: No professor found with name Jianhui Zhou. Skipping rating update for this instructor.","logger":"task.stdout"}
{"timestamp":"2026-02-12T01:31:39.081575Z","level":"info","event":"Processing course APMA 3140 with 12 instructors","logger":"task.stdout"}
{"timestamp":"2026-02-12T01:31:39.082389Z","level":"info","event":"Updated instructor Diana Morris with rating 4.67","logger":"task.stdout"}
{"timestamp":"2026-02-12T01:31:39.082830Z","level":"info","event":"Updated instructor Diana Morris with difficulty 2.80","logger":"task.stdout"}
{"timestamp":"2026-02-12T01:31:39.083085Z","level":"info","event":"WARNING: No professor found with name Thiwanka Fernando. Skipping rating update for this instructor.","logger":"task.stdout"}
{"timestamp":"2026-02-12T01:31:39.083237Z","level":"info","event":"WARNING: No professor found with name Julia Spencer. Skipping rating update for this instructor.","logger":"task.stdout"}
{"timestamp":"2026-02-12T01:31:39.083844Z","level":"info","event":"Updated instructor Gianluca Guadagni with rating 2.50","logger":"task.stdout"}
{"timestamp":"2026-02-12T01:31:39.084286Z","level":"info","event":"Updated instructor Gianluca Guadagni with difficulty 3.50","logger":"task.stdout"}
{"timestamp":"2026-02-12T01:31:39.134200Z","level":"info","event":"Processing course ARH 1020 with 39 instructors","logger":"task.stdout"}
{"timestamp":"2026-02-12T01:31:39.135317Z","level":"info","event":"Updated instructor Sheila Crane with rating 3.82","logger":"task.stdout"}
{"timestamp":"2026-02-12T01:31:39.135870Z","level":"info","event":"Updated instructor Sheila Crane with difficulty 2.85","logger":"task.stdout"}
{"timestamp":"2026-02-12T01:31:39.136673Z","level":"info","event":"WARNING: No professor found with name Cho Ma. Skipping rating update for this instructor.","logger":"task.stdout"}
{"timestamp":"2026-02-12T01:31:39.276483Z","level":"info","event":"Processing course ARH 2702 with 3 instructors","logger":"task.stdout"}
{"timestamp":"2026-02-12T01:31:39.298183Z","level":"info","event":"Processing course ARH 3060 with 1 instructors","logger":"task.stdout"}
{"timestamp":"2026-02-12T01:31:39.320578Z","level":"info","event":"Processing course ARH 3403 with 1 instructors","logger":"task.stdout"}
{"timestamp":"2026-02-12T01:31:39.321766Z","level":"info","event":"Updated instructor Shiqiao Li with rating 2.50","logger":"task.stdout"}
{"timestamp":"2026-02-12T01:31:39.323154Z","level":"info","event":"Updated instructor Shiqiao Li with difficulty 2.50","logger":"task.stdout"}
{"timestamp":"2026-02-12T01:31:39.348729Z","level":"info","event":"Processing course ARH 3500 with 11 instructors","logger":"task.stdout"}
{"timestamp":"2026-02-12T01:31:39.349635Z","level":"info","event":"Updated instructor Andrew Johnston with rating 4.00","logger":"task.stdout"}
{"timestamp":"2026-02-12T01:31:39.350123Z","level":"info","event":"Updated instructor Andrew Johnston with difficulty 2.00","logger":"task.stdout"}
{"timestamp":"2026-02-12T01:31:39.373142Z","level":"info","event":"Processing course ARH 3604 with 4 instructors","logger":"task.stdout"}
{"timestamp":"2026-02-12T01:31:39.399393Z","level":"info","event":"Processing course ARH 4591 with 11 instructors","logger":"task.stdout"}
{"timestamp":"2026-02-12T01:31:39.424483Z","level":"info","event":"Processing course ARH 4993 with 7 instructors","logger":"task.stdout"}
{"timestamp":"2026-02-12T01:31:39.453971Z","level":"info","event":"Processing course ARH 4999 with 16 instructors","logger":"task.stdout"}
{"timestamp":"2026-02-12T01:31:39.489157Z","level":"info","event":"Processing course ASL 1020 with 15 instructors","logger":"task.stdout"}
{"timestamp":"2026-02-12T01:31:39.490470Z","level":"info","event":"Updated instructor Gregory Propp with rating 4.22","logger":"task.stdout"}
{"timestamp":"2026-02-12T01:31:39.491725Z","level":"info","event":"Updated instructor Gregory Propp with difficulty 3.00","logger":"task.stdout"}
{"timestamp":"2026-02-12T01:31:39.493762Z","level":"info","event":"Updated instructor Tammy Waddell with rating 4.67","logger":"task.stdout"}
{"timestamp":"2026-02-12T01:31:39.494500Z","level":"info","event":"Updated instructor Tammy Waddell with difficulty 1.00","logger":"task.stdout"}
{"timestamp":"2026-02-12T01:31:39.496338Z","level":"info","event":"Updated instructor Miranda Slusser with rating 5.00","logger":"task.stdout"}
{"timestamp":"2026-02-12T01:31:39.497668Z","level":"info","event":"Updated instructor Miranda Slusser with difficulty 3.00","logger":"task.stdout"}
{"timestamp":"2026-02-12T01:31:39.498258Z","level":"info","event":"WARNING: No professor found with name Rocco Devito. Skipping rating update for this instructor.","logger":"task.stdout"}
{"timestamp":"2026-02-12T01:31:39.498973Z","level":"info","event":"WARNING: No professor found with name Roberta Dietz. Skipping rating update for this instructor.","logger":"task.stdout"}
{"timestamp":"2026-02-12T01:31:39.500563Z","level":"info","event":"Updated instructor Christopher Krentz with rating 2.33","logger":"task.stdout"}
{"timestamp":"2026-02-12T01:31:39.501632Z","level":"info","event":"Updated instructor Christopher Krentz with difficulty 5.00","logger":"task.stdout"}
{"timestamp":"2026-02-12T01:31:39.502181Z","level":"info","event":"WARNING: No professor found with name Rhonda Jennings. Skipping rating update for this instructor.","logger":"task.stdout"}
{"timestamp":"2026-02-12T01:31:39.655824Z","level":"info","event":"Processing course ASL 2020 with 9 instructors","logger":"task.stdout"}
{"timestamp":"2026-02-12T01:31:39.656774Z","level":"info","event":"Updated instructor Gregory Propp with rating 4.50","logger":"task.stdout"}
{"timestamp":"2026-02-12T01:31:39.657233Z","level":"info","event":"Updated instructor Gregory Propp with difficulty 3.00","logger":"task.stdout"}
{"timestamp":"2026-02-12T01:31:39.657869Z","level":"info","event":"Updated instructor Maher Eshgi with rating 2.67","logger":"task.stdout"}
{"timestamp":"2026-02-12T01:31:39.658366Z","level":"info","event":"Updated instructor Maher Eshgi with difficulty 1.00","logger":"task.stdout"}
{"timestamp":"2026-02-12T01:31:39.658569Z","level":"info","event":"WARNING: No professor found with name Rhonda Jennings-arey. Skipping rating update for this instructor.","logger":"task.stdout"}
{"timestamp":"2026-02-12T01:31:39.658864Z","level":"info","event":"WARNING: No professor found with name Sandra Wood. Skipping rating update for this instructor.","logger":"task.stdout"}
{"timestamp":"2026-02-12T01:31:39.682097Z","level":"info","event":"Processing course ASL 3015 with 1 instructors","logger":"task.stdout"}
{"timestamp":"2026-02-12T01:31:39.704124Z","level":"info","event":"Processing course ASL 3020 with 1 instructors","logger":"task.stdout"}
{"timestamp":"2026-02-12T01:31:39.726599Z","level":"info","event":"Processing course ASL 3460 with 1 instructors","logger":"task.stdout"}
{"timestamp":"2026-02-12T01:31:39.751368Z","level":"info","event":"Processing course ASL 3559 with 8 instructors","logger":"task.stdout"}
{"timestamp":"2026-02-12T01:31:39.751723Z","level":"info","event":"WARNING: No professor found with name Rhonda Jennings-arey. Skipping rating update for this instructor.","logger":"task.stdout"}
{"timestamp":"2026-02-12T01:31:39.773311Z","level":"info","event":"Processing course ASL 4450 with 1 instructors","logger":"task.stdout"}
{"timestamp":"2026-02-12T01:31:39.794142Z","level":"info","event":"Processing course ASL 4750 with 1 instructors","logger":"task.stdout"}
{"timestamp":"2026-02-12T01:31:39.794782Z","level":"info","event":"Updated instructor Christopher Krentz with rating 4.67","logger":"task.stdout"}
{"timestamp":"2026-02-12T01:31:39.795210Z","level":"info","event":"Updated instructor Christopher Krentz with difficulty 3.00","logger":"task.stdout"}
{"timestamp":"2026-02-12T01:31:39.816128Z","level":"info","event":"Processing course ASL 4993 with 1 instructors","logger":"task.stdout"}
{"timestamp":"2026-02-12T01:31:39.845909Z","level":"info","event":"Processing course ASTR 1210 with 20 instructors","logger":"task.stdout"}
{"timestamp":"2026-02-12T01:31:39.846611Z","level":"info","event":"Updated instructor Zhi-Yun Li with rating 3.33","logger":"task.stdout"}
{"timestamp":"2026-02-12T01:31:39.847104Z","level":"info","event":"Updated instructor Zhi-Yun Li with difficulty 3.14","logger":"task.stdout"}
{"timestamp":"2026-02-12T01:31:39.847805Z","level":"info","event":"Updated instructor Remy Indebetouw with rating 2.73","logger":"task.stdout"}
{"timestamp":"2026-02-12T01:31:39.848229Z","level":"info","event":"Updated instructor Remy Indebetouw with difficulty 3.00","logger":"task.stdout"}
{"timestamp":"2026-02-12T01:31:39.848843Z","level":"info","event":"Updated instructor Edward Murphy with rating 3.81","logger":"task.stdout"}
{"timestamp":"2026-02-12T01:31:39.849247Z","level":"info","event":"Updated instructor Edward Murphy with difficulty 2.88","logger":"task.stdout"}
{"timestamp":"2026-02-12T01:31:39.849873Z","level":"info","event":"Updated instructor Aaron Evans with rating 4.07","logger":"task.stdout"}
{"timestamp":"2026-02-12T01:31:39.850310Z","level":"info","event":"Updated instructor Aaron Evans with difficulty 1.86","logger":"task.stdout"}
{"timestamp":"2026-02-12T01:31:39.850929Z","level":"info","event":"Updated instructor Matthew Pryal with rating 4.36","logger":"task.stdout"}
{"timestamp":"2026-02-12T01:31:39.851334Z","level":"info","event":"Updated instructor Matthew Pryal with difficulty 2.60","logger":"task.stdout"}
{"timestamp":"2026-02-12T01:31:39.851903Z","level":"info","event":"Updated instructor Ilse Cleeves with rating 4.33","logger":"task.stdout"}
{"timestamp":"2026-02-12T01:31:39.852299Z","level":"info","event":"Updated instructor Ilse Cleeves with difficulty 2.22","logger":"task.stdout"}
{"timestamp":"2026-02-12T01:31:39.852494Z","level":"info","event":"WARNING: No professor found with name Michael Skrutskie. Skipping rating update for this instructor.","logger":"task.stdout"}
{"timestamp":"2026-02-12T01:31:39.852653Z","level":"info","event":"WARNING: No professor found with name Trinh Thuan. Skipping rating update for this instructor.","logger":"task.stdout"}
{"timestamp":"2026-02-12T01:31:39.852850Z","level":"info","event":"WARNING: No professor found with name Richard Patterson. Skipping rating update for this instructor.","logger":"task.stdout"}
{"timestamp":"2026-02-12T01:31:39.853007Z","level":"info","event":"WARNING: No professor found with name Robert O'Connell. Skipping rating update for this instructor.","logger":"task.stdout"}
{"timestamp":"2026-02-12T01:31:39.853141Z","level":"info","event":"WARNING: No professor found with name Robert Dickman. Skipping rating update for this instructor.","logger":"task.stdout"}
{"timestamp":"2026-02-12T01:31:39.853704Z","level":"info","event":"Updated instructor Craig Sarazin with rating 3.78","logger":"task.stdout"}
{"timestamp":"2026-02-12T01:31:39.854091Z","level":"info","event":"Updated instructor Craig Sarazin with difficulty 1.33","logger":"task.stdout"}
{"timestamp":"2026-02-12T01:31:39.854267Z","level":"info","event":"WARNING: No professor found with name Charles Tolbert. Skipping rating update for this instructor.","logger":"task.stdout"}
{"timestamp":"2026-02-12T01:31:39.886749Z","level":"info","event":"Processing course ASTR 1220 with 30 instructors","logger":"task.stdout"}
{"timestamp":"2026-02-12T01:31:39.887313Z","level":"info","event":"Updated instructor Matthew Pryal with rating 4.26","logger":"task.stdout"}
{"timestamp":"2026-02-12T01:31:39.887732Z","level":"info","event":"Updated instructor Matthew Pryal with difficulty 2.44","logger":"task.stdout"}
{"timestamp":"2026-02-12T01:31:39.888274Z","level":"info","event":"Updated instructor Shazrene Mohamed with rating 3.33","logger":"task.stdout"}
{"timestamp":"2026-02-12T01:31:39.888679Z","level":"info","event":"Updated instructor Shazrene Mohamed with difficulty 3.00","logger":"task.stdout"}
{"timestamp":"2026-02-12T01:31:39.889220Z","level":"info","event":"Updated instructor Maryam Modjaz with rating 2.92","logger":"task.stdout"}
{"timestamp":"2026-02-12T01:31:39.889617Z","level":"info","event":"Updated instructor Maryam Modjaz with difficulty 2.00","logger":"task.stdout"}
{"timestamp":"2026-02-12T01:31:39.890187Z","level":"info","event":"Updated instructor Bradley Johnson with rating 3.67","logger":"task.stdout"}
{"timestamp":"2026-02-12T01:31:39.890594Z","level":"info","event":"Updated instructor Bradley Johnson with difficulty 1.83","logger":"task.stdout"}
{"timestamp":"2026-02-12T01:31:39.891201Z","level":"info","event":"Updated instructor Craig Sarazin with rating 3.00","logger":"task.stdout"}
{"timestamp":"2026-02-12T01:31:39.891625Z","level":"info","event":"Updated instructor Craig Sarazin with difficulty 4.00","logger":"task.stdout"}
{"timestamp":"2026-02-12T01:31:39.892219Z","level":"info","event":"Updated instructor Nitya Kallivayalil with rating 3.27","logger":"task.stdout"}
{"timestamp":"2026-02-12T01:31:39.892621Z","level":"info","event":"Updated instructor Nitya Kallivayalil with difficulty 2.00","logger":"task.stdout"}
{"timestamp":"2026-02-12T01:31:39.892889Z","level":"info","event":"WARNING: No professor found with name Trinh Thuan. Skipping rating update for this instructor.","logger":"task.stdout"}
{"timestamp":"2026-02-12T01:31:39.893488Z","level":"info","event":"Updated instructor William Saslaw with rating 1.54","logger":"task.stdout"}
{"timestamp":"2026-02-12T01:31:39.893866Z","level":"info","event":"Updated instructor William Saslaw with difficulty 3.62","logger":"task.stdout"}
{"timestamp":"2026-02-12T01:31:39.894046Z","level":"info","event":"WARNING: No professor found with name D. Whittle. Skipping rating update for this instructor.","logger":"task.stdout"}
{"timestamp":"2026-02-12T01:31:39.894674Z","level":"info","event":"Updated instructor Edward Murphy with rating 5.00","logger":"task.stdout"}
{"timestamp":"2026-02-12T01:31:39.895073Z","level":"info","event":"Updated instructor Edward Murphy with difficulty 4.00","logger":"task.stdout"}
{"timestamp":"2026-02-12T01:31:40.003338Z","level":"info","event":"Processing course ASTR 1250 with 6 instructors","logger":"task.stdout"}
{"timestamp":"2026-02-12T01:31:40.004104Z","level":"info","event":"Updated instructor Yifan Zhou with rating 3.33","logger":"task.stdout"}
{"timestamp":"2026-02-12T01:31:40.004531Z","level":"info","event":"Updated instructor Yifan Zhou with difficulty 3.00","logger":"task.stdout"}
{"timestamp":"2026-02-12T01:31:40.005166Z","level":"info","event":"Updated instructor Phil Arras with rating 3.89","logger":"task.stdout"}
{"timestamp":"2026-02-12T01:31:40.005571Z","level":"info","event":"Updated instructor Phil Arras with difficulty 1.33","logger":"task.stdout"}
{"timestamp":"2026-02-12T01:31:40.026342Z","level":"info","event":"Processing course ASTR 1290 with 4 instructors","logger":"task.stdout"}
{"timestamp":"2026-02-12T01:31:40.026916Z","level":"info","event":"Updated instructor Matthew Pryal with rating 4.17","logger":"task.stdout"}
{"timestamp":"2026-02-12T01:31:40.027328Z","level":"info","event":"Updated instructor Matthew Pryal with difficulty 3.17","logger":"task.stdout"}
{"timestamp":"2026-02-12T01:31:40.027854Z","level":"info","event":"Updated instructor Shane Davis with rating 4.62","logger":"task.stdout"}
{"timestamp":"2026-02-12T01:31:40.028243Z","level":"info","event":"Updated instructor Shane Davis with difficulty 1.85","logger":"task.stdout"}
{"timestamp":"2026-02-12T01:31:40.049396Z","level":"info","event":"Processing course ASTR 1610 with 6 instructors","logger":"task.stdout"}
{"timestamp":"2026-02-12T01:31:40.049954Z","level":"info","event":"Updated instructor Edward Murphy with rating 2.83","logger":"task.stdout"}
{"timestamp":"2026-02-12T01:31:40.050369Z","level":"info","event":"Updated instructor Edward Murphy with difficulty 2.00","logger":"task.stdout"}
{"timestamp":"2026-02-12T01:31:40.051035Z","level":"info","event":"Updated instructor Paul Seidelmann with rating 4.33","logger":"task.stdout"}
{"timestamp":"2026-02-12T01:31:40.051437Z","level":"info","event":"Updated instructor Paul Seidelmann with difficulty 1.00","logger":"task.stdout"}
{"timestamp":"2026-02-12T01:31:40.078126Z","level":"info","event":"Processing course ASTR 2120 with 18 instructors","logger":"task.stdout"}
{"timestamp":"2026-02-12T01:31:40.078729Z","level":"info","event":"Updated instructor Bradley Johnson with rating 4.67","logger":"task.stdout"}
{"timestamp":"2026-02-12T01:31:40.079113Z","level":"info","event":"Updated instructor Bradley Johnson with difficulty 2.00","logger":"task.stdout"}
{"timestamp":"2026-02-12T01:31:40.079703Z","level":"info","event":"Updated instructor Craig Sarazin with rating 4.22","logger":"task.stdout"}
{"timestamp":"2026-02-12T01:31:40.080089Z","level":"info","event":"Updated instructor Craig Sarazin with difficulty 3.00","logger":"task.stdout"}
{"timestamp":"2026-02-12T01:31:40.103114Z","level":"info","event":"Processing course ASTR 3130 with 9 instructors","logger":"task.stdout"}
{"timestamp":"2026-02-12T01:31:40.103658Z","level":"info","event":"Updated instructor Steven Majewski with rating 5.00","logger":"task.stdout"}
{"timestamp":"2026-02-12T01:31:40.104078Z","level":"info","event":"Updated instructor Steven Majewski with difficulty 3.00","logger":"task.stdout"}
{"timestamp":"2026-02-12T01:31:40.104417Z","level":"info","event":"WARNING: No professor found with name Kelsey Johnson. Skipping rating update for this instructor.","logger":"task.stdout"}
{"timestamp":"2026-02-12T01:31:40.128046Z","level":"info","event":"Processing course ASTR 3420 with 11 instructors","logger":"task.stdout"}
{"timestamp":"2026-02-12T01:31:40.128235Z","level":"info","event":"WARNING: No professor found with name Robert Dickman. Skipping rating update for this instructor.","logger":"task.stdout"}
{"timestamp":"2026-02-12T01:31:40.128379Z","level":"info","event":"WARNING: No professor found with name Robin Garrod. Skipping rating update for this instructor.","logger":"task.stdout"}
{"timestamp":"2026-02-12T01:31:40.128542Z","level":"info","event":"WARNING: No professor found with name Philip Arras. Skipping rating update for this instructor.","logger":"task.stdout"}
{"timestamp":"2026-02-12T01:31:40.147862Z","level":"info","event":"Processing course ASTR 3450 with 1 instructors","logger":"task.stdout"}
{"timestamp":"2026-02-12T01:31:40.148453Z","level":"info","event":"Updated instructor Edward Murphy with rating 4.00","logger":"task.stdout"}
{"timestamp":"2026-02-12T01:31:40.148867Z","level":"info","event":"Updated instructor Edward Murphy with difficulty 2.50","logger":"task.stdout"}
{"timestamp":"2026-02-12T01:31:40.168809Z","level":"info","event":"Processing course ASTR 3490 with 1 instructors","logger":"task.stdout"}
{"timestamp":"2026-02-12T01:31:40.169388Z","level":"info","event":"Updated instructor Mark Whittle with rating 2.83","logger":"task.stdout"}
{"timestamp":"2026-02-12T01:31:40.169790Z","level":"info","event":"Updated instructor Mark Whittle with difficulty 4.00","logger":"task.stdout"}
{"timestamp":"2026-02-12T01:31:40.193112Z","level":"info","event":"Processing course ASTR 3880 with 3 instructors","logger":"task.stdout"}
{"timestamp":"2026-02-12T01:31:40.193814Z","level":"info","event":"Updated instructor Alan Howard with rating 2.17","logger":"task.stdout"}
{"timestamp":"2026-02-12T01:31:40.194204Z","level":"info","event":"Updated instructor Alan Howard with difficulty 3.00","logger":"task.stdout"}
{"timestamp":"2026-02-12T01:31:40.214858Z","level":"info","event":"Processing course ASTR 3881 with 3 instructors","logger":"task.stdout"}
{"timestamp":"2026-02-12T01:31:40.321030Z","level":"info","event":"Processing course ASTR 4140 with 1 instructors","logger":"task.stdout"}
{"timestamp":"2026-02-12T01:31:40.341162Z","level":"info","event":"Processing course ASTR 4470 with 1 instructors","logger":"task.stdout"}
{"timestamp":"2026-02-12T01:31:40.386869Z","level":"info","event":"Processing course ASTR 4993 with 57 instructors","logger":"task.stdout"}
{"timestamp":"2026-02-12T01:31:40.433309Z","level":"info","event":"Processing course ASTR 4998 with 57 instructors","logger":"task.stdout"}
{"timestamp":"2026-02-12T01:31:40.502979Z","level":"info","event":"Processing course BIOL 2200 with 110 instructors","logger":"task.stdout"}
{"timestamp":"2026-02-12T01:31:40.503725Z","level":"info","event":"Updated instructor Jessamyn Manson with rating 3.24","logger":"task.stdout"}
{"timestamp":"2026-02-12T01:31:40.504313Z","level":"info","event":"Updated instructor Jessamyn Manson with difficulty 3.78","logger":"task.stdout"}
{"timestamp":"2026-02-12T01:31:40.505343Z","level":"info","event":"WARNING: No professor found with name Caroline Bush. Skipping rating update for this instructor.","logger":"task.stdout"}
{"timestamp":"2026-02-12T01:31:40.507356Z","level":"info","event":"WARNING: No professor found with name Matthew Volny. Skipping rating update for this instructor.","logger":"task.stdout"}
{"timestamp":"2026-02-12T01:31:40.532152Z","level":"info","event":"Processing course BIOL 3000 with 12 instructors","logger":"task.stdout"}
{"timestamp":"2026-02-12T01:31:40.532779Z","level":"info","event":"Updated instructor Keith Kozminski with rating 2.97","logger":"task.stdout"}
{"timestamp":"2026-02-12T01:31:40.533186Z","level":"info","event":"Updated instructor Keith Kozminski with difficulty 4.26","logger":"task.stdout"}
{"timestamp":"2026-02-12T01:31:40.533745Z","level":"info","event":"Updated instructor Mike Wormington with rating 3.28","logger":"task.stdout"}
{"timestamp":"2026-02-12T01:31:40.534135Z","level":"info","event":"Updated instructor Mike Wormington with difficulty 4.70","logger":"task.stdout"}
{"timestamp":"2026-02-12T01:31:40.534444Z","level":"info","event":"WARNING: No professor found with name W Wormington. Skipping rating update for this instructor.","logger":"task.stdout"}
{"timestamp":"2026-02-12T01:31:40.703716Z","level":"info","event":"Processing course BIOL 2100 with 106 instructors","logger":"task.stdout"}
{"timestamp":"2026-02-12T01:31:40.704542Z","level":"info","event":"Updated instructor David Kittlesen with rating 3.74","logger":"task.stdout"}
{"timestamp":"2026-02-12T01:31:40.705004Z","level":"info","event":"Updated instructor David Kittlesen with difficulty 3.85","logger":"task.stdout"}
{"timestamp":"2026-02-12T01:31:40.737663Z","level":"info","event":"Processing course BIOL 3040 with 5 instructors","logger":"task.stdout"}
{"timestamp":"2026-02-12T01:31:40.738702Z","level":"info","event":"Updated instructor Sarah Kucenas with rating 3.85","logger":"task.stdout"}
{"timestamp":"2026-02-12T01:31:40.739208Z","level":"info","event":"Updated instructor Sarah Kucenas with difficulty 3.56","logger":"task.stdout"}
{"timestamp":"2026-02-12T01:31:40.764528Z","level":"info","event":"Processing course BIOL 3180 with 1 instructors","logger":"task.stdout"}
{"timestamp":"2026-02-12T01:31:40.765448Z","level":"info","event":"Updated instructor Michael Timko with rating 2.67","logger":"task.stdout"}
{"timestamp":"2026-02-12T01:31:40.765914Z","level":"info","event":"Updated instructor Michael Timko with difficulty 3.00","logger":"task.stdout"}
{"timestamp":"2026-02-12T01:31:40.790817Z","level":"info","event":"Processing course BIOL 3240 with 2 instructors","logger":"task.stdout"}
{"timestamp":"2026-02-12T01:31:40.791596Z","level":"info","event":"Updated instructor David Kittlesen with rating 4.41","logger":"task.stdout"}
{"timestamp":"2026-02-12T01:31:40.792427Z","level":"info","event":"Updated instructor David Kittlesen with difficulty 4.15","logger":"task.stdout"}
{"timestamp":"2026-02-12T01:31:40.815333Z","level":"info","event":"Processing course BIOL 3260 with 1 instructors","logger":"task.stdout"}
{"timestamp":"2026-02-12T01:31:40.816140Z","level":"info","event":"Updated instructor Jay Hirsh with rating 3.33","logger":"task.stdout"}
{"timestamp":"2026-02-12T01:31:40.816577Z","level":"info","event":"Updated instructor Jay Hirsh with difficulty 4.00","logger":"task.stdout"}
{"timestamp":"2026-02-12T01:31:40.847910Z","level":"info","event":"Processing course BIOL 3270 with 22 instructors","logger":"task.stdout"}
{"timestamp":"2026-02-12T01:31:40.849353Z","level":"info","event":"Updated instructor David Kittlesen with rating 4.67","logger":"task.stdout"}
{"timestamp":"2026-02-12T01:31:40.849447Z","level":"info","event":"Updated instructor David Kittlesen with difficulty 3.00","logger":"task.stdout"}
{"timestamp":"2026-02-12T01:31:40.850516Z","level":"info","event":"Updated instructor Martin Wu with rating 4.17","logger":"task.stdout"}
{"timestamp":"2026-02-12T01:31:40.851004Z","level":"info","event":"Updated instructor Martin Wu with difficulty 3.17","logger":"task.stdout"}
{"timestamp":"2026-02-12T01:31:40.894206Z","level":"info","event":"Processing course BIOL 3420 with 36 instructors","logger":"task.stdout"}
{"timestamp":"2026-02-12T01:31:40.896609Z","level":"info","event":"Updated instructor Ann Massey with rating 2.08","logger":"task.stdout"}
{"timestamp":"2026-02-12T01:31:40.897586Z","level":"info","event":"Updated instructor Ann Massey with difficulty 3.75","logger":"task.stdout"}
{"timestamp":"2026-02-12T01:31:40.898611Z","level":"info","event":"WARNING: No professor found with name David McLeod. Skipping rating update for this instructor.","logger":"task.stdout"}
{"timestamp":"2026-02-12T01:31:41.057050Z","level":"info","event":"Processing course BIOL 3430 with 1 instructors","logger":"task.stdout"}
{"timestamp":"2026-02-12T01:31:41.082446Z","level":"info","event":"Processing course BIOL 4012 with 1 instructors","logger":"task.stdout"}
{"timestamp":"2026-02-12T01:31:41.105974Z","level":"info","event":"Processing course BIOL 4014 with 1 instructors","logger":"task.stdout"}
{"timestamp":"2026-02-12T01:31:41.106904Z","level":"info","event":"Updated instructor Ariel Pani with rating 4.00","logger":"task.stdout"}
{"timestamp":"2026-02-12T01:31:41.107433Z","level":"info","event":"Updated instructor Ariel Pani with difficulty 2.00","logger":"task.stdout"}
{"timestamp":"2026-02-12T01:31:41.130505Z","level":"info","event":"Processing course BIOL 4017 with 1 instructors","logger":"task.stdout"}
{"timestamp":"2026-02-12T01:31:41.131378Z","level":"info","event":"Updated instructor Dan McIntyre with rating 5.00","logger":"task.stdout"}
{"timestamp":"2026-02-12T01:31:41.131856Z","level":"info","event":"Updated instructor Dan McIntyre with difficulty 3.00","logger":"task.stdout"}
{"timestamp":"2026-02-12T01:31:41.158060Z","level":"info","event":"Processing course BIOL 4030 with 1 instructors","logger":"task.stdout"}
{"timestamp":"2026-02-12T01:31:41.196974Z","level":"info","event":"Processing course BIOL 4070 with 9 instructors","logger":"task.stdout"}
{"timestamp":"2026-02-12T01:31:41.197943Z","level":"info","event":"Updated instructor Raymond Keller with rating 4.21","logger":"task.stdout"}
{"timestamp":"2026-02-12T01:31:41.198511Z","level":"info","event":"Updated instructor Raymond Keller with difficulty 2.19","logger":"task.stdout"}
{"timestamp":"2026-02-12T01:31:41.234761Z","level":"info","event":"Processing course BIOL 4260 with 3 instructors","logger":"task.stdout"}
{"timestamp":"2026-02-12T01:31:41.235223Z","level":"info","event":"WARNING: No professor found with name W Wormington. Skipping rating update for this instructor.","logger":"task.stdout"}
{"timestamp":"2026-02-12T01:31:41.235438Z","level":"info","event":"WARNING: No professor found with name Dorothy Schafer. Skipping rating update for this instructor.","logger":"task.stdout"}
{"timestamp":"2026-02-12T01:31:41.277038Z","level":"info","event":"Processing course BIOL 4310 with 1 instructors","logger":"task.stdout"}
{"timestamp":"2026-02-12T01:31:41.278214Z","level":"info","event":"Updated instructor Ignacio Provencio with rating 4.17","logger":"task.stdout"}
{"timestamp":"2026-02-12T01:31:41.279343Z","level":"info","event":"Updated instructor Ignacio Provencio with difficulty 3.50","logger":"task.stdout"}
{"timestamp":"2026-02-12T01:31:41.308539Z","level":"info","event":"Processing course BIOL 4330 with 1 instructors","logger":"task.stdout"}
{"timestamp":"2026-02-12T01:31:41.358630Z","level":"info","event":"Processing course BIOL 4559 with 38 instructors","logger":"task.stdout"}
{"timestamp":"2026-02-12T01:31:41.360459Z","level":"info","event":"WARNING: Multiple professors found with name Amanda Gibson. Skipping rating update for this instructor.","logger":"task.stdout"}
{"timestamp":"2026-02-12T01:31:41.361301Z","level":"info","event":"Updated instructor Xiaorong Liu with rating 4.33","logger":"task.stdout"}
{"timestamp":"2026-02-12T01:31:41.361799Z","level":"info","event":"Updated instructor Xiaorong Liu with difficulty 4.00","logger":"task.stdout"}
{"timestamp":"2026-02-12T01:31:41.519712Z","level":"info","event":"Processing course BIOL 4660 with 1 instructors","logger":"task.stdout"}
{"timestamp":"2026-02-12T01:31:41.520664Z","level":"info","event":"Updated instructor Ali Guler with rating 4.71","logger":"task.stdout"}
{"timestamp":"2026-02-12T01:31:41.521178Z","level":"info","event":"Updated instructor Ali Guler with difficulty 3.00","logger":"task.stdout"}
{"timestamp":"2026-02-12T01:31:41.547614Z","level":"info","event":"Processing course BIOL 4770 with 2 instructors","logger":"task.stdout"}
{"timestamp":"2026-02-12T01:31:41.548577Z","level":"info","event":"Updated instructor Keith Kozminski with rating 4.11","logger":"task.stdout"}
{"timestamp":"2026-02-12T01:31:41.549095Z","level":"info","event":"Updated instructor Keith Kozminski with difficulty 3.33","logger":"task.stdout"}
{"timestamp":"2026-02-12T01:31:41.578316Z","level":"info","event":"Processing course BIOL 4820 with 9 instructors","logger":"task.stdout"}
{"timestamp":"2026-02-12T01:31:41.627613Z","level":"info","event":"Processing course BIOL 4900 with 38 instructors","logger":"task.stdout"}
{"timestamp":"2026-02-12T01:31:41.662719Z","level":"info","event":"Processing course BIOL 4910 with 7 instructors","logger":"task.stdout"}
{"timestamp":"2026-02-12T01:31:41.734823Z","level":"info","event":"Processing course BIOL 4920 with 49 instructors","logger":"task.stdout"}
{"timestamp":"2026-02-12T01:31:41.800915Z","level":"info","event":"Processing course BIOL 4930 with 66 instructors","logger":"task.stdout"}
{"timestamp":"2026-02-12T01:31:42.011559Z","level":"info","event":"Processing course BIOL 4940 with 1 instructors","logger":"task.stdout"}
{"timestamp":"2026-02-12T01:31:42.081987Z","level":"info","event":"Processing course BIOL 3010 with 39 instructors","logger":"task.stdout"}
{"timestamp":"2026-02-12T01:31:42.086101Z","level":"info","event":"Updated instructor Laura Galloway with rating 1.82","logger":"task.stdout"}
{"timestamp":"2026-02-12T01:31:42.093592Z","level":"info","event":"Updated instructor Laura Galloway with difficulty 4.18","logger":"task.stdout"}
{"timestamp":"2026-02-12T01:31:42.093848Z","level":"info","event":"Updated instructor Sarah Siegrist with rating 2.75","logger":"task.stdout"}
{"timestamp":"2026-02-12T01:31:42.094047Z","level":"info","event":"Updated instructor Sarah Siegrist with difficulty 3.75","logger":"task.stdout"}
{"timestamp":"2026-02-12T01:31:42.094198Z","level":"info","event":"Updated instructor David Parichy with rating 3.28","logger":"task.stdout"}
{"timestamp":"2026-02-12T01:31:42.094320Z","level":"info","event":"Updated instructor David Parichy with difficulty 3.86","logger":"task.stdout"}
{"timestamp":"2026-02-12T01:31:42.094453Z","level":"info","event":"Updated instructor Douglas Taylor with rating 4.83","logger":"task.stdout"}
{"timestamp":"2026-02-12T01:31:42.094622Z","level":"info","event":"Updated instructor Douglas Taylor with difficulty 3.00","logger":"task.stdout"}
{"timestamp":"2026-02-12T01:31:42.094759Z","level":"info","event":"Updated instructor Ali Guler with rating 1.93","logger":"task.stdout"}
{"timestamp":"2026-02-12T01:31:42.094943Z","level":"info","event":"Updated instructor Ali Guler with difficulty 4.33","logger":"task.stdout"}
{"timestamp":"2026-02-12T01:31:42.095132Z","level":"info","event":"WARNING: No professor found with name Claire Cronmiller. Skipping rating update for this instructor.","logger":"task.stdout"}
{"timestamp":"2026-02-12T01:31:42.095463Z","level":"info","event":"WARNING: No professor found with name Brittany Sutherland. Skipping rating update for this instructor.","logger":"task.stdout"}
{"timestamp":"2026-02-12T01:31:42.125753Z","level":"info","event":"Processing course BIOL 3030 with 6 instructors","logger":"task.stdout"}
{"timestamp":"2026-02-12T01:31:42.127233Z","level":"info","event":"Updated instructor Christopher Deppmann with rating 4.33","logger":"task.stdout"}
{"timestamp":"2026-02-12T01:31:42.127983Z","level":"info","event":"Updated instructor Christopher Deppmann with difficulty 3.40","logger":"task.stdout"}
{"timestamp":"2026-02-12T01:31:42.128418Z","level":"info","event":"WARNING: No professor found with name Jason Kuhn. Skipping rating update for this instructor.","logger":"task.stdout"}
{"timestamp":"2026-02-12T01:31:42.128787Z","level":"info","event":"WARNING: No professor found with name Dorothy Schafer. Skipping rating update for this instructor.","logger":"task.stdout"}
{"timestamp":"2026-02-12T01:31:42.177281Z","level":"info","event":"Processing course CE 4995 with 32 instructors","logger":"task.stdout"}
{"timestamp":"2026-02-12T01:31:42.206177Z","level":"info","event":"Processing course CE 1501 with 3 instructors","logger":"task.stdout"}
{"timestamp":"2026-02-12T01:31:42.234762Z","level":"info","event":"Processing course CE 2001 with 1 instructors","logger":"task.stdout"}
{"timestamp":"2026-02-12T01:31:42.235683Z","level":"info","event":"Updated instructor Lisa Peterson with rating 5.00","logger":"task.stdout"}
{"timestamp":"2026-02-12T01:31:42.239692Z","level":"info","event":"Updated instructor Lisa Peterson with difficulty 2.00","logger":"task.stdout"}
{"timestamp":"2026-02-12T01:31:42.271068Z","level":"info","event":"Processing course CE 2020 with 5 instructors","logger":"task.stdout"}
{"timestamp":"2026-02-12T01:31:42.299026Z","level":"info","event":"Processing course CE 2030 with 2 instructors","logger":"task.stdout"}
{"timestamp":"2026-02-12T01:31:42.299456Z","level":"info","event":"WARNING: No professor found with name Diana Duran. Skipping rating update for this instructor.","logger":"task.stdout"}
{"timestamp":"2026-02-12T01:31:42.300197Z","level":"info","event":"Updated instructor Arsalan Heydarian with rating 5.00","logger":"task.stdout"}
{"timestamp":"2026-02-12T01:31:42.300655Z","level":"info","event":"Updated instructor Arsalan Heydarian with difficulty 2.00","logger":"task.stdout"}
{"timestamp":"2026-02-12T01:31:42.330584Z","level":"info","event":"Processing course CE 2100 with 5 instructors","logger":"task.stdout"}
{"timestamp":"2026-02-12T01:31:42.331613Z","level":"info","event":"Updated instructor Teresa Culver with rating 3.76","logger":"task.stdout"}
{"timestamp":"2026-02-12T01:31:42.332569Z","level":"info","event":"Updated instructor Teresa Culver with difficulty 3.43","logger":"task.stdout"}
{"timestamp":"2026-02-12T01:31:42.333010Z","level":"info","event":"WARNING: No professor found with name Shakira Hobbs. Skipping rating update for this instructor.","logger":"task.stdout"}
{"timestamp":"2026-02-12T01:31:42.333683Z","level":"info","event":"Updated instructor Andres Clarens with rating 2.94","logger":"task.stdout"}
{"timestamp":"2026-02-12T01:31:42.334167Z","level":"info","event":"Updated instructor Andres Clarens with difficulty 3.55","logger":"task.stdout"}
{"timestamp":"2026-02-12T01:31:42.507438Z","level":"info","event":"Processing course CE 2110 with 3 instructors","logger":"task.stdout"}
{"timestamp":"2026-02-12T01:31:42.508658Z","level":"info","event":"Updated instructor Teresa Culver with rating 3.67","logger":"task.stdout"}
{"timestamp":"2026-02-12T01:31:42.509201Z","level":"info","event":"Updated instructor Teresa Culver with difficulty 2.67","logger":"task.stdout"}
{"timestamp":"2026-02-12T01:31:42.537953Z","level":"info","event":"Processing course CE 2300 with 11 instructors","logger":"task.stdout"}
{"timestamp":"2026-02-12T01:31:42.539039Z","level":"info","event":"Updated instructor Leo Liu with rating 4.33","logger":"task.stdout"}
{"timestamp":"2026-02-12T01:31:42.539715Z","level":"info","event":"Updated instructor Leo Liu with difficulty 2.00","logger":"task.stdout"}
{"timestamp":"2026-02-12T01:31:42.540026Z","level":"info","event":"WARNING: No professor found with name Baoxing Xu. Skipping rating update for this instructor.","logger":"task.stdout"}
{"timestamp":"2026-02-12T01:31:42.540348Z","level":"info","event":"WARNING: No professor found with name Marek-Jerzy Pindera. Skipping rating update for this instructor.","logger":"task.stdout"}
{"timestamp":"2026-02-12T01:31:42.569094Z","level":"info","event":"Processing course CE 2310 with 9 instructors","logger":"task.stdout"}
{"timestamp":"2026-02-12T01:31:42.570106Z","level":"info","event":"Updated instructor Jose Gomez with rating 4.50","logger":"task.stdout"}
{"timestamp":"2026-02-12T01:31:42.570774Z","level":"info","event":"Updated instructor Jose Gomez with difficulty 3.50","logger":"task.stdout"}
{"timestamp":"2026-02-12T01:31:42.571127Z","level":"info","event":"WARNING: No professor found with name Marek-Jerzy Pindera. Skipping rating update for this instructor.","logger":"task.stdout"}
{"timestamp":"2026-02-12T01:31:42.571407Z","level":"info","event":"WARNING: No professor found with name Thomas Baber. Skipping rating update for this instructor.","logger":"task.stdout"}
{"timestamp":"2026-02-12T01:31:42.596076Z","level":"info","event":"Processing course CE 2720 with 2 instructors","logger":"task.stdout"}
{"timestamp":"2026-02-12T01:31:42.622232Z","level":"info","event":"Processing course CE 3050 with 4 instructors","logger":"task.stdout"}
{"timestamp":"2026-02-12T01:31:42.648503Z","level":"info","event":"Processing course CE 3220 with 6 instructors","logger":"task.stdout"}
{"timestamp":"2026-02-12T01:31:42.649465Z","level":"info","event":"Updated instructor Jonathan Goodall with rating 3.67","logger":"task.stdout"}
{"timestamp":"2026-02-12T01:31:42.649939Z","level":"info","event":"Updated instructor Jonathan Goodall with difficulty 3.00","logger":"task.stdout"}
{"timestamp":"2026-02-12T01:31:42.650263Z","level":"info","event":"WARNING: No professor found with name Joanna Curran. Skipping rating update for this instructor.","logger":"task.stdout"}
{"timestamp":"2026-02-12T01:31:42.672649Z","level":"info","event":"Processing course CE 4050 with 1 instructors","logger":"task.stdout"}
{"timestamp":"2026-02-12T01:31:42.695876Z","level":"info","event":"Processing course CE 3222 with 3 instructors","logger":"task.stdout"}
{"timestamp":"2026-02-12T01:31:42.720317Z","level":"info","event":"Processing course CE 3330 with 3 instructors","logger":"task.stdout"}
{"timestamp":"2026-02-12T01:31:42.745750Z","level":"info","event":"Processing course CE 3400 with 6 instructors","logger":"task.stdout"}
{"timestamp":"2026-02-12T01:31:42.746719Z","level":"info","event":"Updated instructor Tong Chen with rating 3.33","logger":"task.stdout"}
{"timestamp":"2026-02-12T01:31:42.747308Z","level":"info","event":"Updated instructor Tong Chen with difficulty 4.00","logger":"task.stdout"}
{"timestamp":"2026-02-12T01:31:42.747607Z","level":"info","event":"WARNING: No professor found with name Byungkyu Park. Skipping rating update for this instructor.","logger":"task.stdout"}
{"timestamp":"2026-02-12T01:31:42.747822Z","level":"info","event":"WARNING: No professor found with name Michael Fontaine. Skipping rating update for this instructor.","logger":"task.stdout"}
{"timestamp":"2026-02-12T01:31:42.770607Z","level":"info","event":"Processing course CE 3402 with 3 instructors","logger":"task.stdout"}
{"timestamp":"2026-02-12T01:31:42.906344Z","level":"info","event":"Processing course CE 3720 with 2 instructors","logger":"task.stdout"}
{"timestamp":"2026-02-12T01:31:42.929778Z","level":"info","event":"Processing course CE 3800 with 3 instructors","logger":"task.stdout"}
{"timestamp":"2026-02-12T01:31:42.953454Z","level":"info","event":"Processing course CE 4025 with 4 instructors","logger":"task.stdout"}
{"timestamp":"2026-02-12T01:31:42.979338Z","level":"info","event":"Processing course CE 4040 with 1 instructors","logger":"task.stdout"}
{"timestamp":"2026-02-12T01:31:43.003207Z","level":"info","event":"Processing course CE 4110 with 2 instructors","logger":"task.stdout"}
{"timestamp":"2026-02-12T01:31:43.041741Z","level":"info","event":"Processing course CE 4500 with 33 instructors","logger":"task.stdout"}
{"timestamp":"2026-02-12T01:31:43.042901Z","level":"info","event":"Updated instructor Leidy Klotz with rating 4.33","logger":"task.stdout"}
{"timestamp":"2026-02-12T01:31:43.043371Z","level":"info","event":"Updated instructor Leidy Klotz with difficulty 2.00","logger":"task.stdout"}
{"timestamp":"2026-02-12T01:31:43.066057Z","level":"info","event":"Processing course CE 4600 with 1 instructors","logger":"task.stdout"}
{"timestamp":"2026-02-12T01:31:43.098887Z","level":"info","event":"Processing course CE 4990 with 24 instructors","logger":"task.stdout"}
{"timestamp":"2026-02-12T01:31:43.121673Z","level":"info","event":"Processing course CGBM 2110 with 2 instructors","logger":"task.stdout"}
{"timestamp":"2026-02-12T01:31:43.121904Z","level":"info","event":"WARNING: No professor found with name Harry Franks. Skipping rating update for this instructor.","logger":"task.stdout"}
{"timestamp":"2026-02-12T01:31:43.257705Z","level":"info","event":"Processing course CGBM 2210 with 5 instructors","logger":"task.stdout"}
{"timestamp":"2026-02-12T01:31:43.280316Z","level":"info","event":"Processing course CGBM 2310 with 3 instructors","logger":"task.stdout"}
{"timestamp":"2026-02-12T01:31:43.280715Z","level":"info","event":"WARNING: No professor found with name To Announced. Skipping rating update for this instructor.","logger":"task.stdout"}
{"timestamp":"2026-02-12T01:31:43.302670Z","level":"info","event":"Processing course CGBM 2710 with 2 instructors","logger":"task.stdout"}
{"timestamp":"2026-02-12T01:31:43.303581Z","level":"info","event":"Updated instructor Larry Murphy with rating 4.33","logger":"task.stdout"}
{"timestamp":"2026-02-12T01:31:43.304021Z","level":"info","event":"Updated instructor Larry Murphy with difficulty 3.00","logger":"task.stdout"}
{"timestamp":"2026-02-12T01:31:43.331838Z","level":"info","event":"Processing course CHE 2216 with 6 instructors","logger":"task.stdout"}
{"timestamp":"2026-02-12T01:31:43.333064Z","level":"info","event":"Updated instructor Gaurav Giri with rating 4.20","logger":"task.stdout"}
{"timestamp":"2026-02-12T01:31:43.333625Z","level":"info","event":"Updated instructor Gaurav Giri with difficulty 4.00","logger":"task.stdout"}
{"timestamp":"2026-02-12T01:31:43.333994Z","level":"info","event":"WARNING: No professor found with name Michael Shirts. Skipping rating update for this instructor.","logger":"task.stdout"}
{"timestamp":"2026-02-12T01:31:43.389477Z","level":"info","event":"Processing course CHE 2595 with 3 instructors","logger":"task.stdout"}
{"timestamp":"2026-02-12T01:31:43.394416Z","level":"info","event":"Updated instructor Roseanne Ford with rating 4.67","logger":"task.stdout"}
{"timestamp":"2026-02-12T01:31:43.397352Z","level":"info","event":"Updated instructor Roseanne Ford with difficulty 3.00","logger":"task.stdout"}
{"timestamp":"2026-02-12T01:31:43.471955Z","level":"info","event":"Processing course CHE 3318 with 2 instructors","logger":"task.stdout"}
{"timestamp":"2026-02-12T01:31:43.472631Z","level":"info","event":"WARNING: Multiple professors found with name Robert Davis. Skipping rating update for this instructor.","logger":"task.stdout"}
{"timestamp":"2026-02-12T01:31:43.518022Z","level":"info","event":"Processing course CHE 3322 with 7 instructors","logger":"task.stdout"}
{"timestamp":"2026-02-12T01:31:43.518677Z","level":"info","event":"WARNING: No professor found with name Giorgio Carta. Skipping rating update for this instructor.","logger":"task.stdout"}
{"timestamp":"2026-02-12T01:31:43.518975Z","level":"info","event":"WARNING: No professor found with name Inchan Kwon. Skipping rating update for this instructor.","logger":"task.stdout"}
{"timestamp":"2026-02-12T01:31:43.558631Z","level":"info","event":"Processing course CHE 3347 with 8 instructors","logger":"task.stdout"}
{"timestamp":"2026-02-12T01:31:43.559549Z","level":"info","event":"Updated instructor George Prpich with rating 5.00","logger":"task.stdout"}
{"timestamp":"2026-02-12T01:31:43.559991Z","level":"info","event":"Updated instructor George Prpich with difficulty 3.00","logger":"task.stdout"}
{"timestamp":"2026-02-12T01:31:43.560492Z","level":"info","event":"WARNING: No professor found with name Erik Fernandez. Skipping rating update for this instructor.","logger":"task.stdout"}
{"timestamp":"2026-02-12T01:31:43.593244Z","level":"info","event":"Processing course CHE 3398 with 5 instructors","logger":"task.stdout"}
{"timestamp":"2026-02-12T01:31:43.595018Z","level":"info","event":"Updated instructor George Prpich with rating 3.00","logger":"task.stdout"}
{"timestamp":"2026-02-12T01:31:43.595517Z","level":"info","event":"Updated instructor George Prpich with difficulty 4.00","logger":"task.stdout"}
{"timestamp":"2026-02-12T01:31:43.596393Z","level":"info","event":"Updated instructor Eric Anderson with rating 1.83","logger":"task.stdout"}
{"timestamp":"2026-02-12T01:31:43.596879Z","level":"info","event":"Updated instructor Eric Anderson with difficulty 3.00","logger":"task.stdout"}
{"timestamp":"2026-02-12T01:31:43.627870Z","level":"info","event":"Processing course CHE 4417 with 1 instructors","logger":"task.stdout"}
{"timestamp":"2026-02-12T01:31:43.654173Z","level":"info","event":"Processing course CHE 4442 with 1 instructors","logger":"task.stdout"}
{"timestamp":"2026-02-12T01:31:43.655099Z","level":"info","event":"Updated instructor David Green with rating 3.67","logger":"task.stdout"}
{"timestamp":"2026-02-12T01:31:43.655564Z","level":"info","event":"Updated instructor David Green with difficulty 2.00","logger":"task.stdout"}
{"timestamp":"2026-02-12T01:31:43.802170Z","level":"info","event":"Processing course CHE 4445 with 1 instructors","logger":"task.stdout"}
{"timestamp":"2026-02-12T01:31:43.839465Z","level":"info","event":"Processing course CHE 4456 with 2 instructors","logger":"task.stdout"}
{"timestamp":"2026-02-12T01:31:43.862421Z","level":"info","event":"Processing course CHE 4476 with 2 instructors","logger":"task.stdout"}
{"timestamp":"2026-02-12T01:31:43.887591Z","level":"info","event":"Processing course CHE 4561 with 10 instructors","logger":"task.stdout"}
{"timestamp":"2026-02-12T01:31:43.888601Z","level":"info","event":"Updated instructor Ronald Unnerstall with rating 5.00","logger":"task.stdout"}
{"timestamp":"2026-02-12T01:31:43.889113Z","level":"info","event":"Updated instructor Ronald Unnerstall with difficulty 1.00","logger":"task.stdout"}
{"timestamp":"2026-02-12T01:31:43.889877Z","level":"info","event":"Updated instructor Roseanne Ford with rating 5.00","logger":"task.stdout"}
{"timestamp":"2026-02-12T01:31:43.890343Z","level":"info","event":"Updated instructor Roseanne Ford with difficulty 2.00","logger":"task.stdout"}
{"timestamp":"2026-02-12T01:31:43.916165Z","level":"info","event":"Processing course CHE 2202 with 10 instructors","logger":"task.stdout"}
{"timestamp":"2026-02-12T01:31:43.917099Z","level":"info","event":"Updated instructor Eric Anderson with rating 3.67","logger":"task.stdout"}
{"timestamp":"2026-02-12T01:31:43.917573Z","level":"info","event":"Updated instructor Eric Anderson with difficulty 3.00","logger":"task.stdout"}
{"timestamp":"2026-02-12T01:31:43.918350Z","level":"info","event":"Updated instructor Joshua Choi with rating 3.19","logger":"task.stdout"}
{"timestamp":"2026-02-12T01:31:43.918873Z","level":"info","event":"Updated instructor Joshua Choi with difficulty 3.78","logger":"task.stdout"}
{"timestamp":"2026-02-12T01:31:43.919739Z","level":"info","event":"Updated instructor David Green with rating 1.92","logger":"task.stdout"}
{"timestamp":"2026-02-12T01:31:43.920279Z","level":"info","event":"Updated instructor David Green with difficulty 3.50","logger":"task.stdout"}
{"timestamp":"2026-02-12T01:31:43.920534Z","level":"info","event":"WARNING: No professor found with name John O'Connell. Skipping rating update for this instructor.","logger":"task.stdout"}
{"timestamp":"2026-02-12T01:31:43.963427Z","level":"info","event":"Processing course CHE 4995 with 36 instructors","logger":"task.stdout"}
{"timestamp":"2026-02-12T01:31:43.964618Z","level":"info","event":"Updated instructor Joshua Choi with rating 5.00","logger":"task.stdout"}
{"timestamp":"2026-02-12T01:31:43.965114Z","level":"info","event":"Updated instructor Joshua Choi with difficulty 3.00","logger":"task.stdout"}
{"timestamp":"2026-02-12T01:31:43.994451Z","level":"info","event":"Processing course CHIN 2020 with 20 instructors","logger":"task.stdout"}
{"timestamp":"2026-02-12T01:31:43.994763Z","level":"info","event":"WARNING: No professor found with name Shu-Chen Chen. Skipping rating update for this instructor.","logger":"task.stdout"}
{"timestamp":"2026-02-12T01:31:43.995010Z","level":"info","event":"WARNING: No professor found with name Rui Wang. Skipping rating update for this instructor.","logger":"task.stdout"}
{"timestamp":"2026-02-12T01:31:43.995155Z","level":"info","event":"WARNING: No professor found with name Ziyi Geng. Skipping rating update for this instructor.","logger":"task.stdout"}
{"timestamp":"2026-02-12T01:31:44.022614Z","level":"info","event":"Processing course CHIN 2060 with 10 instructors","logger":"task.stdout"}
{"timestamp":"2026-02-12T01:31:44.023500Z","level":"info","event":"Updated instructor Ying Gao with rating 4.39","logger":"task.stdout"}
{"timestamp":"2026-02-12T01:31:44.023938Z","level":"info","event":"Updated instructor Ying Gao with difficulty 3.17","logger":"task.stdout"}
{"timestamp":"2026-02-12T01:31:44.024627Z","level":"info","event":"Updated instructor Ran Zhao with rating 4.67","logger":"task.stdout"}
{"timestamp":"2026-02-12T01:31:44.025077Z","level":"info","event":"Updated instructor Ran Zhao with difficulty 3.00","logger":"task.stdout"}
{"timestamp":"2026-02-12T01:31:44.175119Z","level":"info","event":"Processing course CHIN 3010 with 21 instructors","logger":"task.stdout"}
{"timestamp":"2026-02-12T01:31:44.176256Z","level":"info","event":"Updated instructor Miao-Fen Tseng with rating 4.50","logger":"task.stdout"}
{"timestamp":"2026-02-12T01:31:44.176809Z","level":"info","event":"Updated instructor Miao-Fen Tseng with difficulty 2.50","logger":"task.stdout"}
{"timestamp":"2026-02-12T01:31:44.177347Z","level":"info","event":"WARNING: No professor found with name Rui Wang. Skipping rating update for this instructor.","logger":"task.stdout"}
{"timestamp":"2026-02-12T01:31:44.177671Z","level":"info","event":"WARNING: No professor found with name Yupeng Kou. Skipping rating update for this instructor.","logger":"task.stdout"}
{"timestamp":"2026-02-12T01:31:44.178001Z","level":"info","event":"WARNING: No professor found with name Hsin Liang. Skipping rating update for this instructor.","logger":"task.stdout"}
{"timestamp":"2026-02-12T01:31:44.212297Z","level":"info","event":"Processing course CHIN 3020 with 15 instructors","logger":"task.stdout"}
{"timestamp":"2026-02-12T01:31:44.213355Z","level":"info","event":"Updated instructor Jun Wang with rating 5.00","logger":"task.stdout"}
{"timestamp":"2026-02-12T01:31:44.213803Z","level":"info","event":"Updated instructor Jun Wang with difficulty 2.00","logger":"task.stdout"}
{"timestamp":"2026-02-12T01:31:44.214020Z","level":"info","event":"WARNING: No professor found with name Hsin Liang. Skipping rating update for this instructor.","logger":"task.stdout"}
{"timestamp":"2026-02-12T01:31:44.214192Z","level":"info","event":"WARNING: No professor found with name Ziyi Geng. Skipping rating update for this instructor.","logger":"task.stdout"}
{"timestamp":"2026-02-12T01:31:44.214423Z","level":"info","event":"WARNING: No professor found with name Yupeng Kou. Skipping rating update for this instructor.","logger":"task.stdout"}
{"timestamp":"2026-02-12T01:31:44.274935Z","level":"info","event":"Processing course CHIN 3025 with 5 instructors","logger":"task.stdout"}
{"timestamp":"2026-02-12T01:31:44.328933Z","level":"info","event":"Processing course CHIN 4020 with 5 instructors","logger":"task.stdout"}
{"timestamp":"2026-02-12T01:31:44.329513Z","level":"info","event":"WARNING: No professor found with name Hsin Liang. Skipping rating update for this instructor.","logger":"task.stdout"}
{"timestamp":"2026-02-12T01:31:44.363782Z","level":"info","event":"Processing course CHIN 4030 with 8 instructors","logger":"task.stdout"}
{"timestamp":"2026-02-12T01:31:44.364248Z","level":"info","event":"WARNING: No professor found with name Hsin Liang. Skipping rating update for this instructor.","logger":"task.stdout"}
{"timestamp":"2026-02-12T01:31:44.399998Z","level":"info","event":"Processing course CHIN 4830 with 3 instructors","logger":"task.stdout"}
{"timestamp":"2026-02-12T01:31:44.400505Z","level":"info","event":"WARNING: No professor found with name Anne Kinney. Skipping rating update for this instructor.","logger":"task.stdout"}
{"timestamp":"2026-02-12T01:31:44.445167Z","level":"info","event":"Processing course CHIN 4993 with 22 instructors","logger":"task.stdout"}
{"timestamp":"2026-02-12T01:31:44.492531Z","level":"info","event":"Processing course CHIN 1010 with 27 instructors","logger":"task.stdout"}
{"timestamp":"2026-02-12T01:31:44.493932Z","level":"info","event":"WARNING: No professor found with name Ju Wang. Skipping rating update for this instructor.","logger":"task.stdout"}
{"timestamp":"2026-02-12T01:31:44.494826Z","level":"info","event":"Updated instructor Ying Gao with rating 4.48","logger":"task.stdout"}
{"timestamp":"2026-02-12T01:31:44.495367Z","level":"info","event":"Updated instructor Ying Gao with difficulty 3.44","logger":"task.stdout"}
{"timestamp":"2026-02-12T01:31:44.496620Z","level":"info","event":"Updated instructor Ju Min Wang with rating 4.67","logger":"task.stdout"}
{"timestamp":"2026-02-12T01:31:44.497272Z","level":"info","event":"Updated instructor Ju Min Wang with difficulty 4.00","logger":"task.stdout"}
{"timestamp":"2026-02-12T01:31:44.498472Z","level":"info","event":"Updated instructor Jun Wang with rating 4.67","logger":"task.stdout"}
{"timestamp":"2026-02-12T01:31:44.498925Z","level":"info","event":"Updated instructor Jun Wang with difficulty 2.00","logger":"task.stdout"}
{"timestamp":"2026-02-12T01:31:44.500204Z","level":"info","event":"Updated instructor Ran Zhao with rating 4.60","logger":"task.stdout"}
{"timestamp":"2026-02-12T01:31:44.500622Z","level":"info","event":"Updated instructor Ran Zhao with difficulty 3.31","logger":"task.stdout"}
{"timestamp":"2026-02-12T01:31:44.500866Z","level":"info","event":"WARNING: No professor found with name Ziyi Geng. Skipping rating update for this instructor.","logger":"task.stdout"}
{"timestamp":"2026-02-12T01:31:44.501132Z","level":"info","event":"WARNING: No professor found with name Faculty Staff. Skipping rating update for this instructor.","logger":"task.stdout"}
{"timestamp":"2026-02-12T01:31:44.501787Z","level":"info","event":"WARNING: No professor found with name Shu-Chen Chen. Skipping rating update for this instructor.","logger":"task.stdout"}
{"timestamp":"2026-02-12T01:31:44.503575Z","level":"info","event":"Updated instructor Miao-Fen Tseng with rating 4.00","logger":"task.stdout"}
{"timestamp":"2026-02-12T01:31:44.505416Z","level":"info","event":"Updated instructor Miao-Fen Tseng with difficulty 4.50","logger":"task.stdout"}
{"timestamp":"2026-02-12T01:31:44.506056Z","level":"info","event":"WARNING: No professor found with name Hui Zhu. Skipping rating update for this instructor.","logger":"task.stdout"}
{"timestamp":"2026-02-12T01:31:44.564396Z","level":"info","event":"Processing course CHIN 1020 with 28 instructors","logger":"task.stdout"}
{"timestamp":"2026-02-12T01:31:44.566746Z","level":"info","event":"Updated instructor Ran Zhao with rating 4.58","logger":"task.stdout"}
{"timestamp":"2026-02-12T01:31:44.567929Z","level":"info","event":"Updated instructor Ran Zhao with difficulty 3.33","logger":"task.stdout"}
{"timestamp":"2026-02-12T01:31:44.570239Z","level":"info","event":"Updated instructor Ying Gao with rating 4.78","logger":"task.stdout"}
{"timestamp":"2026-02-12T01:31:44.571426Z","level":"info","event":"Updated instructor Ying Gao with difficulty 4.00","logger":"task.stdout"}
{"timestamp":"2026-02-12T01:31:44.572205Z","level":"info","event":"WARNING: No professor found with name Wen Guo. Skipping rating update for this instructor.","logger":"task.stdout"}
{"timestamp":"2026-02-12T01:31:44.573311Z","level":"info","event":"WARNING: No professor found with name Rui Wang. Skipping rating update for this instructor.","logger":"task.stdout"}
{"timestamp":"2026-02-12T01:31:44.574016Z","level":"info","event":"WARNING: No professor found with name Ziyi Geng. Skipping rating update for this instructor.","logger":"task.stdout"}
{"timestamp":"2026-02-12T01:31:44.574926Z","level":"info","event":"WARNING: No professor found with name Lizeng Huang. Skipping rating update for this instructor.","logger":"task.stdout"}
{"timestamp":"2026-02-12T01:31:44.575602Z","level":"info","event":"WARNING: No professor found with name Shu-Chen Chen. Skipping rating update for this instructor.","logger":"task.stdout"}
{"timestamp":"2026-02-12T01:31:44.576436Z","level":"info","event":"WARNING: No professor found with name Shuishui Long. Skipping rating update for this instructor.","logger":"task.stdout"}
{"timestamp":"2026-02-12T01:31:45.014855Z","level":"info","event":"Processing course CHIN 2010 with 25 instructors","logger":"task.stdout"}
{"timestamp":"2026-02-12T01:31:45.016052Z","level":"info","event":"WARNING: No professor found with name Shu-Chen Chen. Skipping rating update for this instructor.","logger":"task.stdout"}
{"timestamp":"2026-02-12T01:31:45.016882Z","level":"info","event":"WARNING: No professor found with name Rui Wang. Skipping rating update for this instructor.","logger":"task.stdout"}
{"timestamp":"2026-02-12T01:31:45.018531Z","level":"info","event":"WARNING: No professor found with name Ziyi Geng. Skipping rating update for this instructor.","logger":"task.stdout"}
{"timestamp":"2026-02-12T01:31:45.019338Z","level":"info","event":"WARNING: No professor found with name Feng Gao. Skipping rating update for this instructor.","logger":"task.stdout"}
{"timestamp":"2026-02-12T01:31:45.019741Z","level":"info","event":"WARNING: No professor found with name Yupeng Kou. Skipping rating update for this instructor.","logger":"task.stdout"}
{"timestamp":"2026-02-12T01:31:45.021359Z","level":"info","event":"Updated instructor Miao-Fen Tseng with rating 4.67","logger":"task.stdout"}
{"timestamp":"2026-02-12T01:31:45.021787Z","level":"info","event":"Updated instructor Miao-Fen Tseng with difficulty 3.00","logger":"task.stdout"}
{"timestamp":"2026-02-12T01:31:45.022056Z","level":"info","event":"WARNING: No professor found with name Wenyi Chu. Skipping rating update for this instructor.","logger":"task.stdout"}
{"timestamp":"2026-02-12T01:31:45.049832Z","level":"info","event":"Processing course CHTR 2850 with 1 instructors","logger":"task.stdout"}
{"timestamp":"2026-02-12T01:31:45.076618Z","level":"info","event":"Processing course CHTR 3840 with 1 instructors","logger":"task.stdout"}
{"timestamp":"2026-02-12T01:31:45.077700Z","level":"info","event":"Updated instructor Charles Laughlin with rating 5.00","logger":"task.stdout"}
{"timestamp":"2026-02-12T01:31:45.078271Z","level":"info","event":"Updated instructor Charles Laughlin with difficulty 2.00","logger":"task.stdout"}
{"timestamp":"2026-02-12T01:31:45.104849Z","level":"info","event":"Processing course CHTR 4991 with 2 instructors","logger":"task.stdout"}
{"timestamp":"2026-02-12T01:31:45.145302Z","level":"info","event":"Processing course CLAS 2020 with 32 instructors","logger":"task.stdout"}
{"timestamp":"2026-02-12T01:31:45.145709Z","level":"info","event":"WARNING: No professor found with name Bradford Hays. Skipping rating update for this instructor.","logger":"task.stdout"}
{"timestamp":"2026-02-12T01:31:45.146994Z","level":"info","event":"Updated instructor Gregory Hays with rating 3.17","logger":"task.stdout"}
{"timestamp":"2026-02-12T01:31:45.147770Z","level":"info","event":"Updated instructor Gregory Hays with difficulty 3.00","logger":"task.stdout"}
{"timestamp":"2026-02-12T01:31:45.148922Z","level":"info","event":"Updated instructor Karen Myers with rating 3.93","logger":"task.stdout"}
{"timestamp":"2026-02-12T01:31:45.149324Z","level":"info","event":"Updated instructor Karen Myers with difficulty 2.40","logger":"task.stdout"}
{"timestamp":"2026-02-12T01:31:45.149689Z","level":"info","event":"WARNING: No professor found with name Timothy Brannelly. Skipping rating update for this instructor.","logger":"task.stdout"}
{"timestamp":"2026-02-12T01:31:45.199941Z","level":"info","event":"Processing course CLAS 2040 with 52 instructors","logger":"task.stdout"}
{"timestamp":"2026-02-12T01:31:45.201627Z","level":"info","event":"Updated instructor Ivana Petrovic with rating 3.63","logger":"task.stdout"}
{"timestamp":"2026-02-12T01:31:45.202968Z","level":"info","event":"Updated instructor Ivana Petrovic with difficulty 3.78","logger":"task.stdout"}
{"timestamp":"2026-02-12T01:31:45.203980Z","level":"info","event":"WARNING: No professor found with name John Miller. Skipping rating update for this instructor.","logger":"task.stdout"}
{"timestamp":"2026-02-12T01:31:45.205468Z","level":"info","event":"WARNING: No professor found with name Vergil Parson. Skipping rating update for this instructor.","logger":"task.stdout"}
{"timestamp":"2026-02-12T01:31:45.206567Z","level":"info","event":"Updated instructor John Dillery with rating 3.79","logger":"task.stdout"}
{"timestamp":"2026-02-12T01:31:45.207006Z","level":"info","event":"Updated instructor John Dillery with difficulty 2.88","logger":"task.stdout"}
{"timestamp":"2026-02-12T01:31:45.207799Z","level":"info","event":"WARNING: No professor found with name Sarah Teets. Skipping rating update for this instructor.","logger":"task.stdout"}
{"timestamp":"2026-02-12T01:31:45.208360Z","level":"info","event":"WARNING: No professor found with name Courtney Evans. Skipping rating update for this instructor.","logger":"task.stdout"}
{"timestamp":"2026-02-12T01:31:45.209074Z","level":"info","event":"WARNING: No professor found with name Bradford Hays. Skipping rating update for this instructor.","logger":"task.stdout"}
{"timestamp":"2026-02-12T01:31:45.282613Z","level":"info","event":"Processing course CLAS 2559 with 12 instructors","logger":"task.stdout"}
{"timestamp":"2026-02-12T01:31:45.287121Z","level":"info","event":"WARNING: No professor found with name Benjamin Jasnow. Skipping rating update for this instructor.","logger":"task.stdout"}
{"timestamp":"2026-02-12T01:31:45.288496Z","level":"info","event":"WARNING: No professor found with name Kelly Shannon. Skipping rating update for this instructor.","logger":"task.stdout"}
{"timestamp":"2026-02-12T01:31:45.363074Z","level":"info","event":"Processing course CLAS 3160 with 1 instructors","logger":"task.stdout"}
{"timestamp":"2026-02-12T01:31:45.735060Z","level":"info","event":"Processing course CLAS 3220 with 2 instructors","logger":"task.stdout"}
{"timestamp":"2026-02-12T01:31:45.765905Z","level":"info","event":"Processing course CLAS 3350 with 1 instructors","logger":"task.stdout"}
{"timestamp":"2026-02-12T01:31:45.836792Z","level":"info","event":"Updated instructor Coulter George with rating 4.67","logger":"task.stdout"}
{"timestamp":"2026-02-12T01:31:45.843029Z","level":"info","event":"Updated instructor Coulter George with difficulty 4.50","logger":"task.stdout"}
{"timestamp":"2026-02-12T01:31:46.032312Z","level":"info","event":"Processing course COMM 2006 with 2 instructors","logger":"task.stdout"}
{"timestamp":"2026-02-12T01:31:46.131216Z","level":"info","event":"Processing course COMM 4350 with 1 instructors","logger":"task.stdout"}
{"timestamp":"2026-02-12T01:31:46.135208Z","level":"info","event":"Updated instructor James Maxham with rating 4.00","logger":"task.stdout"}
{"timestamp":"2026-02-12T01:31:46.138122Z","level":"info","event":"Updated instructor James Maxham with difficulty 4.00","logger":"task.stdout"}
{"timestamp":"2026-02-12T01:31:46.234451Z","level":"info","event":"Processing course COMM 4370 with 1 instructors","logger":"task.stdout"}
{"timestamp":"2026-02-12T01:31:46.239632Z","level":"info","event":"Updated instructor Nicole Montgomery with rating 4.89","logger":"task.stdout"}
{"timestamp":"2026-02-12T01:31:46.240353Z","level":"info","event":"Updated instructor Nicole Montgomery with difficulty 1.67","logger":"task.stdout"}
{"timestamp":"2026-02-12T01:31:46.319108Z","level":"info","event":"Processing course COMM 4371 with 3 instructors","logger":"task.stdout"}
{"timestamp":"2026-02-12T01:31:46.319814Z","level":"info","event":"WARNING: No professor found with name Carrie Heilman. Skipping rating update for this instructor.","logger":"task.stdout"}
{"timestamp":"2026-02-12T01:31:46.320549Z","level":"info","event":"WARNING: No professor found with name John Lindgren. Skipping rating update for this instructor.","logger":"task.stdout"}
{"timestamp":"2026-02-12T01:31:46.377604Z","level":"info","event":"Processing course COMM 4380 with 4 instructors","logger":"task.stdout"}
{"timestamp":"2026-02-12T01:31:46.378415Z","level":"info","event":"WARNING: No professor found with name Amar Cheema. Skipping rating update for this instructor.","logger":"task.stdout"}
{"timestamp":"2026-02-12T01:31:46.378721Z","level":"info","event":"WARNING: No professor found with name James Burroughs. Skipping rating update for this instructor.","logger":"task.stdout"}
{"timestamp":"2026-02-12T01:31:46.477751Z","level":"info","event":"Processing course COMM 4522 with 5 instructors","logger":"task.stdout"}
{"timestamp":"2026-02-12T01:31:46.481038Z","level":"info","event":"Updated instructor Jingjing Li with rating 3.67","logger":"task.stdout"}
{"timestamp":"2026-02-12T01:31:46.482629Z","level":"info","event":"Updated instructor Jingjing Li with difficulty 3.50","logger":"task.stdout"}
{"timestamp":"2026-02-12T01:31:46.582582Z","level":"info","event":"Processing course COMM 4559 with 38 instructors","logger":"task.stdout"}
{"timestamp":"2026-02-12T01:31:46.588937Z","level":"info","event":"WARNING: No professor found with name William Wilhelm. Skipping rating update for this instructor.","logger":"task.stdout"}
{"timestamp":"2026-02-12T01:31:46.591639Z","level":"info","event":"Updated instructor Michael Gallmeyer with rating 3.33","logger":"task.stdout"}
{"timestamp":"2026-02-12T01:31:46.592706Z","level":"info","event":"Updated instructor Michael Gallmeyer with difficulty 3.00","logger":"task.stdout"}
{"timestamp":"2026-02-12T01:31:46.632917Z","level":"info","event":"Processing course COMM 4569 with 3 instructors","logger":"task.stdout"}
{"timestamp":"2026-02-12T01:31:47.691580Z","level":"info","event":"Processing course COMM 4620 with 2 instructors","logger":"task.stdout"}
{"timestamp":"2026-02-12T01:31:47.783568Z","level":"info","event":"Updated instructor Jeffrey Lovelace with rating 3.33","logger":"task.stdout"}
{"timestamp":"2026-02-12T01:31:47.783849Z","level":"info","event":"Updated instructor Jeffrey Lovelace with difficulty 2.00","logger":"task.stdout"}
{"timestamp":"2026-02-12T01:31:47.784061Z","level":"info","event":"WARNING: No professor found with name Emma Zhao. Skipping rating update for this instructor.","logger":"task.stdout"}
{"timestamp":"2026-02-12T01:31:47.784204Z","level":"info","event":"Processing course COMM 4621 with 2 instructors","logger":"task.stdout"}
{"timestamp":"2026-02-12T01:31:47.784280Z","level":"info","event":"Updated instructor Gary Ballinger with rating 4.67","logger":"task.stdout"}
{"timestamp":"2026-02-12T01:31:47.784362Z","level":"info","event":"Updated instructor Gary Ballinger with difficulty 2.00","logger":"task.stdout"}
{"timestamp":"2026-02-12T01:31:47.827553Z","level":"info","event":"Processing course COMM 4660 with 4 instructors","logger":"task.stdout"}
{"timestamp":"2026-02-12T01:31:47.829915Z","level":"info","event":"Updated instructor Paul Seaborn with rating 2.60","logger":"task.stdout"}
{"timestamp":"2026-02-12T01:31:47.831106Z","level":"info","event":"Updated instructor Paul Seaborn with difficulty 2.60","logger":"task.stdout"}
{"timestamp":"2026-02-12T01:31:47.832849Z","level":"info","event":"Updated instructor Brendan Boler with rating 4.45","logger":"task.stdout"}
{"timestamp":"2026-02-12T01:31:47.833967Z","level":"info","event":"Updated instructor Brendan Boler with difficulty 2.57","logger":"task.stdout"}
{"timestamp":"2026-02-12T01:31:47.905446Z","level":"info","event":"Processing course COMM 4680 with 7 instructors","logger":"task.stdout"}
{"timestamp":"2026-02-12T01:31:47.908321Z","level":"info","event":"Updated instructor Charles Ransler with rating 3.89","logger":"task.stdout"}
{"timestamp":"2026-02-12T01:31:47.909717Z","level":"info","event":"Updated instructor Charles Ransler with difficulty 2.33","logger":"task.stdout"}
{"timestamp":"2026-02-12T01:31:47.912027Z","level":"info","event":"Updated instructor Eric Martin with rating 1.00","logger":"task.stdout"}
{"timestamp":"2026-02-12T01:31:47.914515Z","level":"info","event":"Updated instructor Eric Martin with difficulty 3.00","logger":"task.stdout"}
{"timestamp":"2026-02-12T01:31:47.917451Z","level":"info","event":"Updated instructor David Touve with rating 4.67","logger":"task.stdout"}
{"timestamp":"2026-02-12T01:31:47.922366Z","level":"info","event":"Updated instructor David Touve with difficulty 2.00","logger":"task.stdout"}
{"timestamp":"2026-02-12T01:31:47.990681Z","level":"info","event":"Processing course COMM 4681 with 6 instructors","logger":"task.stdout"}
{"timestamp":"2026-02-12T01:31:47.991896Z","level":"info","event":"Updated instructor Eric Martin with rating 3.67","logger":"task.stdout"}
{"timestamp":"2026-02-12T01:31:47.992758Z","level":"info","event":"Updated instructor Eric Martin with difficulty 3.00","logger":"task.stdout"}
{"timestamp":"2026-02-12T01:31:47.993343Z","level":"info","event":"WARNING: No professor found with name Adam Healey. Skipping rating update for this instructor.","logger":"task.stdout"}
{"timestamp":"2026-02-12T01:31:48.036340Z","level":"info","event":"Processing course COMM 4710 with 8 instructors","logger":"task.stdout"}
{"timestamp":"2026-02-12T01:31:48.036833Z","level":"info","event":"WARNING: No professor found with name Patrik Sandas. Skipping rating update for this instructor.","logger":"task.stdout"}
{"timestamp":"2026-02-12T01:31:48.037806Z","level":"info","event":"WARNING: No professor found with name Sheisha Kulkarni. Skipping rating update for this instructor.","logger":"task.stdout"}
{"timestamp":"2026-02-12T01:31:48.037971Z","level":"info","event":"WARNING: No professor found with name Steven Baker. Skipping rating update for this instructor.","logger":"task.stdout"}
{"timestamp":"2026-02-12T01:31:48.038163Z","level":"info","event":"Updated instructor David Chapman with rating 3.44","logger":"task.stdout"}
{"timestamp":"2026-02-12T01:31:48.038466Z","level":"info","event":"Updated instructor David Chapman with difficulty 4.00","logger":"task.stdout"}
{"timestamp":"2026-02-12T01:31:48.039735Z","level":"info","event":"Updated instructor Christopher Yung with rating 4.67","logger":"task.stdout"}
{"timestamp":"2026-02-12T01:31:48.040241Z","level":"info","event":"Updated instructor Christopher Yung with difficulty 4.00","logger":"task.stdout"}
{"timestamp":"2026-02-12T01:31:48.072160Z","level":"info","event":"Processing course COMM 4722 with 1 instructors","logger":"task.stdout"}
{"timestamp":"2026-02-12T01:31:48.103940Z","level":"info","event":"Processing course COMM 4730 with 4 instructors","logger":"task.stdout"}
{"timestamp":"2026-02-12T01:31:48.106026Z","level":"info","event":"Updated instructor Patrick Dennis with rating 4.14","logger":"task.stdout"}
{"timestamp":"2026-02-12T01:31:48.107701Z","level":"info","event":"Updated instructor Patrick Dennis with difficulty 3.86","logger":"task.stdout"}
{"timestamp":"2026-02-12T01:31:48.110158Z","level":"info","event":"Updated instructor Michael Gallmeyer with rating 4.33","logger":"task.stdout"}
{"timestamp":"2026-02-12T01:31:48.111553Z","level":"info","event":"Updated instructor Michael Gallmeyer with difficulty 4.00","logger":"task.stdout"}
{"timestamp":"2026-02-12T01:31:48.148322Z","level":"info","event":"Processing course COMM 4733 with 1 instructors","logger":"task.stdout"}
{"timestamp":"2026-02-12T01:31:48.149620Z","level":"info","event":"Updated instructor Michael Gallmeyer with rating 4.00","logger":"task.stdout"}
{"timestamp":"2026-02-12T01:31:48.150116Z","level":"info","event":"Updated instructor Michael Gallmeyer with difficulty 4.00","logger":"task.stdout"}
{"timestamp":"2026-02-12T01:31:48.182389Z","level":"info","event":"Processing course COMM 4791 with 4 instructors","logger":"task.stdout"}
{"timestamp":"2026-02-12T01:31:48.214450Z","level":"info","event":"Processing course COMM 4792 with 4 instructors","logger":"task.stdout"}
{"timestamp":"2026-02-12T01:31:48.634178Z","level":"info","event":"Processing course COMM 4821 with 3 instructors","logger":"task.stdout"}
{"timestamp":"2026-02-12T01:31:48.635043Z","level":"info","event":"WARNING: No professor found with name Robert Brown. Skipping rating update for this instructor.","logger":"task.stdout"}
{"timestamp":"2026-02-12T01:31:48.681317Z","level":"info","event":"Processing course COMM 4899 with 6 instructors","logger":"task.stdout"}
{"timestamp":"2026-02-12T01:31:48.745521Z","level":"info","event":"Processing course COMM 1800 with 25 instructors","logger":"task.stdout"}
{"timestamp":"2026-02-12T01:31:48.747527Z","level":"info","event":"Updated instructor Elaine Costa with rating 4.15","logger":"task.stdout"}
{"timestamp":"2026-02-12T01:31:48.748726Z","level":"info","event":"Updated instructor Elaine Costa with difficulty 2.33","logger":"task.stdout"}
{"timestamp":"2026-02-12T01:31:48.750273Z","level":"info","event":"Updated instructor David Costanza with rating 4.19","logger":"task.stdout"}
{"timestamp":"2026-02-12T01:31:48.751328Z","level":"info","event":"Updated instructor David Costanza with difficulty 2.67","logger":"task.stdout"}
{"timestamp":"2026-02-12T01:31:48.751757Z","level":"info","event":"WARNING: No professor found with name To Announced. Skipping rating update for this instructor.","logger":"task.stdout"}
{"timestamp":"2026-02-12T01:31:48.753266Z","level":"info","event":"Updated instructor Roger Martin with rating 4.17","logger":"task.stdout"}
{"timestamp":"2026-02-12T01:31:48.754824Z","level":"info","event":"Updated instructor Roger Martin with difficulty 1.50","logger":"task.stdout"}
{"timestamp":"2026-02-12T01:31:48.755753Z","level":"info","event":"WARNING: No professor found with name Charlotte Hoopes. Skipping rating update for this instructor.","logger":"task.stdout"}
{"timestamp":"2026-02-12T01:31:48.756185Z","level":"info","event":"WARNING: No professor found with name Faculty Staff. Skipping rating update for this instructor.","logger":"task.stdout"}
{"timestamp":"2026-02-12T01:31:48.756884Z","level":"info","event":"WARNING: No professor found with name Jeffrey Leopold. Skipping rating update for this instructor.","logger":"task.stdout"}
{"timestamp":"2026-02-12T01:31:48.757793Z","level":"info","event":"WARNING: No professor found with name Robert Kemp. Skipping rating update for this instructor.","logger":"task.stdout"}
{"timestamp":"2026-02-12T01:31:48.759626Z","level":"info","event":"WARNING: No professor found with name Michael Atchison. Skipping rating update for this instructor.","logger":"task.stdout"}
{"timestamp":"2026-02-12T01:31:48.807048Z","level":"info","event":"Processing course COMM 2000 with 5 instructors","logger":"task.stdout"}
{"timestamp":"2026-02-12T01:31:48.807744Z","level":"info","event":"WARNING: No professor found with name Rebecca Leonard. Skipping rating update for this instructor.","logger":"task.stdout"}
{"timestamp":"2026-02-12T01:31:48.859495Z","level":"info","event":"Processing course COMM 2002 with 2 instructors","logger":"task.stdout"}
{"timestamp":"2026-02-12T01:31:48.909998Z","level":"info","event":"Processing course COMM 2003 with 3 instructors","logger":"task.stdout"}
{"timestamp":"2026-02-12T01:31:48.911169Z","level":"info","event":"Updated instructor David Schuff with rating 2.89","logger":"task.stdout"}
{"timestamp":"2026-02-12T01:31:48.911871Z","level":"info","event":"Updated instructor David Schuff with difficulty 3.00","logger":"task.stdout"}
{"timestamp":"2026-02-12T01:31:48.961667Z","level":"info","event":"Processing course COMM 2004 with 3 instructors","logger":"task.stdout"}
{"timestamp":"2026-02-12T01:31:48.962825Z","level":"info","event":"Updated instructor Polina Landgraf with rating 1.33","logger":"task.stdout"}
{"timestamp":"2026-02-12T01:31:48.963420Z","level":"info","event":"Updated instructor Polina Landgraf with difficulty 2.00","logger":"task.stdout"}
{"timestamp":"2026-02-12T01:31:48.995735Z","level":"info","event":"Processing course COMM 2005 with 4 instructors","logger":"task.stdout"}
{"timestamp":"2026-02-12T01:31:49.031881Z","level":"info","event":"Processing course COMM 2600 with 5 instructors","logger":"task.stdout"}
{"timestamp":"2026-02-12T01:31:49.033369Z","level":"info","event":"Updated instructor Jeffrey Lovelace with rating 4.00","logger":"task.stdout"}
{"timestamp":"2026-02-12T01:31:49.034271Z","level":"info","event":"Updated instructor Jeffrey Lovelace with difficulty 2.75","logger":"task.stdout"}
{"timestamp":"2026-02-12T01:31:49.035049Z","level":"info","event":"WARNING: No professor found with name Tom Bateman. Skipping rating update for this instructor.","logger":"task.stdout"}
{"timestamp":"2026-02-12T01:31:49.073909Z","level":"info","event":"Processing course COMM 2700 with 1 instructors","logger":"task.stdout"}
{"timestamp":"2026-02-12T01:31:49.075080Z","level":"info","event":"Updated instructor David Chapman with rating 2.00","logger":"task.stdout"}
{"timestamp":"2026-02-12T01:31:49.075647Z","level":"info","event":"Updated instructor David Chapman with difficulty 4.50","logger":"task.stdout"}
{"timestamp":"2026-02-12T01:31:49.237281Z","level":"info","event":"Processing course COMM 2730 with 3 instructors","logger":"task.stdout"}
{"timestamp":"2026-02-12T01:31:49.238401Z","level":"info","event":"Updated instructor Dorothy Kelly with rating 3.60","logger":"task.stdout"}
{"timestamp":"2026-02-12T01:31:49.239054Z","level":"info","event":"Updated instructor Dorothy Kelly with difficulty 1.93","logger":"task.stdout"}
{"timestamp":"2026-02-12T01:31:49.239313Z","level":"info","event":"WARNING: No professor found with name Karin Bonding. Skipping rating update for this instructor.","logger":"task.stdout"}
{"timestamp":"2026-02-12T01:31:49.284930Z","level":"info","event":"Processing course COMM 3040 with 39 instructors","logger":"task.stdout"}
{"timestamp":"2026-02-12T01:31:49.285831Z","level":"info","event":"Updated instructor Jeremy Marcel with rating 2.87","logger":"task.stdout"}
{"timestamp":"2026-02-12T01:31:49.286309Z","level":"info","event":"Updated instructor Jeremy Marcel with difficulty 3.40","logger":"task.stdout"}
{"timestamp":"2026-02-12T01:31:49.286964Z","level":"info","event":"Updated instructor Gayle Erwin with rating 1.67","logger":"task.stdout"}
{"timestamp":"2026-02-12T01:31:49.287421Z","level":"info","event":"Updated instructor Gayle Erwin with difficulty 5.00","logger":"task.stdout"}
{"timestamp":"2026-02-12T01:31:49.288144Z","level":"info","event":"Updated instructor Robert Webb with rating 2.78","logger":"task.stdout"}
{"timestamp":"2026-02-12T01:31:49.288707Z","level":"info","event":"Updated instructor Robert Webb with difficulty 3.67","logger":"task.stdout"}
{"timestamp":"2026-02-12T01:31:49.289200Z","level":"info","event":"WARNING: No professor found with name Kerrie Carfagno. Skipping rating update for this instructor.","logger":"task.stdout"}
{"timestamp":"2026-02-12T01:31:49.289805Z","level":"info","event":"WARNING: No professor found with name Marcia Pentz-Harris. Skipping rating update for this instructor.","logger":"task.stdout"}
{"timestamp":"2026-02-12T01:31:49.290074Z","level":"info","event":"WARNING: No professor found with name Andrew Hess. Skipping rating update for this instructor.","logger":"task.stdout"}
{"timestamp":"2026-02-12T01:31:49.321166Z","level":"info","event":"Processing course COMM 3120 with 7 instructors","logger":"task.stdout"}
{"timestamp":"2026-02-12T01:31:49.323407Z","level":"info","event":"Updated instructor Jennifer Winchel with rating 4.67","logger":"task.stdout"}
{"timestamp":"2026-02-12T01:31:49.323986Z","level":"info","event":"Updated instructor Jennifer Winchel with difficulty 2.00","logger":"task.stdout"}
{"timestamp":"2026-02-12T01:31:49.324217Z","level":"info","event":"WARNING: No professor found with name Jane Thayer. Skipping rating update for this instructor.","logger":"task.stdout"}
{"timestamp":"2026-02-12T01:31:49.324491Z","level":"info","event":"WARNING: No professor found with name Craig Lefanowicz. Skipping rating update for this instructor.","logger":"task.stdout"}
{"timestamp":"2026-02-12T01:31:49.375089Z","level":"info","event":"Processing course COMM 3200 with 15 instructors","logger":"task.stdout"}
{"timestamp":"2026-02-12T01:31:49.376202Z","level":"info","event":"Updated instructor Andrew Bennett with rating 4.17","logger":"task.stdout"}
{"timestamp":"2026-02-12T01:31:49.376814Z","level":"info","event":"Updated instructor Andrew Bennett with difficulty 1.50","logger":"task.stdout"}
{"timestamp":"2026-02-12T01:31:49.377566Z","level":"info","event":"Updated instructor David Schuff with rating 3.33","logger":"task.stdout"}
{"timestamp":"2026-02-12T01:31:49.378006Z","level":"info","event":"Updated instructor David Schuff with difficulty 2.50","logger":"task.stdout"}
{"timestamp":"2026-02-12T01:31:49.378342Z","level":"info","event":"WARNING: No professor found with name Ryan Wright. Skipping rating update for this instructor.","logger":"task.stdout"}
{"timestamp":"2026-02-12T01:31:49.378559Z","level":"info","event":"WARNING: No professor found with name Christopher Maurer. Skipping rating update for this instructor.","logger":"task.stdout"}
{"timestamp":"2026-02-12T01:31:49.379209Z","level":"info","event":"Updated instructor Jason Williamson with rating 4.67","logger":"task.stdout"}
{"timestamp":"2026-02-12T01:31:49.379690Z","level":"info","event":"Updated instructor Jason Williamson with difficulty 3.00","logger":"task.stdout"}
{"timestamp":"2026-02-12T01:31:49.380330Z","level":"info","event":"Updated instructor Steven Johnson with rating 2.67","logger":"task.stdout"}
{"timestamp":"2026-02-12T01:31:49.380798Z","level":"info","event":"Updated instructor Steven Johnson with difficulty 1.00","logger":"task.stdout"}
{"timestamp":"2026-02-12T01:31:49.421160Z","level":"info","event":"Processing course COMM 3220 with 10 instructors","logger":"task.stdout"}
{"timestamp":"2026-02-12T01:31:49.422494Z","level":"info","event":"Updated instructor Suprateek Sarker with rating 4.30","logger":"task.stdout"}
{"timestamp":"2026-02-12T01:31:49.423206Z","level":"info","event":"Updated instructor Suprateek Sarker with difficulty 3.60","logger":"task.stdout"}
{"timestamp":"2026-02-12T01:31:49.423987Z","level":"info","event":"Updated instructor Jing Gong with rating 4.50","logger":"task.stdout"}
{"timestamp":"2026-02-12T01:31:49.424583Z","level":"info","event":"Updated instructor Jing Gong with difficulty 2.50","logger":"task.stdout"}
{"timestamp":"2026-02-12T01:31:49.425365Z","level":"info","event":"Updated instructor Stefano Grazioli with rating 2.78","logger":"task.stdout"}
{"timestamp":"2026-02-12T01:31:49.425875Z","level":"info","event":"Updated instructor Stefano Grazioli with difficulty 2.33","logger":"task.stdout"}
{"timestamp":"2026-02-12T01:31:49.426160Z","level":"info","event":"WARNING: No professor found with name Lanfei Shi. Skipping rating update for this instructor.","logger":"task.stdout"}
{"timestamp":"2026-02-12T01:31:49.426405Z","level":"info","event":"WARNING: No professor found with name David Dobolyi. Skipping rating update for this instructor.","logger":"task.stdout"}
{"timestamp":"2026-02-12T01:31:49.426612Z","level":"info","event":"WARNING: No professor found with name Jennifer Claggett. Skipping rating update for this instructor.","logger":"task.stdout"}
{"timestamp":"2026-02-12T01:31:49.462487Z","level":"info","event":"Processing course COMM 3230 with 1 instructors","logger":"task.stdout"}
{"timestamp":"2026-02-12T01:31:49.464586Z","level":"info","event":"Updated instructor Eric Martin with rating 3.89","logger":"task.stdout"}
{"timestamp":"2026-02-12T01:31:49.466961Z","level":"info","event":"Updated instructor Eric Martin with difficulty 3.00","logger":"task.stdout"}
{"timestamp":"2026-02-12T01:31:49.506933Z","level":"info","event":"Processing course COMM 3330 with 9 instructors","logger":"task.stdout"}
{"timestamp":"2026-02-12T01:31:49.507524Z","level":"info","event":"WARNING: No professor found with name Irina Kozlenkova. Skipping rating update for this instructor.","logger":"task.stdout"}
{"timestamp":"2026-02-12T01:31:49.507789Z","level":"info","event":"WARNING: No professor found with name Christine Kim. Skipping rating update for this instructor.","logger":"task.stdout"}
{"timestamp":"2026-02-12T01:31:49.508577Z","level":"info","event":"Updated instructor David Mick with rating 3.75","logger":"task.stdout"}
{"timestamp":"2026-02-12T01:31:49.509122Z","level":"info","event":"Updated instructor David Mick with difficulty 2.17","logger":"task.stdout"}
{"timestamp":"2026-02-12T01:31:49.509530Z","level":"info","event":"WARNING: No professor found with name James Burroughs. Skipping rating update for this instructor.","logger":"task.stdout"}
{"timestamp":"2026-02-12T01:31:49.509932Z","level":"info","event":"WARNING: No professor found with name Anthony Baglioni. Skipping rating update for this instructor.","logger":"task.stdout"}
{"timestamp":"2026-02-12T01:31:49.539351Z","level":"info","event":"Processing course COMM 3410 with 2 instructors","logger":"task.stdout"}
{"timestamp":"2026-02-12T01:31:49.540484Z","level":"info","event":"Updated instructor Sherri Moore with rating 4.30","logger":"task.stdout"}
{"timestamp":"2026-02-12T01:31:49.541132Z","level":"info","event":"Updated instructor Sherri Moore with difficulty 2.80","logger":"task.stdout"}
{"timestamp":"2026-02-12T01:31:49.541435Z","level":"info","event":"WARNING: No professor found with name John Wheeler. Skipping rating update for this instructor.","logger":"task.stdout"}
{"timestamp":"2026-02-12T01:31:49.573366Z","level":"info","event":"Processing course COMM 3420 with 2 instructors","logger":"task.stdout"}
{"timestamp":"2026-02-12T01:31:49.574985Z","level":"info","event":"Updated instructor Sherri Moore with rating 4.42","logger":"task.stdout"}
{"timestamp":"2026-02-12T01:31:49.575538Z","level":"info","event":"Updated instructor Sherri Moore with difficulty 2.22","logger":"task.stdout"}
{"timestamp":"2026-02-12T01:31:49.575813Z","level":"info","event":"WARNING: No professor found with name John Wheeler. Skipping rating update for this instructor.","logger":"task.stdout"}
{"timestamp":"2026-02-12T01:31:49.798643Z","level":"info","event":"Processing course COMM 3559 with 7 instructors","logger":"task.stdout"}
{"timestamp":"2026-02-12T01:31:49.799776Z","level":"info","event":"WARNING: No professor found with name Edward Finley. Skipping rating update for this instructor.","logger":"task.stdout"}
{"timestamp":"2026-02-12T01:31:49.837543Z","level":"info","event":"Processing course COMM 3720 with 7 instructors","logger":"task.stdout"}
{"timestamp":"2026-02-12T01:31:49.839705Z","level":"info","event":"Updated instructor Zhaohui Chen with rating 3.15","logger":"task.stdout"}
{"timestamp":"2026-02-12T01:31:49.841034Z","level":"info","event":"Updated instructor Zhaohui Chen with difficulty 3.11","logger":"task.stdout"}
{"timestamp":"2026-02-12T01:31:49.843810Z","level":"info","event":"Updated instructor Robert Parham with rating 3.93","logger":"task.stdout"}
{"timestamp":"2026-02-12T01:31:49.844965Z","level":"info","event":"Updated instructor Robert Parham with difficulty 4.54","logger":"task.stdout"}
{"timestamp":"2026-02-12T01:31:49.845938Z","level":"info","event":"WARNING: No professor found with name Carola Schenone. Skipping rating update for this instructor.","logger":"task.stdout"}
{"timestamp":"2026-02-12T01:31:49.847575Z","level":"info","event":"Updated instructor David Smith with rating 4.33","logger":"task.stdout"}
{"timestamp":"2026-02-12T01:31:49.848337Z","level":"info","event":"Updated instructor David Smith with difficulty 3.00","logger":"task.stdout"}
{"timestamp":"2026-02-12T01:31:49.849360Z","level":"info","event":"Updated instructor Gayle Erwin with rating 3.67","logger":"task.stdout"}
{"timestamp":"2026-02-12T01:31:49.849869Z","level":"info","event":"Updated instructor Gayle Erwin with difficulty 2.50","logger":"task.stdout"}
{"timestamp":"2026-02-12T01:31:49.897068Z","level":"info","event":"Processing course COMM 4150 with 3 instructors","logger":"task.stdout"}
{"timestamp":"2026-02-12T01:31:49.929214Z","level":"info","event":"Processing course COMM 4210 with 1 instructors","logger":"task.stdout"}
{"timestamp":"2026-02-12T01:31:49.958311Z","level":"info","event":"Processing course COMM 4221 with 1 instructors","logger":"task.stdout"}
{"timestamp":"2026-02-12T01:31:49.993342Z","level":"info","event":"Processing course COMM 4230 with 1 instructors","logger":"task.stdout"}
{"timestamp":"2026-02-12T01:31:49.994103Z","level":"info","event":"Updated instructor Stefano Grazioli with rating 3.78","logger":"task.stdout"}
{"timestamp":"2026-02-12T01:31:49.995357Z","level":"info","event":"Updated instructor Stefano Grazioli with difficulty 4.50","logger":"task.stdout"}
{"timestamp":"2026-02-12T01:31:50.025993Z","level":"info","event":"Processing course COMM 4252 with 1 instructors","logger":"task.stdout"}
{"timestamp":"2026-02-12T01:31:50.027081Z","level":"info","event":"Updated instructor Bevin Etienne with rating 5.00","logger":"task.stdout"}
{"timestamp":"2026-02-12T01:31:50.028475Z","level":"info","event":"Updated instructor Bevin Etienne with difficulty 1.00","logger":"task.stdout"}
{"timestamp":"2026-02-12T01:31:50.055628Z","level":"info","event":"Processing course COMM 4822 with 1 instructors","logger":"task.stdout"}
{"timestamp":"2026-02-12T01:31:50.057328Z","level":"info","event":"Updated instructor Mark White with rating 2.78","logger":"task.stdout"}
{"timestamp":"2026-02-12T01:31:50.058009Z","level":"info","event":"Updated instructor Mark White with difficulty 3.00","logger":"task.stdout"}
{"timestamp":"2026-02-12T01:31:50.086643Z","level":"info","event":"Processing course COMM 4831 with 2 instructors","logger":"task.stdout"}
{"timestamp":"2026-02-12T01:31:50.088376Z","level":"info","event":"Updated instructor David Mick with rating 4.78","logger":"task.stdout"}
{"timestamp":"2026-02-12T01:31:50.088482Z","level":"info","event":"Updated instructor David Mick with difficulty 1.67","logger":"task.stdout"}
{"timestamp":"2026-02-12T01:31:50.132998Z","level":"info","event":"Processing course COMM 4839 with 2 instructors","logger":"task.stdout"}
{"timestamp":"2026-02-12T01:31:50.161174Z","level":"info","event":"Processing course COMM 4841 with 2 instructors","logger":"task.stdout"}
{"timestamp":"2026-02-12T01:31:50.360533Z","level":"info","event":"Processing course COMM 4881 with 2 instructors","logger":"task.stdout"}
{"timestamp":"2026-02-12T01:31:50.417861Z","level":"info","event":"Processing course COMM 4993 with 52 instructors","logger":"task.stdout"}
{"timestamp":"2026-02-12T01:31:50.467324Z","level":"info","event":"Processing course COMM 3050 with 42 instructors","logger":"task.stdout"}
{"timestamp":"2026-02-12T01:31:50.468921Z","level":"info","event":"Updated instructor Peter Gray with rating 1.83","logger":"task.stdout"}
{"timestamp":"2026-02-12T01:31:50.469459Z","level":"info","event":"Updated instructor Peter Gray with difficulty 3.50","logger":"task.stdout"}
{"timestamp":"2026-02-12T01:31:50.470123Z","level":"info","event":"WARNING: No professor found with name Cynthia Fraser. Skipping rating update for this instructor.","logger":"task.stdout"}
{"timestamp":"2026-02-12T01:31:50.471059Z","level":"info","event":"WARNING: No professor found with name William Kehoe. Skipping rating update for this instructor.","logger":"task.stdout"}
{"timestamp":"2026-02-12T01:31:50.472000Z","level":"info","event":"Updated instructor Ira Harris with rating 3.00","logger":"task.stdout"}
{"timestamp":"2026-02-12T01:31:50.472802Z","level":"info","event":"Updated instructor Ira Harris with difficulty 3.00","logger":"task.stdout"}
{"timestamp":"2026-02-12T01:31:50.473094Z","level":"info","event":"WARNING: No professor found with name Robert Brown. Skipping rating update for this instructor.","logger":"task.stdout"}
{"timestamp":"2026-02-12T01:31:50.473445Z","level":"info","event":"WARNING: No professor found with name James Burroughs. Skipping rating update for this instructor.","logger":"task.stdout"}
{"timestamp":"2026-02-12T01:31:50.559713Z","level":"info","event":"Processing course CS 4980 with 108 instructors","logger":"task.stdout"}
{"timestamp":"2026-02-12T01:31:50.601354Z","level":"info","event":"Processing course CS 4991 with 4 instructors","logger":"task.stdout"}
{"timestamp":"2026-02-12T01:31:50.603791Z","level":"info","event":"Updated instructor Rosanne Vrugtman with rating 3.33","logger":"task.stdout"}
{"timestamp":"2026-02-12T01:31:50.605344Z","level":"info","event":"Updated instructor Rosanne Vrugtman with difficulty 1.00","logger":"task.stdout"}
{"timestamp":"2026-02-12T01:31:50.641564Z","level":"info","event":"Processing course CS 2100 with 7 instructors","logger":"task.stdout"}
{"timestamp":"2026-02-12T01:31:50.642593Z","level":"info","event":"Updated instructor Briana Morrison with rating 3.06","logger":"task.stdout"}
{"timestamp":"2026-02-12T01:31:50.643149Z","level":"info","event":"Updated instructor Briana Morrison with difficulty 2.89","logger":"task.stdout"}
{"timestamp":"2026-02-12T01:31:50.643869Z","level":"info","event":"Updated instructor Xinyao Yi with rating 3.33","logger":"task.stdout"}
{"timestamp":"2026-02-12T01:31:50.644361Z","level":"info","event":"Updated instructor Xinyao Yi with difficulty 3.00","logger":"task.stdout"}
{"timestamp":"2026-02-12T01:31:50.645024Z","level":"info","event":"Updated instructor Derrick Stone with rating 2.75","logger":"task.stdout"}
{"timestamp":"2026-02-12T01:31:50.646380Z","level":"info","event":"Updated instructor Derrick Stone with difficulty 3.25","logger":"task.stdout"}
{"timestamp":"2026-02-12T01:31:50.646443Z","level":"info","event":"Updated instructor Nada Basit with rating 4.67","logger":"task.stdout"}
{"timestamp":"2026-02-12T01:31:50.646785Z","level":"info","event":"Updated instructor Nada Basit with difficulty 3.00","logger":"task.stdout"}
{"timestamp":"2026-02-12T01:31:50.647458Z","level":"info","event":"Updated instructor Tom Horton with rating 3.22","logger":"task.stdout"}
{"timestamp":"2026-02-12T01:31:50.647965Z","level":"info","event":"Updated instructor Tom Horton with difficulty 3.33","logger":"task.stdout"}
{"timestamp":"2026-02-12T01:31:50.648700Z","level":"info","event":"Updated instructor Mark Floryan with rating 3.64","logger":"task.stdout"}
{"timestamp":"2026-02-12T01:31:50.649194Z","level":"info","event":"Updated instructor Mark Floryan with difficulty 3.27","logger":"task.stdout"}
{"timestamp":"2026-02-12T01:31:50.821036Z","level":"info","event":"Processing course CS 2120 with 9 instructors","logger":"task.stdout"}
{"timestamp":"2026-02-12T01:31:50.823788Z","level":"info","event":"Updated instructor Aidan San with rating 2.22","logger":"task.stdout"}
{"timestamp":"2026-02-12T01:31:50.824470Z","level":"info","event":"Updated instructor Aidan San with difficulty 3.83","logger":"task.stdout"}
{"timestamp":"2026-02-12T01:31:50.826245Z","level":"info","event":"Updated instructor Sarah Elder with rating 2.67","logger":"task.stdout"}
{"timestamp":"2026-02-12T01:31:50.828365Z","level":"info","event":"Updated instructor Sarah Elder with difficulty 2.00","logger":"task.stdout"}
{"timestamp":"2026-02-12T01:31:50.828494Z","level":"info","event":"Updated instructor Kevin Sullivan with rating 2.69","logger":"task.stdout"}
{"timestamp":"2026-02-12T01:31:50.828559Z","level":"info","event":"Updated instructor Kevin Sullivan with difficulty 2.58","logger":"task.stdout"}
{"timestamp":"2026-02-12T01:31:50.828664Z","level":"info","event":"WARNING: No professor found with name Elizabeth Orrico. Skipping rating update for this instructor.","logger":"task.stdout"}
{"timestamp":"2026-02-12T01:31:50.828920Z","level":"info","event":"WARNING: No professor found with name Nathan Brunelle. Skipping rating update for this instructor.","logger":"task.stdout"}
{"timestamp":"2026-02-12T01:31:50.829620Z","level":"info","event":"Updated instructor Briana Morrison with rating 3.17","logger":"task.stdout"}
{"timestamp":"2026-02-12T01:31:50.830074Z","level":"info","event":"Updated instructor Briana Morrison with difficulty 1.50","logger":"task.stdout"}
{"timestamp":"2026-02-12T01:31:50.863309Z","level":"info","event":"Processing course CS 2130 with 6 instructors","logger":"task.stdout"}
{"timestamp":"2026-02-12T01:31:50.864433Z","level":"info","event":"Updated instructor Robbie Hott with rating 2.97","logger":"task.stdout"}
{"timestamp":"2026-02-12T01:31:50.864964Z","level":"info","event":"Updated instructor Robbie Hott with difficulty 4.55","logger":"task.stdout"}
{"timestamp":"2026-02-12T01:31:50.865701Z","level":"info","event":"Updated instructor Xinyao Yi with rating 4.00","logger":"task.stdout"}
{"timestamp":"2026-02-12T01:31:50.866261Z","level":"info","event":"Updated instructor Xinyao Yi with difficulty 4.25","logger":"task.stdout"}
{"timestamp":"2026-02-12T01:31:50.867059Z","level":"info","event":"Updated instructor Todd Delong with rating 3.07","logger":"task.stdout"}
{"timestamp":"2026-02-12T01:31:50.867623Z","level":"info","event":"Updated instructor Todd Delong with difficulty 4.40","logger":"task.stdout"}
{"timestamp":"2026-02-12T01:31:50.867824Z","level":"info","event":"WARNING: No professor found with name Daniel Graham. Skipping rating update for this instructor.","logger":"task.stdout"}
{"timestamp":"2026-02-12T01:31:50.868070Z","level":"info","event":"WARNING: No professor found with name Luther Tychonievich. Skipping rating update for this instructor.","logger":"task.stdout"}
{"timestamp":"2026-02-12T01:31:50.905100Z","level":"info","event":"Processing course CS 2501 with 19 instructors","logger":"task.stdout"}
{"timestamp":"2026-02-12T01:31:50.906733Z","level":"info","event":"Updated instructor Briana Morrison with rating 4.00","logger":"task.stdout"}
{"timestamp":"2026-02-12T01:31:50.908366Z","level":"info","event":"Updated instructor Briana Morrison with difficulty 2.00","logger":"task.stdout"}
{"timestamp":"2026-02-12T01:31:50.908478Z","level":"info","event":"Updated instructor Mark Sherriff with rating 5.00","logger":"task.stdout"}
{"timestamp":"2026-02-12T01:31:50.908530Z","level":"info","event":"Updated instructor Mark Sherriff with difficulty 1.00","logger":"task.stdout"}
{"timestamp":"2026-02-12T01:31:50.908580Z","level":"info","event":"WARNING: No professor found with name Dana Quist. Skipping rating update for this instructor.","logger":"task.stdout"}
{"timestamp":"2026-02-12T01:31:50.908644Z","level":"info","event":"WARNING: No professor found with name Luther Tychonievich. Skipping rating update for this instructor.","logger":"task.stdout"}
{"timestamp":"2026-02-12T01:31:50.909279Z","level":"info","event":"Updated instructor Mark Floryan with rating 5.00","logger":"task.stdout"}
{"timestamp":"2026-02-12T01:31:50.909768Z","level":"info","event":"Updated instructor Mark Floryan with difficulty 3.00","logger":"task.stdout"}
{"timestamp":"2026-02-12T01:31:50.910584Z","level":"info","event":"Updated instructor Raymond Pettit with rating 3.50","logger":"task.stdout"}
{"timestamp":"2026-02-12T01:31:50.911075Z","level":"info","event":"Updated instructor Raymond Pettit with difficulty 2.50","logger":"task.stdout"}
{"timestamp":"2026-02-12T01:31:50.911324Z","level":"info","event":"WARNING: No professor found with name Thomas Horton. Skipping rating update for this instructor.","logger":"task.stdout"}
{"timestamp":"2026-02-12T01:31:50.945134Z","level":"info","event":"Processing course CS 2910 with 12 instructors","logger":"task.stdout"}
{"timestamp":"2026-02-12T01:31:50.946640Z","level":"info","event":"Updated instructor Nada Basit with rating 2.50","logger":"task.stdout"}
{"timestamp":"2026-02-12T01:31:50.947131Z","level":"info","event":"Updated instructor Nada Basit with difficulty 1.00","logger":"task.stdout"}
{"timestamp":"2026-02-12T01:31:50.947837Z","level":"info","event":"Updated instructor Briana Morrison with rating 5.00","logger":"task.stdout"}
{"timestamp":"2026-02-12T01:31:50.948306Z","level":"info","event":"Updated instructor Briana Morrison with difficulty 1.00","logger":"task.stdout"}
{"timestamp":"2026-02-12T01:31:50.948645Z","level":"info","event":"WARNING: No professor found with name Luther Tychonievich. Skipping rating update for this instructor.","logger":"task.stdout"}
{"timestamp":"2026-02-12T01:31:50.949315Z","level":"info","event":"Updated instructor Upsorn Praphamontripong with rating 3.67","logger":"task.stdout"}
{"timestamp":"2026-02-12T01:31:50.950401Z","level":"info","event":"Updated instructor Upsorn Praphamontripong with difficulty 1.00","logger":"task.stdout"}
{"timestamp":"2026-02-12T01:31:50.980810Z","level":"info","event":"Processing course CS 2993 with 4 instructors","logger":"task.stdout"}
{"timestamp":"2026-02-12T01:31:51.030552Z","level":"info","event":"Processing course CS 3100 with 6 instructors","logger":"task.stdout"}
{"timestamp":"2026-02-12T01:31:51.032835Z","level":"info","event":"Updated instructor Aaron Bloomfield with rating 2.97","logger":"task.stdout"}
{"timestamp":"2026-02-12T01:31:51.034243Z","level":"info","event":"Updated instructor Aaron Bloomfield with difficulty 4.09","logger":"task.stdout"}
{"timestamp":"2026-02-12T01:31:51.035888Z","level":"info","event":"Updated instructor Mark Floryan with rating 3.72","logger":"task.stdout"}
{"timestamp":"2026-02-12T01:31:51.037269Z","level":"info","event":"Updated instructor Mark Floryan with difficulty 4.31","logger":"task.stdout"}
{"timestamp":"2026-02-12T01:31:51.039465Z","level":"info","event":"Updated instructor Raymond Pettit with rating 2.83","logger":"task.stdout"}
{"timestamp":"2026-02-12T01:31:51.040253Z","level":"info","event":"Updated instructor Raymond Pettit with difficulty 4.38","logger":"task.stdout"}
{"timestamp":"2026-02-12T01:31:51.041833Z","level":"info","event":"Updated instructor Robbie Hott with rating 4.07","logger":"task.stdout"}
{"timestamp":"2026-02-12T01:31:51.042882Z","level":"info","event":"Updated instructor Robbie Hott with difficulty 4.40","logger":"task.stdout"}
{"timestamp":"2026-02-12T01:31:51.044730Z","level":"info","event":"Updated instructor Tom Horton with rating 3.27","logger":"task.stdout"}
{"timestamp":"2026-02-12T01:31:51.046112Z","level":"info","event":"Updated instructor Tom Horton with difficulty 4.20","logger":"task.stdout"}
{"timestamp":"2026-02-12T01:31:51.098622Z","level":"info","event":"Processing course CS 3120 with 7 instructors","logger":"task.stdout"}
{"timestamp":"2026-02-12T01:31:51.100513Z","level":"info","event":"Updated instructor Raymond Pettit with rating 4.00","logger":"task.stdout"}
{"timestamp":"2026-02-12T01:31:51.102384Z","level":"info","event":"Updated instructor Raymond Pettit with difficulty 4.00","logger":"task.stdout"}
{"timestamp":"2026-02-12T01:31:51.103495Z","level":"info","event":"Updated instructor Wei-Kai Lin with rating 2.33","logger":"task.stdout"}
{"timestamp":"2026-02-12T01:31:51.106397Z","level":"info","event":"Updated instructor Wei-Kai Lin with difficulty 4.00","logger":"task.stdout"}
{"timestamp":"2026-02-12T01:31:51.106589Z","level":"info","event":"Updated instructor Mark Floryan with rating 3.19","logger":"task.stdout"}
{"timestamp":"2026-02-12T01:31:51.107459Z","level":"info","event":"Updated instructor Mark Floryan with difficulty 4.21","logger":"task.stdout"}
{"timestamp":"2026-02-12T01:31:51.168395Z","level":"info","event":"Processing course CS 3130 with 5 instructors","logger":"task.stdout"}
{"timestamp":"2026-02-12T01:31:51.169730Z","level":"info","event":"Updated instructor Charles Reiss with rating 2.97","logger":"task.stdout"}
{"timestamp":"2026-02-12T01:31:51.170316Z","level":"info","event":"Updated instructor Charles Reiss with difficulty 4.67","logger":"task.stdout"}
{"timestamp":"2026-02-12T01:31:51.171464Z","level":"info","event":"Updated instructor Kevin Skadron with rating 3.78","logger":"task.stdout"}
{"timestamp":"2026-02-12T01:31:51.172033Z","level":"info","event":"Updated instructor Kevin Skadron with difficulty 3.33","logger":"task.stdout"}
{"timestamp":"2026-02-12T01:31:51.206362Z","level":"info","event":"Processing course CS 3140 with 3 instructors","logger":"task.stdout"}
{"timestamp":"2026-02-12T01:31:51.208411Z","level":"info","event":"Updated instructor Derrick Stone with rating 2.33","logger":"task.stdout"}
{"timestamp":"2026-02-12T01:31:51.208557Z","level":"info","event":"Updated instructor Derrick Stone with difficulty 4.00","logger":"task.stdout"}
{"timestamp":"2026-02-12T01:31:51.209117Z","level":"info","event":"Updated instructor Rich Nguyen with rating 3.84","logger":"task.stdout"}
{"timestamp":"2026-02-12T01:31:51.209672Z","level":"info","event":"Updated instructor Rich Nguyen with difficulty 3.20","logger":"task.stdout"}
{"timestamp":"2026-02-12T01:31:51.209912Z","level":"info","event":"WARNING: No professor found with name Paul McBurney. Skipping rating update for this instructor.","logger":"task.stdout"}
{"timestamp":"2026-02-12T01:31:51.241013Z","level":"info","event":"Processing course CS 3205 with 6 instructors","logger":"task.stdout"}
{"timestamp":"2026-02-12T01:31:51.242071Z","level":"info","event":"Updated instructor Panagiotis Apostolellis with rating 2.05","logger":"task.stdout"}
{"timestamp":"2026-02-12T01:31:51.242612Z","level":"info","event":"Updated instructor Panagiotis Apostolellis with difficulty 3.34","logger":"task.stdout"}
{"timestamp":"2026-02-12T01:31:51.244346Z","level":"info","event":"Updated instructor Seongkook Heo with rating 4.67","logger":"task.stdout"}
{"timestamp":"2026-02-12T01:31:51.244443Z","level":"info","event":"Updated instructor Seongkook Heo with difficulty 2.00","logger":"task.stdout"}
{"timestamp":"2026-02-12T01:31:51.244535Z","level":"info","event":"WARNING: No professor found with name Mary Smith. Skipping rating update for this instructor.","logger":"task.stdout"}
{"timestamp":"2026-02-12T01:31:51.245510Z","level":"info","event":"Updated instructor Mark Floryan with rating 4.06","logger":"task.stdout"}
{"timestamp":"2026-02-12T01:31:51.246129Z","level":"info","event":"Updated instructor Mark Floryan with difficulty 2.25","logger":"task.stdout"}
{"timestamp":"2026-02-12T01:31:51.246445Z","level":"info","event":"WARNING: No professor found with name Thomas Horton. Skipping rating update for this instructor.","logger":"task.stdout"}
{"timestamp":"2026-02-12T01:31:51.249355Z","level":"info","event":"WARNING: No professor found with name Worthy Martin. Skipping rating update for this instructor.","logger":"task.stdout"}
{"timestamp":"2026-02-12T01:31:51.384287Z","level":"info","event":"Processing course CS 3240 with 12 instructors","logger":"task.stdout"}
{"timestamp":"2026-02-12T01:31:51.385387Z","level":"info","event":"Updated instructor Mark Sherriff with rating 4.00","logger":"task.stdout"}
{"timestamp":"2026-02-12T01:31:51.385900Z","level":"info","event":"Updated instructor Mark Sherriff with difficulty 2.63","logger":"task.stdout"}
{"timestamp":"2026-02-12T01:31:51.386597Z","level":"info","event":"Updated instructor Derrick Stone with rating 4.11","logger":"task.stdout"}
{"timestamp":"2026-02-12T01:31:51.387027Z","level":"info","event":"Updated instructor Derrick Stone with difficulty 2.33","logger":"task.stdout"}
{"timestamp":"2026-02-12T01:31:51.387636Z","level":"info","event":"Updated instructor Tom Horton with rating 4.67","logger":"task.stdout"}
{"timestamp":"2026-02-12T01:31:51.388052Z","level":"info","event":"Updated instructor Tom Horton with difficulty 2.00","logger":"task.stdout"}
{"timestamp":"2026-02-12T01:31:51.388262Z","level":"info","event":"WARNING: No professor found with name Paul McBurney. Skipping rating update for this instructor.","logger":"task.stdout"}
{"timestamp":"2026-02-12T01:31:51.388467Z","level":"info","event":"WARNING: No professor found with name Mary Smith. Skipping rating update for this instructor.","logger":"task.stdout"}
{"timestamp":"2026-02-12T01:31:51.388634Z","level":"info","event":"WARNING: No professor found with name Thomas Horton. Skipping rating update for this instructor.","logger":"task.stdout"}
{"timestamp":"2026-02-12T01:31:51.388980Z","level":"info","event":"WARNING: No professor found with name John Knight. Skipping rating update for this instructor.","logger":"task.stdout"}
{"timestamp":"2026-02-12T01:31:51.414846Z","level":"info","event":"Processing course CS 3250 with 3 instructors","logger":"task.stdout"}
{"timestamp":"2026-02-12T01:31:51.415766Z","level":"info","event":"Updated instructor Upsorn Praphamontripong with rating 3.70","logger":"task.stdout"}
{"timestamp":"2026-02-12T01:31:51.416579Z","level":"info","event":"Updated instructor Upsorn Praphamontripong with difficulty 2.30","logger":"task.stdout"}
{"timestamp":"2026-02-12T01:31:51.416700Z","level":"info","event":"WARNING: No professor found with name Wenxi Wang. Skipping rating update for this instructor.","logger":"task.stdout"}
{"timestamp":"2026-02-12T01:31:51.447566Z","level":"info","event":"Processing course CS 3501 with 6 instructors","logger":"task.stdout"}
{"timestamp":"2026-02-12T01:31:51.448421Z","level":"info","event":"Updated instructor Miaomiao Zhang with rating 4.33","logger":"task.stdout"}
{"timestamp":"2026-02-12T01:31:51.448921Z","level":"info","event":"Updated instructor Miaomiao Zhang with difficulty 4.00","logger":"task.stdout"}
{"timestamp":"2026-02-12T01:31:51.449590Z","level":"info","event":"Updated instructor Tom Fletcher with rating 3.11","logger":"task.stdout"}
{"timestamp":"2026-02-12T01:31:51.450036Z","level":"info","event":"Updated instructor Tom Fletcher with difficulty 3.33","logger":"task.stdout"}
{"timestamp":"2026-02-12T01:31:51.450724Z","level":"info","event":"Updated instructor Aaron Bloomfield with rating 3.67","logger":"task.stdout"}
{"timestamp":"2026-02-12T01:31:51.451189Z","level":"info","event":"Updated instructor Aaron Bloomfield with difficulty 4.00","logger":"task.stdout"}
{"timestamp":"2026-02-12T01:31:51.478605Z","level":"info","event":"Processing course CS 3710 with 8 instructors","logger":"task.stdout"}
{"timestamp":"2026-02-12T01:31:51.479655Z","level":"info","event":"Updated instructor Angela Orebaugh with rating 4.74","logger":"task.stdout"}
{"timestamp":"2026-02-12T01:31:51.480343Z","level":"info","event":"Updated instructor Angela Orebaugh with difficulty 1.39","logger":"task.stdout"}
{"timestamp":"2026-02-12T01:31:51.481303Z","level":"info","event":"Updated instructor Raymond Pettit with rating 3.83","logger":"task.stdout"}
{"timestamp":"2026-02-12T01:31:51.481769Z","level":"info","event":"Updated instructor Raymond Pettit with difficulty 1.50","logger":"task.stdout"}
{"timestamp":"2026-02-12T01:31:51.482392Z","level":"info","event":"Updated instructor Aaron Bloomfield with rating 3.71","logger":"task.stdout"}
{"timestamp":"2026-02-12T01:31:51.482853Z","level":"info","event":"Updated instructor Aaron Bloomfield with difficulty 3.57","logger":"task.stdout"}
{"timestamp":"2026-02-12T01:31:51.483447Z","level":"info","event":"Updated instructor Tianhao Wang with rating 2.83","logger":"task.stdout"}
{"timestamp":"2026-02-12T01:31:51.483868Z","level":"info","event":"Updated instructor Tianhao Wang with difficulty 1.50","logger":"task.stdout"}
{"timestamp":"2026-02-12T01:31:51.484075Z","level":"info","event":"WARNING: No professor found with name William Shand. Skipping rating update for this instructor.","logger":"task.stdout"}
{"timestamp":"2026-02-12T01:31:51.484243Z","level":"info","event":"WARNING: No professor found with name Ronald Williams. Skipping rating update for this instructor.","logger":"task.stdout"}
{"timestamp":"2026-02-12T01:31:51.508462Z","level":"info","event":"Processing course CS 4330 with 2 instructors","logger":"task.stdout"}
{"timestamp":"2026-02-12T01:31:51.538355Z","level":"info","event":"Processing course CS 4457 with 11 instructors","logger":"task.stdout"}
{"timestamp":"2026-02-12T01:31:51.539262Z","level":"info","event":"Updated instructor Charles Reiss with rating 1.00","logger":"task.stdout"}
{"timestamp":"2026-02-12T01:31:51.539737Z","level":"info","event":"Updated instructor Charles Reiss with difficulty 4.00","logger":"task.stdout"}
{"timestamp":"2026-02-12T01:31:51.539966Z","level":"info","event":"WARNING: No professor found with name Daniel Graham. Skipping rating update for this instructor.","logger":"task.stdout"}
{"timestamp":"2026-02-12T01:31:51.540579Z","level":"info","event":"Updated instructor Brad Campbell with rating 4.50","logger":"task.stdout"}
{"timestamp":"2026-02-12T01:31:51.541054Z","level":"info","event":"Updated instructor Brad Campbell with difficulty 3.00","logger":"task.stdout"}
{"timestamp":"2026-02-12T01:31:51.541229Z","level":"info","event":"WARNING: No professor found with name Malathi Veeraraghavan. Skipping rating update for this instructor.","logger":"task.stdout"}
{"timestamp":"2026-02-12T01:31:51.541527Z","level":"info","event":"WARNING: No professor found with name Cameron Whitehouse. Skipping rating update for this instructor.","logger":"task.stdout"}
{"timestamp":"2026-02-12T01:31:51.605316Z","level":"info","event":"Processing course CS 4501 with 71 instructors","logger":"task.stdout"}
{"timestamp":"2026-02-12T01:31:51.606641Z","level":"info","event":"Updated instructor David Evans with rating 1.44","logger":"task.stdout"}
{"timestamp":"2026-02-12T01:31:51.607154Z","level":"info","event":"Updated instructor David Evans with difficulty 2.33","logger":"task.stdout"}
{"timestamp":"2026-02-12T01:31:51.607826Z","level":"info","event":"Updated instructor Denis Nekipelov with rating 4.67","logger":"task.stdout"}
{"timestamp":"2026-02-12T01:31:51.608274Z","level":"info","event":"Updated instructor Denis Nekipelov with difficulty 2.00","logger":"task.stdout"}
{"timestamp":"2026-02-12T01:31:51.609144Z","level":"info","event":"Updated instructor Madhur Behl with rating 2.44","logger":"task.stdout"}
{"timestamp":"2026-02-12T01:31:51.609579Z","level":"info","event":"Updated instructor Madhur Behl with difficulty 2.83","logger":"task.stdout"}
{"timestamp":"2026-02-12T01:31:51.610219Z","level":"info","event":"Updated instructor Miaomiao Zhang with rating 5.00","logger":"task.stdout"}
{"timestamp":"2026-02-12T01:31:51.610900Z","level":"info","event":"Updated instructor Miaomiao Zhang with difficulty 4.00","logger":"task.stdout"}
{"timestamp":"2026-02-12T01:31:51.611505Z","level":"info","event":"Updated instructor Shangtong Zhang with rating 4.67","logger":"task.stdout"}
{"timestamp":"2026-02-12T01:31:51.612146Z","level":"info","event":"Updated instructor Shangtong Zhang with difficulty 2.00","logger":"task.stdout"}
{"timestamp":"2026-02-12T01:31:51.612993Z","level":"info","event":"Updated instructor Yu Meng with rating 5.00","logger":"task.stdout"}
{"timestamp":"2026-02-12T01:31:51.613530Z","level":"info","event":"Updated instructor Yu Meng with difficulty 2.00","logger":"task.stdout"}
{"timestamp":"2026-02-12T01:31:51.614484Z","level":"info","event":"Updated instructor Yanjun Qi with rating 4.50","logger":"task.stdout"}
{"timestamp":"2026-02-12T01:31:51.615069Z","level":"info","event":"Updated instructor Yanjun Qi with difficulty 2.50","logger":"task.stdout"}
{"timestamp":"2026-02-12T01:31:51.616116Z","level":"info","event":"Updated instructor Yixin Sun with rating 3.27","logger":"task.stdout"}
{"timestamp":"2026-02-12T01:31:51.616599Z","level":"info","event":"Updated instructor Yixin Sun with difficulty 2.80","logger":"task.stdout"}
{"timestamp":"2026-02-12T01:31:51.617358Z","level":"info","event":"Updated instructor Aaron Bloomfield with rating 4.92","logger":"task.stdout"}
{"timestamp":"2026-02-12T01:31:51.617844Z","level":"info","event":"Updated instructor Aaron Bloomfield with difficulty 3.25","logger":"task.stdout"}
{"timestamp":"2026-02-12T01:31:51.619035Z","level":"info","event":"Updated instructor Seongkook Heo with rating 4.44","logger":"task.stdout"}
{"timestamp":"2026-02-12T01:31:51.620809Z","level":"info","event":"Updated instructor Seongkook Heo with difficulty 2.00","logger":"task.stdout"}
{"timestamp":"2026-02-12T01:31:51.621985Z","level":"info","event":"Updated instructor Panagiotis Apostolellis with rating 3.67","logger":"task.stdout"}
{"timestamp":"2026-02-12T01:31:51.622488Z","level":"info","event":"Updated instructor Panagiotis Apostolellis with difficulty 4.00","logger":"task.stdout"}
{"timestamp":"2026-02-12T01:31:51.622727Z","level":"info","event":"WARNING: No professor found with name Hongning Wang. Skipping rating update for this instructor.","logger":"task.stdout"}
{"timestamp":"2026-02-12T01:31:51.623330Z","level":"info","event":"Updated instructor Farzad Hassanzadeh with rating 2.33","logger":"task.stdout"}
{"timestamp":"2026-02-12T01:31:51.623910Z","level":"info","event":"Updated instructor Farzad Hassanzadeh with difficulty 4.00","logger":"task.stdout"}
{"timestamp":"2026-02-12T01:31:51.624177Z","level":"info","event":"WARNING: No professor found with name John Stankovic. Skipping rating update for this instructor.","logger":"task.stdout"}
{"timestamp":"2026-02-12T01:31:51.624587Z","level":"info","event":"WARNING: No professor found with name Haifeng Xu. Skipping rating update for this instructor.","logger":"task.stdout"}
{"timestamp":"2026-02-12T01:31:51.625243Z","level":"info","event":"WARNING: No professor found with name Mary Soffa. Skipping rating update for this instructor.","logger":"task.stdout"}
{"timestamp":"2026-02-12T01:31:51.628024Z","level":"info","event":"Updated instructor Kevin Sullivan with rating 3.50","logger":"task.stdout"}
{"timestamp":"2026-02-12T01:31:51.629897Z","level":"info","event":"Updated instructor Kevin Sullivan with difficulty 2.50","logger":"task.stdout"}
{"timestamp":"2026-02-12T01:31:51.631380Z","level":"info","event":"WARNING: No professor found with name Thomas Pinckney. Skipping rating update for this instructor.","logger":"task.stdout"}
{"timestamp":"2026-02-12T01:31:51.632246Z","level":"info","event":"WARNING: No professor found with name Ahmed Ibrahim. Skipping rating update for this instructor.","logger":"task.stdout"}
{"timestamp":"2026-02-12T01:31:51.634341Z","level":"info","event":"WARNING: No professor found with name Marty Humphrey. Skipping rating update for this instructor.","logger":"task.stdout"}
{"timestamp":"2026-02-12T01:31:51.636727Z","level":"info","event":"Updated instructor Mark Sherriff with rating 5.00","logger":"task.stdout"}
{"timestamp":"2026-02-12T01:31:51.637578Z","level":"info","event":"Updated instructor Mark Sherriff with difficulty 3.00","logger":"task.stdout"}
{"timestamp":"2026-02-12T01:31:51.638337Z","level":"info","event":"WARNING: No professor found with name Jason Lawrence. Skipping rating update for this instructor.","logger":"task.stdout"}
{"timestamp":"2026-02-12T01:31:51.686552Z","level":"info","event":"Processing course CS 4630 with 10 instructors","logger":"task.stdout"}
{"timestamp":"2026-02-12T01:31:51.687834Z","level":"info","event":"Updated instructor Charles Reiss with rating 4.78","logger":"task.stdout"}
{"timestamp":"2026-02-12T01:31:51.688460Z","level":"info","event":"Updated instructor Charles Reiss with difficulty 3.67","logger":"task.stdout"}
{"timestamp":"2026-02-12T01:31:51.689160Z","level":"info","event":"WARNING: No professor found with name Wajih Hassan. Skipping rating update for this instructor.","logger":"task.stdout"}
{"timestamp":"2026-02-12T01:31:51.690332Z","level":"info","event":"Updated instructor Jack Davidson with rating 2.81","logger":"task.stdout"}
{"timestamp":"2026-02-12T01:31:51.690942Z","level":"info","event":"Updated instructor Jack Davidson with difficulty 3.29","logger":"task.stdout"}
{"timestamp":"2026-02-12T01:31:51.691586Z","level":"info","event":"WARNING: No professor found with name Yuan Tian. Skipping rating update for this instructor.","logger":"task.stdout"}
{"timestamp":"2026-02-12T01:31:51.692642Z","level":"info","event":"Updated instructor Aaron Bloomfield with rating 2.83","logger":"task.stdout"}
{"timestamp":"2026-02-12T01:31:51.693138Z","level":"info","event":"Updated instructor Aaron Bloomfield with difficulty 4.00","logger":"task.stdout"}
{"timestamp":"2026-02-12T01:31:51.693532Z","level":"info","event":"WARNING: No professor found with name Wei Wang. Skipping rating update for this instructor.","logger":"task.stdout"}
{"timestamp":"2026-02-12T01:31:51.853461Z","level":"info","event":"Processing course CS 4710 with 11 instructors","logger":"task.stdout"}
{"timestamp":"2026-02-12T01:31:51.854438Z","level":"info","event":"Updated instructor Yen-Ling Kuo with rating 3.00","logger":"task.stdout"}
{"timestamp":"2026-02-12T01:31:51.855039Z","level":"info","event":"Updated instructor Yen-Ling Kuo with difficulty 3.67","logger":"task.stdout"}
{"timestamp":"2026-02-12T01:31:51.855864Z","level":"info","event":"Updated instructor Lu Feng with rating 2.50","logger":"task.stdout"}
{"timestamp":"2026-02-12T01:31:51.856384Z","level":"info","event":"Updated instructor Lu Feng with difficulty 2.00","logger":"task.stdout"}
{"timestamp":"2026-02-12T01:31:51.857120Z","level":"info","event":"Updated instructor Ferdinando Fioretto with rating 3.00","logger":"task.stdout"}
{"timestamp":"2026-02-12T01:31:51.857668Z","level":"info","event":"Updated instructor Ferdinando Fioretto with difficulty 3.00","logger":"task.stdout"}
{"timestamp":"2026-02-12T01:31:51.858231Z","level":"info","event":"Updated instructor Yangfeng Ji with rating 1.67","logger":"task.stdout"}
{"timestamp":"2026-02-12T01:31:51.858670Z","level":"info","event":"Updated instructor Yangfeng Ji with difficulty 3.00","logger":"task.stdout"}
{"timestamp":"2026-02-12T01:31:51.859329Z","level":"info","event":"Updated instructor Mark Floryan with rating 4.38","logger":"task.stdout"}
{"timestamp":"2026-02-12T01:31:51.859757Z","level":"info","event":"Updated instructor Mark Floryan with difficulty 3.43","logger":"task.stdout"}
{"timestamp":"2026-02-12T01:31:51.860376Z","level":"info","event":"Updated instructor Michael Freenor with rating 3.44","logger":"task.stdout"}
{"timestamp":"2026-02-12T01:31:51.861001Z","level":"info","event":"Updated instructor Michael Freenor with difficulty 4.00","logger":"task.stdout"}
{"timestamp":"2026-02-12T01:31:51.866403Z","level":"info","event":"WARNING: No professor found with name Dimitrios Diochnos. Skipping rating update for this instructor.","logger":"task.stdout"}
{"timestamp":"2026-02-12T01:31:51.866497Z","level":"info","event":"WARNING: No professor found with name Worthy Martin. Skipping rating update for this instructor.","logger":"task.stdout"}
{"timestamp":"2026-02-12T01:31:51.893879Z","level":"info","event":"Processing course CS 4720 with 6 instructors","logger":"task.stdout"}
{"timestamp":"2026-02-12T01:31:51.894915Z","level":"info","event":"WARNING: No professor found with name Daniel Graham. Skipping rating update for this instructor.","logger":"task.stdout"}
{"timestamp":"2026-02-12T01:31:51.895262Z","level":"info","event":"WARNING: No professor found with name Paul McBurney. Skipping rating update for this instructor.","logger":"task.stdout"}
{"timestamp":"2026-02-12T01:31:51.896040Z","level":"info","event":"Updated instructor Mark Sherriff with rating 3.77","logger":"task.stdout"}
{"timestamp":"2026-02-12T01:31:51.896515Z","level":"info","event":"Updated instructor Mark Sherriff with difficulty 2.40","logger":"task.stdout"}
{"timestamp":"2026-02-12T01:31:51.922476Z","level":"info","event":"Processing course CS 4730 with 5 instructors","logger":"task.stdout"}
{"timestamp":"2026-02-12T01:31:51.923574Z","level":"info","event":"Updated instructor Robbie Hott with rating 3.67","logger":"task.stdout"}
{"timestamp":"2026-02-12T01:31:51.924167Z","level":"info","event":"Updated instructor Robbie Hott with difficulty 3.00","logger":"task.stdout"}
{"timestamp":"2026-02-12T01:31:51.924929Z","level":"info","event":"Updated instructor Mark Sherriff with rating 5.00","logger":"task.stdout"}
{"timestamp":"2026-02-12T01:31:51.925459Z","level":"info","event":"Updated instructor Mark Sherriff with difficulty 3.00","logger":"task.stdout"}
{"timestamp":"2026-02-12T01:31:51.926202Z","level":"info","event":"Updated instructor Mark Floryan with rating 4.20","logger":"task.stdout"}
{"timestamp":"2026-02-12T01:31:51.926742Z","level":"info","event":"Updated instructor Mark Floryan with difficulty 4.00","logger":"task.stdout"}
{"timestamp":"2026-02-12T01:31:51.952581Z","level":"info","event":"Processing course CS 4740 with 6 instructors","logger":"task.stdout"}
{"timestamp":"2026-02-12T01:31:51.953685Z","level":"info","event":"Updated instructor Haiying Shen with rating 1.81","logger":"task.stdout"}
{"timestamp":"2026-02-12T01:31:51.954354Z","level":"info","event":"Updated instructor Haiying Shen with difficulty 1.58","logger":"task.stdout"}
{"timestamp":"2026-02-12T01:31:51.954586Z","level":"info","event":"WARNING: No professor found with name Chang Lou. Skipping rating update for this instructor.","logger":"task.stdout"}
{"timestamp":"2026-02-12T01:31:51.954832Z","level":"info","event":"WARNING: No professor found with name Neal Magee. Skipping rating update for this instructor.","logger":"task.stdout"}
{"timestamp":"2026-02-12T01:31:51.955035Z","level":"info","event":"WARNING: No professor found with name Marty Humphrey. Skipping rating update for this instructor.","logger":"task.stdout"}
{"timestamp":"2026-02-12T01:31:51.982932Z","level":"info","event":"Processing course CS 4750 with 9 instructors","logger":"task.stdout"}
{"timestamp":"2026-02-12T01:31:51.983867Z","level":"info","event":"Updated instructor Upsorn Praphamontripong with rating 3.71","logger":"task.stdout"}
{"timestamp":"2026-02-12T01:31:51.984419Z","level":"info","event":"Updated instructor Upsorn Praphamontripong with difficulty 2.13","logger":"task.stdout"}
{"timestamp":"2026-02-12T01:31:51.984648Z","level":"info","event":"WARNING: No professor found with name Paul McBurney. Skipping rating update for this instructor.","logger":"task.stdout"}
{"timestamp":"2026-02-12T01:31:51.985394Z","level":"info","event":"Updated instructor Nada Basit with rating 3.52","logger":"task.stdout"}
{"timestamp":"2026-02-12T01:31:51.985844Z","level":"info","event":"Updated instructor Nada Basit with difficulty 2.29","logger":"task.stdout"}
{"timestamp":"2026-02-12T01:31:51.986332Z","level":"info","event":"WARNING: No professor found with name Faculty Staff. Skipping rating update for this instructor.","logger":"task.stdout"}
{"timestamp":"2026-02-12T01:31:51.986601Z","level":"info","event":"WARNING: No professor found with name Abdeltawab Hendawi. Skipping rating update for this instructor.","logger":"task.stdout"}
{"timestamp":"2026-02-12T01:31:51.986783Z","level":"info","event":"WARNING: No professor found with name Mohammed Bhuiyan. Skipping rating update for this instructor.","logger":"task.stdout"}
{"timestamp":"2026-02-12T01:31:51.987535Z","level":"info","event":"Updated instructor Mark Sherriff with rating 4.33","logger":"task.stdout"}
{"timestamp":"2026-02-12T01:31:51.988040Z","level":"info","event":"Updated instructor Mark Sherriff with difficulty 2.40","logger":"task.stdout"}
{"timestamp":"2026-02-12T01:31:52.010930Z","level":"info","event":"Processing course CS 4770 with 1 instructors","logger":"task.stdout"}
{"timestamp":"2026-02-12T01:31:52.035520Z","level":"info","event":"Processing course CS 4771 with 1 instructors","logger":"task.stdout"}
{"timestamp":"2026-02-12T01:31:52.061927Z","level":"info","event":"Processing course CS 4774 with 6 instructors","logger":"task.stdout"}
{"timestamp":"2026-02-12T01:31:52.062839Z","level":"info","event":"Updated instructor Chen Chen with rating 2.00","logger":"task.stdout"}
{"timestamp":"2026-02-12T01:31:52.063308Z","level":"info","event":"Updated instructor Chen Chen with difficulty 3.00","logger":"task.stdout"}
{"timestamp":"2026-02-12T01:31:52.063942Z","level":"info","event":"Updated instructor Hadi Daneshmand with rating 5.00","logger":"task.stdout"}
{"timestamp":"2026-02-12T01:31:52.064398Z","level":"info","event":"Updated instructor Hadi Daneshmand with difficulty 3.00","logger":"task.stdout"}
{"timestamp":"2026-02-12T01:31:52.064988Z","level":"info","event":"Updated instructor Rich Nguyen with rating 3.53","logger":"task.stdout"}
{"timestamp":"2026-02-12T01:31:52.065414Z","level":"info","event":"Updated instructor Rich Nguyen with difficulty 3.30","logger":"task.stdout"}
{"timestamp":"2026-02-12T01:31:52.065981Z","level":"info","event":"Updated instructor Yangfeng Ji with rating 4.67","logger":"task.stdout"}
{"timestamp":"2026-02-12T01:31:52.066412Z","level":"info","event":"Updated instructor Yangfeng Ji with difficulty 2.00","logger":"task.stdout"}
{"timestamp":"2026-02-12T01:31:52.092706Z","level":"info","event":"Processing course CS 4790 with 1 instructors","logger":"task.stdout"}
{"timestamp":"2026-02-12T01:31:52.116451Z","level":"info","event":"Processing course CS 4971 with 3 instructors","logger":"task.stdout"}
{"timestamp":"2026-02-12T01:31:52.117378Z","level":"info","event":"Updated instructor Aaron Bloomfield with rating 4.00","logger":"task.stdout"}
{"timestamp":"2026-02-12T01:31:52.117855Z","level":"info","event":"Updated instructor Aaron Bloomfield with difficulty 2.50","logger":"task.stdout"}
{"timestamp":"2026-02-12T01:31:52.289639Z","level":"info","event":"Processing course CS 4993 with 118 instructors","logger":"task.stdout"}
{"timestamp":"2026-02-12T01:31:52.292343Z","level":"info","event":"Updated instructor Sebastian Elbaum with rating 5.00","logger":"task.stdout"}
{"timestamp":"2026-02-12T01:31:52.292755Z","level":"info","event":"Updated instructor Sebastian Elbaum with difficulty 4.00","logger":"task.stdout"}
{"timestamp":"2026-02-12T01:31:52.356918Z","level":"info","event":"Processing course CS 4998 with 98 instructors","logger":"task.stdout"}
{"timestamp":"2026-02-12T01:31:52.388168Z","level":"info","event":"Processing course CS 1110 with 18 instructors","logger":"task.stdout"}
{"timestamp":"2026-02-12T01:31:52.388980Z","level":"info","event":"Updated instructor Arohi Khargonkar with rating 3.74","logger":"task.stdout"}
{"timestamp":"2026-02-12T01:31:52.389590Z","level":"info","event":"Updated instructor Arohi Khargonkar with difficulty 2.85","logger":"task.stdout"}
{"timestamp":"2026-02-12T01:31:52.390244Z","level":"info","event":"Updated instructor Derrick Stone with rating 3.50","logger":"task.stdout"}
{"timestamp":"2026-02-12T01:31:52.390686Z","level":"info","event":"Updated instructor Derrick Stone with difficulty 3.50","logger":"task.stdout"}
{"timestamp":"2026-02-12T01:31:52.391304Z","level":"info","event":"Updated instructor Raymond Pettit with rating 3.91","logger":"task.stdout"}
{"timestamp":"2026-02-12T01:31:52.391736Z","level":"info","event":"Updated instructor Raymond Pettit with difficulty 2.95","logger":"task.stdout"}
{"timestamp":"2026-02-12T01:31:52.391922Z","level":"info","event":"WARNING: No professor found with name Paul McBurney. Skipping rating update for this instructor.","logger":"task.stdout"}
{"timestamp":"2026-02-12T01:31:52.392517Z","level":"info","event":"Updated instructor Briana Morrison with rating 2.33","logger":"task.stdout"}
{"timestamp":"2026-02-12T01:31:52.392912Z","level":"info","event":"Updated instructor Briana Morrison with difficulty 5.00","logger":"task.stdout"}
{"timestamp":"2026-02-12T01:31:52.393076Z","level":"info","event":"WARNING: No professor found with name Luther Tychonievich. Skipping rating update for this instructor.","logger":"task.stdout"}
{"timestamp":"2026-02-12T01:31:52.393223Z","level":"info","event":"WARNING: No professor found with name Faculty Staff. Skipping rating update for this instructor.","logger":"task.stdout"}
{"timestamp":"2026-02-12T01:31:52.393764Z","level":"info","event":"Updated instructor Aidan San with rating 4.00","logger":"task.stdout"}
{"timestamp":"2026-02-12T01:31:52.394153Z","level":"info","event":"Updated instructor Aidan San with difficulty 3.00","logger":"task.stdout"}
{"timestamp":"2026-02-12T01:31:52.394302Z","level":"info","event":"WARNING: No professor found with name Craig Dill. Skipping rating update for this instructor.","logger":"task.stdout"}
{"timestamp":"2026-02-12T01:31:52.394457Z","level":"info","event":"WARNING: No professor found with name Nathan Brunelle. Skipping rating update for this instructor.","logger":"task.stdout"}
{"timestamp":"2026-02-12T01:31:52.395012Z","level":"info","event":"Updated instructor Upsorn Praphamontripong with rating 3.83","logger":"task.stdout"}
{"timestamp":"2026-02-12T01:31:52.395414Z","level":"info","event":"Updated instructor Upsorn Praphamontripong with difficulty 4.00","logger":"task.stdout"}
{"timestamp":"2026-02-12T01:31:52.395555Z","level":"info","event":"WARNING: No professor found with name Mary Smith. Skipping rating update for this instructor.","logger":"task.stdout"}
{"timestamp":"2026-02-12T01:31:52.396068Z","level":"info","event":"Updated instructor Mark Sherriff with rating 4.34","logger":"task.stdout"}
{"timestamp":"2026-02-12T01:31:52.396475Z","level":"info","event":"Updated instructor Mark Sherriff with difficulty 3.00","logger":"task.stdout"}
{"timestamp":"2026-02-12T01:31:52.418133Z","level":"info","event":"Processing course CS 1112 with 5 instructors","logger":"task.stdout"}
{"timestamp":"2026-02-12T01:31:52.418777Z","level":"info","event":"Updated instructor Nada Basit with rating 4.56","logger":"task.stdout"}
{"timestamp":"2026-02-12T01:31:52.419188Z","level":"info","event":"Updated instructor Nada Basit with difficulty 2.00","logger":"task.stdout"}
{"timestamp":"2026-02-12T01:31:52.419375Z","level":"info","event":"WARNING: No professor found with name Jim Cohoon. Skipping rating update for this instructor.","logger":"task.stdout"}
{"timestamp":"2026-02-12T01:31:52.419554Z","level":"info","event":"WARNING: No professor found with name Elizabeth Orrico. Skipping rating update for this instructor.","logger":"task.stdout"}
{"timestamp":"2026-02-12T01:31:52.419708Z","level":"info","event":"WARNING: No professor found with name James Cohoon. Skipping rating update for this instructor.","logger":"task.stdout"}
{"timestamp":"2026-02-12T01:31:52.451829Z","level":"info","event":"Processing course CS 1501 with 27 instructors","logger":"task.stdout"}
{"timestamp":"2026-02-12T01:31:52.452231Z","level":"info","event":"WARNING: No professor found with name Mike Ferguson. Skipping rating update for this instructor.","logger":"task.stdout"}
{"timestamp":"2026-02-12T01:31:52.564767Z","level":"info","event":"Processing course DANC 2430 with 2 instructors","logger":"task.stdout"}
{"timestamp":"2026-02-12T01:31:52.586026Z","level":"info","event":"Processing course DANC 3300 with 5 instructors","logger":"task.stdout"}
{"timestamp":"2026-02-12T01:31:52.606558Z","level":"info","event":"Processing course DANC 3400 with 3 instructors","logger":"task.stdout"}
{"timestamp":"2026-02-12T01:31:52.607386Z","level":"info","event":"Updated instructor Kathryn Schetlick with rating 3.22","logger":"task.stdout"}
{"timestamp":"2026-02-12T01:31:52.607905Z","level":"info","event":"Updated instructor Kathryn Schetlick with difficulty 4.00","logger":"task.stdout"}
{"timestamp":"2026-02-12T01:31:52.630087Z","level":"info","event":"Processing course DANC 3610 with 3 instructors","logger":"task.stdout"}
{"timestamp":"2026-02-12T01:31:52.656001Z","level":"info","event":"Processing course DANC 4993 with 4 instructors","logger":"task.stdout"}
{"timestamp":"2026-02-12T01:31:52.678585Z","level":"info","event":"Processing course DANC 2210 with 4 instructors","logger":"task.stdout"}
{"timestamp":"2026-02-12T01:31:52.679377Z","level":"info","event":"Updated instructor Kathryn Schetlick with rating 4.67","logger":"task.stdout"}
{"timestamp":"2026-02-12T01:31:52.679803Z","level":"info","event":"Updated instructor Kathryn Schetlick with difficulty 1.00","logger":"task.stdout"}
{"timestamp":"2026-02-12T01:31:52.701930Z","level":"info","event":"Processing course DANC 3230 with 3 instructors","logger":"task.stdout"}
{"timestamp":"2026-02-12T01:31:52.729118Z","level":"info","event":"Processing course DRAM 1010 with 7 instructors","logger":"task.stdout"}
{"timestamp":"2026-02-12T01:31:52.730084Z","level":"info","event":"Updated instructor Cady Garey with rating 4.53","logger":"task.stdout"}
{"timestamp":"2026-02-12T01:31:52.730606Z","level":"info","event":"Updated instructor Cady Garey with difficulty 2.00","logger":"task.stdout"}
{"timestamp":"2026-02-12T01:31:52.730839Z","level":"info","event":"WARNING: No professor found with name Leonard Grissom. Skipping rating update for this instructor.","logger":"task.stdout"}
{"timestamp":"2026-02-12T01:31:52.758492Z","level":"info","event":"Processing course DRAM 1020 with 18 instructors","logger":"task.stdout"}
{"timestamp":"2026-02-12T01:31:52.759155Z","level":"info","event":"Updated instructor Jennifer Wales with rating 5.00","logger":"task.stdout"}
{"timestamp":"2026-02-12T01:31:52.759608Z","level":"info","event":"Updated instructor Jennifer Wales with difficulty 2.00","logger":"task.stdout"}
{"timestamp":"2026-02-12T01:31:52.760175Z","level":"info","event":"Updated instructor Tovah Close with rating 4.13","logger":"task.stdout"}
{"timestamp":"2026-02-12T01:31:52.760578Z","level":"info","event":"Updated instructor Tovah Close with difficulty 1.80","logger":"task.stdout"}
{"timestamp":"2026-02-12T01:31:52.761165Z","level":"info","event":"Updated instructor Cady Garey with rating 5.00","logger":"task.stdout"}
{"timestamp":"2026-02-12T01:31:52.761568Z","level":"info","event":"Updated instructor Cady Garey with difficulty 2.00","logger":"task.stdout"}
{"timestamp":"2026-02-12T01:31:52.761709Z","level":"info","event":"WARNING: No professor found with name Colleen Kelly. Skipping rating update for this instructor.","logger":"task.stdout"}
{"timestamp":"2026-02-12T01:31:52.761846Z","level":"info","event":"WARNING: No professor found with name Denise Stewart. Skipping rating update for this instructor.","logger":"task.stdout"}
{"timestamp":"2026-02-12T01:31:52.762074Z","level":"info","event":"WARNING: No professor found with name Lauren Elens. Skipping rating update for this instructor.","logger":"task.stdout"}
{"timestamp":"2026-02-12T01:31:52.762362Z","level":"info","event":"WARNING: No professor found with name Richard Warner. Skipping rating update for this instructor.","logger":"task.stdout"}
{"timestamp":"2026-02-12T01:31:52.783494Z","level":"info","event":"Processing course DRAM 1220 with 4 instructors","logger":"task.stdout"}
{"timestamp":"2026-02-12T01:31:52.783693Z","level":"info","event":"WARNING: No professor found with name Steven Warner. Skipping rating update for this instructor.","logger":"task.stdout"}
{"timestamp":"2026-02-12T01:31:52.806406Z","level":"info","event":"Processing course DRAM 2010 with 5 instructors","logger":"task.stdout"}
{"timestamp":"2026-02-12T01:31:52.806669Z","level":"info","event":"WARNING: No professor found with name Gweneth West. Skipping rating update for this instructor.","logger":"task.stdout"}
{"timestamp":"2026-02-12T01:31:52.952322Z","level":"info","event":"Processing course DRAM 2020 with 76 instructors","logger":"task.stdout"}
{"timestamp":"2026-02-12T01:31:52.953113Z","level":"info","event":"Updated instructor Cady Garey with rating 4.33","logger":"task.stdout"}
{"timestamp":"2026-02-12T01:31:52.953545Z","level":"info","event":"Updated instructor Cady Garey with difficulty 2.00","logger":"task.stdout"}
{"timestamp":"2026-02-12T01:31:52.954140Z","level":"info","event":"Updated instructor Tovah Close with rating 5.00","logger":"task.stdout"}
{"timestamp":"2026-02-12T01:31:52.954560Z","level":"info","event":"Updated instructor Tovah Close with difficulty 2.00","logger":"task.stdout"}
{"timestamp":"2026-02-12T01:31:52.955101Z","level":"info","event":"Updated instructor Cortney Lowinski with rating 5.00","logger":"task.stdout"}
{"timestamp":"2026-02-12T01:31:52.955530Z","level":"info","event":"Updated instructor Cortney Lowinski with difficulty 3.50","logger":"task.stdout"}
{"timestamp":"2026-02-12T01:31:52.955755Z","level":"info","event":"WARNING: No professor found with name Colleen Kelly. Skipping rating update for this instructor.","logger":"task.stdout"}
{"timestamp":"2026-02-12T01:31:52.955896Z","level":"info","event":"WARNING: No professor found with name John Clifford. Skipping rating update for this instructor.","logger":"task.stdout"}
{"timestamp":"2026-02-12T01:31:52.956067Z","level":"info","event":"WARNING: No professor found with name Haydn Haring. Skipping rating update for this instructor.","logger":"task.stdout"}
{"timestamp":"2026-02-12T01:31:52.956285Z","level":"info","event":"WARNING: No professor found with name Brian Willis. Skipping rating update for this instructor.","logger":"task.stdout"}
{"timestamp":"2026-02-12T01:31:52.956433Z","level":"info","event":"WARNING: No professor found with name Priyanka Shetty. Skipping rating update for this instructor.","logger":"task.stdout"}
{"timestamp":"2026-02-12T01:31:52.956625Z","level":"info","event":"WARNING: No professor found with name Michael Miranda. Skipping rating update for this instructor.","logger":"task.stdout"}
{"timestamp":"2026-02-12T01:31:52.956762Z","level":"info","event":"WARNING: No professor found with name Chiquita Melvin. Skipping rating update for this instructor.","logger":"task.stdout"}
{"timestamp":"2026-02-12T01:31:52.956953Z","level":"info","event":"WARNING: No professor found with name Joel Chroscinski. Skipping rating update for this instructor.","logger":"task.stdout"}
{"timestamp":"2026-02-12T01:31:52.957332Z","level":"info","event":"WARNING: No professor found with name Kevin Minor. Skipping rating update for this instructor.","logger":"task.stdout"}
{"timestamp":"2026-02-12T01:31:52.958009Z","level":"info","event":"WARNING: No professor found with name Mitchell Voss. Skipping rating update for this instructor.","logger":"task.stdout"}
{"timestamp":"2026-02-12T01:31:52.958198Z","level":"info","event":"WARNING: No professor found with name Carolyn Demanelis. Skipping rating update for this instructor.","logger":"task.stdout"}
{"timestamp":"2026-02-12T01:31:52.958372Z","level":"info","event":"WARNING: No professor found with name Evan Bergman. Skipping rating update for this instructor.","logger":"task.stdout"}
{"timestamp":"2026-02-12T01:31:52.958533Z","level":"info","event":"WARNING: No professor found with name Dana Colagiovanni. Skipping rating update for this instructor.","logger":"task.stdout"}
{"timestamp":"2026-02-12T01:31:52.958909Z","level":"info","event":"WARNING: No professor found with name Randall Wilkerson. Skipping rating update for this instructor.","logger":"task.stdout"}
{"timestamp":"2026-02-12T01:31:52.979163Z","level":"info","event":"Processing course DRAM 2060 with 1 instructors","logger":"task.stdout"}
{"timestamp":"2026-02-12T01:31:53.007550Z","level":"info","event":"Processing course DRAM 2130 with 16 instructors","logger":"task.stdout"}
{"timestamp":"2026-02-12T01:31:53.027788Z","level":"info","event":"Processing course DRAM 2211 with 1 instructors","logger":"task.stdout"}
{"timestamp":"2026-02-12T01:31:53.047983Z","level":"info","event":"Processing course DRAM 2310 with 2 instructors","logger":"task.stdout"}
{"timestamp":"2026-02-12T01:31:53.048645Z","level":"info","event":"Updated instructor Marcy Linton with rating 4.33","logger":"task.stdout"}
{"timestamp":"2026-02-12T01:31:53.049060Z","level":"info","event":"Updated instructor Marcy Linton with difficulty 2.50","logger":"task.stdout"}
{"timestamp":"2026-02-12T01:31:53.076286Z","level":"info","event":"Processing course DRAM 2430 with 14 instructors","logger":"task.stdout"}
{"timestamp":"2026-02-12T01:31:53.099311Z","level":"info","event":"Processing course DRAM 2559 with 6 instructors","logger":"task.stdout"}
{"timestamp":"2026-02-12T01:31:53.099747Z","level":"info","event":"WARNING: No professor found with name Marva Barnett. Skipping rating update for this instructor.","logger":"task.stdout"}
{"timestamp":"2026-02-12T01:31:53.119511Z","level":"info","event":"Processing course DRAM 2620 with 1 instructors","logger":"task.stdout"}
{"timestamp":"2026-02-12T01:31:53.120250Z","level":"info","event":"Updated instructor Michael Rasbury with rating 4.52","logger":"task.stdout"}
{"timestamp":"2026-02-12T01:31:53.120693Z","level":"info","event":"Updated instructor Michael Rasbury with difficulty 2.09","logger":"task.stdout"}
{"timestamp":"2026-02-12T01:31:53.238194Z","level":"info","event":"Processing course DRAM 3410 with 10 instructors","logger":"task.stdout"}
{"timestamp":"2026-02-12T01:31:53.260281Z","level":"info","event":"Processing course DRAM 2630 with 1 instructors","logger":"task.stdout"}
{"timestamp":"2026-02-12T01:31:53.281402Z","level":"info","event":"Processing course DRAM 3030 with 3 instructors","logger":"task.stdout"}
{"timestamp":"2026-02-12T01:31:53.303042Z","level":"info","event":"Processing course DRAM 3050 with 4 instructors","logger":"task.stdout"}
{"timestamp":"2026-02-12T01:31:53.303310Z","level":"info","event":"WARNING: No professor found with name Denise Stewart. Skipping rating update for this instructor.","logger":"task.stdout"}
{"timestamp":"2026-02-12T01:31:53.303500Z","level":"info","event":"WARNING: No professor found with name John Frick. Skipping rating update for this instructor.","logger":"task.stdout"}
{"timestamp":"2026-02-12T01:31:53.324910Z","level":"info","event":"Processing course DRAM 3070 with 2 instructors","logger":"task.stdout"}
{"timestamp":"2026-02-12T01:31:53.325608Z","level":"info","event":"Updated instructor Theresa Davis with rating 5.00","logger":"task.stdout"}
{"timestamp":"2026-02-12T01:31:53.326083Z","level":"info","event":"Updated instructor Theresa Davis with difficulty 1.00","logger":"task.stdout"}
{"timestamp":"2026-02-12T01:31:53.350106Z","level":"info","event":"Processing course DRAM 3210 with 6 instructors","logger":"task.stdout"}
{"timestamp":"2026-02-12T01:31:53.374023Z","level":"info","event":"Processing course DRAM 3559 with 7 instructors","logger":"task.stdout"}
{"timestamp":"2026-02-12T01:31:53.395458Z","level":"info","event":"Processing course DRAM 3652 with 1 instructors","logger":"task.stdout"}
{"timestamp":"2026-02-12T01:31:53.396275Z","level":"info","event":"Updated instructor Holly McLeod with rating 4.83","logger":"task.stdout"}
{"timestamp":"2026-02-12T01:31:53.396698Z","level":"info","event":"Updated instructor Holly McLeod with difficulty 3.00","logger":"task.stdout"}
{"timestamp":"2026-02-12T01:31:53.417406Z","level":"info","event":"Processing course DRAM 3654 with 1 instructors","logger":"task.stdout"}
{"timestamp":"2026-02-12T01:31:53.437503Z","level":"info","event":"Processing course DRAM 3730 with 2 instructors","logger":"task.stdout"}
{"timestamp":"2026-02-12T01:31:53.459904Z","level":"info","event":"Processing course DRAM 3820 with 5 instructors","logger":"task.stdout"}
{"timestamp":"2026-02-12T01:31:53.460635Z","level":"info","event":"Updated instructor Mona Kasra with rating 3.67","logger":"task.stdout"}
{"timestamp":"2026-02-12T01:31:53.461064Z","level":"info","event":"Updated instructor Mona Kasra with difficulty 4.00","logger":"task.stdout"}
{"timestamp":"2026-02-12T01:31:53.461646Z","level":"info","event":"Updated instructor Maria Villanueva with rating 3.67","logger":"task.stdout"}
{"timestamp":"2026-02-12T01:31:53.462092Z","level":"info","event":"Updated instructor Maria Villanueva with difficulty 3.00","logger":"task.stdout"}
{"timestamp":"2026-02-12T01:31:53.581444Z","level":"info","event":"Processing course DRAM 4040 with 1 instructors","logger":"task.stdout"}
{"timestamp":"2026-02-12T01:31:53.602817Z","level":"info","event":"Processing course DRAM 4384 with 2 instructors","logger":"task.stdout"}
{"timestamp":"2026-02-12T01:31:53.630960Z","level":"info","event":"Processing course DRAM 4593 with 14 instructors","logger":"task.stdout"}
{"timestamp":"2026-02-12T01:31:53.653054Z","level":"info","event":"Processing course DRAM 4599 with 4 instructors","logger":"task.stdout"}
{"timestamp":"2026-02-12T01:31:53.674717Z","level":"info","event":"Processing course DRAM 4730 with 3 instructors","logger":"task.stdout"}
{"timestamp":"2026-02-12T01:31:53.706143Z","level":"info","event":"Processing course DRAM 4993 with 25 instructors","logger":"task.stdout"}
{"timestamp":"2026-02-12T01:31:53.729295Z","level":"info","event":"Processing course DS 2024 with 2 instructors","logger":"task.stdout"}
{"timestamp":"2026-02-12T01:31:53.763189Z","level":"info","event":"Processing course DS 3001 with 6 instructors","logger":"task.stdout"}
{"timestamp":"2026-02-12T01:31:53.767338Z","level":"info","event":"Updated instructor Michael Freenor with rating 3.83","logger":"task.stdout"}
{"timestamp":"2026-02-12T01:31:53.767484Z","level":"info","event":"Updated instructor Michael Freenor with difficulty 4.00","logger":"task.stdout"}
{"timestamp":"2026-02-12T01:31:53.767548Z","level":"info","event":"Updated instructor Brian Wright with rating 4.17","logger":"task.stdout"}
{"timestamp":"2026-02-12T01:31:53.767593Z","level":"info","event":"Updated instructor Brian Wright with difficulty 2.50","logger":"task.stdout"}
{"timestamp":"2026-02-12T01:31:53.799607Z","level":"info","event":"Processing course DS 3021 with 3 instructors","logger":"task.stdout"}
{"timestamp":"2026-02-12T01:31:53.940065Z","level":"info","event":"Processing course DS 1001 with 5 instructors","logger":"task.stdout"}
{"timestamp":"2026-02-12T01:31:53.941491Z","level":"info","event":"Updated instructor Brian Wright with rating 3.28","logger":"task.stdout"}
{"timestamp":"2026-02-12T01:31:53.941986Z","level":"info","event":"Updated instructor Brian Wright with difficulty 1.83","logger":"task.stdout"}
{"timestamp":"2026-02-12T01:31:53.942634Z","level":"info","event":"Updated instructor Ali Rivera with rating 3.83","logger":"task.stdout"}
{"timestamp":"2026-02-12T01:31:53.943056Z","level":"info","event":"Updated instructor Ali Rivera with difficulty 1.50","logger":"task.stdout"}
{"timestamp":"2026-02-12T01:31:53.943645Z","level":"info","event":"Updated instructor Loreto Alonzi with rating 3.78","logger":"task.stdout"}
{"timestamp":"2026-02-12T01:31:53.944038Z","level":"info","event":"Updated instructor Loreto Alonzi with difficulty 1.50","logger":"task.stdout"}
{"timestamp":"2026-02-12T01:31:53.967321Z","level":"info","event":"Processing course DS 1002 with 8 instructors","logger":"task.stdout"}
{"timestamp":"2026-02-12T01:31:53.967974Z","level":"info","event":"Updated instructor Mai Dahshan with rating 4.17","logger":"task.stdout"}
{"timestamp":"2026-02-12T01:31:53.968400Z","level":"info","event":"Updated instructor Mai Dahshan with difficulty 2.50","logger":"task.stdout"}
{"timestamp":"2026-02-12T01:31:53.968977Z","level":"info","event":"Updated instructor Jianxin Xie with rating 4.00","logger":"task.stdout"}
{"timestamp":"2026-02-12T01:31:53.969375Z","level":"info","event":"Updated instructor Jianxin Xie with difficulty 1.00","logger":"task.stdout"}
{"timestamp":"2026-02-12T01:31:53.969911Z","level":"info","event":"Updated instructor Ali Rivera with rating 4.67","logger":"task.stdout"}
{"timestamp":"2026-02-12T01:31:53.970313Z","level":"info","event":"Updated instructor Ali Rivera with difficulty 1.00","logger":"task.stdout"}
{"timestamp":"2026-02-12T01:31:53.970869Z","level":"info","event":"Updated instructor Javier Rasero with rating 3.78","logger":"task.stdout"}
{"timestamp":"2026-02-12T01:31:53.971269Z","level":"info","event":"Updated instructor Javier Rasero with difficulty 1.67","logger":"task.stdout"}
{"timestamp":"2026-02-12T01:31:53.971429Z","level":"info","event":"WARNING: No professor found with name Aaron Abrams. Skipping rating update for this instructor.","logger":"task.stdout"}
{"timestamp":"2026-02-12T01:31:53.971688Z","level":"info","event":"WARNING: No professor found with name Natalie Kupperman. Skipping rating update for this instructor.","logger":"task.stdout"}
{"timestamp":"2026-02-12T01:31:53.994313Z","level":"info","event":"Processing course DS 2002 with 5 instructors","logger":"task.stdout"}
{"timestamp":"2026-02-12T01:31:53.995080Z","level":"info","event":"Updated instructor Jason Williamson with rating 2.33","logger":"task.stdout"}
{"timestamp":"2026-02-12T01:31:53.995555Z","level":"info","event":"Updated instructor Jason Williamson with difficulty 2.00","logger":"task.stdout"}
{"timestamp":"2026-02-12T01:31:53.996208Z","level":"info","event":"Updated instructor Jon Tupitza with rating 1.00","logger":"task.stdout"}
{"timestamp":"2026-02-12T01:31:53.996659Z","level":"info","event":"Updated instructor Jon Tupitza with difficulty 3.00","logger":"task.stdout"}
{"timestamp":"2026-02-12T01:31:53.996854Z","level":"info","event":"WARNING: No professor found with name Austin Rivera. Skipping rating update for this instructor.","logger":"task.stdout"}
{"timestamp":"2026-02-12T01:31:54.021161Z","level":"info","event":"Processing course DS 2003 with 10 instructors","logger":"task.stdout"}
{"timestamp":"2026-02-12T01:31:54.022001Z","level":"info","event":"Updated instructor Nur Yildirim with rating 1.33","logger":"task.stdout"}
{"timestamp":"2026-02-12T01:31:54.022562Z","level":"info","event":"Updated instructor Nur Yildirim with difficulty 2.00","logger":"task.stdout"}
{"timestamp":"2026-02-12T01:31:54.045173Z","level":"info","event":"Processing course DS 2004 with 6 instructors","logger":"task.stdout"}
{"timestamp":"2026-02-12T01:31:54.045819Z","level":"info","event":"WARNING: No professor found with name Jess Reia. Skipping rating update for this instructor.","logger":"task.stdout"}
{"timestamp":"2026-02-12T01:31:54.045993Z","level":"info","event":"WARNING: No professor found with name Mona Sloane. Skipping rating update for this instructor.","logger":"task.stdout"}
{"timestamp":"2026-02-12T01:31:54.046614Z","level":"info","event":"Updated instructor Farhana Faruqe with rating 2.83","logger":"task.stdout"}
{"timestamp":"2026-02-12T01:31:54.047036Z","level":"info","event":"Updated instructor Farhana Faruqe with difficulty 2.00","logger":"task.stdout"}
{"timestamp":"2026-02-12T01:31:54.066720Z","level":"info","event":"Processing course DS 3025 with 2 instructors","logger":"task.stdout"}
{"timestamp":"2026-02-12T01:31:54.087000Z","level":"info","event":"Processing course DS 3026 with 1 instructors","logger":"task.stdout"}
{"timestamp":"2026-02-12T01:31:54.109933Z","level":"info","event":"Processing course DS 4002 with 8 instructors","logger":"task.stdout"}
{"timestamp":"2026-02-12T01:31:54.110705Z","level":"info","event":"Updated instructor Loreto Alonzi with rating 5.00","logger":"task.stdout"}
{"timestamp":"2026-02-12T01:31:54.111160Z","level":"info","event":"Updated instructor Loreto Alonzi with difficulty 3.00","logger":"task.stdout"}
{"timestamp":"2026-02-12T01:31:54.131379Z","level":"info","event":"Processing course DS 4023 with 1 instructors","logger":"task.stdout"}
{"timestamp":"2026-02-12T01:31:54.152241Z","level":"info","event":"Processing course DS 4024 with 2 instructors","logger":"task.stdout"}
{"timestamp":"2026-02-12T01:31:54.173459Z","level":"info","event":"Processing course DS 4125 with 1 instructors","logger":"task.stdout"}
{"timestamp":"2026-02-12T01:31:54.289261Z","level":"info","event":"Processing course DS 4320 with 1 instructors","logger":"task.stdout"}
{"timestamp":"2026-02-12T01:31:54.314520Z","level":"info","event":"Processing course DS 4993 with 6 instructors","logger":"task.stdout"}
{"timestamp":"2026-02-12T01:31:54.532916Z","level":"info","event":"Processing course ECON 2010 with 312 instructors","logger":"task.stdout"}
{"timestamp":"2026-02-12T01:31:54.536174Z","level":"info","event":"Updated instructor Carter Doyle with rating 3.66","logger":"task.stdout"}
{"timestamp":"2026-02-12T01:31:54.538008Z","level":"info","event":"Updated instructor Carter Doyle with difficulty 2.88","logger":"task.stdout"}
{"timestamp":"2026-02-12T01:31:54.540766Z","level":"info","event":"Updated instructor Kenneth Elzinga with rating 4.01","logger":"task.stdout"}
{"timestamp":"2026-02-12T01:31:54.541812Z","level":"info","event":"Updated instructor Kenneth Elzinga with difficulty 3.13","logger":"task.stdout"}
{"timestamp":"2026-02-12T01:31:54.543684Z","level":"info","event":"Updated instructor Jessica Kripalani with rating 3.33","logger":"task.stdout"}
{"timestamp":"2026-02-12T01:31:54.544714Z","level":"info","event":"Updated instructor Jessica Kripalani with difficulty 3.12","logger":"task.stdout"}
{"timestamp":"2026-02-12T01:31:54.546929Z","level":"info","event":"Updated instructor Marc Santugini with rating 4.04","logger":"task.stdout"}
{"timestamp":"2026-02-12T01:31:54.548129Z","level":"info","event":"Updated instructor Marc Santugini with difficulty 3.33","logger":"task.stdout"}
{"timestamp":"2026-02-12T01:31:54.551742Z","level":"info","event":"WARNING: No professor found with name Colin Williams. Skipping rating update for this instructor.","logger":"task.stdout"}
{"timestamp":"2026-02-12T01:31:54.553347Z","level":"info","event":"WARNING: No professor found with name Faculty Staff. Skipping rating update for this instructor.","logger":"task.stdout"}
{"timestamp":"2026-02-12T01:31:54.554095Z","level":"info","event":"WARNING: No professor found with name Grace Toufeili. Skipping rating update for this instructor.","logger":"task.stdout"}
{"timestamp":"2026-02-12T01:31:54.555162Z","level":"info","event":"WARNING: No professor found with name Hadi Houalla. Skipping rating update for this instructor.","logger":"task.stdout"}
{"timestamp":"2026-02-12T01:31:54.555954Z","level":"info","event":"WARNING: No professor found with name Marc Repiquet. Skipping rating update for this instructor.","logger":"task.stdout"}
{"timestamp":"2026-02-12T01:31:54.559177Z","level":"info","event":"WARNING: No professor found with name Rachel Lee. Skipping rating update for this instructor.","logger":"task.stdout"}
{"timestamp":"2026-02-12T01:31:54.559924Z","level":"info","event":"WARNING: No professor found with name Daniel Nakasone. Skipping rating update for this instructor.","logger":"task.stdout"}
{"timestamp":"2026-02-12T01:31:54.565867Z","level":"info","event":"WARNING: No professor found with name Daniel Savelle. Skipping rating update for this instructor.","logger":"task.stdout"}
{"timestamp":"2026-02-12T01:31:54.568586Z","level":"info","event":"WARNING: No professor found with name Yubo Liu. Skipping rating update for this instructor.","logger":"task.stdout"}
{"timestamp":"2026-02-12T01:31:54.569943Z","level":"info","event":"WARNING: No professor found with name Kuan Liu. Skipping rating update for this instructor.","logger":"task.stdout"}
{"timestamp":"2026-02-12T01:31:54.570154Z","level":"info","event":"WARNING: No professor found with name Benjamin Leyden. Skipping rating update for this instructor.","logger":"task.stdout"}
{"timestamp":"2026-02-12T01:31:54.572044Z","level":"info","event":"WARNING: No professor found with name Amanda Kurzendoerfer. Skipping rating update for this instructor.","logger":"task.stdout"}
{"timestamp":"2026-02-12T01:31:54.572882Z","level":"info","event":"WARNING: No professor found with name Alicia Baik. Skipping rating update for this instructor.","logger":"task.stdout"}
{"timestamp":"2026-02-12T01:31:54.573345Z","level":"info","event":"WARNING: No professor found with name Leonard Mirman. Skipping rating update for this instructor.","logger":"task.stdout"}
{"timestamp":"2026-02-12T01:31:54.573775Z","level":"info","event":"WARNING: No professor found with name Tianshu Li. Skipping rating update for this instructor.","logger":"task.stdout"}
{"timestamp":"2026-02-12T01:31:54.574560Z","level":"info","event":"WARNING: No professor found with name Ignacio Martinez. Skipping rating update for this instructor.","logger":"task.stdout"}
{"timestamp":"2026-02-12T01:31:54.576801Z","level":"info","event":"WARNING: No professor found with name Mariusz Kolczykiewicz. Skipping rating update for this instructor.","logger":"task.stdout"}
{"timestamp":"2026-02-12T01:31:54.577414Z","level":"info","event":"WARNING: No professor found with name Tianying He. Skipping rating update for this instructor.","logger":"task.stdout"}
{"timestamp":"2026-02-12T01:31:54.577978Z","level":"info","event":"WARNING: No professor found with name Yuting Fan. Skipping rating update for this instructor.","logger":"task.stdout"}
{"timestamp":"2026-02-12T01:31:54.578693Z","level":"info","event":"WARNING: No professor found with name Myunghwan Yoo. Skipping rating update for this instructor.","logger":"task.stdout"}
{"timestamp":"2026-02-12T01:31:54.580119Z","level":"info","event":"WARNING: No professor found with name Bilgehan Karabay. Skipping rating update for this instructor.","logger":"task.stdout"}
{"timestamp":"2026-02-12T01:31:54.581210Z","level":"info","event":"WARNING: No professor found with name Dusan Curcic. Skipping rating update for this instructor.","logger":"task.stdout"}
{"timestamp":"2026-02-12T01:31:54.815268Z","level":"info","event":"Processing course ECON 4993 with 17 instructors","logger":"task.stdout"}
{"timestamp":"2026-02-12T01:31:54.869021Z","level":"info","event":"Processing course ECON 4999 with 50 instructors","logger":"task.stdout"}
{"timestamp":"2026-02-12T01:31:54.896632Z","level":"info","event":"Processing course ECON 1100 with 1 instructors","logger":"task.stdout"}
{"timestamp":"2026-02-12T01:31:55.058835Z","level":"info","event":"Processing course ECON 2020 with 236 instructors","logger":"task.stdout"}
{"timestamp":"2026-02-12T01:31:55.060010Z","level":"info","event":"Updated instructor Lee Coppock with rating 4.13","logger":"task.stdout"}
{"timestamp":"2026-02-12T01:31:55.060516Z","level":"info","event":"Updated instructor Lee Coppock with difficulty 3.02","logger":"task.stdout"}
{"timestamp":"2026-02-12T01:31:55.061219Z","level":"info","event":"Updated instructor Carter Doyle with rating 3.31","logger":"task.stdout"}
{"timestamp":"2026-02-12T01:31:55.061719Z","level":"info","event":"Updated instructor Carter Doyle with difficulty 3.08","logger":"task.stdout"}
{"timestamp":"2026-02-12T01:31:55.062815Z","level":"info","event":"WARNING: No professor found with name Daniel Harper. Skipping rating update for this instructor.","logger":"task.stdout"}
{"timestamp":"2026-02-12T01:31:55.063721Z","level":"info","event":"WARNING: No professor found with name Tristan Baird. Skipping rating update for this instructor.","logger":"task.stdout"}
{"timestamp":"2026-02-12T01:31:55.064771Z","level":"info","event":"WARNING: No professor found with name Salim Ergene. Skipping rating update for this instructor.","logger":"task.stdout"}
{"timestamp":"2026-02-12T01:31:55.066090Z","level":"info","event":"WARNING: No professor found with name Jeffrey Schafer. Skipping rating update for this instructor.","logger":"task.stdout"}
{"timestamp":"2026-02-12T01:31:55.066475Z","level":"info","event":"WARNING: No professor found with name Alexandra Schubert. Skipping rating update for this instructor.","logger":"task.stdout"}
{"timestamp":"2026-02-12T01:31:55.066745Z","level":"info","event":"WARNING: No professor found with name Thomas West. Skipping rating update for this instructor.","logger":"task.stdout"}
{"timestamp":"2026-02-12T01:31:55.067697Z","level":"info","event":"WARNING: No professor found with name Michael LaForest. Skipping rating update for this instructor.","logger":"task.stdout"}
{"timestamp":"2026-02-12T01:31:55.067850Z","level":"info","event":"WARNING: No professor found with name Myunghwan Yoo. Skipping rating update for this instructor.","logger":"task.stdout"}
{"timestamp":"2026-02-12T01:31:55.067991Z","level":"info","event":"WARNING: No professor found with name Benjamin Leyden. Skipping rating update for this instructor.","logger":"task.stdout"}
{"timestamp":"2026-02-12T01:31:55.068401Z","level":"info","event":"WARNING: No professor found with name Andrew Stewart. Skipping rating update for this instructor.","logger":"task.stdout"}
{"timestamp":"2026-02-12T01:31:55.068771Z","level":"info","event":"WARNING: No professor found with name Elliott Isaac. Skipping rating update for this instructor.","logger":"task.stdout"}
{"timestamp":"2026-02-12T01:31:55.069408Z","level":"info","event":"WARNING: No professor found with name Jiao Hu. Skipping rating update for this instructor.","logger":"task.stdout"}
{"timestamp":"2026-02-12T01:31:55.069646Z","level":"info","event":"WARNING: No professor found with name Xin Xue. Skipping rating update for this instructor.","logger":"task.stdout"}
{"timestamp":"2026-02-12T01:31:55.070487Z","level":"info","event":"WARNING: No professor found with name Meltem Poyraz. Skipping rating update for this instructor.","logger":"task.stdout"}
{"timestamp":"2026-02-12T01:31:55.070689Z","level":"info","event":"WARNING: No professor found with name Elias Yannopoulos. Skipping rating update for this instructor.","logger":"task.stdout"}
{"timestamp":"2026-02-12T01:31:55.070881Z","level":"info","event":"WARNING: No professor found with name Xiaohui Huang. Skipping rating update for this instructor.","logger":"task.stdout"}
{"timestamp":"2026-02-12T01:31:55.071363Z","level":"info","event":"WARNING: No professor found with name Raju Huidrom. Skipping rating update for this instructor.","logger":"task.stdout"}
{"timestamp":"2026-02-12T01:31:55.460852Z","level":"info","event":"Processing course ECON 3010 with 116 instructors","logger":"task.stdout"}
{"timestamp":"2026-02-12T01:31:55.462362Z","level":"info","event":"Updated instructor Jessica Kripalani with rating 3.49","logger":"task.stdout"}
{"timestamp":"2026-02-12T01:31:55.463469Z","level":"info","event":"Updated instructor Jessica Kripalani with difficulty 4.41","logger":"task.stdout"}
{"timestamp":"2026-02-12T01:31:55.464540Z","level":"info","event":"Updated instructor Marc Santugini with rating 3.88","logger":"task.stdout"}
{"timestamp":"2026-02-12T01:31:55.465176Z","level":"info","event":"Updated instructor Marc Santugini with difficulty 4.57","logger":"task.stdout"}
{"timestamp":"2026-02-12T01:31:55.465452Z","level":"info","event":"WARNING: No professor found with name Peter Troyan. Skipping rating update for this instructor.","logger":"task.stdout"}
{"timestamp":"2026-02-12T01:31:55.466167Z","level":"info","event":"Updated instructor Po Lin with rating 4.38","logger":"task.stdout"}
{"timestamp":"2026-02-12T01:31:55.466600Z","level":"info","event":"Updated instructor Po Lin with difficulty 4.63","logger":"task.stdout"}
{"timestamp":"2026-02-12T01:31:55.467168Z","level":"info","event":"Updated instructor Maria Westerfield with rating 3.79","logger":"task.stdout"}
{"timestamp":"2026-02-12T01:31:55.467604Z","level":"info","event":"Updated instructor Maria Westerfield with difficulty 4.18","logger":"task.stdout"}
{"timestamp":"2026-02-12T01:31:55.468216Z","level":"info","event":"Updated instructor Federico Ciliberto with rating 3.60","logger":"task.stdout"}
{"timestamp":"2026-02-12T01:31:55.468645Z","level":"info","event":"Updated instructor Federico Ciliberto with difficulty 4.04","logger":"task.stdout"}
{"timestamp":"2026-02-12T01:31:55.468860Z","level":"info","event":"WARNING: No professor found with name Andrew Kloosterman. Skipping rating update for this instructor.","logger":"task.stdout"}
{"timestamp":"2026-02-12T01:31:55.469465Z","level":"info","event":"WARNING: No professor found with name Marc Repiquet. Skipping rating update for this instructor.","logger":"task.stdout"}
{"timestamp":"2026-02-12T01:31:55.469629Z","level":"info","event":"WARNING: No professor found with name William Johnson. Skipping rating update for this instructor.","logger":"task.stdout"}
{"timestamp":"2026-02-12T01:31:55.470136Z","level":"info","event":"WARNING: No professor found with name David Mills. Skipping rating update for this instructor.","logger":"task.stdout"}
{"timestamp":"2026-02-12T01:31:55.470371Z","level":"info","event":"WARNING: No professor found with name Moogdho Mahzab. Skipping rating update for this instructor.","logger":"task.stdout"}
{"timestamp":"2026-02-12T01:31:55.470914Z","level":"info","event":"WARNING: No professor found with name Gaurab Aryal. Skipping rating update for this instructor.","logger":"task.stdout"}
{"timestamp":"2026-02-12T01:31:55.471147Z","level":"info","event":"WARNING: No professor found with name Dajun Lin. Skipping rating update for this instructor.","logger":"task.stdout"}
{"timestamp":"2026-02-12T01:31:55.471338Z","level":"info","event":"WARNING: No professor found with name David Zirkle. Skipping rating update for this instructor.","logger":"task.stdout"}
{"timestamp":"2026-02-12T01:31:55.472237Z","level":"info","event":"Updated instructor Spencer Phillips with rating 2.63","logger":"task.stdout"}
{"timestamp":"2026-02-12T01:31:55.472624Z","level":"info","event":"Updated instructor Spencer Phillips with difficulty 3.78","logger":"task.stdout"}
{"timestamp":"2026-02-12T01:31:55.473009Z","level":"info","event":"WARNING: No professor found with name Danila Pankov. Skipping rating update for this instructor.","logger":"task.stdout"}
{"timestamp":"2026-02-12T01:31:55.473543Z","level":"info","event":"WARNING: No professor found with name Elena Antoniadou. Skipping rating update for this instructor.","logger":"task.stdout"}
{"timestamp":"2026-02-12T01:31:55.545110Z","level":"info","event":"Processing course ECON 3020 with 72 instructors","logger":"task.stdout"}
{"timestamp":"2026-02-12T01:31:55.545509Z","level":"info","event":"WARNING: No professor found with name To Announced. Skipping rating update for this instructor.","logger":"task.stdout"}
{"timestamp":"2026-02-12T01:31:55.546157Z","level":"info","event":"Updated instructor Vladimir Smirnyagin with rating 2.20","logger":"task.stdout"}
{"timestamp":"2026-02-12T01:31:55.546586Z","level":"info","event":"Updated instructor Vladimir Smirnyagin with difficulty 4.00","logger":"task.stdout"}
{"timestamp":"2026-02-12T01:31:55.547135Z","level":"info","event":"Updated instructor Maria Westerfield with rating 3.79","logger":"task.stdout"}
{"timestamp":"2026-02-12T01:31:55.547519Z","level":"info","event":"Updated instructor Maria Westerfield with difficulty 3.31","logger":"task.stdout"}
{"timestamp":"2026-02-12T01:31:55.547686Z","level":"info","event":"WARNING: No professor found with name Eric Young. Skipping rating update for this instructor.","logger":"task.stdout"}
{"timestamp":"2026-02-12T01:31:55.548205Z","level":"info","event":"Updated instructor Christopher Mcgee with rating 2.81","logger":"task.stdout"}
{"timestamp":"2026-02-12T01:31:55.548638Z","level":"info","event":"Updated instructor Christopher Mcgee with difficulty 2.72","logger":"task.stdout"}
{"timestamp":"2026-02-12T01:31:55.549305Z","level":"info","event":"WARNING: No professor found with name Jae Lee. Skipping rating update for this instructor.","logger":"task.stdout"}
{"timestamp":"2026-02-12T01:31:55.549861Z","level":"info","event":"WARNING: No professor found with name Adesewa Osotimehin. Skipping rating update for this instructor.","logger":"task.stdout"}
{"timestamp":"2026-02-12T01:31:55.550035Z","level":"info","event":"WARNING: No professor found with name Latchezar Popov. Skipping rating update for this instructor.","logger":"task.stdout"}
{"timestamp":"2026-02-12T01:31:55.550194Z","level":"info","event":"WARNING: No professor found with name Toshihiko Mukoyama. Skipping rating update for this instructor.","logger":"task.stdout"}
{"timestamp":"2026-02-12T01:31:55.550582Z","level":"info","event":"WARNING: No professor found with name Elias Yannopoulos. Skipping rating update for this instructor.","logger":"task.stdout"}
{"timestamp":"2026-02-12T01:31:55.550712Z","level":"info","event":"WARNING: No professor found with name Xiaohui Huang. Skipping rating update for this instructor.","logger":"task.stdout"}
{"timestamp":"2026-02-12T01:31:55.551175Z","level":"info","event":"WARNING: No professor found with name John James. Skipping rating update for this instructor.","logger":"task.stdout"}
{"timestamp":"2026-02-12T01:31:55.592509Z","level":"info","event":"Processing course ECON 3030 with 38 instructors","logger":"task.stdout"}
{"timestamp":"2026-02-12T01:31:55.593400Z","level":"info","event":"Updated instructor Carter Doyle with rating 3.35","logger":"task.stdout"}
{"timestamp":"2026-02-12T01:31:55.593837Z","level":"info","event":"Updated instructor Carter Doyle with difficulty 3.54","logger":"task.stdout"}
{"timestamp":"2026-02-12T01:31:55.594214Z","level":"info","event":"WARNING: No professor found with name Zachary Bethune. Skipping rating update for this instructor.","logger":"task.stdout"}
{"timestamp":"2026-02-12T01:31:55.616129Z","level":"info","event":"Processing course ECON 3600 with 1 instructors","logger":"task.stdout"}
{"timestamp":"2026-02-12T01:31:55.616844Z","level":"info","event":"Updated instructor Mark Thomas with rating 4.67","logger":"task.stdout"}
{"timestamp":"2026-02-12T01:31:55.617266Z","level":"info","event":"Updated instructor Mark Thomas with difficulty 3.00","logger":"task.stdout"}
{"timestamp":"2026-02-12T01:31:55.640992Z","level":"info","event":"Processing course ECON 3640 with 2 instructors","logger":"task.stdout"}
{"timestamp":"2026-02-12T01:31:55.673967Z","level":"info","event":"Processing course ECON 3650 with 3 instructors","logger":"task.stdout"}
{"timestamp":"2026-02-12T01:31:55.674763Z","level":"info","event":"Updated instructor Sushma Shukla with rating 3.33","logger":"task.stdout"}
{"timestamp":"2026-02-12T01:31:55.675198Z","level":"info","event":"Updated instructor Sushma Shukla with difficulty 1.50","logger":"task.stdout"}
{"timestamp":"2026-02-12T01:31:55.744832Z","level":"info","event":"Processing course ECON 3720 with 70 instructors","logger":"task.stdout"}
{"timestamp":"2026-02-12T01:31:55.745743Z","level":"info","event":"Updated instructor James Harrigan with rating 2.33","logger":"task.stdout"}
{"timestamp":"2026-02-12T01:31:55.746233Z","level":"info","event":"Updated instructor James Harrigan with difficulty 4.73","logger":"task.stdout"}
{"timestamp":"2026-02-12T01:31:55.746903Z","level":"info","event":"Updated instructor Leland Farmer with rating 3.29","logger":"task.stdout"}
{"timestamp":"2026-02-12T01:31:55.747368Z","level":"info","event":"Updated instructor Leland Farmer with difficulty 3.71","logger":"task.stdout"}
{"timestamp":"2026-02-12T01:31:55.747995Z","level":"info","event":"Updated instructor Stefan Ruediger with rating 3.94","logger":"task.stdout"}
{"timestamp":"2026-02-12T01:31:55.748428Z","level":"info","event":"Updated instructor Stefan Ruediger with difficulty 3.82","logger":"task.stdout"}
{"timestamp":"2026-02-12T01:31:55.748620Z","level":"info","event":"WARNING: No professor found with name Jack Fisher. Skipping rating update for this instructor.","logger":"task.stdout"}
{"timestamp":"2026-02-12T01:31:55.748764Z","level":"info","event":"WARNING: No professor found with name Ahnaf Rafi. Skipping rating update for this instructor.","logger":"task.stdout"}
{"timestamp":"2026-02-12T01:31:55.749324Z","level":"info","event":"Updated instructor Christopher Mcgee with rating 1.00","logger":"task.stdout"}
{"timestamp":"2026-02-12T01:31:55.749732Z","level":"info","event":"Updated instructor Christopher Mcgee with difficulty 5.00","logger":"task.stdout"}
{"timestamp":"2026-02-12T01:31:55.750323Z","level":"info","event":"Updated instructor Jessica Kripalani with rating 4.67","logger":"task.stdout"}
{"timestamp":"2026-02-12T01:31:55.750730Z","level":"info","event":"Updated instructor Jessica Kripalani with difficulty 4.00","logger":"task.stdout"}
{"timestamp":"2026-02-12T01:31:55.750870Z","level":"info","event":"WARNING: No professor found with name Ronald Michener. Skipping rating update for this instructor.","logger":"task.stdout"}
{"timestamp":"2026-02-12T01:31:55.751735Z","level":"info","event":"Updated instructor Jonathan Colmer with rating 3.60","logger":"task.stdout"}
{"timestamp":"2026-02-12T01:31:55.752151Z","level":"info","event":"Updated instructor Jonathan Colmer with difficulty 3.60","logger":"task.stdout"}
{"timestamp":"2026-02-12T01:31:55.752489Z","level":"info","event":"WARNING: No professor found with name Karim Chalak. Skipping rating update for this instructor.","logger":"task.stdout"}
{"timestamp":"2026-02-12T01:31:55.753567Z","level":"info","event":"WARNING: No professor found with name Ariell Reshef. Skipping rating update for this instructor.","logger":"task.stdout"}
{"timestamp":"2026-02-12T01:31:55.775860Z","level":"info","event":"Processing course ECON 3820 with 1 instructors","logger":"task.stdout"}
{"timestamp":"2026-02-12T01:31:55.932219Z","level":"info","event":"Processing course ECON 4080 with 1 instructors","logger":"task.stdout"}
{"timestamp":"2026-02-12T01:31:55.932974Z","level":"info","event":"Updated instructor Maria Westerfield with rating 3.93","logger":"task.stdout"}
{"timestamp":"2026-02-12T01:31:55.933386Z","level":"info","event":"Updated instructor Maria Westerfield with difficulty 2.20","logger":"task.stdout"}
{"timestamp":"2026-02-12T01:31:55.953199Z","level":"info","event":"Processing course ECON 4110 with 1 instructors","logger":"task.stdout"}
{"timestamp":"2026-02-12T01:31:55.953957Z","level":"info","event":"Updated instructor Michael Moore with rating 4.33","logger":"task.stdout"}
{"timestamp":"2026-02-12T01:31:55.954397Z","level":"info","event":"Updated instructor Michael Moore with difficulty 3.00","logger":"task.stdout"}
{"timestamp":"2026-02-12T01:31:55.977623Z","level":"info","event":"Processing course ECON 4150 with 10 instructors","logger":"task.stdout"}
{"timestamp":"2026-02-12T01:31:55.978283Z","level":"info","event":"Updated instructor Emma Harrington with rating 5.00","logger":"task.stdout"}
{"timestamp":"2026-02-12T01:31:55.978719Z","level":"info","event":"Updated instructor Emma Harrington with difficulty 2.50","logger":"task.stdout"}
{"timestamp":"2026-02-12T01:31:56.001702Z","level":"info","event":"Processing course ECON 4170 with 5 instructors","logger":"task.stdout"}
{"timestamp":"2026-02-12T01:31:56.002567Z","level":"info","event":"Updated instructor Marc Santugini with rating 3.67","logger":"task.stdout"}
{"timestamp":"2026-02-12T01:31:56.003006Z","level":"info","event":"Updated instructor Marc Santugini with difficulty 3.00","logger":"task.stdout"}
{"timestamp":"2026-02-12T01:31:56.003176Z","level":"info","event":"WARNING: No professor found with name Marc Repiquet. Skipping rating update for this instructor.","logger":"task.stdout"}
{"timestamp":"2026-02-12T01:31:56.003393Z","level":"info","event":"WARNING: No professor found with name Leonard Mirman. Skipping rating update for this instructor.","logger":"task.stdout"}
{"timestamp":"2026-02-12T01:31:56.033265Z","level":"info","event":"Processing course ECON 4210 with 19 instructors","logger":"task.stdout"}
{"timestamp":"2026-02-12T01:31:56.034108Z","level":"info","event":"Updated instructor Kerem Cosar with rating 3.58","logger":"task.stdout"}
{"timestamp":"2026-02-12T01:31:56.034589Z","level":"info","event":"Updated instructor Kerem Cosar with difficulty 3.25","logger":"task.stdout"}
{"timestamp":"2026-02-12T01:31:56.035186Z","level":"info","event":"Updated instructor John Mclaren with rating 2.67","logger":"task.stdout"}
{"timestamp":"2026-02-12T01:31:56.035597Z","level":"info","event":"Updated instructor John Mclaren with difficulty 4.00","logger":"task.stdout"}
{"timestamp":"2026-02-12T01:31:56.035922Z","level":"info","event":"WARNING: No professor found with name Ahmet Cosar. Skipping rating update for this instructor.","logger":"task.stdout"}
{"timestamp":"2026-02-12T01:31:56.036109Z","level":"info","event":"WARNING: No professor found with name John McLaren. Skipping rating update for this instructor.","logger":"task.stdout"}
{"timestamp":"2026-02-12T01:31:56.036677Z","level":"info","event":"Updated instructor James Harrigan with rating 3.50","logger":"task.stdout"}
{"timestamp":"2026-02-12T01:31:56.037088Z","level":"info","event":"Updated instructor James Harrigan with difficulty 4.00","logger":"task.stdout"}
{"timestamp":"2026-02-12T01:31:56.057854Z","level":"info","event":"Processing course ECON 4220 with 3 instructors","logger":"task.stdout"}
{"timestamp":"2026-02-12T01:31:56.058023Z","level":"info","event":"WARNING: No professor found with name Eric Wincoop. Skipping rating update for this instructor.","logger":"task.stdout"}
{"timestamp":"2026-02-12T01:31:56.080645Z","level":"info","event":"Processing course ECON 4240 with 4 instructors","logger":"task.stdout"}
{"timestamp":"2026-02-12T01:31:56.081259Z","level":"info","event":"Updated instructor John Mclaren with rating 2.58","logger":"task.stdout"}
{"timestamp":"2026-02-12T01:31:56.081749Z","level":"info","event":"Updated instructor John Mclaren with difficulty 2.50","logger":"task.stdout"}
{"timestamp":"2026-02-12T01:31:56.109088Z","level":"info","event":"Processing course ECON 4350 with 13 instructors","logger":"task.stdout"}
{"timestamp":"2026-02-12T01:31:56.109724Z","level":"info","event":"Updated instructor Christopher Mcgee with rating 2.56","logger":"task.stdout"}
{"timestamp":"2026-02-12T01:31:56.110179Z","level":"info","event":"Updated instructor Christopher Mcgee with difficulty 2.83","logger":"task.stdout"}
{"timestamp":"2026-02-12T01:31:56.110647Z","level":"info","event":"WARNING: No professor found with name Irene Ramirez. Skipping rating update for this instructor.","logger":"task.stdout"}
{"timestamp":"2026-02-12T01:31:56.133866Z","level":"info","event":"Processing course ECON 4360 with 4 instructors","logger":"task.stdout"}
{"timestamp":"2026-02-12T01:31:56.134432Z","level":"info","event":"Updated instructor Steven Peterson with rating 4.33","logger":"task.stdout"}
{"timestamp":"2026-02-12T01:31:56.134847Z","level":"info","event":"Updated instructor Steven Peterson with difficulty 3.00","logger":"task.stdout"}
{"timestamp":"2026-02-12T01:31:56.157188Z","level":"info","event":"Processing course ECON 4370 with 2 instructors","logger":"task.stdout"}
{"timestamp":"2026-02-12T01:31:56.157859Z","level":"info","event":"Updated instructor Edwin Burton with rating 3.56","logger":"task.stdout"}
{"timestamp":"2026-02-12T01:31:56.158342Z","level":"info","event":"Updated instructor Edwin Burton with difficulty 2.62","logger":"task.stdout"}
{"timestamp":"2026-02-12T01:31:56.266645Z","level":"info","event":"Processing course ECON 4420 with 1 instructors","logger":"task.stdout"}
{"timestamp":"2026-02-12T01:31:56.267456Z","level":"info","event":"Updated instructor Eric Leeper with rating 4.67","logger":"task.stdout"}
{"timestamp":"2026-02-12T01:31:56.267887Z","level":"info","event":"Updated instructor Eric Leeper with difficulty 4.33","logger":"task.stdout"}
{"timestamp":"2026-02-12T01:31:56.295340Z","level":"info","event":"Processing course ECON 4430 with 18 instructors","logger":"task.stdout"}
{"timestamp":"2026-02-12T01:31:56.295928Z","level":"info","event":"Updated instructor Sheetal Sekhri with rating 3.35","logger":"task.stdout"}
{"timestamp":"2026-02-12T01:31:56.296356Z","level":"info","event":"Updated instructor Sheetal Sekhri with difficulty 2.67","logger":"task.stdout"}
{"timestamp":"2026-02-12T01:31:56.296738Z","level":"info","event":"WARNING: No professor found with name William Shobe. Skipping rating update for this instructor.","logger":"task.stdout"}
{"timestamp":"2026-02-12T01:31:56.297354Z","level":"info","event":"Updated instructor Spencer Phillips with rating 4.00","logger":"task.stdout"}
{"timestamp":"2026-02-12T01:31:56.297754Z","level":"info","event":"Updated instructor Spencer Phillips with difficulty 2.00","logger":"task.stdout"}
{"timestamp":"2026-02-12T01:31:56.318855Z","level":"info","event":"Processing course ECON 4444 with 3 instructors","logger":"task.stdout"}
{"timestamp":"2026-02-12T01:31:56.319463Z","level":"info","event":"Updated instructor Anton Korinek with rating 1.00","logger":"task.stdout"}
{"timestamp":"2026-02-12T01:31:56.319870Z","level":"info","event":"Updated instructor Anton Korinek with difficulty 4.00","logger":"task.stdout"}
{"timestamp":"2026-02-12T01:31:56.346301Z","level":"info","event":"Processing course ECON 4720 with 14 instructors","logger":"task.stdout"}
{"timestamp":"2026-02-12T01:31:56.346938Z","level":"info","event":"Updated instructor Lidia Kosenkova with rating 2.11","logger":"task.stdout"}
{"timestamp":"2026-02-12T01:31:56.347410Z","level":"info","event":"Updated instructor Lidia Kosenkova with difficulty 4.00","logger":"task.stdout"}
{"timestamp":"2026-02-12T01:31:56.348014Z","level":"info","event":"Updated instructor Denis Nekipelov with rating 1.67","logger":"task.stdout"}
{"timestamp":"2026-02-12T01:31:56.348422Z","level":"info","event":"Updated instructor Denis Nekipelov with difficulty 3.50","logger":"task.stdout"}
{"timestamp":"2026-02-12T01:31:56.348597Z","level":"info","event":"WARNING: No professor found with name Faculty Staff. Skipping rating update for this instructor.","logger":"task.stdout"}
{"timestamp":"2026-02-12T01:31:56.348905Z","level":"info","event":"WARNING: No professor found with name Steven Stern. Skipping rating update for this instructor.","logger":"task.stdout"}
{"timestamp":"2026-02-12T01:31:56.349110Z","level":"info","event":"WARNING: No professor found with name Wayne-Roy Gayle. Skipping rating update for this instructor.","logger":"task.stdout"}
{"timestamp":"2026-02-12T01:31:56.370339Z","level":"info","event":"Processing course ECON 4820 with 4 instructors","logger":"task.stdout"}
{"timestamp":"2026-02-12T01:31:56.370920Z","level":"info","event":"Updated instructor Charles Holt with rating 3.67","logger":"task.stdout"}
{"timestamp":"2026-02-12T01:31:56.371329Z","level":"info","event":"Updated instructor Charles Holt with difficulty 2.00","logger":"task.stdout"}
{"timestamp":"2026-02-12T01:31:56.393732Z","level":"info","event":"Processing course ECON 4880 with 7 instructors","logger":"task.stdout"}
{"timestamp":"2026-02-12T01:31:56.393944Z","level":"info","event":"WARNING: No professor found with name Christopher Ruhm. Skipping rating update for this instructor.","logger":"task.stdout"}
{"timestamp":"2026-02-12T01:31:56.415987Z","level":"info","event":"Processing course EDHS 1120 with 6 instructors","logger":"task.stdout"}
{"timestamp":"2026-02-12T01:31:56.416588Z","level":"info","event":"Updated instructor Melissa Levy with rating 4.50","logger":"task.stdout"}
{"timestamp":"2026-02-12T01:31:56.417019Z","level":"info","event":"Updated instructor Melissa Levy with difficulty 1.50","logger":"task.stdout"}
{"timestamp":"2026-02-12T01:31:56.417588Z","level":"info","event":"Updated instructor Sabrina Curtis with rating 3.00","logger":"task.stdout"}
{"timestamp":"2026-02-12T01:31:56.418004Z","level":"info","event":"Updated instructor Sabrina Curtis with difficulty 1.00","logger":"task.stdout"}
{"timestamp":"2026-02-12T01:31:56.438900Z","level":"info","event":"Processing course EDHS 2230 with 1 instructors","logger":"task.stdout"}
{"timestamp":"2026-02-12T01:31:56.439751Z","level":"info","event":"Updated instructor Elisabeth Pleszkoch with rating 3.57","logger":"task.stdout"}
{"timestamp":"2026-02-12T01:31:56.440393Z","level":"info","event":"Updated instructor Elisabeth Pleszkoch with difficulty 2.86","logger":"task.stdout"}
{"timestamp":"2026-02-12T01:31:56.462714Z","level":"info","event":"Processing course EDHS 2240 with 2 instructors","logger":"task.stdout"}
{"timestamp":"2026-02-12T01:31:56.463514Z","level":"info","event":"Updated instructor Elisabeth Pleszkoch with rating 2.78","logger":"task.stdout"}
{"timestamp":"2026-02-12T01:31:56.463951Z","level":"info","event":"Updated instructor Elisabeth Pleszkoch with difficulty 1.85","logger":"task.stdout"}
{"timestamp":"2026-02-12T01:31:56.486843Z","level":"info","event":"Processing course EDHS 2250 with 7 instructors","logger":"task.stdout"}
{"timestamp":"2026-02-12T01:31:56.487689Z","level":"info","event":"Updated instructor Blaire Cholewa with rating 4.17","logger":"task.stdout"}
{"timestamp":"2026-02-12T01:31:56.488122Z","level":"info","event":"Updated instructor Blaire Cholewa with difficulty 1.75","logger":"task.stdout"}
{"timestamp":"2026-02-12T01:31:56.488703Z","level":"info","event":"Updated instructor Erin Knape with rating 1.33","logger":"task.stdout"}
{"timestamp":"2026-02-12T01:31:56.489244Z","level":"info","event":"Updated instructor Erin Knape with difficulty 3.00","logger":"task.stdout"}
{"timestamp":"2026-02-12T01:31:56.489462Z","level":"info","event":"WARNING: No professor found with name To Announced. Skipping rating update for this instructor.","logger":"task.stdout"}
{"timestamp":"2026-02-12T01:31:56.610909Z","level":"info","event":"Processing course EDHS 2900 with 8 instructors","logger":"task.stdout"}
{"timestamp":"2026-02-12T01:31:56.632097Z","level":"info","event":"Processing course EDHS 3055 with 4 instructors","logger":"task.stdout"}
{"timestamp":"2026-02-12T01:31:56.632421Z","level":"info","event":"WARNING: No professor found with name Dewey Cornell. Skipping rating update for this instructor.","logger":"task.stdout"}
{"timestamp":"2026-02-12T01:31:56.654893Z","level":"info","event":"Processing course EDHS 3110 with 6 instructors","logger":"task.stdout"}
{"timestamp":"2026-02-12T01:31:56.678024Z","level":"info","event":"Processing course EDHS 3120 with 5 instructors","logger":"task.stdout"}
{"timestamp":"2026-02-12T01:31:56.678437Z","level":"info","event":"WARNING: No professor found with name Erin Ferguson. Skipping rating update for this instructor.","logger":"task.stdout"}
{"timestamp":"2026-02-12T01:31:56.679088Z","level":"info","event":"Updated instructor Jason Downer with rating 4.67","logger":"task.stdout"}
{"timestamp":"2026-02-12T01:31:56.679533Z","level":"info","event":"Updated instructor Jason Downer with difficulty 4.00","logger":"task.stdout"}
{"timestamp":"2026-02-12T01:31:56.701965Z","level":"info","event":"Processing course EDHS 3130 with 1 instructors","logger":"task.stdout"}
{"timestamp":"2026-02-12T01:31:56.703021Z","level":"info","event":"Updated instructor Matthew Yoder with rating 4.67","logger":"task.stdout"}
{"timestamp":"2026-02-12T01:31:56.703590Z","level":"info","event":"Updated instructor Matthew Yoder with difficulty 2.00","logger":"task.stdout"}
{"timestamp":"2026-02-12T01:31:56.733854Z","level":"info","event":"Processing course EDHS 3250 with 1 instructors","logger":"task.stdout"}
{"timestamp":"2026-02-12T01:31:56.735357Z","level":"info","event":"Updated instructor Amanda Flora with rating 4.56","logger":"task.stdout"}
{"timestamp":"2026-02-12T01:31:56.735529Z","level":"info","event":"Updated instructor Amanda Flora with difficulty 1.33","logger":"task.stdout"}
{"timestamp":"2026-02-12T01:31:56.768193Z","level":"info","event":"Processing course EDHS 3850 with 4 instructors","logger":"task.stdout"}
{"timestamp":"2026-02-12T01:31:56.769453Z","level":"info","event":"Updated instructor Amanda Flora with rating 4.33","logger":"task.stdout"}
{"timestamp":"2026-02-12T01:31:56.769973Z","level":"info","event":"Updated instructor Amanda Flora with difficulty 1.50","logger":"task.stdout"}
{"timestamp":"2026-02-12T01:31:56.770246Z","level":"info","event":"WARNING: No professor found with name Paul Harris. Skipping rating update for this instructor.","logger":"task.stdout"}
{"timestamp":"2026-02-12T01:31:56.800240Z","level":"info","event":"Processing course EDHS 3895 with 1 instructors","logger":"task.stdout"}
{"timestamp":"2026-02-12T01:31:56.801266Z","level":"info","event":"Updated instructor Michael Mason with rating 4.17","logger":"task.stdout"}
{"timestamp":"2026-02-12T01:31:56.801786Z","level":"info","event":"Updated instructor Michael Mason with difficulty 2.50","logger":"task.stdout"}
{"timestamp":"2026-02-12T01:31:56.834006Z","level":"info","event":"Processing course EDHS 3985 with 4 instructors","logger":"task.stdout"}
{"timestamp":"2026-02-12T01:31:56.861582Z","level":"info","event":"Processing course EDHS 4030 with 2 instructors","logger":"task.stdout"}
{"timestamp":"2026-02-12T01:31:56.862326Z","level":"info","event":"Updated instructor Filip Loncke with rating 4.28","logger":"task.stdout"}
{"timestamp":"2026-02-12T01:31:56.862774Z","level":"info","event":"Updated instructor Filip Loncke with difficulty 1.67","logger":"task.stdout"}
{"timestamp":"2026-02-12T01:31:56.886690Z","level":"info","event":"Processing course EDHS 4040 with 2 instructors","logger":"task.stdout"}
{"timestamp":"2026-02-12T01:31:56.887885Z","level":"info","event":"Updated instructor Michaela Dubay with rating 4.17","logger":"task.stdout"}
{"timestamp":"2026-02-12T01:31:56.888405Z","level":"info","event":"Updated instructor Michaela Dubay with difficulty 3.50","logger":"task.stdout"}
{"timestamp":"2026-02-12T01:31:57.053835Z","level":"info","event":"Processing course EDHS 4150 with 3 instructors","logger":"task.stdout"}
{"timestamp":"2026-02-12T01:31:57.078986Z","level":"info","event":"Processing course EDHS 4210 with 2 instructors","logger":"task.stdout"}
{"timestamp":"2026-02-12T01:31:57.105039Z","level":"info","event":"Processing course EDHS 4400 with 3 instructors","logger":"task.stdout"}
{"timestamp":"2026-02-12T01:31:57.132568Z","level":"info","event":"Processing course EDHS 4810 with 5 instructors","logger":"task.stdout"}
{"timestamp":"2026-02-12T01:31:57.133613Z","level":"info","event":"Updated instructor Tim Rambo with rating 4.33","logger":"task.stdout"}
{"timestamp":"2026-02-12T01:31:57.134766Z","level":"info","event":"Updated instructor Tim Rambo with difficulty 1.50","logger":"task.stdout"}
{"timestamp":"2026-02-12T01:31:57.135104Z","level":"info","event":"WARNING: No professor found with name Timothy Rambo. Skipping rating update for this instructor.","logger":"task.stdout"}
{"timestamp":"2026-02-12T01:31:57.135753Z","level":"info","event":"WARNING: No professor found with name Peter Sheras. Skipping rating update for this instructor.","logger":"task.stdout"}
{"timestamp":"2026-02-12T01:31:57.136529Z","level":"info","event":"WARNING: No professor found with name Walter Anderson. Skipping rating update for this instructor.","logger":"task.stdout"}
{"timestamp":"2026-02-12T01:31:57.180741Z","level":"info","event":"Processing course EDHS 4993 with 34 instructors","logger":"task.stdout"}
{"timestamp":"2026-02-12T01:31:57.240051Z","level":"info","event":"Processing course EDHS 4995 with 32 instructors","logger":"task.stdout"}
{"timestamp":"2026-02-12T01:31:57.268113Z","level":"info","event":"Processing course EDHS 2450 with 5 instructors","logger":"task.stdout"}
{"timestamp":"2026-02-12T01:31:57.268567Z","level":"info","event":"WARNING: No professor found with name Randall Robey. Skipping rating update for this instructor.","logger":"task.stdout"}
{"timestamp":"2026-02-12T01:31:57.293637Z","level":"info","event":"Processing course EDHS 2460 with 3 instructors","logger":"task.stdout"}
{"timestamp":"2026-02-12T01:31:57.294085Z","level":"info","event":"WARNING: No professor found with name Jane Hilton. Skipping rating update for this instructor.","logger":"task.stdout"}
{"timestamp":"2026-02-12T01:31:57.319633Z","level":"info","event":"Processing course EDHS 2895 with 7 instructors","logger":"task.stdout"}
{"timestamp":"2026-02-12T01:31:57.500086Z","level":"info","event":"Processing course EDIS 3060 with 11 instructors","logger":"task.stdout"}
{"timestamp":"2026-02-12T01:31:57.502484Z","level":"info","event":"Updated instructor Jennifer LoCasale-Crouch with rating 3.67","logger":"task.stdout"}
{"timestamp":"2026-02-12T01:31:57.503229Z","level":"info","event":"Updated instructor Jennifer LoCasale-Crouch with difficulty 2.00","logger":"task.stdout"}
{"timestamp":"2026-02-12T01:31:57.534405Z","level":"info","event":"Processing course EDIS 3460 with 6 instructors","logger":"task.stdout"}
{"timestamp":"2026-02-12T01:31:57.574093Z","level":"info","event":"Processing course EDIS 3881 with 33 instructors","logger":"task.stdout"}
{"timestamp":"2026-02-12T01:31:57.575312Z","level":"info","event":"WARNING: No professor found with name Emily Bowling. Skipping rating update for this instructor.","logger":"task.stdout"}
{"timestamp":"2026-02-12T01:31:57.599699Z","level":"info","event":"Processing course EDIS 4060 with 2 instructors","logger":"task.stdout"}
{"timestamp":"2026-02-12T01:31:57.630503Z","level":"info","event":"Processing course EDIS 4100 with 13 instructors","logger":"task.stdout"}
{"timestamp":"2026-02-12T01:31:57.631746Z","level":"info","event":"Updated instructor Lysandra Cook with rating 3.67","logger":"task.stdout"}
{"timestamp":"2026-02-12T01:31:57.632272Z","level":"info","event":"Updated instructor Lysandra Cook with difficulty 1.00","logger":"task.stdout"}
{"timestamp":"2026-02-12T01:31:57.662949Z","level":"info","event":"Processing course EDIS 4110 with 12 instructors","logger":"task.stdout"}
{"timestamp":"2026-02-12T01:31:57.663676Z","level":"info","event":"WARNING: No professor found with name John Romig. Skipping rating update for this instructor.","logger":"task.stdout"}
{"timestamp":"2026-02-12T01:31:57.701363Z","level":"info","event":"Processing course EDIS 4120 with 13 instructors","logger":"task.stdout"}
{"timestamp":"2026-02-12T01:31:57.730554Z","level":"info","event":"Processing course EDIS 4210 with 1 instructors","logger":"task.stdout"}
{"timestamp":"2026-02-12T01:31:57.741061Z","level":"info","event":"Updated instructor Stephen Plaskon with rating 5.00","logger":"task.stdout"}
{"timestamp":"2026-02-12T01:31:57.741214Z","level":"info","event":"Updated instructor Stephen Plaskon with difficulty 1.00","logger":"task.stdout"}
{"timestamp":"2026-02-12T01:31:57.761285Z","level":"info","event":"Processing course EDIS 4230 with 2 instructors","logger":"task.stdout"}
{"timestamp":"2026-02-12T01:31:57.951434Z","level":"info","event":"Processing course EDIS 4310 with 4 instructors","logger":"task.stdout"}
{"timestamp":"2026-02-12T01:31:57.990106Z","level":"info","event":"Processing course EDIS 4320 with 13 instructors","logger":"task.stdout"}
{"timestamp":"2026-02-12T01:31:58.018460Z","level":"info","event":"Processing course EDIS 4340 with 2 instructors","logger":"task.stdout"}
{"timestamp":"2026-02-12T01:31:58.045571Z","level":"info","event":"Processing course EDIS 4350 with 5 instructors","logger":"task.stdout"}
{"timestamp":"2026-02-12T01:31:58.073283Z","level":"info","event":"Processing course EDIS 4871 with 4 instructors","logger":"task.stdout"}
{"timestamp":"2026-02-12T01:31:58.097381Z","level":"info","event":"Processing course EDIS 4877 with 4 instructors","logger":"task.stdout"}
{"timestamp":"2026-02-12T01:31:58.129968Z","level":"info","event":"Processing course EDIS 4881 with 25 instructors","logger":"task.stdout"}
{"timestamp":"2026-02-12T01:31:58.156915Z","level":"info","event":"Processing course EDIS 4887 with 12 instructors","logger":"task.stdout"}
{"timestamp":"2026-02-12T01:31:58.184904Z","level":"info","event":"Processing course EDIS 4993 with 12 instructors","logger":"task.stdout"}
{"timestamp":"2026-02-12T01:31:58.304486Z","level":"info","event":"Processing course EDIS 4995 with 26 instructors","logger":"task.stdout"}
{"timestamp":"2026-02-12T01:31:58.332274Z","level":"info","event":"Processing course EDIS 2010 with 19 instructors","logger":"task.stdout"}
{"timestamp":"2026-02-12T01:31:58.332961Z","level":"info","event":"Updated instructor Stephen Plaskon with rating 4.60","logger":"task.stdout"}
{"timestamp":"2026-02-12T01:31:58.333391Z","level":"info","event":"Updated instructor Stephen Plaskon with difficulty 1.07","logger":"task.stdout"}
{"timestamp":"2026-02-12T01:31:58.333988Z","level":"info","event":"Updated instructor Eleanor Wilson with rating 4.14","logger":"task.stdout"}
{"timestamp":"2026-02-12T01:31:58.334464Z","level":"info","event":"Updated instructor Eleanor Wilson with difficulty 1.50","logger":"task.stdout"}
{"timestamp":"2026-02-12T01:31:58.335080Z","level":"info","event":"Updated instructor Vivien Chabalengula with rating 4.33","logger":"task.stdout"}
{"timestamp":"2026-02-12T01:31:58.335520Z","level":"info","event":"Updated instructor Vivien Chabalengula with difficulty 1.00","logger":"task.stdout"}
{"timestamp":"2026-02-12T01:31:58.335789Z","level":"info","event":"WARNING: No professor found with name Stanley Trent. Skipping rating update for this instructor.","logger":"task.stdout"}
{"timestamp":"2026-02-12T01:31:58.335896Z","level":"info","event":"WARNING: No professor found with name Brian Kayser. Skipping rating update for this instructor.","logger":"task.stdout"}
{"timestamp":"2026-02-12T01:31:58.336113Z","level":"info","event":"WARNING: No professor found with name Rose Sebastian. Skipping rating update for this instructor.","logger":"task.stdout"}
{"timestamp":"2026-02-12T01:31:58.336276Z","level":"info","event":"WARNING: No professor found with name Jacob Bennett. Skipping rating update for this instructor.","logger":"task.stdout"}
{"timestamp":"2026-02-12T01:31:58.336576Z","level":"info","event":"WARNING: No professor found with name Jennifer Pease. Skipping rating update for this instructor.","logger":"task.stdout"}
{"timestamp":"2026-02-12T01:31:58.336760Z","level":"info","event":"WARNING: No professor found with name Courtneay Kelly. Skipping rating update for this instructor.","logger":"task.stdout"}
{"timestamp":"2026-02-12T01:31:58.357395Z","level":"info","event":"Processing course EDIS 2020 with 3 instructors","logger":"task.stdout"}
{"timestamp":"2026-02-12T01:31:58.358018Z","level":"info","event":"Updated instructor Lysandra Cook with rating 4.83","logger":"task.stdout"}
{"timestamp":"2026-02-12T01:31:58.358448Z","level":"info","event":"Updated instructor Lysandra Cook with difficulty 1.00","logger":"task.stdout"}
{"timestamp":"2026-02-12T01:31:58.378281Z","level":"info","event":"Processing course EDIS 2022 with 1 instructors","logger":"task.stdout"}
{"timestamp":"2026-02-12T01:31:58.378862Z","level":"info","event":"Updated instructor Lysandra Cook with rating 4.33","logger":"task.stdout"}
{"timestamp":"2026-02-12T01:31:58.379269Z","level":"info","event":"Updated instructor Lysandra Cook with difficulty 1.00","logger":"task.stdout"}
{"timestamp":"2026-02-12T01:31:58.399079Z","level":"info","event":"Processing course EDIS 2200 with 1 instructors","logger":"task.stdout"}
{"timestamp":"2026-02-12T01:31:58.421210Z","level":"info","event":"Processing course EDIS 2600 with 4 instructors","logger":"task.stdout"}
{"timestamp":"2026-02-12T01:31:58.442753Z","level":"info","event":"Processing course EDIS 2650 with 1 instructors","logger":"task.stdout"}
{"timestamp":"2026-02-12T01:31:58.464371Z","level":"info","event":"Processing course EDIS 2920 with 2 instructors","logger":"task.stdout"}
{"timestamp":"2026-02-12T01:31:58.487629Z","level":"info","event":"Processing course EDIS 3012 with 6 instructors","logger":"task.stdout"}
{"timestamp":"2026-02-12T01:31:58.487885Z","level":"info","event":"WARNING: No professor found with name Helen Min. Skipping rating update for this instructor.","logger":"task.stdout"}
{"timestamp":"2026-02-12T01:31:58.488066Z","level":"info","event":"WARNING: No professor found with name Patricia Jennings. Skipping rating update for this instructor.","logger":"task.stdout"}
{"timestamp":"2026-02-12T01:31:58.511698Z","level":"info","event":"Processing course EDIS 3013 with 7 instructors","logger":"task.stdout"}
{"timestamp":"2026-02-12T01:31:58.512009Z","level":"info","event":"WARNING: No professor found with name Faculty Staff. Skipping rating update for this instructor.","logger":"task.stdout"}
{"timestamp":"2026-02-12T01:31:58.632568Z","level":"info","event":"Processing course EDIS 3020 with 31 instructors","logger":"task.stdout"}
{"timestamp":"2026-02-12T01:31:58.633500Z","level":"info","event":"Updated instructor Michael Kennedy with rating 4.08","logger":"task.stdout"}
{"timestamp":"2026-02-12T01:31:58.633936Z","level":"info","event":"Updated instructor Michael Kennedy with difficulty 1.25","logger":"task.stdout"}
{"timestamp":"2026-02-12T01:31:58.634541Z","level":"info","event":"Updated instructor William Therrien with rating 3.13","logger":"task.stdout"}
{"timestamp":"2026-02-12T01:31:58.634957Z","level":"info","event":"Updated instructor William Therrien with difficulty 2.20","logger":"task.stdout"}
{"timestamp":"2026-02-12T01:31:58.635459Z","level":"info","event":"WARNING: No professor found with name Alan McLucas. Skipping rating update for this instructor.","logger":"task.stdout"}
{"timestamp":"2026-02-12T01:31:58.635604Z","level":"info","event":"WARNING: No professor found with name Mary Hughes. Skipping rating update for this instructor.","logger":"task.stdout"}
{"timestamp":"2026-02-12T01:31:58.636218Z","level":"info","event":"Updated instructor Stephanie Morano with rating 4.33","logger":"task.stdout"}
{"timestamp":"2026-02-12T01:31:58.636649Z","level":"info","event":"Updated instructor Stephanie Morano with difficulty 1.50","logger":"task.stdout"}
{"timestamp":"2026-02-12T01:31:58.636995Z","level":"info","event":"WARNING: No professor found with name Paige Pullen. Skipping rating update for this instructor.","logger":"task.stdout"}
{"timestamp":"2026-02-12T01:31:58.659563Z","level":"info","event":"Processing course EDIS 3040 with 5 instructors","logger":"task.stdout"}
{"timestamp":"2026-02-12T01:31:58.681463Z","level":"info","event":"Processing course EDIS 3045 with 6 instructors","logger":"task.stdout"}
{"timestamp":"2026-02-12T01:31:58.682094Z","level":"info","event":"Updated instructor Traci Kutaka with rating 1.50","logger":"task.stdout"}
{"timestamp":"2026-02-12T01:31:58.682541Z","level":"info","event":"Updated instructor Traci Kutaka with difficulty 5.00","logger":"task.stdout"}
{"timestamp":"2026-02-12T01:31:58.701991Z","level":"info","event":"Processing course EDIS 3050 with 1 instructors","logger":"task.stdout"}
{"timestamp":"2026-02-12T01:31:58.702566Z","level":"info","event":"Updated instructor Glen Bull with rating 5.00","logger":"task.stdout"}
{"timestamp":"2026-02-12T01:31:58.702976Z","level":"info","event":"Updated instructor Glen Bull with difficulty 1.00","logger":"task.stdout"}
{"timestamp":"2026-02-12T01:31:58.765203Z","level":"info","event":"Processing course EGMT 1510 with 103 instructors","logger":"task.stdout"}
{"timestamp":"2026-02-12T01:31:58.765994Z","level":"info","event":"Updated instructor Francesca Fiorani with rating 3.33","logger":"task.stdout"}
{"timestamp":"2026-02-12T01:31:58.766519Z","level":"info","event":"Updated instructor Francesca Fiorani with difficulty 1.00","logger":"task.stdout"}
{"timestamp":"2026-02-12T01:31:58.767191Z","level":"info","event":"Updated instructor Ran Zhao with rating 5.00","logger":"task.stdout"}
{"timestamp":"2026-02-12T01:31:58.767701Z","level":"info","event":"Updated instructor Ran Zhao with difficulty 1.00","logger":"task.stdout"}
{"timestamp":"2026-02-12T01:31:58.768416Z","level":"info","event":"Updated instructor Richard Will with rating 4.67","logger":"task.stdout"}
{"timestamp":"2026-02-12T01:31:58.768928Z","level":"info","event":"Updated instructor Richard Will with difficulty 1.00","logger":"task.stdout"}
{"timestamp":"2026-02-12T01:31:58.769599Z","level":"info","event":"Updated instructor John Nemec with rating 1.00","logger":"task.stdout"}
{"timestamp":"2026-02-12T01:31:58.770107Z","level":"info","event":"Updated instructor John Nemec with difficulty 4.33","logger":"task.stdout"}
{"timestamp":"2026-02-12T01:31:58.770767Z","level":"info","event":"Updated instructor Eli Carter with rating 3.33","logger":"task.stdout"}
{"timestamp":"2026-02-12T01:31:58.771195Z","level":"info","event":"Updated instructor Eli Carter with difficulty 1.50","logger":"task.stdout"}
{"timestamp":"2026-02-12T01:31:58.771905Z","level":"info","event":"Updated instructor Dave Dalton with rating 4.33","logger":"task.stdout"}
{"timestamp":"2026-02-12T01:31:58.772312Z","level":"info","event":"Updated instructor Dave Dalton with difficulty 2.00","logger":"task.stdout"}
{"timestamp":"2026-02-12T01:31:58.772873Z","level":"info","event":"Updated instructor Bridget Reilly with rating 4.17","logger":"task.stdout"}
{"timestamp":"2026-02-12T01:31:58.773263Z","level":"info","event":"Updated instructor Bridget Reilly with difficulty 1.00","logger":"task.stdout"}
{"timestamp":"2026-02-12T01:31:58.774004Z","level":"info","event":"Updated instructor Philip Tite with rating 4.22","logger":"task.stdout"}
{"timestamp":"2026-02-12T01:31:58.774419Z","level":"info","event":"Updated instructor Philip Tite with difficulty 1.00","logger":"task.stdout"}
{"timestamp":"2026-02-12T01:31:58.774986Z","level":"info","event":"Updated instructor John Piller with rating 5.00","logger":"task.stdout"}
{"timestamp":"2026-02-12T01:31:58.775408Z","level":"info","event":"Updated instructor John Piller with difficulty 2.00","logger":"task.stdout"}
{"timestamp":"2026-02-12T01:31:58.775611Z","level":"info","event":"WARNING: No professor found with name To Announced. Skipping rating update for this instructor.","logger":"task.stdout"}
{"timestamp":"2026-02-12T01:31:58.775755Z","level":"info","event":"WARNING: No professor found with name Elizabeth Harper. Skipping rating update for this instructor.","logger":"task.stdout"}
{"timestamp":"2026-02-12T01:31:58.776284Z","level":"info","event":"Updated instructor Michael Puri with rating 4.33","logger":"task.stdout"}
{"timestamp":"2026-02-12T01:31:58.776690Z","level":"info","event":"Updated instructor Michael Puri with difficulty 2.00","logger":"task.stdout"}
{"timestamp":"2026-02-12T01:31:58.777253Z","level":"info","event":"Updated instructor Martien Halvorson-Taylor with rating 4.50","logger":"task.stdout"}
{"timestamp":"2026-02-12T01:31:58.777660Z","level":"info","event":"Updated instructor Martien Halvorson-Taylor with difficulty 1.00","logger":"task.stdout"}
{"timestamp":"2026-02-12T01:31:58.778198Z","level":"info","event":"Updated instructor Mehr Farooqi with rating 2.00","logger":"task.stdout"}
{"timestamp":"2026-02-12T01:31:58.778594Z","level":"info","event":"Updated instructor Mehr Farooqi with difficulty 2.00","logger":"task.stdout"}
{"timestamp":"2026-02-12T01:31:58.779119Z","level":"info","event":"Updated instructor Rita Felski with rating 4.00","logger":"task.stdout"}
{"timestamp":"2026-02-12T01:31:58.779514Z","level":"info","event":"Updated instructor Rita Felski with difficulty 1.00","logger":"task.stdout"}
{"timestamp":"2026-02-12T01:31:58.780035Z","level":"info","event":"Updated instructor Anastasia Dakouri-Hild with rating 3.00","logger":"task.stdout"}
{"timestamp":"2026-02-12T01:31:58.780433Z","level":"info","event":"Updated instructor Anastasia Dakouri-Hild with difficulty 1.50","logger":"task.stdout"}
{"timestamp":"2026-02-12T01:31:58.780577Z","level":"info","event":"WARNING: No professor found with name Michele Zaccagnini. Skipping rating update for this instructor.","logger":"task.stdout"}
{"timestamp":"2026-02-12T01:31:58.781107Z","level":"info","event":"Updated instructor Matthew Martello with rating 4.67","logger":"task.stdout"}
{"timestamp":"2026-02-12T01:31:58.781501Z","level":"info","event":"Updated instructor Matthew Martello with difficulty 1.33","logger":"task.stdout"}
{"timestamp":"2026-02-12T01:31:58.781659Z","level":"info","event":"WARNING: No professor found with name Justin Stec. Skipping rating update for this instructor.","logger":"task.stdout"}
{"timestamp":"2026-02-12T01:31:58.782187Z","level":"info","event":"Updated instructor Kevin Duong with rating 5.00","logger":"task.stdout"}
{"timestamp":"2026-02-12T01:31:58.782591Z","level":"info","event":"Updated instructor Kevin Duong with difficulty 1.00","logger":"task.stdout"}
{"timestamp":"2026-02-12T01:31:58.782737Z","level":"info","event":"WARNING: No professor found with name Meghan O'Donoghue. Skipping rating update for this instructor.","logger":"task.stdout"}
{"timestamp":"2026-02-12T01:31:58.783287Z","level":"info","event":"Updated instructor Marc Santugini with rating 4.67","logger":"task.stdout"}
{"timestamp":"2026-02-12T01:31:58.783684Z","level":"info","event":"Updated instructor Marc Santugini with difficulty 1.00","logger":"task.stdout"}
{"timestamp":"2026-02-12T01:31:58.784233Z","level":"info","event":"Updated instructor Liza Flood with rating 3.33","logger":"task.stdout"}
{"timestamp":"2026-02-12T01:31:58.784626Z","level":"info","event":"Updated instructor Liza Flood with difficulty 3.00","logger":"task.stdout"}
{"timestamp":"2026-02-12T01:31:58.785223Z","level":"info","event":"Updated instructor Andrew Ferguson with rating 4.13","logger":"task.stdout"}
{"timestamp":"2026-02-12T01:31:58.785635Z","level":"info","event":"Updated instructor Andrew Ferguson with difficulty 1.20","logger":"task.stdout"}
{"timestamp":"2026-02-12T01:31:58.786172Z","level":"info","event":"Updated instructor Michelle Kisliuk with rating 2.50","logger":"task.stdout"}
{"timestamp":"2026-02-12T01:31:58.786571Z","level":"info","event":"Updated instructor Michelle Kisliuk with difficulty 1.00","logger":"task.stdout"}
{"timestamp":"2026-02-12T01:31:58.786712Z","level":"info","event":"WARNING: No professor found with name Farzaneh Milani. Skipping rating update for this instructor.","logger":"task.stdout"}
{"timestamp":"2026-02-12T01:31:58.787247Z","level":"info","event":"Updated instructor Caleb Hendrickson with rating 5.00","logger":"task.stdout"}
{"timestamp":"2026-02-12T01:31:58.787658Z","level":"info","event":"Updated instructor Caleb Hendrickson with difficulty 1.00","logger":"task.stdout"}
{"timestamp":"2026-02-12T01:31:58.788201Z","level":"info","event":"Updated instructor Christa Robbins with rating 3.44","logger":"task.stdout"}
{"timestamp":"2026-02-12T01:31:58.788607Z","level":"info","event":"Updated instructor Christa Robbins with difficulty 2.67","logger":"task.stdout"}
{"timestamp":"2026-02-12T01:31:58.788751Z","level":"info","event":"WARNING: No professor found with name Paul Dobryden. Skipping rating update for this instructor.","logger":"task.stdout"}
{"timestamp":"2026-02-12T01:31:58.788891Z","level":"info","event":"WARNING: No professor found with name Jiajun Yan. Skipping rating update for this instructor.","logger":"task.stdout"}
{"timestamp":"2026-02-12T01:31:58.789419Z","level":"info","event":"Updated instructor Jessica Swoboda with rating 4.67","logger":"task.stdout"}
{"timestamp":"2026-02-12T01:31:58.789802Z","level":"info","event":"Updated instructor Jessica Swoboda with difficulty 1.00","logger":"task.stdout"}
{"timestamp":"2026-02-12T01:31:58.789972Z","level":"info","event":"WARNING: No professor found with name Deborah Parker. Skipping rating update for this instructor.","logger":"task.stdout"}
{"timestamp":"2026-02-12T01:31:58.790508Z","level":"info","event":"Updated instructor Katelyn Wood with rating 4.67","logger":"task.stdout"}
{"timestamp":"2026-02-12T01:31:58.790891Z","level":"info","event":"Updated instructor Katelyn Wood with difficulty 4.00","logger":"task.stdout"}
{"timestamp":"2026-02-12T01:31:58.791460Z","level":"info","event":"Updated instructor Wendy Smith with rating 3.33","logger":"task.stdout"}
{"timestamp":"2026-02-12T01:31:58.791843Z","level":"info","event":"Updated instructor Wendy Smith with difficulty 3.00","logger":"task.stdout"}
{"timestamp":"2026-02-12T01:31:58.792020Z","level":"info","event":"WARNING: No professor found with name Erik Fredner. Skipping rating update for this instructor.","logger":"task.stdout"}
{"timestamp":"2026-02-12T01:31:58.792193Z","level":"info","event":"WARNING: No professor found with name Elizabeth Flood. Skipping rating update for this instructor.","logger":"task.stdout"}
{"timestamp":"2026-02-12T01:31:58.792333Z","level":"info","event":"WARNING: No professor found with name Jane Mikkelson. Skipping rating update for this instructor.","logger":"task.stdout"}
{"timestamp":"2026-02-12T01:31:58.792467Z","level":"info","event":"WARNING: No professor found with name Jasmine Hu. Skipping rating update for this instructor.","logger":"task.stdout"}
{"timestamp":"2026-02-12T01:31:58.792601Z","level":"info","event":"WARNING: No professor found with name Sophia Bamert. Skipping rating update for this instructor.","logger":"task.stdout"}
{"timestamp":"2026-02-12T01:31:58.793158Z","level":"info","event":"Updated instructor Emily Ogden with rating 3.11","logger":"task.stdout"}
{"timestamp":"2026-02-12T01:31:58.793560Z","level":"info","event":"Updated instructor Emily Ogden with difficulty 2.67","logger":"task.stdout"}
{"timestamp":"2026-02-12T01:31:58.793736Z","level":"info","event":"WARNING: No professor found with name Adrienne Ghaly. Skipping rating update for this instructor.","logger":"task.stdout"}
{"timestamp":"2026-02-12T01:31:58.793880Z","level":"info","event":"WARNING: No professor found with name Sarah Teets. Skipping rating update for this instructor.","logger":"task.stdout"}
{"timestamp":"2026-02-12T01:31:58.794225Z","level":"info","event":"WARNING: No professor found with name Herbert Tucker. Skipping rating update for this instructor.","logger":"task.stdout"}
{"timestamp":"2026-02-12T01:31:58.856513Z","level":"info","event":"Processing course EGMT 1530 with 102 instructors","logger":"task.stdout"}
{"timestamp":"2026-02-12T01:31:58.857281Z","level":"info","event":"Updated instructor Vikram Jaswal with rating 4.00","logger":"task.stdout"}
{"timestamp":"2026-02-12T01:31:58.857760Z","level":"info","event":"Updated instructor Vikram Jaswal with difficulty 3.00","logger":"task.stdout"}
{"timestamp":"2026-02-12T01:31:58.858401Z","level":"info","event":"Updated instructor Lisa Shutt with rating 4.00","logger":"task.stdout"}
{"timestamp":"2026-02-12T01:31:58.858846Z","level":"info","event":"Updated instructor Lisa Shutt with difficulty 3.00","logger":"task.stdout"}
{"timestamp":"2026-02-12T01:31:58.859504Z","level":"info","event":"Updated instructor Eyleen O'Rourke with rating 1.33","logger":"task.stdout"}
{"timestamp":"2026-02-12T01:31:58.859940Z","level":"info","event":"Updated instructor Eyleen O'Rourke with difficulty 4.00","logger":"task.stdout"}
{"timestamp":"2026-02-12T01:31:58.860530Z","level":"info","event":"Updated instructor Nizar Hermes with rating 5.00","logger":"task.stdout"}
{"timestamp":"2026-02-12T01:31:58.860935Z","level":"info","event":"Updated instructor Nizar Hermes with difficulty 1.00","logger":"task.stdout"}
{"timestamp":"2026-02-12T01:31:58.861572Z","level":"info","event":"Updated instructor Wendy Smith with rating 4.22","logger":"task.stdout"}
{"timestamp":"2026-02-12T01:31:58.862003Z","level":"info","event":"Updated instructor Wendy Smith with difficulty 1.67","logger":"task.stdout"}
{"timestamp":"2026-02-12T01:31:58.862582Z","level":"info","event":"Updated instructor Lean Sweeney with rating 5.00","logger":"task.stdout"}
{"timestamp":"2026-02-12T01:31:58.863021Z","level":"info","event":"Updated instructor Lean Sweeney with difficulty 1.00","logger":"task.stdout"}
{"timestamp":"2026-02-12T01:31:58.863244Z","level":"info","event":"WARNING: No professor found with name Muhammad Safdar. Skipping rating update for this instructor.","logger":"task.stdout"}
{"timestamp":"2026-02-12T01:31:58.863882Z","level":"info","event":"Updated instructor Rebecca Bultman with rating 5.00","logger":"task.stdout"}
{"timestamp":"2026-02-12T01:31:58.864283Z","level":"info","event":"Updated instructor Rebecca Bultman with difficulty 1.00","logger":"task.stdout"}
{"timestamp":"2026-02-12T01:31:58.864855Z","level":"info","event":"Updated instructor Kimberly Harris with rating 4.17","logger":"task.stdout"}
{"timestamp":"2026-02-12T01:31:58.865260Z","level":"info","event":"Updated instructor Kimberly Harris with difficulty 1.00","logger":"task.stdout"}
{"timestamp":"2026-02-12T01:31:58.865835Z","level":"info","event":"Updated instructor Brandon Edwards with rating 5.00","logger":"task.stdout"}
{"timestamp":"2026-02-12T01:31:58.866249Z","level":"info","event":"Updated instructor Brandon Edwards with difficulty 1.00","logger":"task.stdout"}
{"timestamp":"2026-02-12T01:31:58.866828Z","level":"info","event":"Updated instructor Alaa Abdelghaffar with rating 3.67","logger":"task.stdout"}
{"timestamp":"2026-02-12T01:31:58.867218Z","level":"info","event":"Updated instructor Alaa Abdelghaffar with difficulty 1.50","logger":"task.stdout"}
{"timestamp":"2026-02-12T01:31:58.867432Z","level":"info","event":"WARNING: No professor found with name Shilpa Dave. Skipping rating update for this instructor.","logger":"task.stdout"}
{"timestamp":"2026-02-12T01:31:58.867892Z","level":"info","event":"Updated instructor David Walsh with rating 3.87","logger":"task.stdout"}
{"timestamp":"2026-02-12T01:31:58.868286Z","level":"info","event":"Updated instructor David Walsh with difficulty 1.80","logger":"task.stdout"}
{"timestamp":"2026-02-12T01:31:58.868419Z","level":"info","event":"WARNING: No professor found with name To Announced. Skipping rating update for this instructor.","logger":"task.stdout"}
{"timestamp":"2026-02-12T01:31:58.868875Z","level":"info","event":"Updated instructor Claire Wrigley with rating 5.00","logger":"task.stdout"}
{"timestamp":"2026-02-12T01:31:58.869241Z","level":"info","event":"Updated instructor Claire Wrigley with difficulty 2.00","logger":"task.stdout"}
{"timestamp":"2026-02-12T01:31:58.869723Z","level":"info","event":"Updated instructor Sandhya Shukla with rating 4.11","logger":"task.stdout"}
{"timestamp":"2026-02-12T01:31:58.870130Z","level":"info","event":"Updated instructor Sandhya Shukla with difficulty 1.33","logger":"task.stdout"}
{"timestamp":"2026-02-12T01:31:58.870310Z","level":"info","event":"WARNING: No professor found with name Jennifer Greeson. Skipping rating update for this instructor.","logger":"task.stdout"}
{"timestamp":"2026-02-12T01:31:58.870889Z","level":"info","event":"Updated instructor Lisa Reilly with rating 4.67","logger":"task.stdout"}
{"timestamp":"2026-02-12T01:31:58.871306Z","level":"info","event":"Updated instructor Lisa Reilly with difficulty 3.00","logger":"task.stdout"}
{"timestamp":"2026-02-12T01:31:58.871863Z","level":"info","event":"Updated instructor Zvi Gilboa with rating 1.00","logger":"task.stdout"}
{"timestamp":"2026-02-12T01:31:58.872345Z","level":"info","event":"Updated instructor Zvi Gilboa with difficulty 4.25","logger":"task.stdout"}
{"timestamp":"2026-02-12T01:31:58.873028Z","level":"info","event":"Updated instructor Lauren Mehfoud with rating 4.83","logger":"task.stdout"}
{"timestamp":"2026-02-12T01:31:58.873470Z","level":"info","event":"Updated instructor Lauren Mehfoud with difficulty 1.00","logger":"task.stdout"}
{"timestamp":"2026-02-12T01:31:58.874105Z","level":"info","event":"Updated instructor Alice King with rating 3.67","logger":"task.stdout"}
{"timestamp":"2026-02-12T01:31:58.874528Z","level":"info","event":"Updated instructor Alice King with difficulty 1.00","logger":"task.stdout"}
{"timestamp":"2026-02-12T01:31:58.874665Z","level":"info","event":"WARNING: No professor found with name Eben Yonnetti. Skipping rating update for this instructor.","logger":"task.stdout"}
{"timestamp":"2026-02-12T01:31:58.874828Z","level":"info","event":"WARNING: No professor found with name Christian McMillen. Skipping rating update for this instructor.","logger":"task.stdout"}
{"timestamp":"2026-02-12T01:31:58.875311Z","level":"info","event":"Updated instructor Marcy Linton with rating 4.13","logger":"task.stdout"}
{"timestamp":"2026-02-12T01:31:58.875720Z","level":"info","event":"Updated instructor Marcy Linton with difficulty 1.00","logger":"task.stdout"}
{"timestamp":"2026-02-12T01:31:58.876252Z","level":"info","event":"Updated instructor Jalane Schmidt with rating 1.70","logger":"task.stdout"}
{"timestamp":"2026-02-12T01:31:58.876664Z","level":"info","event":"Updated instructor Jalane Schmidt with difficulty 3.11","logger":"task.stdout"}
{"timestamp":"2026-02-12T01:31:58.877168Z","level":"info","event":"Updated instructor James Seitz with rating 4.83","logger":"task.stdout"}
{"timestamp":"2026-02-12T01:31:58.877578Z","level":"info","event":"Updated instructor James Seitz with difficulty 1.00","logger":"task.stdout"}
{"timestamp":"2026-02-12T01:31:58.877714Z","level":"info","event":"WARNING: No professor found with name Allison Bigelow. Skipping rating update for this instructor.","logger":"task.stdout"}
{"timestamp":"2026-02-12T01:31:58.877884Z","level":"info","event":"WARNING: No professor found with name Alexander Wolfson. Skipping rating update for this instructor.","logger":"task.stdout"}
{"timestamp":"2026-02-12T01:31:58.878083Z","level":"info","event":"WARNING: No professor found with name Francesca Calamita. Skipping rating update for this instructor.","logger":"task.stdout"}
{"timestamp":"2026-02-12T01:31:58.878180Z","level":"info","event":"WARNING: No professor found with name Inger Kuin. Skipping rating update for this instructor.","logger":"task.stdout"}
{"timestamp":"2026-02-12T01:31:58.878351Z","level":"info","event":"WARNING: No professor found with name Herbert Braun. Skipping rating update for this instructor.","logger":"task.stdout"}
{"timestamp":"2026-02-12T01:31:58.878834Z","level":"info","event":"Updated instructor Karl Shuve with rating 3.67","logger":"task.stdout"}
{"timestamp":"2026-02-12T01:31:58.879241Z","level":"info","event":"Updated instructor Karl Shuve with difficulty 4.00","logger":"task.stdout"}
{"timestamp":"2026-02-12T01:31:58.879800Z","level":"info","event":"Updated instructor Foteini Kondyli with rating 4.33","logger":"task.stdout"}
{"timestamp":"2026-02-12T01:31:58.880193Z","level":"info","event":"Updated instructor Foteini Kondyli with difficulty 3.00","logger":"task.stdout"}
{"timestamp":"2026-02-12T01:31:58.880405Z","level":"info","event":"WARNING: No professor found with name Swayam Bagaria. Skipping rating update for this instructor.","logger":"task.stdout"}
{"timestamp":"2026-02-12T01:31:58.880995Z","level":"info","event":"Updated instructor Ricardo Padron with rating 5.00","logger":"task.stdout"}
{"timestamp":"2026-02-12T01:31:58.881415Z","level":"info","event":"Updated instructor Ricardo Padron with difficulty 2.00","logger":"task.stdout"}
{"timestamp":"2026-02-12T01:31:58.881569Z","level":"info","event":"WARNING: No professor found with name Jane Mikkelson. Skipping rating update for this instructor.","logger":"task.stdout"}
{"timestamp":"2026-02-12T01:31:58.882144Z","level":"info","event":"Updated instructor Nichole Flores with rating 2.33","logger":"task.stdout"}
{"timestamp":"2026-02-12T01:31:58.882569Z","level":"info","event":"Updated instructor Nichole Flores with difficulty 3.00","logger":"task.stdout"}
{"timestamp":"2026-02-12T01:31:58.882905Z","level":"info","event":"WARNING: No professor found with name Andrea Press. Skipping rating update for this instructor.","logger":"task.stdout"}
{"timestamp":"2026-02-12T01:31:59.059850Z","level":"info","event":"Processing course EGMT 1520 with 103 instructors","logger":"task.stdout"}
{"timestamp":"2026-02-12T01:31:59.061717Z","level":"info","event":"Updated instructor Dan Spitzner with rating 1.33","logger":"task.stdout"}
{"timestamp":"2026-02-12T01:31:59.062249Z","level":"info","event":"Updated instructor Dan Spitzner with difficulty 1.00","logger":"task.stdout"}
{"timestamp":"2026-02-12T01:31:59.063053Z","level":"info","event":"Updated instructor Caleb Hendrickson with rating 5.00","logger":"task.stdout"}
{"timestamp":"2026-02-12T01:31:59.063498Z","level":"info","event":"Updated instructor Caleb Hendrickson with difficulty 1.00","logger":"task.stdout"}
{"timestamp":"2026-02-12T01:31:59.064048Z","level":"info","event":"Updated instructor Jennifer Morse with rating 3.33","logger":"task.stdout"}
{"timestamp":"2026-02-12T01:31:59.064477Z","level":"info","event":"Updated instructor Jennifer Morse with difficulty 2.00","logger":"task.stdout"}
{"timestamp":"2026-02-12T01:31:59.065170Z","level":"info","event":"Updated instructor Bridget Reilly with rating 5.00","logger":"task.stdout"}
{"timestamp":"2026-02-12T01:31:59.065570Z","level":"info","event":"Updated instructor Bridget Reilly with difficulty 1.00","logger":"task.stdout"}
{"timestamp":"2026-02-12T01:31:59.066249Z","level":"info","event":"Updated instructor Rebecca Bultman with rating 5.00","logger":"task.stdout"}
{"timestamp":"2026-02-12T01:31:59.066682Z","level":"info","event":"Updated instructor Rebecca Bultman with difficulty 1.00","logger":"task.stdout"}
{"timestamp":"2026-02-12T01:31:59.067319Z","level":"info","event":"Updated instructor Claire Wrigley with rating 4.00","logger":"task.stdout"}
{"timestamp":"2026-02-12T01:31:59.067718Z","level":"info","event":"Updated instructor Claire Wrigley with difficulty 2.00","logger":"task.stdout"}
{"timestamp":"2026-02-12T01:31:59.068389Z","level":"info","event":"Updated instructor Gillet Rosenblith with rating 4.22","logger":"task.stdout"}
{"timestamp":"2026-02-12T01:31:59.068785Z","level":"info","event":"Updated instructor Gillet Rosenblith with difficulty 1.17","logger":"task.stdout"}
{"timestamp":"2026-02-12T01:31:59.068930Z","level":"info","event":"WARNING: No professor found with name To Announced. Skipping rating update for this instructor.","logger":"task.stdout"}
{"timestamp":"2026-02-12T01:31:59.069481Z","level":"info","event":"Updated instructor Sara Maloni with rating 4.00","logger":"task.stdout"}
{"timestamp":"2026-02-12T01:31:59.069861Z","level":"info","event":"Updated instructor Sara Maloni with difficulty 1.50","logger":"task.stdout"}
{"timestamp":"2026-02-12T01:31:59.070494Z","level":"info","event":"Updated instructor Erin Clabough with rating 3.78","logger":"task.stdout"}
{"timestamp":"2026-02-12T01:31:59.070884Z","level":"info","event":"Updated instructor Erin Clabough with difficulty 1.33","logger":"task.stdout"}
{"timestamp":"2026-02-12T01:31:59.071450Z","level":"info","event":"Updated instructor Sean Reid with rating 5.00","logger":"task.stdout"}
{"timestamp":"2026-02-12T01:31:59.071869Z","level":"info","event":"Updated instructor Sean Reid with difficulty 1.50","logger":"task.stdout"}
{"timestamp":"2026-02-12T01:31:59.071990Z","level":"info","event":"WARNING: No professor found with name Jennie Williams. Skipping rating update for this instructor.","logger":"task.stdout"}
{"timestamp":"2026-02-12T01:31:59.072574Z","level":"info","event":"Updated instructor James Coan with rating 4.87","logger":"task.stdout"}
{"timestamp":"2026-02-12T01:31:59.072934Z","level":"info","event":"Updated instructor James Coan with difficulty 1.60","logger":"task.stdout"}
{"timestamp":"2026-02-12T01:31:59.073448Z","level":"info","event":"Updated instructor Jessica Connelly with rating 4.78","logger":"task.stdout"}
{"timestamp":"2026-02-12T01:31:59.073843Z","level":"info","event":"Updated instructor Jessica Connelly with difficulty 1.67","logger":"task.stdout"}
{"timestamp":"2026-02-12T01:31:59.074339Z","level":"info","event":"Updated instructor Olivier Pfister with rating 4.67","logger":"task.stdout"}
{"timestamp":"2026-02-12T01:31:59.074721Z","level":"info","event":"Updated instructor Olivier Pfister with difficulty 1.00","logger":"task.stdout"}
{"timestamp":"2026-02-12T01:31:59.075265Z","level":"info","event":"Updated instructor Amanda Phillips with rating 2.00","logger":"task.stdout"}
{"timestamp":"2026-02-12T01:31:59.075658Z","level":"info","event":"Updated instructor Amanda Phillips with difficulty 2.00","logger":"task.stdout"}
{"timestamp":"2026-02-12T01:31:59.076271Z","level":"info","event":"Updated instructor Thomas Koberda with rating 3.44","logger":"task.stdout"}
{"timestamp":"2026-02-12T01:31:59.076681Z","level":"info","event":"Updated instructor Thomas Koberda with difficulty 1.33","logger":"task.stdout"}
{"timestamp":"2026-02-12T01:31:59.077228Z","level":"info","event":"Updated instructor Fiona Greenland with rating 4.67","logger":"task.stdout"}
{"timestamp":"2026-02-12T01:31:59.077646Z","level":"info","event":"Updated instructor Fiona Greenland with difficulty 4.00","logger":"task.stdout"}
{"timestamp":"2026-02-12T01:31:59.078379Z","level":"info","event":"Updated instructor John Mclaren with rating 4.00","logger":"task.stdout"}
{"timestamp":"2026-02-12T01:31:59.078832Z","level":"info","event":"Updated instructor John Mclaren with difficulty 1.00","logger":"task.stdout"}
{"timestamp":"2026-02-12T01:31:59.079054Z","level":"info","event":"WARNING: No professor found with name Bo Odom. Skipping rating update for this instructor.","logger":"task.stdout"}
{"timestamp":"2026-02-12T01:31:59.079231Z","level":"info","event":"WARNING: No professor found with name Erik Fredner. Skipping rating update for this instructor.","logger":"task.stdout"}
{"timestamp":"2026-02-12T01:31:59.079395Z","level":"info","event":"WARNING: No professor found with name Jessica Niblo. Skipping rating update for this instructor.","logger":"task.stdout"}
{"timestamp":"2026-02-12T01:31:59.080041Z","level":"info","event":"Updated instructor Natasha Heller with rating 2.67","logger":"task.stdout"}
{"timestamp":"2026-02-12T01:31:59.080464Z","level":"info","event":"Updated instructor Natasha Heller with difficulty 1.00","logger":"task.stdout"}
{"timestamp":"2026-02-12T01:31:59.081018Z","level":"info","event":"Updated instructor Angeline Lillard with rating 2.17","logger":"task.stdout"}
{"timestamp":"2026-02-12T01:31:59.081440Z","level":"info","event":"Updated instructor Angeline Lillard with difficulty 2.50","logger":"task.stdout"}
{"timestamp":"2026-02-12T01:31:59.081626Z","level":"info","event":"WARNING: No professor found with name Jessie Stern. Skipping rating update for this instructor.","logger":"task.stdout"}
{"timestamp":"2026-02-12T01:31:59.082220Z","level":"info","event":"Updated instructor Sarah Kucenas with rating 4.33","logger":"task.stdout"}
{"timestamp":"2026-02-12T01:31:59.082627Z","level":"info","event":"Updated instructor Sarah Kucenas with difficulty 1.00","logger":"task.stdout"}
{"timestamp":"2026-02-12T01:31:59.082852Z","level":"info","event":"WARNING: No professor found with name Kelsey Johnson. Skipping rating update for this instructor.","logger":"task.stdout"}
{"timestamp":"2026-02-12T01:31:59.083027Z","level":"info","event":"WARNING: No professor found with name William Pearson. Skipping rating update for this instructor.","logger":"task.stdout"}
{"timestamp":"2026-02-12T01:31:59.083174Z","level":"info","event":"WARNING: No professor found with name Sarah Teets. Skipping rating update for this instructor.","logger":"task.stdout"}
{"timestamp":"2026-02-12T01:31:59.083328Z","level":"info","event":"WARNING: No professor found with name Priya Date. Skipping rating update for this instructor.","logger":"task.stdout"}
{"timestamp":"2026-02-12T01:31:59.083923Z","level":"info","event":"Updated instructor Mark Whittle with rating 2.00","logger":"task.stdout"}
{"timestamp":"2026-02-12T01:31:59.084330Z","level":"info","event":"Updated instructor Mark Whittle with difficulty 3.50","logger":"task.stdout"}
{"timestamp":"2026-02-12T01:31:59.084509Z","level":"info","event":"WARNING: No professor found with name Austin Keeler. Skipping rating update for this instructor.","logger":"task.stdout"}
{"timestamp":"2026-02-12T01:31:59.084851Z","level":"info","event":"WARNING: No professor found with name Dorothy Schafer. Skipping rating update for this instructor.","logger":"task.stdout"}
{"timestamp":"2026-02-12T01:31:59.085398Z","level":"info","event":"Updated instructor Michael Wellmon with rating 4.67","logger":"task.stdout"}
{"timestamp":"2026-02-12T01:31:59.085799Z","level":"info","event":"Updated instructor Michael Wellmon with difficulty 3.00","logger":"task.stdout"}
{"timestamp":"2026-02-12T01:31:59.155304Z","level":"info","event":"Processing course EGMT 1540 with 101 instructors","logger":"task.stdout"}
{"timestamp":"2026-02-12T01:31:59.156351Z","level":"info","event":"Updated instructor Laura Goldblatt with rating 4.22","logger":"task.stdout"}
{"timestamp":"2026-02-12T01:31:59.157068Z","level":"info","event":"Updated instructor Laura Goldblatt with difficulty 2.00","logger":"task.stdout"}
{"timestamp":"2026-02-12T01:31:59.157852Z","level":"info","event":"Updated instructor Andrew Ferguson with rating 3.56","logger":"task.stdout"}
{"timestamp":"2026-02-12T01:31:59.158323Z","level":"info","event":"Updated instructor Andrew Ferguson with difficulty 1.67","logger":"task.stdout"}
{"timestamp":"2026-02-12T01:31:59.159165Z","level":"info","event":"Updated instructor Keith Driver with rating 3.67","logger":"task.stdout"}
{"timestamp":"2026-02-12T01:31:59.159609Z","level":"info","event":"Updated instructor Keith Driver with difficulty 2.00","logger":"task.stdout"}
{"timestamp":"2026-02-12T01:31:59.160303Z","level":"info","event":"Updated instructor Erik Braun with rating 4.67","logger":"task.stdout"}
{"timestamp":"2026-02-12T01:31:59.160854Z","level":"info","event":"Updated instructor Erik Braun with difficulty 1.00","logger":"task.stdout"}
{"timestamp":"2026-02-12T01:31:59.161585Z","level":"info","event":"Updated instructor Eric Hilker with rating 4.00","logger":"task.stdout"}
{"timestamp":"2026-02-12T01:31:59.162079Z","level":"info","event":"Updated instructor Eric Hilker with difficulty 1.00","logger":"task.stdout"}
{"timestamp":"2026-02-12T01:31:59.162771Z","level":"info","event":"Updated instructor Evan Brubaker with rating 4.00","logger":"task.stdout"}
{"timestamp":"2026-02-12T01:31:59.163211Z","level":"info","event":"Updated instructor Evan Brubaker with difficulty 2.00","logger":"task.stdout"}
{"timestamp":"2026-02-12T01:31:59.163969Z","level":"info","event":"Updated instructor Jessica Swoboda with rating 4.83","logger":"task.stdout"}
{"timestamp":"2026-02-12T01:31:59.164388Z","level":"info","event":"Updated instructor Jessica Swoboda with difficulty 1.00","logger":"task.stdout"}
{"timestamp":"2026-02-12T01:31:59.164994Z","level":"info","event":"Updated instructor David Walsh with rating 3.50","logger":"task.stdout"}
{"timestamp":"2026-02-12T01:31:59.165437Z","level":"info","event":"Updated instructor David Walsh with difficulty 1.50","logger":"task.stdout"}
{"timestamp":"2026-02-12T01:31:59.166053Z","level":"info","event":"Updated instructor Erica Krause with rating 4.33","logger":"task.stdout"}
{"timestamp":"2026-02-12T01:31:59.166512Z","level":"info","event":"Updated instructor Erica Krause with difficulty 2.00","logger":"task.stdout"}
{"timestamp":"2026-02-12T01:31:59.167151Z","level":"info","event":"Updated instructor Tom Donahue-Ochoa with rating 2.44","logger":"task.stdout"}
{"timestamp":"2026-02-12T01:31:59.167572Z","level":"info","event":"Updated instructor Tom Donahue-Ochoa with difficulty 2.00","logger":"task.stdout"}
{"timestamp":"2026-02-12T01:31:59.167857Z","level":"info","event":"WARNING: No professor found with name To Announced. Skipping rating update for this instructor.","logger":"task.stdout"}
{"timestamp":"2026-02-12T01:31:59.168432Z","level":"info","event":"Updated instructor Deborah McGrady with rating 3.42","logger":"task.stdout"}
{"timestamp":"2026-02-12T01:31:59.168853Z","level":"info","event":"Updated instructor Deborah McGrady with difficulty 2.50","logger":"task.stdout"}
{"timestamp":"2026-02-12T01:31:59.169005Z","level":"info","event":"WARNING: No professor found with name Walter Ott. Skipping rating update for this instructor.","logger":"task.stdout"}
{"timestamp":"2026-02-12T01:31:59.169574Z","level":"info","event":"Updated instructor Caleb Hendrickson with rating 5.00","logger":"task.stdout"}
{"timestamp":"2026-02-12T01:31:59.169974Z","level":"info","event":"Updated instructor Caleb Hendrickson with difficulty 1.00","logger":"task.stdout"}
{"timestamp":"2026-02-12T01:31:59.170127Z","level":"info","event":"WARNING: No professor found with name Cherrie Kwok. Skipping rating update for this instructor.","logger":"task.stdout"}
{"timestamp":"2026-02-12T01:31:59.170274Z","level":"info","event":"WARNING: No professor found with name Christopher Choi. Skipping rating update for this instructor.","logger":"task.stdout"}
{"timestamp":"2026-02-12T01:31:59.170435Z","level":"info","event":"WARNING: No professor found with name Jason Evans. Skipping rating update for this instructor.","logger":"task.stdout"}
{"timestamp":"2026-02-12T01:31:59.170581Z","level":"info","event":"WARNING: No professor found with name Benjamin Bernard. Skipping rating update for this instructor.","logger":"task.stdout"}
{"timestamp":"2026-02-12T01:31:59.170728Z","level":"info","event":"WARNING: No professor found with name Sandra Seidel. Skipping rating update for this instructor.","logger":"task.stdout"}
{"timestamp":"2026-02-12T01:31:59.170913Z","level":"info","event":"WARNING: No professor found with name Brian Owensby. Skipping rating update for this instructor.","logger":"task.stdout"}
{"timestamp":"2026-02-12T01:31:59.171486Z","level":"info","event":"Updated instructor Michael Wellmon with rating 2.17","logger":"task.stdout"}
{"timestamp":"2026-02-12T01:31:59.171883Z","level":"info","event":"Updated instructor Michael Wellmon with difficulty 2.83","logger":"task.stdout"}
{"timestamp":"2026-02-12T01:31:59.172061Z","level":"info","event":"WARNING: No professor found with name Aynne Kokas. Skipping rating update for this instructor.","logger":"task.stdout"}
{"timestamp":"2026-02-12T01:31:59.172252Z","level":"info","event":"WARNING: No professor found with name Erin Eaker. Skipping rating update for this instructor.","logger":"task.stdout"}
{"timestamp":"2026-02-12T01:31:59.172434Z","level":"info","event":"WARNING: No professor found with name Emily Mellen. Skipping rating update for this instructor.","logger":"task.stdout"}
{"timestamp":"2026-02-12T01:31:59.172616Z","level":"info","event":"WARNING: No professor found with name Inger Kuin. Skipping rating update for this instructor.","logger":"task.stdout"}
{"timestamp":"2026-02-12T01:31:59.173203Z","level":"info","event":"Updated instructor Angel Parham with rating 3.67","logger":"task.stdout"}
{"timestamp":"2026-02-12T01:31:59.173621Z","level":"info","event":"Updated instructor Angel Parham with difficulty 1.00","logger":"task.stdout"}
{"timestamp":"2026-02-12T01:31:59.173773Z","level":"info","event":"WARNING: No professor found with name Mary Nickel. Skipping rating update for this instructor.","logger":"task.stdout"}
{"timestamp":"2026-02-12T01:31:59.173947Z","level":"info","event":"WARNING: No professor found with name Matt Elia. Skipping rating update for this instructor.","logger":"task.stdout"}
{"timestamp":"2026-02-12T01:31:59.174081Z","level":"info","event":"WARNING: No professor found with name Cassandra Fraser. Skipping rating update for this instructor.","logger":"task.stdout"}
{"timestamp":"2026-02-12T01:31:59.174642Z","level":"info","event":"Updated instructor Talbot Brewer with rating 4.00","logger":"task.stdout"}
{"timestamp":"2026-02-12T01:31:59.175033Z","level":"info","event":"Updated instructor Talbot Brewer with difficulty 2.00","logger":"task.stdout"}
{"timestamp":"2026-02-12T01:31:59.175252Z","level":"info","event":"WARNING: No professor found with name Sarah Teets. Skipping rating update for this instructor.","logger":"task.stdout"}
{"timestamp":"2026-02-12T01:31:59.175449Z","level":"info","event":"WARNING: No professor found with name Alexander Wolfson. Skipping rating update for this instructor.","logger":"task.stdout"}
{"timestamp":"2026-02-12T01:31:59.176006Z","level":"info","event":"Updated instructor Jacqueline Arthur-Montagne with rating 4.83","logger":"task.stdout"}
{"timestamp":"2026-02-12T01:31:59.176437Z","level":"info","event":"Updated instructor Jacqueline Arthur-Montagne with difficulty 3.00","logger":"task.stdout"}
{"timestamp":"2026-02-12T01:31:59.176995Z","level":"info","event":"Updated instructor Benjamin Bennett with rating 1.89","logger":"task.stdout"}
{"timestamp":"2026-02-12T01:31:59.177450Z","level":"info","event":"Updated instructor Benjamin Bennett with difficulty 2.67","logger":"task.stdout"}
{"timestamp":"2026-02-12T01:31:59.177705Z","level":"info","event":"WARNING: No professor found with name Swayam Bagaria. Skipping rating update for this instructor.","logger":"task.stdout"}
{"timestamp":"2026-02-12T01:31:59.177955Z","level":"info","event":"WARNING: No professor found with name Kevin Lehmann. Skipping rating update for this instructor.","logger":"task.stdout"}
{"timestamp":"2026-02-12T01:31:59.178191Z","level":"info","event":"WARNING: No professor found with name Jack Chen. Skipping rating update for this instructor.","logger":"task.stdout"}
{"timestamp":"2026-02-12T01:31:59.178629Z","level":"info","event":"WARNING: No professor found with name Isaac Reed. Skipping rating update for this instructor.","logger":"task.stdout"}
{"timestamp":"2026-02-12T01:31:59.207770Z","level":"info","event":"Processing course EGMT 2500 with 15 instructors","logger":"task.stdout"}
{"timestamp":"2026-02-12T01:31:59.232815Z","level":"info","event":"Processing course ENCW 4830 with 8 instructors","logger":"task.stdout"}
{"timestamp":"2026-02-12T01:31:59.253588Z","level":"info","event":"Processing course ENCW 4920 with 2 instructors","logger":"task.stdout"}
{"timestamp":"2026-02-12T01:31:59.395592Z","level":"info","event":"Processing course ENCW 4993 with 12 instructors","logger":"task.stdout"}
{"timestamp":"2026-02-12T01:31:59.418412Z","level":"info","event":"Processing course ENCW 2100 with 1 instructors","logger":"task.stdout"}
{"timestamp":"2026-02-12T01:31:59.466969Z","level":"info","event":"Processing course ENCW 2300 with 62 instructors","logger":"task.stdout"}
{"timestamp":"2026-02-12T01:31:59.467361Z","level":"info","event":"WARNING: No professor found with name To Announced. Skipping rating update for this instructor.","logger":"task.stdout"}
{"timestamp":"2026-02-12T01:31:59.468125Z","level":"info","event":"Updated instructor Desiree Hensley with rating 5.00","logger":"task.stdout"}
{"timestamp":"2026-02-12T01:31:59.468558Z","level":"info","event":"Updated instructor Desiree Hensley with difficulty 1.00","logger":"task.stdout"}
{"timestamp":"2026-02-12T01:31:59.469142Z","level":"info","event":"Updated instructor Gabriel Costello with rating 5.00","logger":"task.stdout"}
{"timestamp":"2026-02-12T01:31:59.469547Z","level":"info","event":"Updated instructor Gabriel Costello with difficulty 2.00","logger":"task.stdout"}
{"timestamp":"2026-02-12T01:31:59.469905Z","level":"info","event":"WARNING: No professor found with name Caroline Erickson. Skipping rating update for this instructor.","logger":"task.stdout"}
{"timestamp":"2026-02-12T01:31:59.470155Z","level":"info","event":"WARNING: No professor found with name Alexa Luborsky. Skipping rating update for this instructor.","logger":"task.stdout"}
{"timestamp":"2026-02-12T01:31:59.470594Z","level":"info","event":"WARNING: No professor found with name Hannah Dierdorff. Skipping rating update for this instructor.","logger":"task.stdout"}
{"timestamp":"2026-02-12T01:31:59.470782Z","level":"info","event":"WARNING: No professor found with name Kyle Marbut. Skipping rating update for this instructor.","logger":"task.stdout"}
{"timestamp":"2026-02-12T01:31:59.471158Z","level":"info","event":"WARNING: No professor found with name Mary Agnew. Skipping rating update for this instructor.","logger":"task.stdout"}
{"timestamp":"2026-02-12T01:31:59.493345Z","level":"info","event":"Processing course ENCW 2559 with 1 instructors","logger":"task.stdout"}
{"timestamp":"2026-02-12T01:31:59.542965Z","level":"info","event":"Processing course ENCW 2600 with 61 instructors","logger":"task.stdout"}
{"timestamp":"2026-02-12T01:31:59.544051Z","level":"info","event":"Updated instructor Opeyemi Rasak-Oyadiran with rating 4.00","logger":"task.stdout"}
{"timestamp":"2026-02-12T01:31:59.544578Z","level":"info","event":"Updated instructor Opeyemi Rasak-Oyadiran with difficulty 2.00","logger":"task.stdout"}
{"timestamp":"2026-02-12T01:31:59.545283Z","level":"info","event":"Updated instructor Danny Eisenberg with rating 4.00","logger":"task.stdout"}
{"timestamp":"2026-02-12T01:31:59.545864Z","level":"info","event":"Updated instructor Danny Eisenberg with difficulty 2.00","logger":"task.stdout"}
{"timestamp":"2026-02-12T01:31:59.546343Z","level":"info","event":"WARNING: No professor found with name Bella Lewis. Skipping rating update for this instructor.","logger":"task.stdout"}
{"timestamp":"2026-02-12T01:31:59.546550Z","level":"info","event":"WARNING: No professor found with name Tafara Gava. Skipping rating update for this instructor.","logger":"task.stdout"}
{"timestamp":"2026-02-12T01:31:59.546706Z","level":"info","event":"WARNING: No professor found with name Tanner Hansen. Skipping rating update for this instructor.","logger":"task.stdout"}
{"timestamp":"2026-02-12T01:31:59.546936Z","level":"info","event":"WARNING: No professor found with name Coby-Dillon English. Skipping rating update for this instructor.","logger":"task.stdout"}
{"timestamp":"2026-02-12T01:31:59.547166Z","level":"info","event":"WARNING: No professor found with name Jana Horn. Skipping rating update for this instructor.","logger":"task.stdout"}
{"timestamp":"2026-02-12T01:31:59.547479Z","level":"info","event":"WARNING: No professor found with name Roberto Rodriguez. Skipping rating update for this instructor.","logger":"task.stdout"}
{"timestamp":"2026-02-12T01:31:59.547632Z","level":"info","event":"WARNING: No professor found with name Nana Boateng. Skipping rating update for this instructor.","logger":"task.stdout"}
{"timestamp":"2026-02-12T01:31:59.547798Z","level":"info","event":"WARNING: No professor found with name Derick Olson. Skipping rating update for this instructor.","logger":"task.stdout"}
{"timestamp":"2026-02-12T01:31:59.548000Z","level":"info","event":"WARNING: No professor found with name Gahl pardes. Skipping rating update for this instructor.","logger":"task.stdout"}
{"timestamp":"2026-02-12T01:31:59.548192Z","level":"info","event":"WARNING: No professor found with name Kate Severance. Skipping rating update for this instructor.","logger":"task.stdout"}
{"timestamp":"2026-02-12T01:31:59.548341Z","level":"info","event":"WARNING: No professor found with name Sahika Gurler. Skipping rating update for this instructor.","logger":"task.stdout"}
{"timestamp":"2026-02-12T01:31:59.548491Z","level":"info","event":"WARNING: No professor found with name Acacia Johnson. Skipping rating update for this instructor.","logger":"task.stdout"}
{"timestamp":"2026-02-12T01:31:59.548762Z","level":"info","event":"WARNING: No professor found with name Miriam Grossman. Skipping rating update for this instructor.","logger":"task.stdout"}
{"timestamp":"2026-02-12T01:31:59.574913Z","level":"info","event":"Processing course ENCW 3310 with 10 instructors","logger":"task.stdout"}
{"timestamp":"2026-02-12T01:31:59.575847Z","level":"info","event":"Updated instructor Brian Teare with rating 5.00","logger":"task.stdout"}
{"timestamp":"2026-02-12T01:31:59.576285Z","level":"info","event":"Updated instructor Brian Teare with difficulty 1.00","logger":"task.stdout"}
{"timestamp":"2026-02-12T01:31:59.576562Z","level":"info","event":"WARNING: No professor found with name Debra Nystrom. Skipping rating update for this instructor.","logger":"task.stdout"}
{"timestamp":"2026-02-12T01:31:59.597702Z","level":"info","event":"Processing course ENCW 3500 with 2 instructors","logger":"task.stdout"}
{"timestamp":"2026-02-12T01:31:59.623655Z","level":"info","event":"Processing course ENCW 3610 with 15 instructors","logger":"task.stdout"}
{"timestamp":"2026-02-12T01:31:59.624575Z","level":"info","event":"Updated instructor Anna Martin-Beecher with rating 5.00","logger":"task.stdout"}
{"timestamp":"2026-02-12T01:31:59.624983Z","level":"info","event":"Updated instructor Anna Martin-Beecher with difficulty 3.00","logger":"task.stdout"}
{"timestamp":"2026-02-12T01:31:59.750973Z","level":"info","event":"Processing course ENCW 4350 with 5 instructors","logger":"task.stdout"}
{"timestamp":"2026-02-12T01:31:59.777082Z","level":"info","event":"Processing course ENCW 4550 with 10 instructors","logger":"task.stdout"}
{"timestamp":"2026-02-12T01:31:59.799952Z","level":"info","event":"Processing course ENCW 4720 with 5 instructors","logger":"task.stdout"}
{"timestamp":"2026-02-12T01:31:59.823878Z","level":"info","event":"Processing course ENCW 4820 with 5 instructors","logger":"task.stdout"}
{"timestamp":"2026-02-12T01:31:59.824765Z","level":"info","event":"Updated instructor Lisa Spaar with rating 5.00","logger":"task.stdout"}
{"timestamp":"2026-02-12T01:31:59.825158Z","level":"info","event":"Updated instructor Lisa Spaar with difficulty 3.00","logger":"task.stdout"}
{"timestamp":"2026-02-12T01:31:59.846562Z","level":"info","event":"Processing course ENGL 1590 with 1 instructors","logger":"task.stdout"}
{"timestamp":"2026-02-12T01:31:59.870671Z","level":"info","event":"Processing course ENGL 2502 with 8 instructors","logger":"task.stdout"}
{"timestamp":"2026-02-12T01:31:59.871054Z","level":"info","event":"WARNING: No professor found with name Alison Hurley. Skipping rating update for this instructor.","logger":"task.stdout"}
{"timestamp":"2026-02-12T01:31:59.871779Z","level":"info","event":"Updated instructor Brad Pasanek with rating 4.22","logger":"task.stdout"}
{"timestamp":"2026-02-12T01:31:59.872212Z","level":"info","event":"Updated instructor Brad Pasanek with difficulty 3.00","logger":"task.stdout"}
{"timestamp":"2026-02-12T01:31:59.903027Z","level":"info","event":"Processing course ENGL 2506 with 25 instructors","logger":"task.stdout"}
{"timestamp":"2026-02-12T01:31:59.903456Z","level":"info","event":"WARNING: No professor found with name Jahan Ramazani. Skipping rating update for this instructor.","logger":"task.stdout"}
{"timestamp":"2026-02-12T01:31:59.903740Z","level":"info","event":"WARNING: No professor found with name Walter Jost. Skipping rating update for this instructor.","logger":"task.stdout"}
{"timestamp":"2026-02-12T01:31:59.904347Z","level":"info","event":"Updated instructor Rebecca Rush with rating 3.67","logger":"task.stdout"}
{"timestamp":"2026-02-12T01:31:59.904768Z","level":"info","event":"Updated instructor Rebecca Rush with difficulty 3.00","logger":"task.stdout"}
{"timestamp":"2026-02-12T01:31:59.905076Z","level":"info","event":"WARNING: No professor found with name Matthew Davis. Skipping rating update for this instructor.","logger":"task.stdout"}
{"timestamp":"2026-02-12T01:31:59.905791Z","level":"info","event":"Updated instructor Matthew Martello with rating 4.67","logger":"task.stdout"}
{"timestamp":"2026-02-12T01:31:59.906190Z","level":"info","event":"Updated instructor Matthew Martello with difficulty 3.00","logger":"task.stdout"}
{"timestamp":"2026-02-12T01:31:59.906426Z","level":"info","event":"WARNING: No professor found with name Sarah Storti. Skipping rating update for this instructor.","logger":"task.stdout"}
{"timestamp":"2026-02-12T01:31:59.906608Z","level":"info","event":"WARNING: No professor found with name Micah Holmes. Skipping rating update for this instructor.","logger":"task.stdout"}
{"timestamp":"2026-02-12T01:31:59.907162Z","level":"info","event":"Updated instructor Bridget Reilly with rating 4.50","logger":"task.stdout"}
{"timestamp":"2026-02-12T01:31:59.907604Z","level":"info","event":"Updated instructor Bridget Reilly with difficulty 2.50","logger":"task.stdout"}
{"timestamp":"2026-02-12T01:31:59.930890Z","level":"info","event":"Processing course ENGL 2507 with 8 instructors","logger":"task.stdout"}
{"timestamp":"2026-02-12T01:31:59.931299Z","level":"info","event":"WARNING: No professor found with name Adriana Streifer. Skipping rating update for this instructor.","logger":"task.stdout"}
{"timestamp":"2026-02-12T01:31:59.972578Z","level":"info","event":"Processing course ENGL 2508 with 27 instructors","logger":"task.stdout"}
{"timestamp":"2026-02-12T01:31:59.974033Z","level":"info","event":"Updated instructor Caroline Rody with rating 5.00","logger":"task.stdout"}
{"timestamp":"2026-02-12T01:31:59.974498Z","level":"info","event":"Updated instructor Caroline Rody with difficulty 3.00","logger":"task.stdout"}
{"timestamp":"2026-02-12T01:31:59.975204Z","level":"info","event":"Updated instructor James Kinney with rating 1.20","logger":"task.stdout"}
{"timestamp":"2026-02-12T01:31:59.975694Z","level":"info","event":"Updated instructor James Kinney with difficulty 3.00","logger":"task.stdout"}
{"timestamp":"2026-02-12T01:31:59.976391Z","level":"info","event":"Updated instructor Patricia Sullivan with rating 4.50","logger":"task.stdout"}
{"timestamp":"2026-02-12T01:31:59.976965Z","level":"info","event":"Updated instructor Patricia Sullivan with difficulty 3.00","logger":"task.stdout"}
{"timestamp":"2026-02-12T01:31:59.977590Z","level":"info","event":"Updated instructor Charity Fowler with rating 5.00","logger":"task.stdout"}
{"timestamp":"2026-02-12T01:31:59.978029Z","level":"info","event":"Updated instructor Charity Fowler with difficulty 2.00","logger":"task.stdout"}
{"timestamp":"2026-02-12T01:31:59.980320Z","level":"info","event":"Updated instructor Debjani Ganguly with rating 3.00","logger":"task.stdout"}
{"timestamp":"2026-02-12T01:31:59.981563Z","level":"info","event":"Updated instructor Debjani Ganguly with difficulty 4.00","logger":"task.stdout"}
{"timestamp":"2026-02-12T01:31:59.981629Z","level":"info","event":"Updated instructor Cristina Griffin with rating 5.00","logger":"task.stdout"}
{"timestamp":"2026-02-12T01:31:59.981684Z","level":"info","event":"Updated instructor Cristina Griffin with difficulty 2.00","logger":"task.stdout"}
{"timestamp":"2026-02-12T01:31:59.981779Z","level":"info","event":"Updated instructor Victoria Olwell with rating 5.00","logger":"task.stdout"}
{"timestamp":"2026-02-12T01:31:59.981861Z","level":"info","event":"Updated instructor Victoria Olwell with difficulty 2.00","logger":"task.stdout"}
{"timestamp":"2026-02-12T01:31:59.981935Z","level":"info","event":"Updated instructor Mrinalini Chakravorty with rating 4.67","logger":"task.stdout"}
{"timestamp":"2026-02-12T01:31:59.982311Z","level":"info","event":"Updated instructor Mrinalini Chakravorty with difficulty 4.00","logger":"task.stdout"}
{"timestamp":"2026-02-12T01:31:59.983424Z","level":"info","event":"Updated instructor Stephen Arata with rating 4.25","logger":"task.stdout"}
{"timestamp":"2026-02-12T01:31:59.985049Z","level":"info","event":"Updated instructor Stephen Arata with difficulty 2.50","logger":"task.stdout"}
{"timestamp":"2026-02-12T01:31:59.986965Z","level":"info","event":"Updated instructor Mary Kuhn with rating 4.42","logger":"task.stdout"}
{"timestamp":"2026-02-12T01:31:59.987304Z","level":"info","event":"Updated instructor Mary Kuhn with difficulty 2.25","logger":"task.stdout"}
{"timestamp":"2026-02-12T01:31:59.987684Z","level":"info","event":"WARNING: No professor found with name Faculty Staff. Skipping rating update for this instructor.","logger":"task.stdout"}
{"timestamp":"2026-02-12T01:31:59.987854Z","level":"info","event":"WARNING: No professor found with name Grace Vasington. Skipping rating update for this instructor.","logger":"task.stdout"}
{"timestamp":"2026-02-12T01:32:00.209783Z","level":"info","event":"Processing course ENGL 3002 with 38 instructors","logger":"task.stdout"}
{"timestamp":"2026-02-12T01:32:00.210371Z","level":"info","event":"WARNING: No professor found with name Andrew Stauffer. Skipping rating update for this instructor.","logger":"task.stdout"}
{"timestamp":"2026-02-12T01:32:00.211481Z","level":"info","event":"Updated instructor John O'Brien with rating 3.67","logger":"task.stdout"}
{"timestamp":"2026-02-12T01:32:00.211974Z","level":"info","event":"Updated instructor John O'Brien with difficulty 4.00","logger":"task.stdout"}
{"timestamp":"2026-02-12T01:32:00.235793Z","level":"info","event":"Processing course ENGL 3010 with 2 instructors","logger":"task.stdout"}
{"timestamp":"2026-02-12T01:32:00.258266Z","level":"info","event":"Processing course ENGL 3162 with 2 instructors","logger":"task.stdout"}
{"timestamp":"2026-02-12T01:32:00.281615Z","level":"info","event":"Processing course ENGL 3260 with 3 instructors","logger":"task.stdout"}
{"timestamp":"2026-02-12T01:32:00.282651Z","level":"info","event":"Updated instructor Clare Kinney with rating 4.00","logger":"task.stdout"}
{"timestamp":"2026-02-12T01:32:00.283145Z","level":"info","event":"Updated instructor Clare Kinney with difficulty 3.00","logger":"task.stdout"}
{"timestamp":"2026-02-12T01:32:00.309594Z","level":"info","event":"Processing course ENGL 3273 with 16 instructors","logger":"task.stdout"}
{"timestamp":"2026-02-12T01:32:00.310379Z","level":"info","event":"Updated instructor Katharine Maus with rating 4.08","logger":"task.stdout"}
{"timestamp":"2026-02-12T01:32:00.310823Z","level":"info","event":"Updated instructor Katharine Maus with difficulty 3.00","logger":"task.stdout"}
{"timestamp":"2026-02-12T01:32:00.311472Z","level":"info","event":"Updated instructor John Parker with rating 4.00","logger":"task.stdout"}
{"timestamp":"2026-02-12T01:32:00.311872Z","level":"info","event":"Updated instructor John Parker with difficulty 3.50","logger":"task.stdout"}
{"timestamp":"2026-02-12T01:32:00.332217Z","level":"info","event":"Processing course ENGL 3370 with 1 instructors","logger":"task.stdout"}
{"timestamp":"2026-02-12T01:32:00.355807Z","level":"info","event":"Processing course ENGL 3500 with 9 instructors","logger":"task.stdout"}
{"timestamp":"2026-02-12T01:32:00.356559Z","level":"info","event":"Updated instructor Brad Pasanek with rating 2.67","logger":"task.stdout"}
{"timestamp":"2026-02-12T01:32:00.357005Z","level":"info","event":"Updated instructor Brad Pasanek with difficulty 5.00","logger":"task.stdout"}
{"timestamp":"2026-02-12T01:32:00.380860Z","level":"info","event":"Processing course ENGL 3540 with 8 instructors","logger":"task.stdout"}
{"timestamp":"2026-02-12T01:32:00.381602Z","level":"info","event":"Updated instructor Taylor Schey with rating 5.00","logger":"task.stdout"}
{"timestamp":"2026-02-12T01:32:00.382015Z","level":"info","event":"Updated instructor Taylor Schey with difficulty 2.00","logger":"task.stdout"}
{"timestamp":"2026-02-12T01:32:00.410236Z","level":"info","event":"Processing course ENGL 3560 with 17 instructors","logger":"task.stdout"}
{"timestamp":"2026-02-12T01:32:00.411391Z","level":"info","event":"Updated instructor Mark Edmundson with rating 4.33","logger":"task.stdout"}
{"timestamp":"2026-02-12T01:32:00.411897Z","level":"info","event":"Updated instructor Mark Edmundson with difficulty 2.00","logger":"task.stdout"}
{"timestamp":"2026-02-12T01:32:00.412573Z","level":"info","event":"Updated instructor Njelle Hamilton with rating 4.67","logger":"task.stdout"}
{"timestamp":"2026-02-12T01:32:00.412990Z","level":"info","event":"Updated instructor Njelle Hamilton with difficulty 3.00","logger":"task.stdout"}
{"timestamp":"2026-02-12T01:32:00.413324Z","level":"info","event":"WARNING: No professor found with name Kevin Hart. Skipping rating update for this instructor.","logger":"task.stdout"}
{"timestamp":"2026-02-12T01:32:00.549118Z","level":"info","event":"Processing course ENGL 3611 with 1 instructors","logger":"task.stdout"}
{"timestamp":"2026-02-12T01:32:00.573457Z","level":"info","event":"Processing course ENGL 3740 with 9 instructors","logger":"task.stdout"}
{"timestamp":"2026-02-12T01:32:00.594330Z","level":"info","event":"Processing course ENGL 3750 with 1 instructors","logger":"task.stdout"}
{"timestamp":"2026-02-12T01:32:00.614755Z","level":"info","event":"Processing course ENGL 3790 with 1 instructors","logger":"task.stdout"}
{"timestamp":"2026-02-12T01:32:00.634359Z","level":"info","event":"Processing course ENGL 3825 with 1 instructors","logger":"task.stdout"}
{"timestamp":"2026-02-12T01:32:00.635050Z","level":"info","event":"Updated instructor James Livingood with rating 4.33","logger":"task.stdout"}
{"timestamp":"2026-02-12T01:32:00.635495Z","level":"info","event":"Updated instructor James Livingood with difficulty 2.00","logger":"task.stdout"}
{"timestamp":"2026-02-12T01:32:00.654949Z","level":"info","event":"Processing course ENGL 3910 with 1 instructors","logger":"task.stdout"}
{"timestamp":"2026-02-12T01:32:00.675111Z","level":"info","event":"Processing course ENGL 3924 with 1 instructors","logger":"task.stdout"}
{"timestamp":"2026-02-12T01:32:00.696969Z","level":"info","event":"Processing course ENGL 4500 with 6 instructors","logger":"task.stdout"}
{"timestamp":"2026-02-12T01:32:00.697686Z","level":"info","event":"Updated instructor Cynthia Wall with rating 3.33","logger":"task.stdout"}
{"timestamp":"2026-02-12T01:32:00.698123Z","level":"info","event":"Updated instructor Cynthia Wall with difficulty 4.00","logger":"task.stdout"}
{"timestamp":"2026-02-12T01:32:00.719134Z","level":"info","event":"Processing course ENGL 4510 with 3 instructors","logger":"task.stdout"}
{"timestamp":"2026-02-12T01:32:00.740218Z","level":"info","event":"Processing course ENGL 4520 with 5 instructors","logger":"task.stdout"}
{"timestamp":"2026-02-12T01:32:00.761577Z","level":"info","event":"Processing course ENGL 4540 with 7 instructors","logger":"task.stdout"}
{"timestamp":"2026-02-12T01:32:00.879211Z","level":"info","event":"Processing course ENGL 4559 with 8 instructors","logger":"task.stdout"}
{"timestamp":"2026-02-12T01:32:00.880173Z","level":"info","event":"Updated instructor Brad Pasanek with rating 5.00","logger":"task.stdout"}
{"timestamp":"2026-02-12T01:32:00.880606Z","level":"info","event":"Updated instructor Brad Pasanek with difficulty 1.00","logger":"task.stdout"}
{"timestamp":"2026-02-12T01:32:00.907211Z","level":"info","event":"Processing course ENGL 4560 with 16 instructors","logger":"task.stdout"}
{"timestamp":"2026-02-12T01:32:00.907981Z","level":"info","event":"Updated instructor Caroline Rody with rating 3.67","logger":"task.stdout"}
{"timestamp":"2026-02-12T01:32:00.908422Z","level":"info","event":"Updated instructor Caroline Rody with difficulty 3.00","logger":"task.stdout"}
{"timestamp":"2026-02-12T01:32:00.930826Z","level":"info","event":"Processing course ENGL 4570 with 6 instructors","logger":"task.stdout"}
{"timestamp":"2026-02-12T01:32:00.950715Z","level":"info","event":"Processing course ENGL 4902 with 1 instructors","logger":"task.stdout"}
{"timestamp":"2026-02-12T01:32:00.972765Z","level":"info","event":"Processing course ENGL 4999 with 6 instructors","logger":"task.stdout"}
{"timestamp":"2026-02-12T01:32:00.996511Z","level":"info","event":"Processing course ENGL 2527 with 9 instructors","logger":"task.stdout"}
{"timestamp":"2026-02-12T01:32:00.997327Z","level":"info","event":"Updated instructor Katharine Maus with rating 1.67","logger":"task.stdout"}
{"timestamp":"2026-02-12T01:32:00.997750Z","level":"info","event":"Updated instructor Katharine Maus with difficulty 2.00","logger":"task.stdout"}
{"timestamp":"2026-02-12T01:32:00.997984Z","level":"info","event":"WARNING: No professor found with name Evan Cheney. Skipping rating update for this instructor.","logger":"task.stdout"}
{"timestamp":"2026-02-12T01:32:01.018426Z","level":"info","event":"Processing course ENGL 2572 with 2 instructors","logger":"task.stdout"}
{"timestamp":"2026-02-12T01:32:01.063690Z","level":"info","event":"Processing course ENGL 2599 with 59 instructors","logger":"task.stdout"}
{"timestamp":"2026-02-12T01:32:01.064144Z","level":"info","event":"Updated instructor Kelly Fleming with rating 4.33","logger":"task.stdout"}
{"timestamp":"2026-02-12T01:32:01.064566Z","level":"info","event":"Updated instructor Kelly Fleming with difficulty 5.00","logger":"task.stdout"}
{"timestamp":"2026-02-12T01:32:01.065356Z","level":"info","event":"Updated instructor Cynthia Wall with rating 4.11","logger":"task.stdout"}
{"timestamp":"2026-02-12T01:32:01.065731Z","level":"info","event":"Updated instructor Cynthia Wall with difficulty 2.67","logger":"task.stdout"}
{"timestamp":"2026-02-12T01:32:01.066325Z","level":"info","event":"Updated instructor John Casteen with rating 4.89","logger":"task.stdout"}
{"timestamp":"2026-02-12T01:32:01.066765Z","level":"info","event":"Updated instructor John Casteen with difficulty 3.00","logger":"task.stdout"}
{"timestamp":"2026-02-12T01:32:01.066977Z","level":"info","event":"WARNING: No professor found with name Adrienne Ghaly. Skipping rating update for this instructor.","logger":"task.stdout"}
{"timestamp":"2026-02-12T01:32:01.067126Z","level":"info","event":"WARNING: No professor found with name Lydia Brown. Skipping rating update for this instructor.","logger":"task.stdout"}
{"timestamp":"2026-02-12T01:32:01.067820Z","level":"info","event":"Updated instructor Courtney Watts with rating 5.00","logger":"task.stdout"}
{"timestamp":"2026-02-12T01:32:01.068209Z","level":"info","event":"Updated instructor Courtney Watts with difficulty 3.00","logger":"task.stdout"}
{"timestamp":"2026-02-12T01:32:01.068705Z","level":"info","event":"Updated instructor Nasrin Olla with rating 2.00","logger":"task.stdout"}
{"timestamp":"2026-02-12T01:32:01.069058Z","level":"info","event":"Updated instructor Nasrin Olla with difficulty 3.00","logger":"task.stdout"}
{"timestamp":"2026-02-12T01:32:01.069598Z","level":"info","event":"Updated instructor Emily Ogden with rating 4.67","logger":"task.stdout"}
{"timestamp":"2026-02-12T01:32:01.070000Z","level":"info","event":"Updated instructor Emily Ogden with difficulty 4.00","logger":"task.stdout"}
{"timestamp":"2026-02-12T01:32:01.070123Z","level":"info","event":"WARNING: No professor found with name Sarah Cole. Skipping rating update for this instructor.","logger":"task.stdout"}
{"timestamp":"2026-02-12T01:32:01.070283Z","level":"info","event":"WARNING: No professor found with name Amber McBride. Skipping rating update for this instructor.","logger":"task.stdout"}
{"timestamp":"2026-02-12T01:32:01.070765Z","level":"info","event":"Updated instructor Kate Stephenson with rating 4.67","logger":"task.stdout"}
{"timestamp":"2026-02-12T01:32:01.071174Z","level":"info","event":"Updated instructor Kate Stephenson with difficulty 2.00","logger":"task.stdout"}
{"timestamp":"2026-02-12T01:32:01.071766Z","level":"info","event":"Updated instructor Austin Benson with rating 4.00","logger":"task.stdout"}
{"timestamp":"2026-02-12T01:32:01.072234Z","level":"info","event":"Updated instructor Austin Benson with difficulty 3.00","logger":"task.stdout"}
{"timestamp":"2026-02-12T01:32:01.073225Z","level":"info","event":"WARNING: No professor found with name Lara Musser. Skipping rating update for this instructor.","logger":"task.stdout"}
{"timestamp":"2026-02-12T01:32:01.402681Z","level":"info","event":"Processing course ENWR 1510 with 498 instructors","logger":"task.stdout"}
{"timestamp":"2026-02-12T01:32:01.403651Z","level":"info","event":"Updated instructor Jon D'Errico with rating 3.46","logger":"task.stdout"}
{"timestamp":"2026-02-12T01:32:01.404102Z","level":"info","event":"Updated instructor Jon D'Errico with difficulty 3.25","logger":"task.stdout"}
{"timestamp":"2026-02-12T01:32:01.404765Z","level":"info","event":"Updated instructor John Casteen with rating 3.89","logger":"task.stdout"}
{"timestamp":"2026-02-12T01:32:01.405191Z","level":"info","event":"Updated instructor John Casteen with difficulty 3.00","logger":"task.stdout"}
{"timestamp":"2026-02-12T01:32:01.405807Z","level":"info","event":"Updated instructor Keith Driver with rating 4.14","logger":"task.stdout"}
{"timestamp":"2026-02-12T01:32:01.406337Z","level":"info","event":"Updated instructor Keith Driver with difficulty 2.43","logger":"task.stdout"}
{"timestamp":"2026-02-12T01:32:01.406937Z","level":"info","event":"Updated instructor Kate Kostelnik with rating 4.67","logger":"task.stdout"}
{"timestamp":"2026-02-12T01:32:01.407380Z","level":"info","event":"Updated instructor Kate Kostelnik with difficulty 3.00","logger":"task.stdout"}
{"timestamp":"2026-02-12T01:32:01.407969Z","level":"info","event":"Updated instructor Charity Fowler with rating 3.52","logger":"task.stdout"}
{"timestamp":"2026-02-12T01:32:01.408404Z","level":"info","event":"Updated instructor Charity Fowler with difficulty 2.43","logger":"task.stdout"}
{"timestamp":"2026-02-12T01:32:01.409061Z","level":"info","event":"Updated instructor Derek Cavens with rating 3.91","logger":"task.stdout"}
{"timestamp":"2026-02-12T01:32:01.409496Z","level":"info","event":"Updated instructor Derek Cavens with difficulty 3.55","logger":"task.stdout"}
{"timestamp":"2026-02-12T01:32:01.410065Z","level":"info","event":"Updated instructor Cory Shaman with rating 3.92","logger":"task.stdout"}
{"timestamp":"2026-02-12T01:32:01.410495Z","level":"info","event":"Updated instructor Cory Shaman with difficulty 1.92","logger":"task.stdout"}
{"timestamp":"2026-02-12T01:32:01.411044Z","level":"info","event":"Updated instructor Cristina Griffin with rating 5.00","logger":"task.stdout"}
{"timestamp":"2026-02-12T01:32:01.411455Z","level":"info","event":"Updated instructor Cristina Griffin with difficulty 2.00","logger":"task.stdout"}
{"timestamp":"2026-02-12T01:32:01.412019Z","level":"info","event":"Updated instructor Kevin Smith with rating 3.41","logger":"task.stdout"}
{"timestamp":"2026-02-12T01:32:01.412439Z","level":"info","event":"Updated instructor Kevin Smith with difficulty 2.67","logger":"task.stdout"}
{"timestamp":"2026-02-12T01:32:01.413023Z","level":"info","event":"Updated instructor Jeddie Sophronius with rating 5.00","logger":"task.stdout"}
{"timestamp":"2026-02-12T01:32:01.413434Z","level":"info","event":"Updated instructor Jeddie Sophronius with difficulty 1.50","logger":"task.stdout"}
{"timestamp":"2026-02-12T01:32:01.413975Z","level":"info","event":"Updated instructor devin donovan with rating 4.11","logger":"task.stdout"}
{"timestamp":"2026-02-12T01:32:01.414396Z","level":"info","event":"Updated instructor devin donovan with difficulty 1.89","logger":"task.stdout"}
{"timestamp":"2026-02-12T01:32:01.415001Z","level":"info","event":"Updated instructor Samantha Stephens with rating 4.67","logger":"task.stdout"}
{"timestamp":"2026-02-12T01:32:01.415414Z","level":"info","event":"Updated instructor Samantha Stephens with difficulty 3.00","logger":"task.stdout"}
{"timestamp":"2026-02-12T01:32:01.415963Z","level":"info","event":"Updated instructor Kate Natishan with rating 4.83","logger":"task.stdout"}
{"timestamp":"2026-02-12T01:32:01.416385Z","level":"info","event":"Updated instructor Kate Natishan with difficulty 1.50","logger":"task.stdout"}
{"timestamp":"2026-02-12T01:32:01.417045Z","level":"info","event":"Updated instructor Kaitlyn Airy with rating 4.67","logger":"task.stdout"}
{"timestamp":"2026-02-12T01:32:01.417487Z","level":"info","event":"Updated instructor Kaitlyn Airy with difficulty 2.00","logger":"task.stdout"}
{"timestamp":"2026-02-12T01:32:01.418359Z","level":"info","event":"Updated instructor George Abry with rating 4.33","logger":"task.stdout"}
{"timestamp":"2026-02-12T01:32:01.418795Z","level":"info","event":"Updated instructor George Abry with difficulty 2.67","logger":"task.stdout"}
{"timestamp":"2026-02-12T01:32:01.419394Z","level":"info","event":"Updated instructor Davy Tran with rating 1.00","logger":"task.stdout"}
{"timestamp":"2026-02-12T01:32:01.419869Z","level":"info","event":"Updated instructor Davy Tran with difficulty 2.00","logger":"task.stdout"}
{"timestamp":"2026-02-12T01:32:01.420510Z","level":"info","event":"Updated instructor Dana Little with rating 5.00","logger":"task.stdout"}
{"timestamp":"2026-02-12T01:32:01.420916Z","level":"info","event":"Updated instructor Dana Little with difficulty 1.00","logger":"task.stdout"}
{"timestamp":"2026-02-12T01:32:01.421474Z","level":"info","event":"Updated instructor Tochi Eze with rating 5.00","logger":"task.stdout"}
{"timestamp":"2026-02-12T01:32:01.421861Z","level":"info","event":"Updated instructor Tochi Eze with difficulty 4.00","logger":"task.stdout"}
{"timestamp":"2026-02-12T01:32:01.422624Z","level":"info","event":"Updated instructor Aindrila Choudhury with rating 4.33","logger":"task.stdout"}
{"timestamp":"2026-02-12T01:32:01.423015Z","level":"info","event":"Updated instructor Aindrila Choudhury with difficulty 1.00","logger":"task.stdout"}
{"timestamp":"2026-02-12T01:32:01.423609Z","level":"info","event":"Updated instructor Jodie Childers with rating 5.00","logger":"task.stdout"}
{"timestamp":"2026-02-12T01:32:01.424002Z","level":"info","event":"Updated instructor Jodie Childers with difficulty 2.50","logger":"task.stdout"}
{"timestamp":"2026-02-12T01:32:01.424643Z","level":"info","event":"Updated instructor Greta Marle with rating 5.00","logger":"task.stdout"}
{"timestamp":"2026-02-12T01:32:01.425063Z","level":"info","event":"Updated instructor Greta Marle with difficulty 1.00","logger":"task.stdout"}
{"timestamp":"2026-02-12T01:32:01.425721Z","level":"info","event":"WARNING: No professor found with name To Announced. Skipping rating update for this instructor.","logger":"task.stdout"}
{"timestamp":"2026-02-12T01:32:01.426257Z","level":"info","event":"Updated instructor Sarah Richardson with rating 3.89","logger":"task.stdout"}
{"timestamp":"2026-02-12T01:32:01.426661Z","level":"info","event":"Updated instructor Sarah Richardson with difficulty 1.67","logger":"task.stdout"}
{"timestamp":"2026-02-12T01:32:01.427245Z","level":"info","event":"Updated instructor John Modica with rating 5.00","logger":"task.stdout"}
{"timestamp":"2026-02-12T01:32:01.427661Z","level":"info","event":"Updated instructor John Modica with difficulty 2.50","logger":"task.stdout"}
{"timestamp":"2026-02-12T01:32:01.427818Z","level":"info","event":"WARNING: No professor found with name Shalmi Barman. Skipping rating update for this instructor.","logger":"task.stdout"}
{"timestamp":"2026-02-12T01:32:01.428364Z","level":"info","event":"Updated instructor Piers Gelly with rating 4.81","logger":"task.stdout"}
{"timestamp":"2026-02-12T01:32:01.428761Z","level":"info","event":"Updated instructor Piers Gelly with difficulty 1.57","logger":"task.stdout"}
{"timestamp":"2026-02-12T01:32:01.429301Z","level":"info","event":"Updated instructor Courtney Watts with rating 2.56","logger":"task.stdout"}
{"timestamp":"2026-02-12T01:32:01.429710Z","level":"info","event":"Updated instructor Courtney Watts with difficulty 3.67","logger":"task.stdout"}
{"timestamp":"2026-02-12T01:32:01.429945Z","level":"info","event":"WARNING: No professor found with name Henrietta Hadley. Skipping rating update for this instructor.","logger":"task.stdout"}
{"timestamp":"2026-02-12T01:32:01.430114Z","level":"info","event":"WARNING: No professor found with name Caroline Erickson. Skipping rating update for this instructor.","logger":"task.stdout"}
{"timestamp":"2026-02-12T01:32:01.430321Z","level":"info","event":"WARNING: No professor found with name Alexa Luborsky. Skipping rating update for this instructor.","logger":"task.stdout"}
{"timestamp":"2026-02-12T01:32:01.430466Z","level":"info","event":"WARNING: No professor found with name Bella Lewis. Skipping rating update for this instructor.","logger":"task.stdout"}
{"timestamp":"2026-02-12T01:32:01.430694Z","level":"info","event":"WARNING: No professor found with name Sethunya Mokoko. Skipping rating update for this instructor.","logger":"task.stdout"}
{"timestamp":"2026-02-12T01:32:01.430887Z","level":"info","event":"WARNING: No professor found with name Cameron Berry. Skipping rating update for this instructor.","logger":"task.stdout"}
{"timestamp":"2026-02-12T01:32:01.431411Z","level":"info","event":"Updated instructor Spencer Grayson with rating 4.83","logger":"task.stdout"}
{"timestamp":"2026-02-12T01:32:01.431809Z","level":"info","event":"Updated instructor Spencer Grayson with difficulty 2.50","logger":"task.stdout"}
{"timestamp":"2026-02-12T01:32:01.432771Z","level":"info","event":"Updated instructor Heidi Nobles with rating 4.92","logger":"task.stdout"}
{"timestamp":"2026-02-12T01:32:01.433172Z","level":"info","event":"Updated instructor Heidi Nobles with difficulty 2.50","logger":"task.stdout"}
{"timestamp":"2026-02-12T01:32:01.433341Z","level":"info","event":"WARNING: No professor found with name Eric Rawson. Skipping rating update for this instructor.","logger":"task.stdout"}
{"timestamp":"2026-02-12T01:32:01.433489Z","level":"info","event":"WARNING: No professor found with name Jason Nabi. Skipping rating update for this instructor.","logger":"task.stdout"}
{"timestamp":"2026-02-12T01:32:01.433755Z","level":"info","event":"WARNING: No professor found with name Chandler Jennings. Skipping rating update for this instructor.","logger":"task.stdout"}
{"timestamp":"2026-02-12T01:32:01.433941Z","level":"info","event":"WARNING: No professor found with name Lucas Martinez. Skipping rating update for this instructor.","logger":"task.stdout"}
{"timestamp":"2026-02-12T01:32:01.434142Z","level":"info","event":"WARNING: No professor found with name Kathryn Holmstrom. Skipping rating update for this instructor.","logger":"task.stdout"}
{"timestamp":"2026-02-12T01:32:01.434534Z","level":"info","event":"WARNING: No professor found with name Allison Gish. Skipping rating update for this instructor.","logger":"task.stdout"}
{"timestamp":"2026-02-12T01:32:01.434925Z","level":"info","event":"WARNING: No professor found with name Anastatia Curley. Skipping rating update for this instructor.","logger":"task.stdout"}
{"timestamp":"2026-02-12T01:32:01.435065Z","level":"info","event":"WARNING: No professor found with name Thomas Berenato. Skipping rating update for this instructor.","logger":"task.stdout"}
{"timestamp":"2026-02-12T01:32:01.435621Z","level":"info","event":"Updated instructor Patricia Sullivan with rating 3.50","logger":"task.stdout"}
{"timestamp":"2026-02-12T01:32:01.436027Z","level":"info","event":"Updated instructor Patricia Sullivan with difficulty 2.50","logger":"task.stdout"}
{"timestamp":"2026-02-12T01:32:01.436176Z","level":"info","event":"WARNING: No professor found with name Casey Ireland. Skipping rating update for this instructor.","logger":"task.stdout"}
{"timestamp":"2026-02-12T01:32:01.436390Z","level":"info","event":"WARNING: No professor found with name Ankita Chakrabarti. Skipping rating update for this instructor.","logger":"task.stdout"}
{"timestamp":"2026-02-12T01:32:01.436532Z","level":"info","event":"WARNING: No professor found with name Stephanie Ceraso. Skipping rating update for this instructor.","logger":"task.stdout"}
{"timestamp":"2026-02-12T01:32:01.436714Z","level":"info","event":"WARNING: No professor found with name T. Fountain. Skipping rating update for this instructor.","logger":"task.stdout"}
{"timestamp":"2026-02-12T01:32:01.436984Z","level":"info","event":"WARNING: No professor found with name Hajjar Baban. Skipping rating update for this instructor.","logger":"task.stdout"}
{"timestamp":"2026-02-12T01:32:01.437224Z","level":"info","event":"WARNING: No professor found with name Rachel Kravetz. Skipping rating update for this instructor.","logger":"task.stdout"}
{"timestamp":"2026-02-12T01:32:01.437369Z","level":"info","event":"WARNING: No professor found with name Matthias Maunsell. Skipping rating update for this instructor.","logger":"task.stdout"}
{"timestamp":"2026-02-12T01:32:01.438095Z","level":"info","event":"WARNING: No professor found with name Lindgren Johnson. Skipping rating update for this instructor.","logger":"task.stdout"}
{"timestamp":"2026-02-12T01:32:01.438244Z","level":"info","event":"WARNING: No professor found with name Stephen Hager. Skipping rating update for this instructor.","logger":"task.stdout"}
{"timestamp":"2026-02-12T01:32:01.438465Z","level":"info","event":"WARNING: No professor found with name Monica David. Skipping rating update for this instructor.","logger":"task.stdout"}
{"timestamp":"2026-02-12T01:32:01.438682Z","level":"info","event":"WARNING: No professor found with name Jessica Walker. Skipping rating update for this instructor.","logger":"task.stdout"}
{"timestamp":"2026-02-12T01:32:01.438822Z","level":"info","event":"WARNING: No professor found with name Daniel Zimmerman. Skipping rating update for this instructor.","logger":"task.stdout"}
{"timestamp":"2026-02-12T01:32:01.438988Z","level":"info","event":"WARNING: No professor found with name Faculty Staff. Skipping rating update for this instructor.","logger":"task.stdout"}
{"timestamp":"2026-02-12T01:32:01.439256Z","level":"info","event":"WARNING: No professor found with name Matthew Davis. Skipping rating update for this instructor.","logger":"task.stdout"}
{"timestamp":"2026-02-12T01:32:01.439398Z","level":"info","event":"WARNING: No professor found with name Samantha Wallace. Skipping rating update for this instructor.","logger":"task.stdout"}
{"timestamp":"2026-02-12T01:32:01.439542Z","level":"info","event":"WARNING: No professor found with name Anne Thompson. Skipping rating update for this instructor.","logger":"task.stdout"}
{"timestamp":"2026-02-12T01:32:01.439685Z","level":"info","event":"WARNING: No professor found with name Michelle Gottschlich. Skipping rating update for this instructor.","logger":"task.stdout"}
{"timestamp":"2026-02-12T01:32:01.439836Z","level":"info","event":"WARNING: No professor found with name Emelye Keyser. Skipping rating update for this instructor.","logger":"task.stdout"}
{"timestamp":"2026-02-12T01:32:01.440006Z","level":"info","event":"WARNING: No professor found with name Raisa Tolchinsky. Skipping rating update for this instructor.","logger":"task.stdout"}
{"timestamp":"2026-02-12T01:32:01.440191Z","level":"info","event":"WARNING: No professor found with name Roberto Rodriguez. Skipping rating update for this instructor.","logger":"task.stdout"}
{"timestamp":"2026-02-12T01:32:01.440397Z","level":"info","event":"WARNING: No professor found with name DeVan Ard. Skipping rating update for this instructor.","logger":"task.stdout"}
{"timestamp":"2026-02-12T01:32:01.440639Z","level":"info","event":"WARNING: No professor found with name Rebecca Thomas. Skipping rating update for this instructor.","logger":"task.stdout"}
{"timestamp":"2026-02-12T01:32:01.441307Z","level":"info","event":"Updated instructor Rachel Retica with rating 4.67","logger":"task.stdout"}
{"timestamp":"2026-02-12T01:32:01.441707Z","level":"info","event":"Updated instructor Rachel Retica with difficulty 2.00","logger":"task.stdout"}
{"timestamp":"2026-02-12T01:32:01.442286Z","level":"info","event":"Updated instructor Peyton Davis with rating 4.67","logger":"task.stdout"}
{"timestamp":"2026-02-12T01:32:01.442703Z","level":"info","event":"Updated instructor Peyton Davis with difficulty 2.00","logger":"task.stdout"}
{"timestamp":"2026-02-12T01:32:01.442852Z","level":"info","event":"WARNING: No professor found with name Seanna Viechweg. Skipping rating update for this instructor.","logger":"task.stdout"}
{"timestamp":"2026-02-12T01:32:01.443026Z","level":"info","event":"WARNING: No professor found with name Stirling Smith. Skipping rating update for this instructor.","logger":"task.stdout"}
{"timestamp":"2026-02-12T01:32:01.443168Z","level":"info","event":"WARNING: No professor found with name Ian Jayne. Skipping rating update for this instructor.","logger":"task.stdout"}
{"timestamp":"2026-02-12T01:32:01.443309Z","level":"info","event":"WARNING: No professor found with name Evan Cheney. Skipping rating update for this instructor.","logger":"task.stdout"}
{"timestamp":"2026-02-12T01:32:01.443499Z","level":"info","event":"WARNING: No professor found with name Nathan Frank. Skipping rating update for this instructor.","logger":"task.stdout"}
{"timestamp":"2026-02-12T01:32:01.443719Z","level":"info","event":"WARNING: No professor found with name Amber McBride. Skipping rating update for this instructor.","logger":"task.stdout"}
{"timestamp":"2026-02-12T01:32:01.443901Z","level":"info","event":"WARNING: No professor found with name Sarah Storti. Skipping rating update for this instructor.","logger":"task.stdout"}
{"timestamp":"2026-02-12T01:32:01.444038Z","level":"info","event":"WARNING: No professor found with name Indu Ohri. Skipping rating update for this instructor.","logger":"task.stdout"}
{"timestamp":"2026-02-12T01:32:01.444214Z","level":"info","event":"WARNING: No professor found with name Sarah O'Brien. Skipping rating update for this instructor.","logger":"task.stdout"}
{"timestamp":"2026-02-12T01:32:01.444432Z","level":"info","event":"WARNING: No professor found with name Andrew Eaton. Skipping rating update for this instructor.","logger":"task.stdout"}
{"timestamp":"2026-02-12T01:32:01.444578Z","level":"info","event":"WARNING: No professor found with name Suzie Eckl. Skipping rating update for this instructor.","logger":"task.stdout"}
{"timestamp":"2026-02-12T01:32:01.444751Z","level":"info","event":"WARNING: No professor found with name Cassie Davies. Skipping rating update for this instructor.","logger":"task.stdout"}
{"timestamp":"2026-02-12T01:32:01.444898Z","level":"info","event":"WARNING: No professor found with name Fina Mbabazi. Skipping rating update for this instructor.","logger":"task.stdout"}
{"timestamp":"2026-02-12T01:32:01.445432Z","level":"info","event":"Updated instructor Anna Martin-Beecher with rating 5.00","logger":"task.stdout"}
{"timestamp":"2026-02-12T01:32:01.445833Z","level":"info","event":"Updated instructor Anna Martin-Beecher with difficulty 2.00","logger":"task.stdout"}
{"timestamp":"2026-02-12T01:32:01.445974Z","level":"info","event":"WARNING: No professor found with name Andrew Chen. Skipping rating update for this instructor.","logger":"task.stdout"}
{"timestamp":"2026-02-12T01:32:01.446148Z","level":"info","event":"WARNING: No professor found with name Kaylee Lamb. Skipping rating update for this instructor.","logger":"task.stdout"}
{"timestamp":"2026-02-12T01:32:01.446281Z","level":"info","event":"WARNING: No professor found with name Eyal Katz. Skipping rating update for this instructor.","logger":"task.stdout"}
{"timestamp":"2026-02-12T01:32:01.446980Z","level":"info","event":"Updated instructor Hannah Loeb with rating 3.67","logger":"task.stdout"}
{"timestamp":"2026-02-12T01:32:01.447380Z","level":"info","event":"Updated instructor Hannah Loeb with difficulty 2.00","logger":"task.stdout"}
{"timestamp":"2026-02-12T01:32:01.447535Z","level":"info","event":"WARNING: No professor found with name Katherine Churchill. Skipping rating update for this instructor.","logger":"task.stdout"}
{"timestamp":"2026-02-12T01:32:01.447890Z","level":"info","event":"WARNING: No professor found with name Megan Haury. Skipping rating update for this instructor.","logger":"task.stdout"}
{"timestamp":"2026-02-12T01:32:01.448464Z","level":"info","event":"Updated instructor Kelly Fleming with rating 4.00","logger":"task.stdout"}
{"timestamp":"2026-02-12T01:32:01.448858Z","level":"info","event":"Updated instructor Kelly Fleming with difficulty 3.67","logger":"task.stdout"}
{"timestamp":"2026-02-12T01:32:01.449008Z","level":"info","event":"WARNING: No professor found with name Grace Vasington. Skipping rating update for this instructor.","logger":"task.stdout"}
{"timestamp":"2026-02-12T01:32:01.449182Z","level":"info","event":"WARNING: No professor found with name Sophie Abramowitz. Skipping rating update for this instructor.","logger":"task.stdout"}
{"timestamp":"2026-02-12T01:32:01.449337Z","level":"info","event":"WARNING: No professor found with name Lara Musser. Skipping rating update for this instructor.","logger":"task.stdout"}
{"timestamp":"2026-02-12T01:32:01.449481Z","level":"info","event":"WARNING: No professor found with name Aimee Seu. Skipping rating update for this instructor.","logger":"task.stdout"}
{"timestamp":"2026-02-12T01:32:01.449688Z","level":"info","event":"WARNING: No professor found with name Katherine Rice. Skipping rating update for this instructor.","logger":"task.stdout"}
{"timestamp":"2026-02-12T01:32:01.449860Z","level":"info","event":"WARNING: No professor found with name Emily Lawson. Skipping rating update for this instructor.","logger":"task.stdout"}
{"timestamp":"2026-02-12T01:32:01.449999Z","level":"info","event":"WARNING: No professor found with name Cherrie Kwok. Skipping rating update for this instructor.","logger":"task.stdout"}
{"timestamp":"2026-02-12T01:32:01.450485Z","level":"info","event":"WARNING: No professor found with name Sarah Berkowitz. Skipping rating update for this instructor.","logger":"task.stdout"}
{"timestamp":"2026-02-12T01:32:01.450627Z","level":"info","event":"WARNING: No professor found with name James Ascher. Skipping rating update for this instructor.","logger":"task.stdout"}
{"timestamp":"2026-02-12T01:32:01.450763Z","level":"info","event":"WARNING: No professor found with name Julianne McCobin. Skipping rating update for this instructor.","logger":"task.stdout"}
{"timestamp":"2026-02-12T01:32:01.450965Z","level":"info","event":"WARNING: No professor found with name Joshua Schwartz. Skipping rating update for this instructor.","logger":"task.stdout"}
{"timestamp":"2026-02-12T01:32:01.451099Z","level":"info","event":"WARNING: No professor found with name Sherif Abdelkarim. Skipping rating update for this instructor.","logger":"task.stdout"}
{"timestamp":"2026-02-12T01:32:01.451262Z","level":"info","event":"WARNING: No professor found with name Jesse Bordwin. Skipping rating update for this instructor.","logger":"task.stdout"}
{"timestamp":"2026-02-12T01:32:01.451404Z","level":"info","event":"WARNING: No professor found with name Carol Guarnieri. Skipping rating update for this instructor.","logger":"task.stdout"}
{"timestamp":"2026-02-12T01:32:01.451539Z","level":"info","event":"WARNING: No professor found with name Rebecca Levy. Skipping rating update for this instructor.","logger":"task.stdout"}
{"timestamp":"2026-02-12T01:32:01.451673Z","level":"info","event":"WARNING: No professor found with name Sarah Stephenson. Skipping rating update for this instructor.","logger":"task.stdout"}
{"timestamp":"2026-02-12T01:32:01.452351Z","level":"info","event":"WARNING: No professor found with name Gretchen York. Skipping rating update for this instructor.","logger":"task.stdout"}
{"timestamp":"2026-02-12T01:32:01.452489Z","level":"info","event":"WARNING: No professor found with name Caleb Agnew. Skipping rating update for this instructor.","logger":"task.stdout"}
{"timestamp":"2026-02-12T01:32:01.452786Z","level":"info","event":"WARNING: No professor found with name Claire Eager. Skipping rating update for this instructor.","logger":"task.stdout"}
{"timestamp":"2026-02-12T01:32:01.452920Z","level":"info","event":"WARNING: No professor found with name John Murphy. Skipping rating update for this instructor.","logger":"task.stdout"}
{"timestamp":"2026-02-12T01:32:01.453095Z","level":"info","event":"WARNING: No professor found with name Britta Rowe. Skipping rating update for this instructor.","logger":"task.stdout"}
{"timestamp":"2026-02-12T01:32:01.453273Z","level":"info","event":"WARNING: No professor found with name Anne Galvin. Skipping rating update for this instructor.","logger":"task.stdout"}
{"timestamp":"2026-02-12T01:32:01.453433Z","level":"info","event":"WARNING: No professor found with name Amanda Sigler. Skipping rating update for this instructor.","logger":"task.stdout"}
{"timestamp":"2026-02-12T01:32:01.453596Z","level":"info","event":"WARNING: No professor found with name Elizabeth Fox. Skipping rating update for this instructor.","logger":"task.stdout"}
{"timestamp":"2026-02-12T01:32:01.453747Z","level":"info","event":"WARNING: No professor found with name Stephen Hequembourg. Skipping rating update for this instructor.","logger":"task.stdout"}
{"timestamp":"2026-02-12T01:32:01.453887Z","level":"info","event":"WARNING: No professor found with name Mirabella Mitchell. Skipping rating update for this instructor.","logger":"task.stdout"}
{"timestamp":"2026-02-12T01:32:01.454033Z","level":"info","event":"WARNING: No professor found with name Devin Donovan. Skipping rating update for this instructor.","logger":"task.stdout"}
{"timestamp":"2026-02-12T01:32:01.454170Z","level":"info","event":"WARNING: No professor found with name Charles Sligh. Skipping rating update for this instructor.","logger":"task.stdout"}
{"timestamp":"2026-02-12T01:32:01.454306Z","level":"info","event":"WARNING: No professor found with name Dionte Harris. Skipping rating update for this instructor.","logger":"task.stdout"}
{"timestamp":"2026-02-12T01:32:01.454458Z","level":"info","event":"WARNING: No professor found with name Joseph Wei. Skipping rating update for this instructor.","logger":"task.stdout"}
{"timestamp":"2026-02-12T01:32:01.454617Z","level":"info","event":"WARNING: No professor found with name Dipsikha Thakur. Skipping rating update for this instructor.","logger":"task.stdout"}
{"timestamp":"2026-02-12T01:32:01.454759Z","level":"info","event":"WARNING: No professor found with name Valencia Grice. Skipping rating update for this instructor.","logger":"task.stdout"}
{"timestamp":"2026-02-12T01:32:01.454910Z","level":"info","event":"WARNING: No professor found with name Christine Campbell. Skipping rating update for this instructor.","logger":"task.stdout"}
{"timestamp":"2026-02-12T01:32:01.455719Z","level":"info","event":"Updated instructor Ann Mazur with rating 4.33","logger":"task.stdout"}
{"timestamp":"2026-02-12T01:32:01.456130Z","level":"info","event":"Updated instructor Ann Mazur with difficulty 2.40","logger":"task.stdout"}
{"timestamp":"2026-02-12T01:32:01.456696Z","level":"info","event":"Updated instructor Andrew Ferguson with rating 4.33","logger":"task.stdout"}
{"timestamp":"2026-02-12T01:32:01.457096Z","level":"info","event":"Updated instructor Andrew Ferguson with difficulty 3.00","logger":"task.stdout"}
{"timestamp":"2026-02-12T01:32:01.457287Z","level":"info","event":"WARNING: No professor found with name Samuel Lemley. Skipping rating update for this instructor.","logger":"task.stdout"}
{"timestamp":"2026-02-12T01:32:01.457508Z","level":"info","event":"WARNING: No professor found with name Julia Fisher. Skipping rating update for this instructor.","logger":"task.stdout"}
{"timestamp":"2026-02-12T01:32:01.457763Z","level":"info","event":"WARNING: No professor found with name Anne Morgan. Skipping rating update for this instructor.","logger":"task.stdout"}
{"timestamp":"2026-02-12T01:32:01.457906Z","level":"info","event":"WARNING: No professor found with name Sarah Ingle. Skipping rating update for this instructor.","logger":"task.stdout"}
{"timestamp":"2026-02-12T01:32:01.458049Z","level":"info","event":"WARNING: No professor found with name Jeremy Townley. Skipping rating update for this instructor.","logger":"task.stdout"}
{"timestamp":"2026-02-12T01:32:01.458196Z","level":"info","event":"WARNING: No professor found with name Paul Broyles. Skipping rating update for this instructor.","logger":"task.stdout"}
{"timestamp":"2026-02-12T01:32:01.458347Z","level":"info","event":"WARNING: No professor found with name Holly Bell. Skipping rating update for this instructor.","logger":"task.stdout"}
{"timestamp":"2026-02-12T01:32:01.458503Z","level":"info","event":"WARNING: No professor found with name William Rhodes. Skipping rating update for this instructor.","logger":"task.stdout"}
{"timestamp":"2026-02-12T01:32:01.458664Z","level":"info","event":"WARNING: No professor found with name Marvin Campbell. Skipping rating update for this instructor.","logger":"task.stdout"}
{"timestamp":"2026-02-12T01:32:01.458803Z","level":"info","event":"WARNING: No professor found with name Anne Llewellyn. Skipping rating update for this instructor.","logger":"task.stdout"}
{"timestamp":"2026-02-12T01:32:01.458972Z","level":"info","event":"WARNING: No professor found with name Alexander Slotnick. Skipping rating update for this instructor.","logger":"task.stdout"}
{"timestamp":"2026-02-12T01:32:01.459109Z","level":"info","event":"WARNING: No professor found with name Emily Temple. Skipping rating update for this instructor.","logger":"task.stdout"}
{"timestamp":"2026-02-12T01:32:01.459285Z","level":"info","event":"WARNING: No professor found with name Jordan Buysse. Skipping rating update for this instructor.","logger":"task.stdout"}
{"timestamp":"2026-02-12T01:32:01.459457Z","level":"info","event":"WARNING: No professor found with name Jiayuan Huang. Skipping rating update for this instructor.","logger":"task.stdout"}
{"timestamp":"2026-02-12T01:32:01.459612Z","level":"info","event":"WARNING: No professor found with name Alison Glassie. Skipping rating update for this instructor.","logger":"task.stdout"}
{"timestamp":"2026-02-12T01:32:01.459747Z","level":"info","event":"WARNING: No professor found with name Christian Howard. Skipping rating update for this instructor.","logger":"task.stdout"}
{"timestamp":"2026-02-12T01:32:01.460019Z","level":"info","event":"WARNING: No professor found with name Heather Kiser. Skipping rating update for this instructor.","logger":"task.stdout"}
{"timestamp":"2026-02-12T01:32:01.460155Z","level":"info","event":"WARNING: No professor found with name Hilary Holladay. Skipping rating update for this instructor.","logger":"task.stdout"}
{"timestamp":"2026-02-12T01:32:01.460340Z","level":"info","event":"WARNING: No professor found with name Elizabeth Sutherland. Skipping rating update for this instructor.","logger":"task.stdout"}
{"timestamp":"2026-02-12T01:32:01.460477Z","level":"info","event":"WARNING: No professor found with name Kirsten Andersen. Skipping rating update for this instructor.","logger":"task.stdout"}
{"timestamp":"2026-02-12T01:32:01.460622Z","level":"info","event":"WARNING: No professor found with name Jason Saunders. Skipping rating update for this instructor.","logger":"task.stdout"}
{"timestamp":"2026-02-12T01:32:01.460820Z","level":"info","event":"WARNING: No professor found with name Audrey Golden. Skipping rating update for this instructor.","logger":"task.stdout"}
{"timestamp":"2026-02-12T01:32:01.460961Z","level":"info","event":"WARNING: No professor found with name Benjamin Lee. Skipping rating update for this instructor.","logger":"task.stdout"}
{"timestamp":"2026-02-12T01:32:01.461097Z","level":"info","event":"WARNING: No professor found with name Kristin Gilger. Skipping rating update for this instructor.","logger":"task.stdout"}
{"timestamp":"2026-02-12T01:32:01.461236Z","level":"info","event":"WARNING: No professor found with name Matthew Tirrigan. Skipping rating update for this instructor.","logger":"task.stdout"}
{"timestamp":"2026-02-12T01:32:01.461411Z","level":"info","event":"WARNING: No professor found with name Ashley Faulkner. Skipping rating update for this instructor.","logger":"task.stdout"}
{"timestamp":"2026-02-12T01:32:01.461677Z","level":"info","event":"WARNING: No professor found with name Sarah Smith. Skipping rating update for this instructor.","logger":"task.stdout"}
{"timestamp":"2026-02-12T01:32:01.461908Z","level":"info","event":"WARNING: No professor found with name Emma Eisenberg. Skipping rating update for this instructor.","logger":"task.stdout"}
{"timestamp":"2026-02-12T01:32:01.462072Z","level":"info","event":"WARNING: No professor found with name Ethan Reed. Skipping rating update for this instructor.","logger":"task.stdout"}
{"timestamp":"2026-02-12T01:32:01.462204Z","level":"info","event":"WARNING: No professor found with name Alyssa Collins. Skipping rating update for this instructor.","logger":"task.stdout"}
{"timestamp":"2026-02-12T01:32:01.462335Z","level":"info","event":"WARNING: No professor found with name Devan Ard. Skipping rating update for this instructor.","logger":"task.stdout"}
{"timestamp":"2026-02-12T01:32:01.462493Z","level":"info","event":"WARNING: No professor found with name Anuj Kapoor. Skipping rating update for this instructor.","logger":"task.stdout"}
{"timestamp":"2026-02-12T01:32:01.462695Z","level":"info","event":"WARNING: No professor found with name Aaron Colton. Skipping rating update for this instructor.","logger":"task.stdout"}
{"timestamp":"2026-02-12T01:32:01.462860Z","level":"info","event":"WARNING: No professor found with name Michael Sears. Skipping rating update for this instructor.","logger":"task.stdout"}
{"timestamp":"2026-02-12T01:32:01.463024Z","level":"info","event":"WARNING: No professor found with name Rebecca Strauss. Skipping rating update for this instructor.","logger":"task.stdout"}
{"timestamp":"2026-02-12T01:32:01.463162Z","level":"info","event":"WARNING: No professor found with name Christopher Broom. Skipping rating update for this instructor.","logger":"task.stdout"}
{"timestamp":"2026-02-12T01:32:01.463457Z","level":"info","event":"WARNING: No professor found with name Jason Craig. Skipping rating update for this instructor.","logger":"task.stdout"}
{"timestamp":"2026-02-12T01:32:01.463692Z","level":"info","event":"WARNING: No professor found with name Michael Engle. Skipping rating update for this instructor.","logger":"task.stdout"}
{"timestamp":"2026-02-12T01:32:01.463840Z","level":"info","event":"WARNING: No professor found with name Caitlin Hamilton. Skipping rating update for this instructor.","logger":"task.stdout"}
{"timestamp":"2026-02-12T01:32:01.464158Z","level":"info","event":"WARNING: No professor found with name Jocelyn Sears. Skipping rating update for this instructor.","logger":"task.stdout"}
{"timestamp":"2026-02-12T01:32:01.464791Z","level":"info","event":"Updated instructor James Seitz with rating 1.67","logger":"task.stdout"}
{"timestamp":"2026-02-12T01:32:01.465196Z","level":"info","event":"Updated instructor James Seitz with difficulty 3.00","logger":"task.stdout"}
{"timestamp":"2026-02-12T01:32:01.465335Z","level":"info","event":"WARNING: No professor found with name Rachel Butrum. Skipping rating update for this instructor.","logger":"task.stdout"}
{"timestamp":"2026-02-12T01:32:01.465475Z","level":"info","event":"WARNING: No professor found with name Jean Franzino. Skipping rating update for this instructor.","logger":"task.stdout"}
{"timestamp":"2026-02-12T01:32:01.465613Z","level":"info","event":"WARNING: No professor found with name Daniel Heins. Skipping rating update for this instructor.","logger":"task.stdout"}
{"timestamp":"2026-02-12T01:32:01.465749Z","level":"info","event":"WARNING: No professor found with name Michael Spiegel. Skipping rating update for this instructor.","logger":"task.stdout"}
{"timestamp":"2026-02-12T01:32:01.465890Z","level":"info","event":"WARNING: No professor found with name Nathan Ragain. Skipping rating update for this instructor.","logger":"task.stdout"}
{"timestamp":"2026-02-12T01:32:01.466055Z","level":"info","event":"WARNING: No professor found with name Harold Mock. Skipping rating update for this instructor.","logger":"task.stdout"}
{"timestamp":"2026-02-12T01:32:01.466219Z","level":"info","event":"WARNING: No professor found with name Kathleen Thompson. Skipping rating update for this instructor.","logger":"task.stdout"}
{"timestamp":"2026-02-12T01:32:01.466677Z","level":"info","event":"WARNING: No professor found with name Jason Eversman. Skipping rating update for this instructor.","logger":"task.stdout"}
{"timestamp":"2026-02-12T01:32:01.466797Z","level":"info","event":"WARNING: No professor found with name Elizabeth Ott. Skipping rating update for this instructor.","logger":"task.stdout"}
{"timestamp":"2026-02-12T01:32:01.466928Z","level":"info","event":"WARNING: No professor found with name Heather Bowlby. Skipping rating update for this instructor.","logger":"task.stdout"}
{"timestamp":"2026-02-12T01:32:01.467125Z","level":"info","event":"WARNING: No professor found with name Shermaine Jones. Skipping rating update for this instructor.","logger":"task.stdout"}
{"timestamp":"2026-02-12T01:32:01.467331Z","level":"info","event":"WARNING: No professor found with name Gina Wohlsdorf. Skipping rating update for this instructor.","logger":"task.stdout"}
{"timestamp":"2026-02-12T01:32:01.467522Z","level":"info","event":"WARNING: No professor found with name James Lawson. Skipping rating update for this instructor.","logger":"task.stdout"}
{"timestamp":"2026-02-12T01:32:01.468061Z","level":"info","event":"WARNING: No professor found with name Emma Solberg. Skipping rating update for this instructor.","logger":"task.stdout"}
{"timestamp":"2026-02-12T01:32:01.468257Z","level":"info","event":"WARNING: No professor found with name Adam Trusner. Skipping rating update for this instructor.","logger":"task.stdout"}
{"timestamp":"2026-02-12T01:32:01.468491Z","level":"info","event":"WARNING: No professor found with name Gabriel Hankins. Skipping rating update for this instructor.","logger":"task.stdout"}
{"timestamp":"2026-02-12T01:32:01.468954Z","level":"info","event":"WARNING: No professor found with name Margaret Gardiner. Skipping rating update for this instructor.","logger":"task.stdout"}
{"timestamp":"2026-02-12T01:32:01.469245Z","level":"info","event":"WARNING: No professor found with name Nicole Lake. Skipping rating update for this instructor.","logger":"task.stdout"}
{"timestamp":"2026-02-12T01:32:01.469940Z","level":"info","event":"WARNING: No professor found with name Elizabeth Lindau. Skipping rating update for this instructor.","logger":"task.stdout"}
{"timestamp":"2026-02-12T01:32:01.470157Z","level":"info","event":"WARNING: No professor found with name Angela Nemecek. Skipping rating update for this instructor.","logger":"task.stdout"}
{"timestamp":"2026-02-12T01:32:01.609966Z","level":"info","event":"Processing course ENWR 1506 with 36 instructors","logger":"task.stdout"}
{"timestamp":"2026-02-12T01:32:01.610759Z","level":"info","event":"Updated instructor Claire Chantell with rating 4.67","logger":"task.stdout"}
{"timestamp":"2026-02-12T01:32:01.611156Z","level":"info","event":"Updated instructor Claire Chantell with difficulty 2.50","logger":"task.stdout"}
{"timestamp":"2026-02-12T01:32:01.611504Z","level":"info","event":"WARNING: No professor found with name Amber McBride. Skipping rating update for this instructor.","logger":"task.stdout"}
{"timestamp":"2026-02-12T01:32:01.612138Z","level":"info","event":"WARNING: No professor found with name Jason Nabi. Skipping rating update for this instructor.","logger":"task.stdout"}
{"timestamp":"2026-02-12T01:32:01.633110Z","level":"info","event":"Processing course ENWR 1520 with 4 instructors","logger":"task.stdout"}
{"timestamp":"2026-02-12T01:32:01.633765Z","level":"info","event":"Updated instructor Kate Stephenson with rating 4.67","logger":"task.stdout"}
{"timestamp":"2026-02-12T01:32:01.634184Z","level":"info","event":"Updated instructor Kate Stephenson with difficulty 2.00","logger":"task.stdout"}
{"timestamp":"2026-02-12T01:32:01.634347Z","level":"info","event":"WARNING: No professor found with name Sarah Stephenson. Skipping rating update for this instructor.","logger":"task.stdout"}
{"timestamp":"2026-02-12T01:32:01.667426Z","level":"info","event":"Processing course ENWR 2510 with 28 instructors","logger":"task.stdout"}
{"timestamp":"2026-02-12T01:32:01.668119Z","level":"info","event":"Updated instructor James Seitz with rating 5.00","logger":"task.stdout"}
{"timestamp":"2026-02-12T01:32:01.668562Z","level":"info","event":"Updated instructor James Seitz with difficulty 2.00","logger":"task.stdout"}
{"timestamp":"2026-02-12T01:32:01.669111Z","level":"info","event":"Updated instructor Tamika Carey with rating 4.11","logger":"task.stdout"}
{"timestamp":"2026-02-12T01:32:01.669539Z","level":"info","event":"Updated instructor Tamika Carey with difficulty 4.00","logger":"task.stdout"}
{"timestamp":"2026-02-12T01:32:01.670191Z","level":"info","event":"Updated instructor devin donovan with rating 4.92","logger":"task.stdout"}
{"timestamp":"2026-02-12T01:32:01.670590Z","level":"info","event":"Updated instructor devin donovan with difficulty 1.75","logger":"task.stdout"}
{"timestamp":"2026-02-12T01:32:01.670730Z","level":"info","event":"WARNING: No professor found with name To Announced. Skipping rating update for this instructor.","logger":"task.stdout"}
{"timestamp":"2026-02-12T01:32:01.671260Z","level":"info","event":"Updated instructor Charity Fowler with rating 3.50","logger":"task.stdout"}
{"timestamp":"2026-02-12T01:32:01.671667Z","level":"info","event":"Updated instructor Charity Fowler with difficulty 3.00","logger":"task.stdout"}
{"timestamp":"2026-02-12T01:32:01.671873Z","level":"info","event":"WARNING: No professor found with name Eric Rawson. Skipping rating update for this instructor.","logger":"task.stdout"}
{"timestamp":"2026-02-12T01:32:01.672408Z","level":"info","event":"Updated instructor Kevin Smith with rating 4.83","logger":"task.stdout"}
{"timestamp":"2026-02-12T01:32:01.672801Z","level":"info","event":"Updated instructor Kevin Smith with difficulty 2.75","logger":"task.stdout"}
{"timestamp":"2026-02-12T01:32:01.672977Z","level":"info","event":"WARNING: No professor found with name Rebecca Thomas. Skipping rating update for this instructor.","logger":"task.stdout"}
{"timestamp":"2026-02-12T01:32:01.673539Z","level":"info","event":"Updated instructor Stephen Parks with rating 5.00","logger":"task.stdout"}
{"timestamp":"2026-02-12T01:32:01.673937Z","level":"info","event":"Updated instructor Stephen Parks with difficulty 4.00","logger":"task.stdout"}
{"timestamp":"2026-02-12T01:32:01.674086Z","level":"info","event":"WARNING: No professor found with name T. Fountain. Skipping rating update for this instructor.","logger":"task.stdout"}
{"timestamp":"2026-02-12T01:32:01.674621Z","level":"info","event":"Updated instructor Keith Driver with rating 4.33","logger":"task.stdout"}
{"timestamp":"2026-02-12T01:32:01.675015Z","level":"info","event":"Updated instructor Keith Driver with difficulty 2.50","logger":"task.stdout"}
{"timestamp":"2026-02-12T01:32:01.675189Z","level":"info","event":"WARNING: No professor found with name Devin Donovan. Skipping rating update for this instructor.","logger":"task.stdout"}
{"timestamp":"2026-02-12T01:32:01.716642Z","level":"info","event":"Processing course ENWR 2520 with 50 instructors","logger":"task.stdout"}
{"timestamp":"2026-02-12T01:32:01.717244Z","level":"info","event":"Updated instructor Jon D'Errico with rating 4.33","logger":"task.stdout"}
{"timestamp":"2026-02-12T01:32:01.717665Z","level":"info","event":"Updated instructor Jon D'Errico with difficulty 1.00","logger":"task.stdout"}
{"timestamp":"2026-02-12T01:32:01.718230Z","level":"info","event":"Updated instructor Stephen Parks with rating 4.78","logger":"task.stdout"}
{"timestamp":"2026-02-12T01:32:01.718649Z","level":"info","event":"Updated instructor Stephen Parks with difficulty 1.33","logger":"task.stdout"}
{"timestamp":"2026-02-12T01:32:01.719329Z","level":"info","event":"Updated instructor Heidi Nobles with rating 4.75","logger":"task.stdout"}
{"timestamp":"2026-02-12T01:32:01.719731Z","level":"info","event":"Updated instructor Heidi Nobles with difficulty 3.00","logger":"task.stdout"}
{"timestamp":"2026-02-12T01:32:01.720364Z","level":"info","event":"Updated instructor Tyler Carter with rating 3.00","logger":"task.stdout"}
{"timestamp":"2026-02-12T01:32:01.720791Z","level":"info","event":"Updated instructor Tyler Carter with difficulty 4.00","logger":"task.stdout"}
{"timestamp":"2026-02-12T01:32:01.721400Z","level":"info","event":"Updated instructor Cory Shaman with rating 2.67","logger":"task.stdout"}
{"timestamp":"2026-02-12T01:32:01.721816Z","level":"info","event":"Updated instructor Cory Shaman with difficulty 4.00","logger":"task.stdout"}
{"timestamp":"2026-02-12T01:32:01.722029Z","level":"info","event":"WARNING: No professor found with name Sethunya Mokoko. Skipping rating update for this instructor.","logger":"task.stdout"}
{"timestamp":"2026-02-12T01:32:01.722571Z","level":"info","event":"Updated instructor Dana Little with rating 3.67","logger":"task.stdout"}
{"timestamp":"2026-02-12T01:32:01.722965Z","level":"info","event":"Updated instructor Dana Little with difficulty 2.00","logger":"task.stdout"}
{"timestamp":"2026-02-12T01:32:01.723583Z","level":"info","event":"Updated instructor Kiera Allison with rating 4.50","logger":"task.stdout"}
{"timestamp":"2026-02-12T01:32:01.723971Z","level":"info","event":"Updated instructor Kiera Allison with difficulty 2.50","logger":"task.stdout"}
{"timestamp":"2026-02-12T01:32:01.724495Z","level":"info","event":"Updated instructor Patricia Sullivan with rating 4.33","logger":"task.stdout"}
{"timestamp":"2026-02-12T01:32:01.724903Z","level":"info","event":"Updated instructor Patricia Sullivan with difficulty 3.00","logger":"task.stdout"}
{"timestamp":"2026-02-12T01:32:01.725107Z","level":"info","event":"WARNING: No professor found with name Lindgren Johnson. Skipping rating update for this instructor.","logger":"task.stdout"}
{"timestamp":"2026-02-12T01:32:01.725245Z","level":"info","event":"WARNING: No professor found with name Marcus Meade. Skipping rating update for this instructor.","logger":"task.stdout"}
{"timestamp":"2026-02-12T01:32:01.725402Z","level":"info","event":"WARNING: No professor found with name Sarah O'Brien. Skipping rating update for this instructor.","logger":"task.stdout"}
{"timestamp":"2026-02-12T01:32:01.726121Z","level":"info","event":"WARNING: No professor found with name Devin Donovan. Skipping rating update for this instructor.","logger":"task.stdout"}
{"timestamp":"2026-02-12T01:32:01.751168Z","level":"info","event":"Processing course ENWR 2700 with 7 instructors","logger":"task.stdout"}
{"timestamp":"2026-02-12T01:32:01.751754Z","level":"info","event":"Updated instructor Kate Sweeney with rating 3.33","logger":"task.stdout"}
{"timestamp":"2026-02-12T01:32:01.752192Z","level":"info","event":"Updated instructor Kate Sweeney with difficulty 1.00","logger":"task.stdout"}
{"timestamp":"2026-02-12T01:32:01.752439Z","level":"info","event":"WARNING: No professor found with name Charles Kelly. Skipping rating update for this instructor.","logger":"task.stdout"}
{"timestamp":"2026-02-12T01:32:01.777340Z","level":"info","event":"Processing course ENWR 2800 with 8 instructors","logger":"task.stdout"}
{"timestamp":"2026-02-12T01:32:01.777961Z","level":"info","event":"Updated instructor devin donovan with rating 5.00","logger":"task.stdout"}
{"timestamp":"2026-02-12T01:32:01.778397Z","level":"info","event":"Updated instructor devin donovan with difficulty 2.00","logger":"task.stdout"}
{"timestamp":"2026-02-12T01:32:01.779035Z","level":"info","event":"Updated instructor Kiera Allison with rating 4.11","logger":"task.stdout"}
{"timestamp":"2026-02-12T01:32:01.779444Z","level":"info","event":"Updated instructor Kiera Allison with difficulty 3.00","logger":"task.stdout"}
{"timestamp":"2026-02-12T01:32:01.779588Z","level":"info","event":"WARNING: No professor found with name Jason Nabi. Skipping rating update for this instructor.","logger":"task.stdout"}
{"timestamp":"2026-02-12T01:32:01.805443Z","level":"info","event":"Processing course ENWR 3500 with 11 instructors","logger":"task.stdout"}
{"timestamp":"2026-02-12T01:32:01.828349Z","level":"info","event":"Processing course ENWR 3550 with 4 instructors","logger":"task.stdout"}
{"timestamp":"2026-02-12T01:32:01.856859Z","level":"info","event":"Processing course ENWR 3559 with 13 instructors","logger":"task.stdout"}
{"timestamp":"2026-02-12T01:32:02.047092Z","level":"info","event":"Processing course ENWR 3640 with 2 instructors","logger":"task.stdout"}
{"timestamp":"2026-02-12T01:32:02.047501Z","level":"info","event":"WARNING: No professor found with name Stephanie Ceraso. Skipping rating update for this instructor.","logger":"task.stdout"}
{"timestamp":"2026-02-12T01:32:02.067736Z","level":"info","event":"Processing course ENWR 3660 with 2 instructors","logger":"task.stdout"}
{"timestamp":"2026-02-12T01:32:02.067997Z","level":"info","event":"WARNING: No professor found with name Sarah Stephenson. Skipping rating update for this instructor.","logger":"task.stdout"}
{"timestamp":"2026-02-12T01:32:02.089032Z","level":"info","event":"Processing course ENWR 3760 with 1 instructors","logger":"task.stdout"}
{"timestamp":"2026-02-12T01:32:02.117455Z","level":"info","event":"Processing course ENWR 3900 with 22 instructors","logger":"task.stdout"}
{"timestamp":"2026-02-12T01:32:02.118115Z","level":"info","event":"Updated instructor John Casteen with rating 5.00","logger":"task.stdout"}
{"timestamp":"2026-02-12T01:32:02.118535Z","level":"info","event":"Updated instructor John Casteen with difficulty 4.00","logger":"task.stdout"}
{"timestamp":"2026-02-12T01:32:02.119118Z","level":"info","event":"Updated instructor Jon D'Errico with rating 4.42","logger":"task.stdout"}
{"timestamp":"2026-02-12T01:32:02.119526Z","level":"info","event":"Updated instructor Jon D'Errico with difficulty 2.25","logger":"task.stdout"}
{"timestamp":"2026-02-12T01:32:02.120110Z","level":"info","event":"Updated instructor Ann Mazur with rating 4.33","logger":"task.stdout"}
{"timestamp":"2026-02-12T01:32:02.120521Z","level":"info","event":"Updated instructor Ann Mazur with difficulty 2.00","logger":"task.stdout"}
{"timestamp":"2026-02-12T01:32:02.145868Z","level":"info","event":"Processing course EVSC 3200 with 11 instructors","logger":"task.stdout"}
{"timestamp":"2026-02-12T01:32:02.146492Z","level":"info","event":"Updated instructor Howard Epstein with rating 3.69","logger":"task.stdout"}
{"timestamp":"2026-02-12T01:32:02.146893Z","level":"info","event":"Updated instructor Howard Epstein with difficulty 3.29","logger":"task.stdout"}
{"timestamp":"2026-02-12T01:32:02.147123Z","level":"info","event":"WARNING: No professor found with name Michael Pace. Skipping rating update for this instructor.","logger":"task.stdout"}
{"timestamp":"2026-02-12T01:32:02.147713Z","level":"info","event":"Updated instructor Manuel Lerdau with rating 2.66","logger":"task.stdout"}
{"timestamp":"2026-02-12T01:32:02.148115Z","level":"info","event":"Updated instructor Manuel Lerdau with difficulty 2.67","logger":"task.stdout"}
{"timestamp":"2026-02-12T01:32:02.148272Z","level":"info","event":"WARNING: No professor found with name Thomas Smith. Skipping rating update for this instructor.","logger":"task.stdout"}
{"timestamp":"2026-02-12T01:32:02.148820Z","level":"info","event":"Updated instructor Max Castorani with rating 2.00","logger":"task.stdout"}
{"timestamp":"2026-02-12T01:32:02.149204Z","level":"info","event":"Updated instructor Max Castorani with difficulty 4.00","logger":"task.stdout"}
{"timestamp":"2026-02-12T01:32:02.149419Z","level":"info","event":"WARNING: No professor found with name Deborah Lawrence. Skipping rating update for this instructor.","logger":"task.stdout"}
{"timestamp":"2026-02-12T01:32:02.149543Z","level":"info","event":"WARNING: No professor found with name Karen McGlathery. Skipping rating update for this instructor.","logger":"task.stdout"}
{"timestamp":"2026-02-12T01:32:02.192758Z","level":"info","event":"Processing course EVSC 3201 with 56 instructors","logger":"task.stdout"}
{"timestamp":"2026-02-12T01:32:02.193368Z","level":"info","event":"Updated instructor Howard Epstein with rating 3.33","logger":"task.stdout"}
{"timestamp":"2026-02-12T01:32:02.193777Z","level":"info","event":"Updated instructor Howard Epstein with difficulty 2.00","logger":"task.stdout"}
{"timestamp":"2026-02-12T01:32:02.194014Z","level":"info","event":"WARNING: No professor found with name Thomas Smith. Skipping rating update for this instructor.","logger":"task.stdout"}
{"timestamp":"2026-02-12T01:32:02.195147Z","level":"info","event":"WARNING: No professor found with name Brynn Cook. Skipping rating update for this instructor.","logger":"task.stdout"}
{"timestamp":"2026-02-12T01:32:02.195297Z","level":"info","event":"WARNING: No professor found with name Alexandra Bijak. Skipping rating update for this instructor.","logger":"task.stdout"}
{"timestamp":"2026-02-12T01:32:02.218853Z","level":"info","event":"Processing course EVSC 3300 with 9 instructors","logger":"task.stdout"}
{"timestamp":"2026-02-12T01:32:02.219429Z","level":"info","event":"Updated instructor Kevin Grise with rating 4.67","logger":"task.stdout"}
{"timestamp":"2026-02-12T01:32:02.219849Z","level":"info","event":"Updated instructor Kevin Grise with difficulty 2.60","logger":"task.stdout"}
{"timestamp":"2026-02-12T01:32:02.220390Z","level":"info","event":"Updated instructor Sally Pusede with rating 2.56","logger":"task.stdout"}
{"timestamp":"2026-02-12T01:32:02.220786Z","level":"info","event":"Updated instructor Sally Pusede with difficulty 3.50","logger":"task.stdout"}
{"timestamp":"2026-02-12T01:32:02.220926Z","level":"info","event":"WARNING: No professor found with name Stephan Wekker. Skipping rating update for this instructor.","logger":"task.stdout"}
{"timestamp":"2026-02-12T01:32:02.221139Z","level":"info","event":"WARNING: Multiple professors found with name Robert Davis. Skipping rating update for this instructor.","logger":"task.stdout"}
{"timestamp":"2026-02-12T01:32:02.221337Z","level":"info","event":"WARNING: No professor found with name Bruce Hayden. Skipping rating update for this instructor.","logger":"task.stdout"}
{"timestamp":"2026-02-12T01:32:02.259177Z","level":"info","event":"Processing course EVSC 3301 with 44 instructors","logger":"task.stdout"}
{"timestamp":"2026-02-12T01:32:02.259758Z","level":"info","event":"Updated instructor Kevin Grise with rating 1.33","logger":"task.stdout"}
{"timestamp":"2026-02-12T01:32:02.260254Z","level":"info","event":"Updated instructor Kevin Grise with difficulty 4.00","logger":"task.stdout"}
{"timestamp":"2026-02-12T01:32:02.260443Z","level":"info","event":"WARNING: No professor found with name Stephan Wekker. Skipping rating update for this instructor.","logger":"task.stdout"}
{"timestamp":"2026-02-12T01:32:02.260662Z","level":"info","event":"WARNING: Multiple professors found with name Robert Davis. Skipping rating update for this instructor.","logger":"task.stdout"}
{"timestamp":"2026-02-12T01:32:02.261072Z","level":"info","event":"WARNING: No professor found with name Daniel Schmidt. Skipping rating update for this instructor.","logger":"task.stdout"}
{"timestamp":"2026-02-12T01:32:02.261552Z","level":"info","event":"WARNING: No professor found with name Ksenia Brazhnik. Skipping rating update for this instructor.","logger":"task.stdout"}
{"timestamp":"2026-02-12T01:32:02.261683Z","level":"info","event":"WARNING: No professor found with name Mark Sghiatti. Skipping rating update for this instructor.","logger":"task.stdout"}
{"timestamp":"2026-02-12T01:32:02.373630Z","level":"info","event":"Processing course EVSC 3559 with 6 instructors","logger":"task.stdout"}
{"timestamp":"2026-02-12T01:32:02.373983Z","level":"info","event":"WARNING: No professor found with name Jennie Moody. Skipping rating update for this instructor.","logger":"task.stdout"}
{"timestamp":"2026-02-12T01:32:02.374195Z","level":"info","event":"WARNING: No professor found with name Thomas Hall. Skipping rating update for this instructor.","logger":"task.stdout"}
{"timestamp":"2026-02-12T01:32:02.396030Z","level":"info","event":"Processing course EVSC 3600 with 6 instructors","logger":"task.stdout"}
{"timestamp":"2026-02-12T01:32:02.396703Z","level":"info","event":"Updated instructor Matthew Reidenbach with rating 4.00","logger":"task.stdout"}
{"timestamp":"2026-02-12T01:32:02.397117Z","level":"info","event":"Updated instructor Matthew Reidenbach with difficulty 2.73","logger":"task.stdout"}
{"timestamp":"2026-02-12T01:32:02.397678Z","level":"info","event":"Updated instructor Todd Scanlon with rating 3.93","logger":"task.stdout"}
{"timestamp":"2026-02-12T01:32:02.398075Z","level":"info","event":"Updated instructor Todd Scanlon with difficulty 2.70","logger":"task.stdout"}
{"timestamp":"2026-02-12T01:32:02.398226Z","level":"info","event":"WARNING: No professor found with name Patricia Wiberg. Skipping rating update for this instructor.","logger":"task.stdout"}
{"timestamp":"2026-02-12T01:32:02.434071Z","level":"info","event":"Processing course EVSC 3601 with 41 instructors","logger":"task.stdout"}
{"timestamp":"2026-02-12T01:32:02.434686Z","level":"info","event":"Updated instructor Matthew Reidenbach with rating 4.17","logger":"task.stdout"}
{"timestamp":"2026-02-12T01:32:02.435083Z","level":"info","event":"Updated instructor Matthew Reidenbach with difficulty 3.00","logger":"task.stdout"}
{"timestamp":"2026-02-12T01:32:02.456726Z","level":"info","event":"Processing course EVSC 4002 with 4 instructors","logger":"task.stdout"}
{"timestamp":"2026-02-12T01:32:02.456910Z","level":"info","event":"WARNING: No professor found with name Stephen Macko. Skipping rating update for this instructor.","logger":"task.stdout"}
{"timestamp":"2026-02-12T01:32:02.477351Z","level":"info","event":"Processing course EVSC 4020 with 2 instructors","logger":"task.stdout"}
{"timestamp":"2026-02-12T01:32:02.498242Z","level":"info","event":"Processing course EVSC 4070 with 1 instructors","logger":"task.stdout"}
{"timestamp":"2026-02-12T01:32:02.518800Z","level":"info","event":"Processing course EVSC 4140 with 2 instructors","logger":"task.stdout"}
{"timestamp":"2026-02-12T01:32:02.539086Z","level":"info","event":"Processing course EVSC 4370 with 1 instructors","logger":"task.stdout"}
{"timestamp":"2026-02-12T01:32:02.559205Z","level":"info","event":"Processing course EVSC 4542 with 1 instructors","logger":"task.stdout"}
{"timestamp":"2026-02-12T01:32:02.695166Z","level":"info","event":"Processing course EVSC 4559 with 59 instructors","logger":"task.stdout"}
{"timestamp":"2026-02-12T01:32:02.696171Z","level":"info","event":"Updated instructor Matthew Reidenbach with rating 4.00","logger":"task.stdout"}
{"timestamp":"2026-02-12T01:32:02.696596Z","level":"info","event":"Updated instructor Matthew Reidenbach with difficulty 2.00","logger":"task.stdout"}
{"timestamp":"2026-02-12T01:32:02.697258Z","level":"info","event":"Updated instructor Kevin Grise with rating 3.33","logger":"task.stdout"}
{"timestamp":"2026-02-12T01:32:02.697675Z","level":"info","event":"Updated instructor Kevin Grise with difficulty 2.00","logger":"task.stdout"}
{"timestamp":"2026-02-12T01:32:02.698111Z","level":"info","event":"WARNING: No professor found with name Aaron Mills. Skipping rating update for this instructor.","logger":"task.stdout"}
{"timestamp":"2026-02-12T01:32:02.698327Z","level":"info","event":"WARNING: No professor found with name Stephen Macko. Skipping rating update for this instructor.","logger":"task.stdout"}
{"timestamp":"2026-02-12T01:32:02.698515Z","level":"info","event":"WARNING: No professor found with name Paolo D'Odorico. Skipping rating update for this instructor.","logger":"task.stdout"}
{"timestamp":"2026-02-12T01:32:02.720334Z","level":"info","event":"Processing course EVSC 4630 with 1 instructors","logger":"task.stdout"}
{"timestamp":"2026-02-12T01:32:02.721190Z","level":"info","event":"Updated instructor Todd Scanlon with rating 4.50","logger":"task.stdout"}
{"timestamp":"2026-02-12T01:32:02.721627Z","level":"info","event":"Updated instructor Todd Scanlon with difficulty 3.50","logger":"task.stdout"}
{"timestamp":"2026-02-12T01:32:02.749444Z","level":"info","event":"Processing course EVSC 4640 with 1 instructors","logger":"task.stdout"}
{"timestamp":"2026-02-12T01:32:02.767763Z","level":"error","event":"Server indicated the task shouldn't be running anymore. Terminating process","detail":{"detail":{"reason":"not_running","message":"TI is no longer in the running state and task should terminate","current_state":"success"}},"logger":"task"}
{"timestamp":"2026-02-12T01:32:02.787367Z","level":"info","event":"Processing course EVSC 4710 with 2 instructors","logger":"task.stdout"}
{"timestamp":"2026-02-12T01:32:02.817056Z","level":"info","event":"Processing course EVSC 4890 with 2 instructors","logger":"task.stdout"}
{"timestamp":"2026-02-12T01:32:02.818133Z","level":"info","event":"Updated instructor Alan Howard with rating 3.08","logger":"task.stdout"}
{"timestamp":"2026-02-12T01:32:02.818580Z","level":"info","event":"Updated instructor Alan Howard with difficulty 2.25","logger":"task.stdout"}
{"timestamp":"2026-02-12T01:32:02.841162Z","level":"info","event":"Processing course EVSC 4891 with 3 instructors","logger":"task.stdout"}
{"timestamp":"2026-02-12T01:32:02.864735Z","level":"info","event":"Processing course EVSC 4991 with 8 instructors","logger":"task.stdout"}
{"timestamp":"2026-02-12T01:32:02.865627Z","level":"info","event":"Updated instructor David Smith with rating 4.33","logger":"task.stdout"}
{"timestamp":"2026-02-12T01:32:02.866055Z","level":"info","event":"Updated instructor David Smith with difficulty 2.00","logger":"task.stdout"}
{"timestamp":"2026-02-12T01:32:02.909795Z","level":"info","event":"Processing course EVSC 4993 with 52 instructors","logger":"task.stdout"}
{"timestamp":"2026-02-12T01:32:02.934731Z","level":"info","event":"Processing course EVSC 1010 with 6 instructors","logger":"task.stdout"}
{"timestamp":"2026-02-12T01:32:02.935520Z","level":"info","event":"Updated instructor Scott Doney with rating 3.67","logger":"task.stdout"}
{"timestamp":"2026-02-12T01:32:02.935972Z","level":"info","event":"Updated instructor Scott Doney with difficulty 2.00","logger":"task.stdout"}
{"timestamp":"2026-02-12T01:32:02.936574Z","level":"info","event":"Updated instructor Manuel Lerdau with rating 1.59","logger":"task.stdout"}
{"timestamp":"2026-02-12T01:32:02.936987Z","level":"info","event":"Updated instructor Manuel Lerdau with difficulty 3.44","logger":"task.stdout"}
{"timestamp":"2026-02-12T01:32:02.937171Z","level":"info","event":"WARNING: No professor found with name Thomas Smith. Skipping rating update for this instructor.","logger":"task.stdout"}
{"timestamp":"2026-02-12T01:32:02.937346Z","level":"info","event":"WARNING: No professor found with name Linda Blum. Skipping rating update for this instructor.","logger":"task.stdout"}
{"timestamp":"2026-02-12T01:32:03.068550Z","level":"info","event":"Processing course EVSC 1300 with 8 instructors","logger":"task.stdout"}
{"timestamp":"2026-02-12T01:32:03.068928Z","level":"info","event":"WARNING: Multiple professors found with name Robert Davis. Skipping rating update for this instructor.","logger":"task.stdout"}
{"timestamp":"2026-02-12T01:32:03.069682Z","level":"info","event":"Updated instructor Kevin Grise with rating 4.67","logger":"task.stdout"}
{"timestamp":"2026-02-12T01:32:03.070110Z","level":"info","event":"Updated instructor Kevin Grise with difficulty 1.00","logger":"task.stdout"}
{"timestamp":"2026-02-12T01:32:03.094808Z","level":"info","event":"Processing course EVSC 2220 with 3 instructors","logger":"task.stdout"}
{"timestamp":"2026-02-12T01:32:03.095662Z","level":"info","event":"Updated instructor Manuel Lerdau with rating 1.51","logger":"task.stdout"}
{"timestamp":"2026-02-12T01:32:03.096090Z","level":"info","event":"Updated instructor Manuel Lerdau with difficulty 2.80","logger":"task.stdout"}
{"timestamp":"2026-02-12T01:32:03.096298Z","level":"info","event":"WARNING: No professor found with name Robert Swap. Skipping rating update for this instructor.","logger":"task.stdout"}
{"timestamp":"2026-02-12T01:32:03.130474Z","level":"info","event":"Processing course EVSC 2800 with 18 instructors","logger":"task.stdout"}
{"timestamp":"2026-02-12T01:32:03.131346Z","level":"info","event":"Updated instructor Ajay Limaye with rating 3.80","logger":"task.stdout"}
{"timestamp":"2026-02-12T01:32:03.131784Z","level":"info","event":"Updated instructor Ajay Limaye with difficulty 2.40","logger":"task.stdout"}
{"timestamp":"2026-02-12T01:32:03.131985Z","level":"info","event":"WARNING: No professor found with name Ian Fitzsimmons. Skipping rating update for this instructor.","logger":"task.stdout"}
{"timestamp":"2026-02-12T01:32:03.132229Z","level":"info","event":"WARNING: No professor found with name Michelle Nelson. Skipping rating update for this instructor.","logger":"task.stdout"}
{"timestamp":"2026-02-12T01:32:03.132491Z","level":"info","event":"WARNING: No professor found with name Janet Herman. Skipping rating update for this instructor.","logger":"task.stdout"}
{"timestamp":"2026-02-12T01:32:03.132681Z","level":"info","event":"WARNING: No professor found with name Pragnyadipta Sen. Skipping rating update for this instructor.","logger":"task.stdout"}
{"timestamp":"2026-02-12T01:32:03.133362Z","level":"info","event":"Updated instructor Alan Howard with rating 2.93","logger":"task.stdout"}
{"timestamp":"2026-02-12T01:32:03.133822Z","level":"info","event":"Updated instructor Alan Howard with difficulty 1.71","logger":"task.stdout"}
{"timestamp":"2026-02-12T01:32:03.134046Z","level":"info","event":"WARNING: No professor found with name Thomas Biggs. Skipping rating update for this instructor.","logger":"task.stdout"}
{"timestamp":"2026-02-12T01:32:03.176517Z","level":"info","event":"Processing course EVSC 2801 with 51 instructors","logger":"task.stdout"}
{"timestamp":"2026-02-12T01:32:03.177431Z","level":"info","event":"Updated instructor Ajay Limaye with rating 3.00","logger":"task.stdout"}
{"timestamp":"2026-02-12T01:32:03.177835Z","level":"info","event":"Updated instructor Ajay Limaye with difficulty 1.50","logger":"task.stdout"}
{"timestamp":"2026-02-12T01:32:03.178349Z","level":"info","event":"WARNING: No professor found with name Janet Herman. Skipping rating update for this instructor.","logger":"task.stdout"}
{"timestamp":"2026-02-12T01:32:03.178939Z","level":"info","event":"WARNING: No professor found with name Sara Bratsch. Skipping rating update for this instructor.","logger":"task.stdout"}
{"timestamp":"2026-02-12T01:32:03.179098Z","level":"info","event":"WARNING: No professor found with name Bin Wang. Skipping rating update for this instructor.","logger":"task.stdout"}
{"timestamp":"2026-02-12T01:32:03.179249Z","level":"info","event":"WARNING: No professor found with name Noah Egge. Skipping rating update for this instructor.","logger":"task.stdout"}
{"timestamp":"2026-02-12T01:32:03.179917Z","level":"info","event":"Updated instructor Alan Howard with rating 4.00","logger":"task.stdout"}
{"timestamp":"2026-02-12T01:32:03.180330Z","level":"info","event":"Updated instructor Alan Howard with difficulty 1.00","logger":"task.stdout"}
{"timestamp":"2026-02-12T01:32:03.180736Z","level":"info","event":"WARNING: No professor found with name Thomas Biggs. Skipping rating update for this instructor.","logger":"task.stdout"}
{"timestamp":"2026-02-12T01:32:03.207450Z","level":"info","event":"Processing course EVSC 3020 with 11 instructors","logger":"task.stdout"}
{"timestamp":"2026-02-12T01:32:03.208160Z","level":"info","event":"Updated instructor John Porter with rating 3.39","logger":"task.stdout"}
{"timestamp":"2026-02-12T01:32:03.208610Z","level":"info","event":"Updated instructor John Porter with difficulty 2.83","logger":"task.stdout"}
{"timestamp":"2026-02-12T01:32:03.208902Z","level":"info","event":"WARNING: No professor found with name TBA TBA. Skipping rating update for this instructor.","logger":"task.stdout"}
{"timestamp":"2026-02-12T01:32:03.254140Z","level":"info","event":"Processing course EVSC 4995 with 59 instructors","logger":"task.stdout"}
{"timestamp":"2026-02-12T01:32:03.298529Z","level":"info","event":"Processing course EVSC 4999 with 54 instructors","logger":"task.stdout"}
{"timestamp":"2026-02-12T01:32:03.405171Z","level":"info","event":"Processing course EVSC 4080 with 2 instructors","logger":"task.stdout"}
{"timestamp":"2026-02-12T01:32:03.460939Z","level":"info","event":"Processing course FREN 2020 with 87 instructors","logger":"task.stdout"}
{"timestamp":"2026-02-12T01:32:03.461681Z","level":"info","event":"Updated instructor Rachel Geer with rating 4.46","logger":"task.stdout"}
{"timestamp":"2026-02-12T01:32:03.462127Z","level":"info","event":"Updated instructor Rachel Geer with difficulty 2.63","logger":"task.stdout"}
{"timestamp":"2026-02-12T01:32:03.462877Z","level":"info","event":"Updated instructor Spyridon Simotas with rating 2.00","logger":"task.stdout"}
{"timestamp":"2026-02-12T01:32:03.463286Z","level":"info","event":"Updated instructor Spyridon Simotas with difficulty 4.00","logger":"task.stdout"}
{"timestamp":"2026-02-12T01:32:03.463500Z","level":"info","event":"WARNING: No professor found with name Pascale Hapgood. Skipping rating update for this instructor.","logger":"task.stdout"}
{"timestamp":"2026-02-12T01:32:03.463746Z","level":"info","event":"WARNING: No professor found with name Stephanie mazan. Skipping rating update for this instructor.","logger":"task.stdout"}
{"timestamp":"2026-02-12T01:32:03.463921Z","level":"info","event":"WARNING: No professor found with name Ninon Bartz. Skipping rating update for this instructor.","logger":"task.stdout"}
{"timestamp":"2026-02-12T01:32:03.464177Z","level":"info","event":"WARNING: No professor found with name Paige Tierney. Skipping rating update for this instructor.","logger":"task.stdout"}
{"timestamp":"2026-02-12T01:32:03.464374Z","level":"info","event":"WARNING: No professor found with name Nathan Ach. Skipping rating update for this instructor.","logger":"task.stdout"}
{"timestamp":"2026-02-12T01:32:03.464603Z","level":"info","event":"WARNING: No professor found with name Meghan O'Donoghue. Skipping rating update for this instructor.","logger":"task.stdout"}
{"timestamp":"2026-02-12T01:32:03.465189Z","level":"info","event":"WARNING: No professor found with name Holly Runde. Skipping rating update for this instructor.","logger":"task.stdout"}
{"timestamp":"2026-02-12T01:32:03.465452Z","level":"info","event":"WARNING: No professor found with name Solene Camus. Skipping rating update for this instructor.","logger":"task.stdout"}
{"timestamp":"2026-02-12T01:32:03.465602Z","level":"info","event":"WARNING: No professor found with name Antoine Guibal. Skipping rating update for this instructor.","logger":"task.stdout"}
{"timestamp":"2026-02-12T01:32:03.465974Z","level":"info","event":"WARNING: No professor found with name Dorothee Polanz. Skipping rating update for this instructor.","logger":"task.stdout"}
{"timestamp":"2026-02-12T01:32:03.466261Z","level":"info","event":"WARNING: No professor found with name Tanya Dery-Obin. Skipping rating update for this instructor.","logger":"task.stdout"}
{"timestamp":"2026-02-12T01:32:03.490859Z","level":"info","event":"Processing course FREN 3029 with 12 instructors","logger":"task.stdout"}
{"timestamp":"2026-02-12T01:32:03.491058Z","level":"info","event":"WARNING: No professor found with name Guillaume Bisson. Skipping rating update for this instructor.","logger":"task.stdout"}
{"timestamp":"2026-02-12T01:32:03.491462Z","level":"info","event":"WARNING: No professor found with name Marylise Rilliard. Skipping rating update for this instructor.","logger":"task.stdout"}
{"timestamp":"2026-02-12T01:32:03.515480Z","level":"info","event":"Processing course FREN 1000 with 12 instructors","logger":"task.stdout"}
{"timestamp":"2026-02-12T01:32:03.568057Z","level":"info","event":"Processing course FREN 1010 with 78 instructors","logger":"task.stdout"}
{"timestamp":"2026-02-12T01:32:03.568780Z","level":"info","event":"Updated instructor Cecile Rey with rating 4.71","logger":"task.stdout"}
{"timestamp":"2026-02-12T01:32:03.569184Z","level":"info","event":"Updated instructor Cecile Rey with difficulty 2.86","logger":"task.stdout"}
{"timestamp":"2026-02-12T01:32:03.570101Z","level":"info","event":"WARNING: No professor found with name Elizabeth Groff. Skipping rating update for this instructor.","logger":"task.stdout"}
{"timestamp":"2026-02-12T01:32:03.570768Z","level":"info","event":"WARNING: No professor found with name Homa Soroosh. Skipping rating update for this instructor.","logger":"task.stdout"}
{"timestamp":"2026-02-12T01:32:03.570911Z","level":"info","event":"WARNING: No professor found with name Hannah Andersen. Skipping rating update for this instructor.","logger":"task.stdout"}
{"timestamp":"2026-02-12T01:32:03.571176Z","level":"info","event":"WARNING: No professor found with name Nicholas Shangler. Skipping rating update for this instructor.","logger":"task.stdout"}
{"timestamp":"2026-02-12T01:32:03.571337Z","level":"info","event":"WARNING: No professor found with name Mary Allen. Skipping rating update for this instructor.","logger":"task.stdout"}
{"timestamp":"2026-02-12T01:32:03.571555Z","level":"info","event":"WARNING: No professor found with name Jessie Labadie. Skipping rating update for this instructor.","logger":"task.stdout"}
{"timestamp":"2026-02-12T01:32:03.571865Z","level":"info","event":"WARNING: No professor found with name Jacob Pease. Skipping rating update for this instructor.","logger":"task.stdout"}
{"timestamp":"2026-02-12T01:32:03.712605Z","level":"info","event":"Processing course FREN 1020 with 73 instructors","logger":"task.stdout"}
{"timestamp":"2026-02-12T01:32:03.713477Z","level":"info","event":"Updated instructor Cecile Rey with rating 4.33","logger":"task.stdout"}
{"timestamp":"2026-02-12T01:32:03.713940Z","level":"info","event":"Updated instructor Cecile Rey with difficulty 3.33","logger":"task.stdout"}
{"timestamp":"2026-02-12T01:32:03.714354Z","level":"info","event":"WARNING: No professor found with name Kelley Cordova. Skipping rating update for this instructor.","logger":"task.stdout"}
{"timestamp":"2026-02-12T01:32:03.714751Z","level":"info","event":"WARNING: No professor found with name Emily Marks. Skipping rating update for this instructor.","logger":"task.stdout"}
{"timestamp":"2026-02-12T01:32:03.715344Z","level":"info","event":"WARNING: No professor found with name Eleni Karalexis. Skipping rating update for this instructor.","logger":"task.stdout"}
{"timestamp":"2026-02-12T01:32:03.715611Z","level":"info","event":"WARNING: No professor found with name Haniyeh Barahouiepasandi. Skipping rating update for this instructor.","logger":"task.stdout"}
{"timestamp":"2026-02-12T01:32:03.715781Z","level":"info","event":"WARNING: No professor found with name Sana Seghair. Skipping rating update for this instructor.","logger":"task.stdout"}
{"timestamp":"2026-02-12T01:32:03.715948Z","level":"info","event":"WARNING: No professor found with name Mathieu Perrot. Skipping rating update for this instructor.","logger":"task.stdout"}
{"timestamp":"2026-02-12T01:32:03.716092Z","level":"info","event":"WARNING: No professor found with name Jennifer Burstein. Skipping rating update for this instructor.","logger":"task.stdout"}
{"timestamp":"2026-02-12T01:32:03.716977Z","level":"info","event":"WARNING: No professor found with name Brandon Guernsey. Skipping rating update for this instructor.","logger":"task.stdout"}
{"timestamp":"2026-02-12T01:32:03.752745Z","level":"info","event":"Processing course FREN 1050 with 41 instructors","logger":"task.stdout"}
{"timestamp":"2026-02-12T01:32:03.752940Z","level":"info","event":"WARNING: No professor found with name Faculty Staff. Skipping rating update for this instructor.","logger":"task.stdout"}
{"timestamp":"2026-02-12T01:32:03.753190Z","level":"info","event":"WARNING: No professor found with name Eleni Karalexis. Skipping rating update for this instructor.","logger":"task.stdout"}
{"timestamp":"2026-02-12T01:32:03.753388Z","level":"info","event":"WARNING: No professor found with name Mary Allen. Skipping rating update for this instructor.","logger":"task.stdout"}
{"timestamp":"2026-02-12T01:32:03.753611Z","level":"info","event":"WARNING: No professor found with name Jessie Labadie. Skipping rating update for this instructor.","logger":"task.stdout"}
{"timestamp":"2026-02-12T01:32:03.753747Z","level":"info","event":"WARNING: No professor found with name Claire Brisson. Skipping rating update for this instructor.","logger":"task.stdout"}
{"timestamp":"2026-02-12T01:32:03.753961Z","level":"info","event":"WARNING: No professor found with name Stacey Battis. Skipping rating update for this instructor.","logger":"task.stdout"}
{"timestamp":"2026-02-12T01:32:03.754153Z","level":"info","event":"WARNING: No professor found with name Monica Ehrlich. Skipping rating update for this instructor.","logger":"task.stdout"}
{"timestamp":"2026-02-12T01:32:03.754346Z","level":"info","event":"WARNING: No professor found with name Christopher James. Skipping rating update for this instructor.","logger":"task.stdout"}
{"timestamp":"2026-02-12T01:32:03.807123Z","level":"info","event":"Processing course FREN 2010 with 83 instructors","logger":"task.stdout"}
{"timestamp":"2026-02-12T01:32:03.807385Z","level":"info","event":"WARNING: No professor found with name Faculty Staff. Skipping rating update for this instructor.","logger":"task.stdout"}
{"timestamp":"2026-02-12T01:32:03.807969Z","level":"info","event":"Updated instructor Elizabeth Hall with rating 4.63","logger":"task.stdout"}
{"timestamp":"2026-02-12T01:32:03.808382Z","level":"info","event":"Updated instructor Elizabeth Hall with difficulty 2.13","logger":"task.stdout"}
{"timestamp":"2026-02-12T01:32:03.808687Z","level":"info","event":"WARNING: No professor found with name Eren Jaye. Skipping rating update for this instructor.","logger":"task.stdout"}
{"timestamp":"2026-02-12T01:32:03.809217Z","level":"info","event":"WARNING: No professor found with name Meghan O'Donoghue. Skipping rating update for this instructor.","logger":"task.stdout"}
{"timestamp":"2026-02-12T01:32:03.809550Z","level":"info","event":"WARNING: No professor found with name Lyais Youssef. Skipping rating update for this instructor.","logger":"task.stdout"}
{"timestamp":"2026-02-12T01:32:03.809764Z","level":"info","event":"WARNING: No professor found with name Alexandra Natoli. Skipping rating update for this instructor.","logger":"task.stdout"}
{"timestamp":"2026-02-12T01:32:03.810061Z","level":"info","event":"WARNING: No professor found with name Casey Shannon. Skipping rating update for this instructor.","logger":"task.stdout"}
{"timestamp":"2026-02-12T01:32:03.810222Z","level":"info","event":"WARNING: No professor found with name Marylise Rilliard. Skipping rating update for this instructor.","logger":"task.stdout"}
{"timestamp":"2026-02-12T01:32:03.810396Z","level":"info","event":"WARNING: No professor found with name Hannah Holtzman. Skipping rating update for this instructor.","logger":"task.stdout"}
{"timestamp":"2026-02-12T01:32:03.810556Z","level":"info","event":"WARNING: No professor found with name Shannon Connolly. Skipping rating update for this instructor.","logger":"task.stdout"}
{"timestamp":"2026-02-12T01:32:03.810689Z","level":"info","event":"WARNING: No professor found with name Helen Dunn. Skipping rating update for this instructor.","logger":"task.stdout"}
{"timestamp":"2026-02-12T01:32:03.810899Z","level":"info","event":"WARNING: No professor found with name Marilyne Tonelli. Skipping rating update for this instructor.","logger":"task.stdout"}
{"timestamp":"2026-02-12T01:32:03.831074Z","level":"info","event":"Processing course FREN 3030 with 2 instructors","logger":"task.stdout"}
{"timestamp":"2026-02-12T01:32:03.831247Z","level":"info","event":"WARNING: No professor found with name Gladys Saunders. Skipping rating update for this instructor.","logger":"task.stdout"}
{"timestamp":"2026-02-12T01:32:03.867277Z","level":"info","event":"Processing course FREN 3031 with 33 instructors","logger":"task.stdout"}
{"timestamp":"2026-02-12T01:32:03.868191Z","level":"info","event":"Updated instructor Karen James with rating 4.33","logger":"task.stdout"}
{"timestamp":"2026-02-12T01:32:03.868668Z","level":"info","event":"Updated instructor Karen James with difficulty 3.00","logger":"task.stdout"}
{"timestamp":"2026-02-12T01:32:03.869269Z","level":"info","event":"Updated instructor Rachel Geer with rating 4.50","logger":"task.stdout"}
{"timestamp":"2026-02-12T01:32:03.869675Z","level":"info","event":"Updated instructor Rachel Geer with difficulty 3.50","logger":"task.stdout"}
{"timestamp":"2026-02-12T01:32:03.870309Z","level":"info","event":"Updated instructor Amy Ogden with rating 3.33","logger":"task.stdout"}
{"timestamp":"2026-02-12T01:32:03.870726Z","level":"info","event":"Updated instructor Amy Ogden with difficulty 3.00","logger":"task.stdout"}
{"timestamp":"2026-02-12T01:32:03.871396Z","level":"info","event":"Updated instructor Cheryl Krueger with rating 4.50","logger":"task.stdout"}
{"timestamp":"2026-02-12T01:32:03.871775Z","level":"info","event":"Updated instructor Cheryl Krueger with difficulty 3.17","logger":"task.stdout"}
{"timestamp":"2026-02-12T01:32:03.872335Z","level":"info","event":"Updated instructor Spyridon Simotas with rating 4.67","logger":"task.stdout"}
{"timestamp":"2026-02-12T01:32:03.872738Z","level":"info","event":"Updated instructor Spyridon Simotas with difficulty 2.00","logger":"task.stdout"}
{"timestamp":"2026-02-12T01:32:03.872931Z","level":"info","event":"WARNING: No professor found with name Alison Levine. Skipping rating update for this instructor.","logger":"task.stdout"}
{"timestamp":"2026-02-12T01:32:03.873207Z","level":"info","event":"WARNING: No professor found with name Nicolas Lombart. Skipping rating update for this instructor.","logger":"task.stdout"}
{"timestamp":"2026-02-12T01:32:03.873353Z","level":"info","event":"WARNING: No professor found with name Christine Zunz. Skipping rating update for this instructor.","logger":"task.stdout"}
{"timestamp":"2026-02-12T01:32:03.873524Z","level":"info","event":"WARNING: No professor found with name John Lyons. Skipping rating update for this instructor.","logger":"task.stdout"}
{"timestamp":"2026-02-12T01:32:03.874092Z","level":"info","event":"Updated instructor Cecile Rey with rating 3.67","logger":"task.stdout"}
{"timestamp":"2026-02-12T01:32:03.874501Z","level":"info","event":"Updated instructor Cecile Rey with difficulty 3.00","logger":"task.stdout"}
{"timestamp":"2026-02-12T01:32:03.896688Z","level":"info","event":"Processing course FREN 3036 with 1 instructors","logger":"task.stdout"}
{"timestamp":"2026-02-12T01:32:03.897569Z","level":"info","event":"Updated instructor Elizabeth Hall with rating 4.44","logger":"task.stdout"}
{"timestamp":"2026-02-12T01:32:03.898150Z","level":"info","event":"Updated instructor Elizabeth Hall with difficulty 2.33","logger":"task.stdout"}
{"timestamp":"2026-02-12T01:32:03.920400Z","level":"info","event":"Processing course FREN 3040 with 3 instructors","logger":"task.stdout"}
{"timestamp":"2026-02-12T01:32:03.942158Z","level":"info","event":"Processing course FREN 3043 with 4 instructors","logger":"task.stdout"}
{"timestamp":"2026-02-12T01:32:03.943058Z","level":"info","event":"Updated instructor Claire Lyu with rating 3.67","logger":"task.stdout"}
{"timestamp":"2026-02-12T01:32:03.943540Z","level":"info","event":"Updated instructor Claire Lyu with difficulty 3.50","logger":"task.stdout"}
{"timestamp":"2026-02-12T01:32:03.944107Z","level":"info","event":"Updated instructor Ari Blatt with rating 4.53","logger":"task.stdout"}
{"timestamp":"2026-02-12T01:32:03.944542Z","level":"info","event":"Updated instructor Ari Blatt with difficulty 2.27","logger":"task.stdout"}
{"timestamp":"2026-02-12T01:32:03.944702Z","level":"info","event":"WARNING: No professor found with name Stephanie Berard. Skipping rating update for this instructor.","logger":"task.stdout"}
{"timestamp":"2026-02-12T01:32:03.965938Z","level":"info","event":"Processing course FREN 3061 with 1 instructors","logger":"task.stdout"}
{"timestamp":"2026-02-12T01:32:04.097433Z","level":"info","event":"Processing course FREN 3882 with 1 instructors","logger":"task.stdout"}
{"timestamp":"2026-02-12T01:32:04.124084Z","level":"info","event":"Processing course FREN 4064 with 1 instructors","logger":"task.stdout"}
{"timestamp":"2026-02-12T01:32:04.147669Z","level":"info","event":"Processing course FREN 4123 with 1 instructors","logger":"task.stdout"}
{"timestamp":"2026-02-12T01:32:04.168881Z","level":"info","event":"Processing course FREN 4744 with 1 instructors","logger":"task.stdout"}
{"timestamp":"2026-02-12T01:32:04.169749Z","level":"info","event":"Updated instructor Ari Blatt with rating 5.00","logger":"task.stdout"}
{"timestamp":"2026-02-12T01:32:04.170190Z","level":"info","event":"Updated instructor Ari Blatt with difficulty 2.00","logger":"task.stdout"}
{"timestamp":"2026-02-12T01:32:04.192280Z","level":"info","event":"Processing course FREN 4838 with 2 instructors","logger":"task.stdout"}
{"timestamp":"2026-02-12T01:32:04.193690Z","level":"info","event":"Updated instructor Janet Horne with rating 4.17","logger":"task.stdout"}
{"timestamp":"2026-02-12T01:32:04.194168Z","level":"info","event":"Updated instructor Janet Horne with difficulty 2.50","logger":"task.stdout"}
{"timestamp":"2026-02-12T01:32:04.221945Z","level":"info","event":"Processing course FREN 4999 with 16 instructors","logger":"task.stdout"}
{"timestamp":"2026-02-12T01:32:04.255968Z","level":"info","event":"Processing course GETR 3590 with 28 instructors","logger":"task.stdout"}
{"timestamp":"2026-02-12T01:32:04.256888Z","level":"info","event":"Updated instructor Benjamin Bennett with rating 5.00","logger":"task.stdout"}
{"timestamp":"2026-02-12T01:32:04.257378Z","level":"info","event":"Updated instructor Benjamin Bennett with difficulty 2.00","logger":"task.stdout"}
{"timestamp":"2026-02-12T01:32:04.258066Z","level":"info","event":"Updated instructor William McDonald with rating 4.33","logger":"task.stdout"}
{"timestamp":"2026-02-12T01:32:04.258504Z","level":"info","event":"Updated instructor William McDonald with difficulty 2.00","logger":"task.stdout"}
{"timestamp":"2026-02-12T01:32:04.259075Z","level":"info","event":"WARNING: No professor found with name Marcel Schmid. Skipping rating update for this instructor.","logger":"task.stdout"}
{"timestamp":"2026-02-12T01:32:04.260091Z","level":"info","event":"Updated instructor Jeffrey Grossman with rating 4.00","logger":"task.stdout"}
{"timestamp":"2026-02-12T01:32:04.260529Z","level":"info","event":"Updated instructor Jeffrey Grossman with difficulty 2.00","logger":"task.stdout"}
{"timestamp":"2026-02-12T01:32:04.260740Z","level":"info","event":"WARNING: No professor found with name Sybil Scholz. Skipping rating update for this instructor.","logger":"task.stdout"}
{"timestamp":"2026-02-12T01:32:04.285769Z","level":"info","event":"Processing course GETR 3372 with 7 instructors","logger":"task.stdout"}
{"timestamp":"2026-02-12T01:32:04.286243Z","level":"info","event":"WARNING: No professor found with name Gabriel Finder. Skipping rating update for this instructor.","logger":"task.stdout"}
{"timestamp":"2026-02-12T01:32:04.286478Z","level":"info","event":"WARNING: No professor found with name Volker Kaiser. Skipping rating update for this instructor.","logger":"task.stdout"}
{"timestamp":"2026-02-12T01:32:04.309166Z","level":"info","event":"Processing course GETR 3464 with 2 instructors","logger":"task.stdout"}
{"timestamp":"2026-02-12T01:32:04.310075Z","level":"info","event":"Updated instructor William McDonald with rating 4.83","logger":"task.stdout"}
{"timestamp":"2026-02-12T01:32:04.310556Z","level":"info","event":"Updated instructor William McDonald with difficulty 1.50","logger":"task.stdout"}
{"timestamp":"2026-02-12T01:32:04.436580Z","level":"info","event":"Processing course GETR 3470 with 2 instructors","logger":"task.stdout"}
{"timestamp":"2026-02-12T01:32:04.437039Z","level":"info","event":"WARNING: No professor found with name Rebekah Slodounik. Skipping rating update for this instructor.","logger":"task.stdout"}
{"timestamp":"2026-02-12T01:32:04.458823Z","level":"info","event":"Processing course GETR 3505 with 1 instructors","logger":"task.stdout"}
{"timestamp":"2026-02-12T01:32:04.460140Z","level":"info","event":"Updated instructor Manuela Achilles with rating 4.00","logger":"task.stdout"}
{"timestamp":"2026-02-12T01:32:04.460630Z","level":"info","event":"Updated instructor Manuela Achilles with difficulty 2.00","logger":"task.stdout"}
{"timestamp":"2026-02-12T01:32:04.501060Z","level":"info","event":"Processing course GREE 1020 with 40 instructors","logger":"task.stdout"}
{"timestamp":"2026-02-12T01:32:04.502076Z","level":"info","event":"Updated instructor John Dillery with rating 2.67","logger":"task.stdout"}
{"timestamp":"2026-02-12T01:32:04.502622Z","level":"info","event":"Updated instructor John Dillery with difficulty 5.00","logger":"task.stdout"}
{"timestamp":"2026-02-12T01:32:04.503475Z","level":"info","event":"Updated instructor Andrej Petrovic with rating 4.33","logger":"task.stdout"}
{"timestamp":"2026-02-12T01:32:04.503991Z","level":"info","event":"Updated instructor Andrej Petrovic with difficulty 3.00","logger":"task.stdout"}
{"timestamp":"2026-02-12T01:32:04.504900Z","level":"info","event":"WARNING: No professor found with name Jon Mikalson. Skipping rating update for this instructor.","logger":"task.stdout"}
{"timestamp":"2026-02-12T01:32:04.538128Z","level":"info","event":"Processing course GREE 2240 with 8 instructors","logger":"task.stdout"}
{"timestamp":"2026-02-12T01:32:04.564950Z","level":"info","event":"Processing course GREE 3040 with 7 instructors","logger":"task.stdout"}
{"timestamp":"2026-02-12T01:32:04.588869Z","level":"info","event":"Processing course GREE 4999 with 8 instructors","logger":"task.stdout"}
{"timestamp":"2026-02-12T01:32:04.613760Z","level":"info","event":"Processing course HIEA 1501 with 8 instructors","logger":"task.stdout"}
{"timestamp":"2026-02-12T01:32:04.614728Z","level":"info","event":"Updated instructor Robert Stolz with rating 2.83","logger":"task.stdout"}
{"timestamp":"2026-02-12T01:32:04.615256Z","level":"info","event":"Updated instructor Robert Stolz with difficulty 4.00","logger":"task.stdout"}
{"timestamp":"2026-02-12T01:32:04.615999Z","level":"info","event":"Updated instructor Xiaoyuan Liu with rating 3.17","logger":"task.stdout"}
{"timestamp":"2026-02-12T01:32:04.616398Z","level":"info","event":"Updated instructor Xiaoyuan Liu with difficulty 2.50","logger":"task.stdout"}
{"timestamp":"2026-02-12T01:32:04.616564Z","level":"info","event":"WARNING: No professor found with name Cong Zhang. Skipping rating update for this instructor.","logger":"task.stdout"}
{"timestamp":"2026-02-12T01:32:04.616736Z","level":"info","event":"WARNING: No professor found with name Bradly Reed. Skipping rating update for this instructor.","logger":"task.stdout"}
{"timestamp":"2026-02-12T01:32:04.643280Z","level":"info","event":"Processing course HIEA 2101 with 8 instructors","logger":"task.stdout"}
{"timestamp":"2026-02-12T01:32:04.644296Z","level":"info","event":"Updated instructor Joseph Seeley with rating 4.33","logger":"task.stdout"}
{"timestamp":"2026-02-12T01:32:04.644855Z","level":"info","event":"Updated instructor Joseph Seeley with difficulty 2.50","logger":"task.stdout"}
{"timestamp":"2026-02-12T01:32:04.645416Z","level":"info","event":"WARNING: No professor found with name Ronald Dimberg. Skipping rating update for this instructor.","logger":"task.stdout"}
{"timestamp":"2026-02-12T01:32:04.672904Z","level":"info","event":"Processing course HIEA 3171 with 1 instructors","logger":"task.stdout"}
{"timestamp":"2026-02-12T01:32:04.673937Z","level":"info","event":"Updated instructor Robert Stolz with rating 3.67","logger":"task.stdout"}
{"timestamp":"2026-02-12T01:32:04.674486Z","level":"info","event":"Updated instructor Robert Stolz with difficulty 4.00","logger":"task.stdout"}
{"timestamp":"2026-02-12T01:32:04.699612Z","level":"info","event":"Processing course HIEA 3559 with 9 instructors","logger":"task.stdout"}
{"timestamp":"2026-02-12T01:32:04.700636Z","level":"info","event":"Updated instructor Chad Diehl with rating 4.83","logger":"task.stdout"}
{"timestamp":"2026-02-12T01:32:04.701209Z","level":"info","event":"Updated instructor Chad Diehl with difficulty 2.50","logger":"task.stdout"}
{"timestamp":"2026-02-12T01:32:04.701895Z","level":"info","event":"Updated instructor Xiaoyuan Liu with rating 4.44","logger":"task.stdout"}
{"timestamp":"2026-02-12T01:32:04.702364Z","level":"info","event":"Updated instructor Xiaoyuan Liu with difficulty 3.00","logger":"task.stdout"}
{"timestamp":"2026-02-12T01:32:04.829544Z","level":"info","event":"Processing course HIEA 4501 with 7 instructors","logger":"task.stdout"}
{"timestamp":"2026-02-12T01:32:04.830036Z","level":"info","event":"WARNING: No professor found with name Bradly Reed. Skipping rating update for this instructor.","logger":"task.stdout"}
{"timestamp":"2026-02-12T01:32:04.830302Z","level":"info","event":"WARNING: No professor found with name Cong Zhang. Skipping rating update for this instructor.","logger":"task.stdout"}
{"timestamp":"2026-02-12T01:32:04.853292Z","level":"info","event":"Processing course HIEU 1501 with 8 instructors","logger":"task.stdout"}
{"timestamp":"2026-02-12T01:32:04.854083Z","level":"info","event":"Updated instructor Paul Kershaw with rating 4.33","logger":"task.stdout"}
{"timestamp":"2026-02-12T01:32:04.854541Z","level":"info","event":"Updated instructor Paul Kershaw with difficulty 3.00","logger":"task.stdout"}
{"timestamp":"2026-02-12T01:32:04.854769Z","level":"info","event":"WARNING: No professor found with name Jolanta Komornicka. Skipping rating update for this instructor.","logger":"task.stdout"}
{"timestamp":"2026-02-12T01:32:04.854946Z","level":"info","event":"WARNING: No professor found with name Duane Osheim. Skipping rating update for this instructor.","logger":"task.stdout"}
{"timestamp":"2026-02-12T01:32:04.885019Z","level":"info","event":"Processing course HIEU 2041 with 23 instructors","logger":"task.stdout"}
{"timestamp":"2026-02-12T01:32:04.885847Z","level":"info","event":"Updated instructor Jon Lendon with rating 4.33","logger":"task.stdout"}
{"timestamp":"2026-02-12T01:32:04.886306Z","level":"info","event":"Updated instructor Jon Lendon with difficulty 4.00","logger":"task.stdout"}
{"timestamp":"2026-02-12T01:32:04.886526Z","level":"info","event":"WARNING: No professor found with name Elizabeth Meyer. Skipping rating update for this instructor.","logger":"task.stdout"}
{"timestamp":"2026-02-12T01:32:04.909921Z","level":"info","event":"Processing course HIEU 2072 with 5 instructors","logger":"task.stdout"}
{"timestamp":"2026-02-12T01:32:04.910872Z","level":"info","event":"Updated instructor Jennifer Sessions with rating 5.00","logger":"task.stdout"}
{"timestamp":"2026-02-12T01:32:04.911393Z","level":"info","event":"Updated instructor Jennifer Sessions with difficulty 3.00","logger":"task.stdout"}
{"timestamp":"2026-02-12T01:32:04.934725Z","level":"info","event":"Processing course HIEU 2102 with 9 instructors","logger":"task.stdout"}
{"timestamp":"2026-02-12T01:32:04.935520Z","level":"info","event":"Updated instructor Caroline Kahlenberg with rating 4.50","logger":"task.stdout"}
{"timestamp":"2026-02-12T01:32:04.935923Z","level":"info","event":"Updated instructor Caroline Kahlenberg with difficulty 3.00","logger":"task.stdout"}
{"timestamp":"2026-02-12T01:32:04.936094Z","level":"info","event":"WARNING: No professor found with name James Loeffler. Skipping rating update for this instructor.","logger":"task.stdout"}
{"timestamp":"2026-02-12T01:32:04.960870Z","level":"info","event":"Processing course HIEU 2112 with 11 instructors","logger":"task.stdout"}
{"timestamp":"2026-02-12T01:32:04.961724Z","level":"info","event":"Updated instructor Erik Linstrum with rating 3.90","logger":"task.stdout"}
{"timestamp":"2026-02-12T01:32:04.962163Z","level":"info","event":"Updated instructor Erik Linstrum with difficulty 3.29","logger":"task.stdout"}
{"timestamp":"2026-02-12T01:32:04.962975Z","level":"info","event":"Updated instructor Richard Floyd with rating 2.83","logger":"task.stdout"}
{"timestamp":"2026-02-12T01:32:04.963380Z","level":"info","event":"Updated instructor Richard Floyd with difficulty 3.00","logger":"task.stdout"}
{"timestamp":"2026-02-12T01:32:04.986851Z","level":"info","event":"Processing course HIEU 2721 with 9 instructors","logger":"task.stdout"}
{"timestamp":"2026-02-12T01:32:04.987704Z","level":"info","event":"Updated instructor Erin Lambert with rating 3.95","logger":"task.stdout"}
{"timestamp":"2026-02-12T01:32:04.988135Z","level":"info","event":"Updated instructor Erin Lambert with difficulty 3.14","logger":"task.stdout"}
{"timestamp":"2026-02-12T01:32:04.988386Z","level":"info","event":"WARNING: No professor found with name Donovan Fifield. Skipping rating update for this instructor.","logger":"task.stdout"}
{"timestamp":"2026-02-12T01:32:05.014976Z","level":"info","event":"Processing course HIEU 3141 with 12 instructors","logger":"task.stdout"}
{"timestamp":"2026-02-12T01:32:05.015878Z","level":"info","event":"Updated instructor Paul Kershaw with rating 4.22","logger":"task.stdout"}
{"timestamp":"2026-02-12T01:32:05.016343Z","level":"info","event":"Updated instructor Paul Kershaw with difficulty 3.27","logger":"task.stdout"}
{"timestamp":"2026-02-12T01:32:05.039584Z","level":"info","event":"Processing course HIEU 3501 with 6 instructors","logger":"task.stdout"}
{"timestamp":"2026-02-12T01:32:05.040448Z","level":"info","event":"Updated instructor Kyrill Kunakhovich with rating 3.33","logger":"task.stdout"}
{"timestamp":"2026-02-12T01:32:05.040923Z","level":"info","event":"Updated instructor Kyrill Kunakhovich with difficulty 2.00","logger":"task.stdout"}
{"timestamp":"2026-02-12T01:32:05.041627Z","level":"info","event":"Updated instructor Erin Lambert with rating 4.00","logger":"task.stdout"}
{"timestamp":"2026-02-12T01:32:05.042062Z","level":"info","event":"Updated instructor Erin Lambert with difficulty 4.00","logger":"task.stdout"}
{"timestamp":"2026-02-12T01:32:05.177176Z","level":"info","event":"Processing course HIEU 3505 with 1 instructors","logger":"task.stdout"}
{"timestamp":"2026-02-12T01:32:05.178003Z","level":"info","event":"Updated instructor Manuela Achilles with rating 4.67","logger":"task.stdout"}
{"timestamp":"2026-02-12T01:32:05.178456Z","level":"info","event":"Updated instructor Manuela Achilles with difficulty 3.50","logger":"task.stdout"}
{"timestamp":"2026-02-12T01:32:05.204793Z","level":"info","event":"Processing course HIEU 4502 with 13 instructors","logger":"task.stdout"}
{"timestamp":"2026-02-12T01:32:05.227214Z","level":"info","event":"Processing course HIEU 4511 with 4 instructors","logger":"task.stdout"}
{"timestamp":"2026-02-12T01:32:05.248785Z","level":"info","event":"Processing course HILA 3021 with 3 instructors","logger":"task.stdout"}
{"timestamp":"2026-02-12T01:32:05.249616Z","level":"info","event":"Updated instructor Lean Sweeney with rating 5.00","logger":"task.stdout"}
{"timestamp":"2026-02-12T01:32:05.250065Z","level":"info","event":"Updated instructor Lean Sweeney with difficulty 2.00","logger":"task.stdout"}
{"timestamp":"2026-02-12T01:32:05.270172Z","level":"info","event":"Processing course HILA 3501 with 1 instructors","logger":"task.stdout"}
{"timestamp":"2026-02-12T01:32:05.292480Z","level":"info","event":"Processing course HIME 1501 with 6 instructors","logger":"task.stdout"}
{"timestamp":"2026-02-12T01:32:05.292837Z","level":"info","event":"WARNING: No professor found with name Faculty Staff. Skipping rating update for this instructor.","logger":"task.stdout"}
{"timestamp":"2026-02-12T01:32:05.293555Z","level":"info","event":"Updated instructor Christopher Gratien with rating 4.33","logger":"task.stdout"}
{"timestamp":"2026-02-12T01:32:05.293993Z","level":"info","event":"Updated instructor Christopher Gratien with difficulty 2.00","logger":"task.stdout"}
{"timestamp":"2026-02-12T01:32:05.294627Z","level":"info","event":"Updated instructor Joshua White with rating 3.83","logger":"task.stdout"}
{"timestamp":"2026-02-12T01:32:05.295048Z","level":"info","event":"Updated instructor Joshua White with difficulty 4.00","logger":"task.stdout"}
{"timestamp":"2026-02-12T01:32:05.319371Z","level":"info","event":"Processing course HIME 2001 with 12 instructors","logger":"task.stdout"}
{"timestamp":"2026-02-12T01:32:05.320019Z","level":"info","event":"Updated instructor Joshua White with rating 3.58","logger":"task.stdout"}
{"timestamp":"2026-02-12T01:32:05.320426Z","level":"info","event":"Updated instructor Joshua White with difficulty 4.08","logger":"task.stdout"}
{"timestamp":"2026-02-12T01:32:05.340200Z","level":"info","event":"Processing course HIME 2010 with 1 instructors","logger":"task.stdout"}
{"timestamp":"2026-02-12T01:32:05.361783Z","level":"info","event":"Processing course HIUS 3131 with 6 instructors","logger":"task.stdout"}
{"timestamp":"2026-02-12T01:32:05.362391Z","level":"info","event":"Updated instructor Caroline Janney with rating 5.00","logger":"task.stdout"}
{"timestamp":"2026-02-12T01:32:05.362843Z","level":"info","event":"Updated instructor Caroline Janney with difficulty 2.00","logger":"task.stdout"}
{"timestamp":"2026-02-12T01:32:05.363039Z","level":"info","event":"WARNING: No professor found with name Olivier Zunz. Skipping rating update for this instructor.","logger":"task.stdout"}
{"timestamp":"2026-02-12T01:32:05.383151Z","level":"info","event":"Processing course HIUS 3411 with 1 instructors","logger":"task.stdout"}
{"timestamp":"2026-02-12T01:32:05.383921Z","level":"info","event":"Updated instructor Mark Thomas with rating 3.74","logger":"task.stdout"}
{"timestamp":"2026-02-12T01:32:05.384360Z","level":"info","event":"Updated instructor Mark Thomas with difficulty 3.79","logger":"task.stdout"}
{"timestamp":"2026-02-12T01:32:05.495962Z","level":"info","event":"Processing course HIUS 3501 with 5 instructors","logger":"task.stdout"}
{"timestamp":"2026-02-12T01:32:05.520286Z","level":"info","event":"Processing course HIUS 3612 with 11 instructors","logger":"task.stdout"}
{"timestamp":"2026-02-12T01:32:05.521082Z","level":"info","event":"Updated instructor Corinne Field with rating 4.67","logger":"task.stdout"}
{"timestamp":"2026-02-12T01:32:05.521494Z","level":"info","event":"Updated instructor Corinne Field with difficulty 3.00","logger":"task.stdout"}
{"timestamp":"2026-02-12T01:32:05.540842Z","level":"info","event":"Processing course HIUS 3620 with 1 instructors","logger":"task.stdout"}
{"timestamp":"2026-02-12T01:32:05.541407Z","level":"info","event":"Updated instructor Andrew Kahrl with rating 4.67","logger":"task.stdout"}
{"timestamp":"2026-02-12T01:32:05.541827Z","level":"info","event":"Updated instructor Andrew Kahrl with difficulty 2.00","logger":"task.stdout"}
{"timestamp":"2026-02-12T01:32:05.585716Z","level":"info","event":"Processing course HIUS 4501 with 60 instructors","logger":"task.stdout"}
{"timestamp":"2026-02-12T01:32:05.586576Z","level":"info","event":"Updated instructor Elizabeth Varon with rating 3.67","logger":"task.stdout"}
{"timestamp":"2026-02-12T01:32:05.586992Z","level":"info","event":"Updated instructor Elizabeth Varon with difficulty 4.50","logger":"task.stdout"}
{"timestamp":"2026-02-12T01:32:05.587190Z","level":"info","event":"WARNING: No professor found with name Alan Taylor. Skipping rating update for this instructor.","logger":"task.stdout"}
{"timestamp":"2026-02-12T01:32:05.587784Z","level":"info","event":"Updated instructor Claudrena Harold with rating 5.00","logger":"task.stdout"}
{"timestamp":"2026-02-12T01:32:05.588196Z","level":"info","event":"Updated instructor Claudrena Harold with difficulty 3.00","logger":"task.stdout"}
{"timestamp":"2026-02-12T01:32:05.588495Z","level":"info","event":"WARNING: No professor found with name Olivier Zunz. Skipping rating update for this instructor.","logger":"task.stdout"}
{"timestamp":"2026-02-12T01:32:05.588930Z","level":"info","event":"WARNING: No professor found with name Charles McCurdy. Skipping rating update for this instructor.","logger":"task.stdout"}
{"timestamp":"2026-02-12T01:32:05.589449Z","level":"info","event":"WARNING: No professor found with name Marc Selverstone. Skipping rating update for this instructor.","logger":"task.stdout"}
{"timestamp":"2026-02-12T01:32:05.618099Z","level":"info","event":"Processing course HIUS 1501 with 21 instructors","logger":"task.stdout"}
{"timestamp":"2026-02-12T01:32:05.618414Z","level":"info","event":"WARNING: No professor found with name Olivier Zunz. Skipping rating update for this instructor.","logger":"task.stdout"}
{"timestamp":"2026-02-12T01:32:05.618664Z","level":"info","event":"WARNING: No professor found with name John Stagg. Skipping rating update for this instructor.","logger":"task.stdout"}
{"timestamp":"2026-02-12T01:32:05.619307Z","level":"info","event":"Updated instructor Sarah Milov with rating 4.67","logger":"task.stdout"}
{"timestamp":"2026-02-12T01:32:05.619724Z","level":"info","event":"Updated instructor Sarah Milov with difficulty 3.00","logger":"task.stdout"}
{"timestamp":"2026-02-12T01:32:05.619894Z","level":"info","event":"WARNING: No professor found with name Lynn French. Skipping rating update for this instructor.","logger":"task.stdout"}
{"timestamp":"2026-02-12T01:32:05.655889Z","level":"info","event":"Processing course HIUS 2001 with 36 instructors","logger":"task.stdout"}
{"timestamp":"2026-02-12T01:32:05.656160Z","level":"info","event":"WARNING: No professor found with name Alan Taylor. Skipping rating update for this instructor.","logger":"task.stdout"}
{"timestamp":"2026-02-12T01:32:05.656850Z","level":"info","event":"Updated instructor Christa Dierksheide with rating 4.33","logger":"task.stdout"}
{"timestamp":"2026-02-12T01:32:05.657284Z","level":"info","event":"Updated instructor Christa Dierksheide with difficulty 2.00","logger":"task.stdout"}
{"timestamp":"2026-02-12T01:32:05.657663Z","level":"info","event":"WARNING: No professor found with name Matthew Grace. Skipping rating update for this instructor.","logger":"task.stdout"}
{"timestamp":"2026-02-12T01:32:05.658706Z","level":"info","event":"Updated instructor Elizabeth Varon with rating 3.33","logger":"task.stdout"}
{"timestamp":"2026-02-12T01:32:05.659123Z","level":"info","event":"Updated instructor Elizabeth Varon with difficulty 4.00","logger":"task.stdout"}
{"timestamp":"2026-02-12T01:32:05.659326Z","level":"info","event":"WARNING: No professor found with name Jesse George-Nichol. Skipping rating update for this instructor.","logger":"task.stdout"}
{"timestamp":"2026-02-12T01:32:05.659595Z","level":"info","event":"WARNING: No professor found with name Joseph Kett. Skipping rating update for this instructor.","logger":"task.stdout"}
{"timestamp":"2026-02-12T01:32:05.692252Z","level":"info","event":"Processing course HIUS 2002 with 29 instructors","logger":"task.stdout"}
{"timestamp":"2026-02-12T01:32:05.692633Z","level":"info","event":"WARNING: No professor found with name Olivier Zunz. Skipping rating update for this instructor.","logger":"task.stdout"}
{"timestamp":"2026-02-12T01:32:05.825323Z","level":"info","event":"Processing course HIUS 2051 with 29 instructors","logger":"task.stdout"}
{"timestamp":"2026-02-12T01:32:05.826195Z","level":"info","event":"Updated instructor Elizabeth Varon with rating 3.33","logger":"task.stdout"}
{"timestamp":"2026-02-12T01:32:05.826650Z","level":"info","event":"Updated instructor Elizabeth Varon with difficulty 3.00","logger":"task.stdout"}
{"timestamp":"2026-02-12T01:32:05.827066Z","level":"info","event":"WARNING: No professor found with name Gary Gallagher. Skipping rating update for this instructor.","logger":"task.stdout"}
{"timestamp":"2026-02-12T01:32:05.851849Z","level":"info","event":"Processing course HIUS 2053 with 12 instructors","logger":"task.stdout"}
{"timestamp":"2026-02-12T01:32:05.852292Z","level":"info","event":"WARNING: No professor found with name Justene Hill. Skipping rating update for this instructor.","logger":"task.stdout"}
{"timestamp":"2026-02-12T01:32:05.871578Z","level":"info","event":"Processing course HIUS 2168 with 1 instructors","logger":"task.stdout"}
{"timestamp":"2026-02-12T01:32:05.896954Z","level":"info","event":"Processing course HIUS 2559 with 12 instructors","logger":"task.stdout"}
{"timestamp":"2026-02-12T01:32:05.897309Z","level":"info","event":"WARNING: No professor found with name Justene Hill. Skipping rating update for this instructor.","logger":"task.stdout"}
{"timestamp":"2026-02-12T01:32:05.923941Z","level":"info","event":"Processing course HIUS 3011 with 14 instructors","logger":"task.stdout"}
{"timestamp":"2026-02-12T01:32:05.924617Z","level":"info","event":"Updated instructor S. Edelson with rating 4.67","logger":"task.stdout"}
{"timestamp":"2026-02-12T01:32:05.925048Z","level":"info","event":"Updated instructor S. Edelson with difficulty 3.00","logger":"task.stdout"}
{"timestamp":"2026-02-12T01:32:05.925315Z","level":"info","event":"WARNING: No professor found with name Scott Edelson. Skipping rating update for this instructor.","logger":"task.stdout"}
{"timestamp":"2026-02-12T01:32:05.925604Z","level":"info","event":"WARNING: No professor found with name Mary Draper. Skipping rating update for this instructor.","logger":"task.stdout"}
{"timestamp":"2026-02-12T01:32:05.951673Z","level":"info","event":"Processing course HIUS 3051 with 13 instructors","logger":"task.stdout"}
{"timestamp":"2026-02-12T01:32:05.952438Z","level":"info","event":"Updated instructor Christa Dierksheide with rating 4.67","logger":"task.stdout"}
{"timestamp":"2026-02-12T01:32:05.952886Z","level":"info","event":"Updated instructor Christa Dierksheide with difficulty 2.50","logger":"task.stdout"}
{"timestamp":"2026-02-12T01:32:05.953070Z","level":"info","event":"WARNING: No professor found with name Alan Taylor. Skipping rating update for this instructor.","logger":"task.stdout"}
{"timestamp":"2026-02-12T01:32:05.953393Z","level":"info","event":"WARNING: No professor found with name Peter Onuf. Skipping rating update for this instructor.","logger":"task.stdout"}
{"timestamp":"2026-02-12T01:32:05.973747Z","level":"info","event":"Processing course HSCI 1011 with 1 instructors","logger":"task.stdout"}
{"timestamp":"2026-02-12T01:32:05.996777Z","level":"info","event":"Processing course IMP 4600 with 7 instructors","logger":"task.stdout"}
{"timestamp":"2026-02-12T01:32:06.042299Z","level":"info","event":"Processing course IMP 4971 with 56 instructors","logger":"task.stdout"}
{"timestamp":"2026-02-12T01:32:06.254208Z","level":"info","event":"Processing course INST 1550 with 226 instructors","logger":"task.stdout"}
{"timestamp":"2026-02-12T01:32:06.255651Z","level":"info","event":"WARNING: No professor found with name Sarah Garzione. Skipping rating update for this instructor.","logger":"task.stdout"}
{"timestamp":"2026-02-12T01:32:06.258264Z","level":"info","event":"WARNING: No professor found with name Kathryn Kingsbury. Skipping rating update for this instructor.","logger":"task.stdout"}
{"timestamp":"2026-02-12T01:32:06.259018Z","level":"info","event":"WARNING: No professor found with name Michael Breger. Skipping rating update for this instructor.","logger":"task.stdout"}
{"timestamp":"2026-02-12T01:32:06.300851Z","level":"info","event":"Processing course INST 2550 with 39 instructors","logger":"task.stdout"}
{"timestamp":"2026-02-12T01:32:06.301390Z","level":"info","event":"WARNING: No professor found with name William Petri. Skipping rating update for this instructor.","logger":"task.stdout"}
{"timestamp":"2026-02-12T01:32:06.301836Z","level":"info","event":"WARNING: No professor found with name Faculty Staff. Skipping rating update for this instructor.","logger":"task.stdout"}
{"timestamp":"2026-02-12T01:32:06.337687Z","level":"info","event":"Processing course INST 2570 with 29 instructors","logger":"task.stdout"}
{"timestamp":"2026-02-12T01:32:06.338686Z","level":"info","event":"Updated instructor John Casteen with rating 3.33","logger":"task.stdout"}
{"timestamp":"2026-02-12T01:32:06.339106Z","level":"info","event":"Updated instructor John Casteen with difficulty 1.00","logger":"task.stdout"}
{"timestamp":"2026-02-12T01:32:06.339681Z","level":"info","event":"Updated instructor Stephen Plaskon with rating 4.00","logger":"task.stdout"}
{"timestamp":"2026-02-12T01:32:06.340087Z","level":"info","event":"Updated instructor Stephen Plaskon with difficulty 3.00","logger":"task.stdout"}
{"timestamp":"2026-02-12T01:32:06.360839Z","level":"info","event":"Processing course INST 3600 with 1 instructors","logger":"task.stdout"}
{"timestamp":"2026-02-12T01:32:06.361626Z","level":"info","event":"Updated instructor Barry Condron with rating 3.20","logger":"task.stdout"}
{"timestamp":"2026-02-12T01:32:06.362073Z","level":"info","event":"Updated instructor Barry Condron with difficulty 1.40","logger":"task.stdout"}
{"timestamp":"2026-02-12T01:32:06.486459Z","level":"info","event":"Processing course INST 4200 with 1 instructors","logger":"task.stdout"}
{"timestamp":"2026-02-12T01:32:06.506531Z","level":"info","event":"Processing course INST 4983 with 2 instructors","logger":"task.stdout"}
{"timestamp":"2026-02-12T01:32:06.528769Z","level":"info","event":"Processing course ISBU 3410 with 8 instructors","logger":"task.stdout"}
{"timestamp":"2026-02-12T01:32:06.529011Z","level":"info","event":"WARNING: No professor found with name John Roper. Skipping rating update for this instructor.","logger":"task.stdout"}
{"timestamp":"2026-02-12T01:32:06.529248Z","level":"info","event":"WARNING: No professor found with name John Ackerly. Skipping rating update for this instructor.","logger":"task.stdout"}
{"timestamp":"2026-02-12T01:32:06.549556Z","level":"info","event":"Processing course ISBU 3710 with 4 instructors","logger":"task.stdout"}
{"timestamp":"2026-02-12T01:32:06.569883Z","level":"info","event":"Processing course ISBU 3760 with 3 instructors","logger":"task.stdout"}
{"timestamp":"2026-02-12T01:32:06.591051Z","level":"info","event":"Processing course ISBU 3888 with 3 instructors","logger":"task.stdout"}
{"timestamp":"2026-02-12T01:32:06.610848Z","level":"info","event":"Processing course ISHU 3170 with 2 instructors","logger":"task.stdout"}
{"timestamp":"2026-02-12T01:32:06.630502Z","level":"info","event":"Processing course ISHU 3501 with 2 instructors","logger":"task.stdout"}
{"timestamp":"2026-02-12T01:32:06.649809Z","level":"info","event":"Processing course ISHU 4020 with 1 instructors","logger":"task.stdout"}
{"timestamp":"2026-02-12T01:32:06.669767Z","level":"info","event":"Processing course ISHU 4190 with 3 instructors","logger":"task.stdout"}
{"timestamp":"2026-02-12T01:32:06.780256Z","level":"info","event":"Processing course ISIN 4510 with 14 instructors","logger":"task.stdout"}
{"timestamp":"2026-02-12T01:32:06.804724Z","level":"info","event":"Processing course ISIN 4520 with 12 instructors","logger":"task.stdout"}
{"timestamp":"2026-02-12T01:32:06.825270Z","level":"info","event":"Processing course IT 3240 with 3 instructors","logger":"task.stdout"}
{"timestamp":"2026-02-12T01:32:06.845818Z","level":"info","event":"Processing course IT 3400 with 4 instructors","logger":"task.stdout"}
{"timestamp":"2026-02-12T01:32:06.864975Z","level":"info","event":"Processing course IT 3410 with 1 instructors","logger":"task.stdout"}
{"timestamp":"2026-02-12T01:32:06.885769Z","level":"info","event":"Processing course IT 3000 with 3 instructors","logger":"task.stdout"}
{"timestamp":"2026-02-12T01:32:06.907659Z","level":"info","event":"Processing course IT 3100 with 3 instructors","logger":"task.stdout"}
{"timestamp":"2026-02-12T01:32:06.927959Z","level":"info","event":"Processing course IT 3120 with 1 instructors","logger":"task.stdout"}
{"timestamp":"2026-02-12T01:32:06.948333Z","level":"info","event":"Processing course IT 3220 with 2 instructors","logger":"task.stdout"}
{"timestamp":"2026-02-12T01:32:06.982027Z","level":"info","event":"Processing course ITAL 1020 with 30 instructors","logger":"task.stdout"}
{"timestamp":"2026-02-12T01:32:06.982844Z","level":"info","event":"Updated instructor Stella Mattioli with rating 2.92","logger":"task.stdout"}
{"timestamp":"2026-02-12T01:32:06.983307Z","level":"info","event":"Updated instructor Stella Mattioli with difficulty 1.75","logger":"task.stdout"}
{"timestamp":"2026-02-12T01:32:06.983925Z","level":"info","event":"Updated instructor Sarah Annunziato with rating 2.33","logger":"task.stdout"}
{"timestamp":"2026-02-12T01:32:06.984338Z","level":"info","event":"Updated instructor Sarah Annunziato with difficulty 2.50","logger":"task.stdout"}
{"timestamp":"2026-02-12T01:32:06.984924Z","level":"info","event":"Updated instructor Nicole Bonino with rating 3.83","logger":"task.stdout"}
{"timestamp":"2026-02-12T01:32:06.985321Z","level":"info","event":"Updated instructor Nicole Bonino with difficulty 3.50","logger":"task.stdout"}
{"timestamp":"2026-02-12T01:32:06.985531Z","level":"info","event":"WARNING: No professor found with name Sandro Puiatti. Skipping rating update for this instructor.","logger":"task.stdout"}
{"timestamp":"2026-02-12T01:32:06.985725Z","level":"info","event":"WARNING: No professor found with name Rachel Perry. Skipping rating update for this instructor.","logger":"task.stdout"}
{"timestamp":"2026-02-12T01:32:06.985915Z","level":"info","event":"WARNING: No professor found with name Francesca Calamita. Skipping rating update for this instructor.","logger":"task.stdout"}
{"timestamp":"2026-02-12T01:32:07.108707Z","level":"info","event":"Processing course ITAL 2020 with 18 instructors","logger":"task.stdout"}
{"timestamp":"2026-02-12T01:32:07.109192Z","level":"info","event":"WARNING: No professor found with name Silvia Dupont. Skipping rating update for this instructor.","logger":"task.stdout"}
{"timestamp":"2026-02-12T01:32:07.130522Z","level":"info","event":"Processing course ITAL 2030 with 5 instructors","logger":"task.stdout"}
{"timestamp":"2026-02-12T01:32:07.152042Z","level":"info","event":"Processing course ITAL 3020 with 5 instructors","logger":"task.stdout"}
{"timestamp":"2026-02-12T01:32:07.152258Z","level":"info","event":"WARNING: No professor found with name Enrico Cesaretti. Skipping rating update for this instructor.","logger":"task.stdout"}
{"timestamp":"2026-02-12T01:32:07.173640Z","level":"info","event":"Processing course ITAL 3559 with 6 instructors","logger":"task.stdout"}
{"timestamp":"2026-02-12T01:32:07.196333Z","level":"info","event":"Processing course ITAL 4993 with 7 instructors","logger":"task.stdout"}
{"timestamp":"2026-02-12T01:32:07.216660Z","level":"info","event":"Processing course ITTR 3760 with 1 instructors","logger":"task.stdout"}
{"timestamp":"2026-02-12T01:32:07.236660Z","level":"info","event":"Processing course JAPN 1000 with 1 instructors","logger":"task.stdout"}
{"timestamp":"2026-02-12T01:32:07.259668Z","level":"info","event":"Processing course JAPN 1010 with 7 instructors","logger":"task.stdout"}
{"timestamp":"2026-02-12T01:32:07.260326Z","level":"info","event":"Updated instructor Tomomi Sato with rating 3.88","logger":"task.stdout"}
{"timestamp":"2026-02-12T01:32:07.260760Z","level":"info","event":"Updated instructor Tomomi Sato with difficulty 3.81","logger":"task.stdout"}
{"timestamp":"2026-02-12T01:32:07.261311Z","level":"info","event":"Updated instructor Tomoko Marshall with rating 3.93","logger":"task.stdout"}
{"timestamp":"2026-02-12T01:32:07.261738Z","level":"info","event":"Updated instructor Tomoko Marshall with difficulty 4.40","logger":"task.stdout"}
{"timestamp":"2026-02-12T01:32:07.262376Z","level":"info","event":"Updated instructor Mieko Kawai with rating 4.38","logger":"task.stdout"}
{"timestamp":"2026-02-12T01:32:07.262779Z","level":"info","event":"Updated instructor Mieko Kawai with difficulty 3.85","logger":"task.stdout"}
{"timestamp":"2026-02-12T01:32:07.284475Z","level":"info","event":"Processing course JAPN 1020 with 6 instructors","logger":"task.stdout"}
{"timestamp":"2026-02-12T01:32:07.285044Z","level":"info","event":"Updated instructor Tomomi Sato with rating 2.50","logger":"task.stdout"}
{"timestamp":"2026-02-12T01:32:07.285478Z","level":"info","event":"Updated instructor Tomomi Sato with difficulty 4.50","logger":"task.stdout"}
{"timestamp":"2026-02-12T01:32:07.286107Z","level":"info","event":"Updated instructor Mieko Kawai with rating 3.67","logger":"task.stdout"}
{"timestamp":"2026-02-12T01:32:07.286523Z","level":"info","event":"Updated instructor Mieko Kawai with difficulty 5.00","logger":"task.stdout"}
{"timestamp":"2026-02-12T01:32:07.305929Z","level":"info","event":"Processing course JAPN 1559 with 1 instructors","logger":"task.stdout"}
{"timestamp":"2026-02-12T01:32:07.426068Z","level":"info","event":"Processing course JAPN 2020 with 6 instructors","logger":"task.stdout"}
{"timestamp":"2026-02-12T01:32:07.427012Z","level":"info","event":"Updated instructor Yoko Hasegawa with rating 3.33","logger":"task.stdout"}
{"timestamp":"2026-02-12T01:32:07.427555Z","level":"info","event":"Updated instructor Yoko Hasegawa with difficulty 5.00","logger":"task.stdout"}
{"timestamp":"2026-02-12T01:32:07.428169Z","level":"info","event":"Updated instructor Tomoko Marshall with rating 4.00","logger":"task.stdout"}
{"timestamp":"2026-02-12T01:32:07.428594Z","level":"info","event":"Updated instructor Tomoko Marshall with difficulty 4.00","logger":"task.stdout"}
{"timestamp":"2026-02-12T01:32:07.450796Z","level":"info","event":"Processing course JAPN 3020 with 6 instructors","logger":"task.stdout"}
{"timestamp":"2026-02-12T01:32:07.472255Z","level":"info","event":"Processing course JAPN 3025 with 4 instructors","logger":"task.stdout"}
{"timestamp":"2026-02-12T01:32:07.494044Z","level":"info","event":"Processing course JAPN 3559 with 3 instructors","logger":"task.stdout"}
{"timestamp":"2026-02-12T01:32:07.514841Z","level":"info","event":"Processing course JAPN 4710 with 2 instructors","logger":"task.stdout"}
{"timestamp":"2026-02-12T01:32:07.536485Z","level":"info","event":"Processing course JAPN 4801 with 1 instructors","logger":"task.stdout"}
{"timestamp":"2026-02-12T01:32:07.557626Z","level":"info","event":"Processing course JPTR 3020 with 3 instructors","logger":"task.stdout"}
{"timestamp":"2026-02-12T01:32:07.558487Z","level":"info","event":"Updated instructor Anri Yasuda with rating 5.00","logger":"task.stdout"}
{"timestamp":"2026-02-12T01:32:07.558958Z","level":"info","event":"Updated instructor Anri Yasuda with difficulty 2.00","logger":"task.stdout"}
{"timestamp":"2026-02-12T01:32:07.559232Z","level":"info","event":"WARNING: No professor found with name Michiko Wilson. Skipping rating update for this instructor.","logger":"task.stdout"}
{"timestamp":"2026-02-12T01:32:07.583474Z","level":"info","event":"Processing course JPTR 3310 with 1 instructors","logger":"task.stdout"}
{"timestamp":"2026-02-12T01:32:07.603320Z","level":"info","event":"Processing course JPTR 3391 with 1 instructors","logger":"task.stdout"}
{"timestamp":"2026-02-12T01:32:07.604048Z","level":"info","event":"Updated instructor Anri Yasuda with rating 4.83","logger":"task.stdout"}
{"timestamp":"2026-02-12T01:32:07.604517Z","level":"info","event":"Updated instructor Anri Yasuda with difficulty 1.50","logger":"task.stdout"}
{"timestamp":"2026-02-12T01:32:07.625490Z","level":"info","event":"Processing course JPTR 4991 with 4 instructors","logger":"task.stdout"}
{"timestamp":"2026-02-12T01:32:07.651536Z","level":"info","event":"Processing course JWST 4980 with 16 instructors","logger":"task.stdout"}
{"timestamp":"2026-02-12T01:32:07.770520Z","level":"info","event":"Processing course KICH 1020 with 3 instructors","logger":"task.stdout"}
{"timestamp":"2026-02-12T01:32:07.797503Z","level":"error","event":"Task killed!","logger":"task"}
